date,sentiment,stock_open,stock_close,stock_high,stock_low,stock_volume,headline
2022-10-31,negative,295.1300048828125,291.8800048828125,297.6199951171875,289.5,7505100.0,Opinion | I Spoil Netflix’s Nuclear War Movie; WWE RAW (10/20) Ranks No. 6 Worldwide On Netflix With 2.6 Million Global Views; 5 Movies to Watch Before They Leave Netflix
2022-10-31,neutral,295.1300048828125,291.8800048828125,297.6199951171875,289.5,7505100.0,Netflix Reportedly Producing ‘Crash Bandicoot’ Animated Series; 'One Piece' Season 2 gets premiere date on Netflix; 'One Piece' Season 2 gets premiere date on Netflix; Netflix’s “One Piece” Returning For Second Season In March; Netflix Explores Floyd Mayweather vs. Manny Pacquiao Rematch
2022-10-31,positive,295.1300048828125,291.8800048828125,297.6199951171875,289.5,7505100.0,"Netflix Confirms ‘ONE PIECE: Into the Grand Line’ Release Date with First Look at Drum Island; Netflix's Squid Game: The Challenge season 2 release date, cast and trailer"
2022-11-01,negative,296.1700134277344,286.75,299.70001220703125,286.4200134277344,6916400.0,5 Movies to Watch Before They Leave Netflix; Opinion | I Spoil Netflix’s Nuclear War Movie
2022-11-01,neutral,296.1700134277344,286.75,299.70001220703125,286.4200134277344,6916400.0,Netflix Reportedly Producing ‘Crash Bandicoot’ Animated Series; 'One Piece' Season 2 gets premiere date on Netflix; 'One Piece' Season 2 gets premiere date on Netflix; Netflix’s “One Piece” Returning For Second Season In March; Netflix Explores Floyd Mayweather vs. Manny Pacquiao Rematch
2022-11-01,positive,296.1700134277344,286.75,299.70001220703125,286.4200134277344,6916400.0,Netflix: Kathryn Bigelow’s ‘A House of Dynamite’ Tops Weekly Streaming Through Oct. 26; Spanish Thriller 'City of Shadows' Comes to Netflix December 2026; Netflix Confirms ‘ONE PIECE: Into the Grand Line’ Release Date with First Look at Drum Island
2022-11-02,negative,286.3999938964844,273.0,287.3299865722656,272.8399963378906,10367600.0,5 Movies to Watch Before They Leave Netflix; Opinion | I Spoil Netflix’s Nuclear War Movie
2022-11-02,neutral,286.3999938964844,273.0,287.3299865722656,272.8399963378906,10367600.0,Netflix Reportedly Producing ‘Crash Bandicoot’ Animated Series; 'One Piece' Season 2 gets premiere date on Netflix; 'One Piece' Season 2 gets premiere date on Netflix; Netflix’s “One Piece” Returning For Second Season In March; Netflix Explores Floyd Mayweather vs. Manny Pacquiao Rematch
2022-11-02,positive,286.3999938964844,273.0,287.3299865722656,272.8399963378906,10367600.0,Netflix: Kathryn Bigelow’s ‘A House of Dynamite’ Tops Weekly Streaming Through Oct. 26; Spanish Thriller 'City of Shadows' Comes to Netflix December 2026; Netflix Confirms ‘ONE PIECE: Into the Grand Line’ Release Date with First Look at Drum Island
2022-11-03,negative,271.25,269.0599975585937,276.2900085449219,268.79998779296875,7057400.0,5 Movies to Watch Before They Leave Netflix; Opinion | I Spoil Netflix’s Nuclear War Movie
2022-11-03,neutral,271.25,269.0599975585937,276.2900085449219,268.79998779296875,7057400.0,Netflix Reportedly Producing ‘Crash Bandicoot’ Animated Series; 'One Piece' Season 2 gets premiere date on Netflix; 'One Piece' Season 2 gets premiere date on Netflix; Netflix’s “One Piece” Returning For Second Season In March; Netflix Explores Floyd Mayweather vs. Manny Pacquiao Rematch
2022-11-03,positive,271.25,269.0599975585937,276.2900085449219,268.79998779296875,7057400.0,Netflix: Kathryn Bigelow’s ‘A House of Dynamite’ Tops Weekly Streaming Through Oct. 26; Spanish Thriller 'City of Shadows' Comes to Netflix December 2026; Netflix Confirms ‘ONE PIECE: Into the Grand Line’ Release Date with First Look at Drum Island
2022-11-04,negative,272.0199890136719,260.7900085449219,274.9700012207031,255.32000732421875,11124700.0,5 Movies to Watch Before They Leave Netflix; Opinion | I Spoil Netflix’s Nuclear War Movie
2022-11-04,neutral,272.0199890136719,260.7900085449219,274.9700012207031,255.32000732421875,11124700.0,Netflix Reportedly Producing ‘Crash Bandicoot’ Animated Series; 'One Piece' Season 2 gets premiere date on Netflix; 'One Piece' Season 2 gets premiere date on Netflix; Netflix’s “One Piece” Returning For Second Season In March; Netflix Explores Floyd Mayweather vs. Manny Pacquiao Rematch
2022-11-04,positive,272.0199890136719,260.7900085449219,274.9700012207031,255.32000732421875,11124700.0,Netflix: Kathryn Bigelow’s ‘A House of Dynamite’ Tops Weekly Streaming Through Oct. 26; Spanish Thriller 'City of Shadows' Comes to Netflix December 2026; Netflix Confirms ‘ONE PIECE: Into the Grand Line’ Release Date with First Look at Drum Island
2022-11-07,negative,261.0599975585937,258.6000061035156,261.1499938964844,252.08999633789065,7927000.0,5 Movies to Watch Before They Leave Netflix; Opinion | I Spoil Netflix’s Nuclear War Movie
2022-11-07,neutral,261.0599975585937,258.6000061035156,261.1499938964844,252.08999633789068,7927000.0,Netflix Reportedly Producing ‘Crash Bandicoot’ Animated Series; 'One Piece' Season 2 gets premiere date on Netflix; 'One Piece' Season 2 gets premiere date on Netflix; Netflix’s “One Piece” Returning For Second Season In March; Netflix Explores Floyd Mayweather vs. Manny Pacquiao Rematch
2022-11-07,positive,261.0599975585937,258.6000061035156,261.1499938964844,252.08999633789065,7927000.0,Netflix: Kathryn Bigelow’s ‘A House of Dynamite’ Tops Weekly Streaming Through Oct. 26; Spanish Thriller 'City of Shadows' Comes to Netflix December 2026; Netflix Confirms ‘ONE PIECE: Into the Grand Line’ Release Date with First Look at Drum Island
2022-11-08,negative,259.9200134277344,263.4599914550781,266.0799865722656,256.8800048828125,7683800.0,5 Movies to Watch Before They Leave Netflix; Opinion | I Spoil Netflix’s Nuclear War Movie
2022-11-08,neutral,259.9200134277344,263.4599914550781,266.0799865722656,256.8800048828125,7683800.0,Netflix Reportedly Producing ‘Crash Bandicoot’ Animated Series; 'One Piece' Season 2 gets premiere date on Netflix; 'One Piece' Season 2 gets premiere date on Netflix; Netflix’s “One Piece” Returning For Second Season In March; Netflix Explores Floyd Mayweather vs. Manny Pacquiao Rematch
2022-11-08,positive,259.9200134277344,263.4599914550781,266.0799865722656,256.8800048828125,7683800.0,Netflix: Kathryn Bigelow’s ‘A House of Dynamite’ Tops Weekly Streaming Through Oct. 26; Spanish Thriller 'City of Shadows' Comes to Netflix December 2026; Netflix Confirms ‘ONE PIECE: Into the Grand Line’ Release Date with First Look at Drum Island
2022-11-09,negative,259.6600036621094,254.66000366210935,260.8999938964844,254.22000122070312,7266000.0,5 Movies to Watch Before They Leave Netflix; Opinion | I Spoil Netflix’s Nuclear War Movie
2022-11-09,neutral,259.6600036621094,254.66000366210932,260.8999938964844,254.22000122070312,7266000.0,Netflix Reportedly Producing ‘Crash Bandicoot’ Animated Series; 'One Piece' Season 2 gets premiere date on Netflix; 'One Piece' Season 2 gets premiere date on Netflix; Netflix’s “One Piece” Returning For Second Season In March; Netflix Explores Floyd Mayweather vs. Manny Pacquiao Rematch
2022-11-09,positive,259.6600036621094,254.66000366210935,260.8999938964844,254.22000122070312,7266000.0,Netflix: Kathryn Bigelow’s ‘A House of Dynamite’ Tops Weekly Streaming Through Oct. 26; Spanish Thriller 'City of Shadows' Comes to Netflix December 2026; Netflix Confirms ‘ONE PIECE: Into the Grand Line’ Release Date with First Look at Drum Island
2022-11-10,negative,265.989990234375,274.9700012207031,275.3599853515625,260.0899963378906,9667300.0,5 Movies to Watch Before They Leave Netflix; Opinion | I Spoil Netflix’s Nuclear War Movie
2022-11-10,neutral,265.989990234375,274.9700012207031,275.3599853515625,260.0899963378906,9667300.0,Netflix Reportedly Producing ‘Crash Bandicoot’ Animated Series; 'One Piece' Season 2 gets premiere date on Netflix; 'One Piece' Season 2 gets premiere date on Netflix; Netflix’s “One Piece” Returning For Second Season In March; Netflix Explores Floyd Mayweather vs. Manny Pacquiao Rematch
2022-11-10,positive,265.989990234375,274.9700012207031,275.3599853515625,260.0899963378906,9667300.0,Netflix: Kathryn Bigelow’s ‘A House of Dynamite’ Tops Weekly Streaming Through Oct. 26; Spanish Thriller 'City of Shadows' Comes to Netflix December 2026; Netflix Confirms ‘ONE PIECE: Into the Grand Line’ Release Date with First Look at Drum Island
2022-11-11,negative,274.4700012207031,290.1300048828125,290.6600036621094,271.5599975585937,9573800.0,5 Movies to Watch Before They Leave Netflix; Opinion | I Spoil Netflix’s Nuclear War Movie
2022-11-11,neutral,274.4700012207031,290.1300048828125,290.6600036621094,271.5599975585937,9573800.0,Netflix Reportedly Producing ‘Crash Bandicoot’ Animated Series; 'One Piece' Season 2 gets premiere date on Netflix; 'One Piece' Season 2 gets premiere date on Netflix; Netflix’s “One Piece” Returning For Second Season In March; Netflix Explores Floyd Mayweather vs. Manny Pacquiao Rematch
2022-11-11,positive,274.4700012207031,290.1300048828125,290.6600036621094,271.5599975585937,9573800.0,Netflix: Kathryn Bigelow’s ‘A House of Dynamite’ Tops Weekly Streaming Through Oct. 26; Spanish Thriller 'City of Shadows' Comes to Netflix December 2026; Netflix Confirms ‘ONE PIECE: Into the Grand Line’ Release Date with First Look at Drum Island
2022-11-14,negative,290.0,299.2699890136719,311.0,288.19000244140625,17978200.0,Netflix asks Who Killed the Montreal Expos? in new doc; 5 Movies to Watch Before They Leave Netflix; Opinion | I Spoil Netflix’s Nuclear War Movie
2022-11-14,neutral,290.0,299.2699890136719,311.0,288.19000244140625,17978200.0,Netflix Reportedly Producing ‘Crash Bandicoot’ Animated Series; 'One Piece' Season 2 gets premiere date on Netflix; 'One Piece' Season 2 gets premiere date on Netflix; Netflix’s “One Piece” Returning For Second Season In March
2022-11-14,positive,290.0,299.2699890136719,311.0,288.19000244140625,17978200.0,Netflix: Kathryn Bigelow’s ‘A House of Dynamite’ Tops Weekly Streaming Through Oct. 26; Spanish Thriller 'City of Shadows' Comes to Netflix December 2026; Netflix Confirms ‘ONE PIECE: Into the Grand Line’ Release Date with First Look at Drum Island
2022-11-15,negative,309.20001220703125,310.20001220703125,312.7099914550781,302.54998779296875,14626900.0,5 Movies to Watch Before They Leave Netflix; Opinion | I Spoil Netflix’s Nuclear War Movie
2022-11-15,neutral,309.20001220703125,310.20001220703125,312.7099914550781,302.54998779296875,14626900.0,Netflix Reportedly Producing ‘Crash Bandicoot’ Animated Series; 'One Piece' Season 2 gets premiere date on Netflix; 'One Piece' Season 2 gets premiere date on Netflix; Netflix’s “One Piece” Returning For Second Season In March; Netflix Explores Floyd Mayweather vs. Manny Pacquiao Rematch
2022-11-15,positive,309.20001220703125,310.20001220703125,312.7099914550781,302.54998779296875,14626900.0,Netflix: Kathryn Bigelow’s ‘A House of Dynamite’ Tops Weekly Streaming Through Oct. 26; Spanish Thriller 'City of Shadows' Comes to Netflix December 2026; Netflix Confirms ‘ONE PIECE: Into the Grand Line’ Release Date with First Look at Drum Island
2022-11-16,negative,309.94000244140625,306.0199890136719,310.489990234375,303.6099853515625,8038600.0,5 Movies to Watch Before They Leave Netflix; Opinion | I Spoil Netflix’s Nuclear War Movie
2022-11-16,neutral,309.94000244140625,306.0199890136719,310.489990234375,303.6099853515625,8038600.0,Netflix Reportedly Producing ‘Crash Bandicoot’ Animated Series; 'One Piece' Season 2 gets premiere date on Netflix; 'One Piece' Season 2 gets premiere date on Netflix; Netflix’s “One Piece” Returning For Second Season In March; Netflix Explores Floyd Mayweather vs. Manny Pacquiao Rematch
2022-11-16,positive,309.94000244140625,306.0199890136719,310.489990234375,303.6099853515625,8038600.0,Netflix: Kathryn Bigelow’s ‘A House of Dynamite’ Tops Weekly Streaming Through Oct. 26; Spanish Thriller 'City of Shadows' Comes to Netflix December 2026; Netflix Confirms ‘ONE PIECE: Into the Grand Line’ Release Date with First Look at Drum Island
2022-11-17,negative,294.7200012207031,295.2799987792969,299.82000732421875,291.0,9838200.0,5 Movies to Watch Before They Leave Netflix; Opinion | I Spoil Netflix’s Nuclear War Movie
2022-11-17,neutral,294.7200012207031,295.2799987792969,299.82000732421875,291.0,9838200.0,Netflix Reportedly Producing ‘Crash Bandicoot’ Animated Series; 'One Piece' Season 2 gets premiere date on Netflix; 'One Piece' Season 2 gets premiere date on Netflix; Netflix’s “One Piece” Returning For Second Season In March; Netflix Explores Floyd Mayweather vs. Manny Pacquiao Rematch
2022-11-17,positive,294.7200012207031,295.2799987792969,299.82000732421875,291.0,9838200.0,Netflix: Kathryn Bigelow’s ‘A House of Dynamite’ Tops Weekly Streaming Through Oct. 26; Spanish Thriller 'City of Shadows' Comes to Netflix December 2026; Netflix Confirms ‘ONE PIECE: Into the Grand Line’ Release Date with First Look at Drum Island
2022-11-18,negative,297.3299865722656,287.9800109863281,298.0,287.0,8400100.0,Netflix asks Who Killed the Montreal Expos? in new doc; 5 Movies to Watch Before They Leave Netflix; Opinion | I Spoil Netflix’s Nuclear War Movie
2022-11-18,neutral,297.3299865722656,287.9800109863281,298.0,287.0,8400100.0,Netflix Reportedly Producing ‘Crash Bandicoot’ Animated Series; 'One Piece' Season 2 gets premiere date on Netflix; 'One Piece' Season 2 gets premiere date on Netflix; Netflix’s “One Piece” Returning For Second Season In March
2022-11-18,positive,297.3299865722656,287.9800109863281,298.0,287.0,8400100.0,Netflix: Kathryn Bigelow’s ‘A House of Dynamite’ Tops Weekly Streaming Through Oct. 26; Spanish Thriller 'City of Shadows' Comes to Netflix December 2026; Netflix Confirms ‘ONE PIECE: Into the Grand Line’ Release Date with First Look at Drum Island
2022-11-21,negative,291.0,285.04998779296875,291.8699951171875,282.6600036621094,7256500.0,5 Movies to Watch Before They Leave Netflix; Opinion | I Spoil Netflix’s Nuclear War Movie
2022-11-21,neutral,291.0,285.04998779296875,291.8699951171875,282.6600036621094,7256500.0,Netflix Reportedly Producing ‘Crash Bandicoot’ Animated Series; 'One Piece' Season 2 gets premiere date on Netflix; 'One Piece' Season 2 gets premiere date on Netflix; Netflix’s “One Piece” Returning For Second Season In March; Netflix Explores Floyd Mayweather vs. Manny Pacquiao Rematch
2022-11-21,positive,291.0,285.04998779296875,291.8699951171875,282.6600036621094,7256500.0,Netflix: Kathryn Bigelow’s ‘A House of Dynamite’ Tops Weekly Streaming Through Oct. 26; Spanish Thriller 'City of Shadows' Comes to Netflix December 2026; Netflix Confirms ‘ONE PIECE: Into the Grand Line’ Release Date with First Look at Drum Island
2022-11-22,negative,284.989990234375,286.69000244140625,286.9800109863281,277.3399963378906,6245100.0,5 Movies to Watch Before They Leave Netflix; Opinion | I Spoil Netflix’s Nuclear War Movie
2022-11-22,neutral,284.989990234375,286.69000244140625,286.9800109863281,277.3399963378906,6245100.0,Netflix Reportedly Producing ‘Crash Bandicoot’ Animated Series; 'One Piece' Season 2 gets premiere date on Netflix; 'One Piece' Season 2 gets premiere date on Netflix; Netflix’s “One Piece” Returning For Second Season In March; Netflix Explores Floyd Mayweather vs. Manny Pacquiao Rematch
2022-11-22,positive,284.989990234375,286.69000244140625,286.9800109863281,277.3399963378906,6245100.0,Netflix: Kathryn Bigelow’s ‘A House of Dynamite’ Tops Weekly Streaming Through Oct. 26; Spanish Thriller 'City of Shadows' Comes to Netflix December 2026; Netflix Confirms ‘ONE PIECE: Into the Grand Line’ Release Date with First Look at Drum Island
2022-11-23,negative,285.9100036621094,291.5,292.4700012207031,283.760009765625,5919000.0,5 Movies to Watch Before They Leave Netflix; Opinion | I Spoil Netflix’s Nuclear War Movie
2022-11-23,neutral,285.9100036621094,291.5,292.4700012207031,283.760009765625,5919000.0,Netflix Reportedly Producing ‘Crash Bandicoot’ Animated Series; 'One Piece' Season 2 gets premiere date on Netflix; 'One Piece' Season 2 gets premiere date on Netflix; Netflix’s “One Piece” Returning For Second Season In March; Netflix Explores Floyd Mayweather vs. Manny Pacquiao Rematch
2022-11-23,positive,285.9100036621094,291.5,292.4700012207031,283.760009765625,5919000.0,Netflix: Kathryn Bigelow’s ‘A House of Dynamite’ Tops Weekly Streaming Through Oct. 26; Spanish Thriller 'City of Shadows' Comes to Netflix December 2026; Netflix Confirms ‘ONE PIECE: Into the Grand Line’ Release Date with First Look at Drum Island
2022-11-25,negative,289.0,285.5400085449219,289.2099914550781,284.1700134277344,3236000.0,5 Movies to Watch Before They Leave Netflix; Opinion | I Spoil Netflix’s Nuclear War Movie
2022-11-25,neutral,289.0,285.5400085449219,289.2099914550781,284.1700134277344,3236000.0,Netflix Reportedly Producing ‘Crash Bandicoot’ Animated Series; 'One Piece' Season 2 gets premiere date on Netflix; 'One Piece' Season 2 gets premiere date on Netflix; Netflix’s “One Piece” Returning For Second Season In March; Netflix Explores Floyd Mayweather vs. Manny Pacquiao Rematch
2022-11-25,positive,289.0,285.5400085449219,289.2099914550781,284.1700134277344,3236000.0,Netflix: Kathryn Bigelow’s ‘A House of Dynamite’ Tops Weekly Streaming Through Oct. 26; Spanish Thriller 'City of Shadows' Comes to Netflix December 2026; Netflix Confirms ‘ONE PIECE: Into the Grand Line’ Release Date with First Look at Drum Island
2022-11-28,negative,284.0,281.1700134277344,289.54998779296875,280.5299987792969,4703400.0,Netflix asks Who Killed the Montreal Expos? in new doc; 5 Movies to Watch Before They Leave Netflix; Opinion | I Spoil Netflix’s Nuclear War Movie
2022-11-28,neutral,284.0,281.1700134277344,289.54998779296875,280.5299987792969,4703400.0,Netflix Reportedly Producing ‘Crash Bandicoot’ Animated Series; 'One Piece' Season 2 gets premiere date on Netflix; 'One Piece' Season 2 gets premiere date on Netflix; Netflix’s “One Piece” Returning For Second Season In March
2022-11-28,positive,284.0,281.1700134277344,289.54998779296875,280.5299987792969,4703400.0,Netflix: Kathryn Bigelow’s ‘A House of Dynamite’ Tops Weekly Streaming Through Oct. 26; Spanish Thriller 'City of Shadows' Comes to Netflix December 2026; Netflix Confirms ‘ONE PIECE: Into the Grand Line’ Release Date with First Look at Drum Island
2022-11-29,negative,282.5,280.9599914550781,282.9599914550781,275.94000244140625,5786900.0,5 Movies to Watch Before They Leave Netflix; Opinion | I Spoil Netflix’s Nuclear War Movie
2022-11-29,neutral,282.5,280.9599914550781,282.9599914550781,275.94000244140625,5786900.0,Netflix Reportedly Producing ‘Crash Bandicoot’ Animated Series; 'One Piece' Season 2 gets premiere date on Netflix; 'One Piece' Season 2 gets premiere date on Netflix; Netflix’s “One Piece” Returning For Second Season In March; Netflix Explores Floyd Mayweather vs. Manny Pacquiao Rematch
2022-11-29,positive,282.5,280.9599914550781,282.9599914550781,275.94000244140625,5786900.0,Netflix: Kathryn Bigelow’s ‘A House of Dynamite’ Tops Weekly Streaming Through Oct. 26; Spanish Thriller 'City of Shadows' Comes to Netflix December 2026; Netflix Confirms ‘ONE PIECE: Into the Grand Line’ Release Date with First Look at Drum Island
2022-11-30,negative,281.3699951171875,305.5299987792969,308.260009765625,280.4100036621094,16070100.0,5 Movies to Watch Before They Leave Netflix; Opinion | I Spoil Netflix’s Nuclear War Movie
2022-11-30,neutral,281.3699951171875,305.5299987792969,308.260009765625,280.4100036621094,16070100.0,Netflix Reportedly Producing ‘Crash Bandicoot’ Animated Series; 'One Piece' Season 2 gets premiere date on Netflix; 'One Piece' Season 2 gets premiere date on Netflix; Netflix’s “One Piece” Returning For Second Season In March; Netflix Explores Floyd Mayweather vs. Manny Pacquiao Rematch
2022-11-30,positive,281.3699951171875,305.5299987792969,308.260009765625,280.4100036621094,16070100.0,Netflix: Kathryn Bigelow’s ‘A House of Dynamite’ Tops Weekly Streaming Through Oct. 26; Spanish Thriller 'City of Shadows' Comes to Netflix December 2026; Netflix Confirms ‘ONE PIECE: Into the Grand Line’ Release Date with First Look at Drum Island
2022-12-01,negative,303.989990234375,316.95001220703125,319.79998779296875,303.0299987792969,14664900.0,5 Movies to Watch Before They Leave Netflix; Opinion | I Spoil Netflix’s Nuclear War Movie
2022-12-01,neutral,303.989990234375,316.95001220703125,319.79998779296875,303.0299987792969,14664900.0,Netflix Reportedly Producing ‘Crash Bandicoot’ Animated Series; 'One Piece' Season 2 gets premiere date on Netflix; 'One Piece' Season 2 gets premiere date on Netflix; Netflix’s “One Piece” Returning For Second Season In March; Netflix Explores Floyd Mayweather vs. Manny Pacquiao Rematch
2022-12-01,positive,303.989990234375,316.95001220703125,319.79998779296875,303.0299987792969,14664900.0,Netflix: Kathryn Bigelow’s ‘A House of Dynamite’ Tops Weekly Streaming Through Oct. 26; Spanish Thriller 'City of Shadows' Comes to Netflix December 2026; Netflix Confirms ‘ONE PIECE: Into the Grand Line’ Release Date with First Look at Drum Island
2022-12-02,negative,310.489990234375,320.4100036621094,321.989990234375,310.0,12690600.0,5 Movies to Watch Before They Leave Netflix; Opinion | I Spoil Netflix’s Nuclear War Movie
2022-12-02,neutral,310.489990234375,320.4100036621094,321.989990234375,310.0,12690600.0,Netflix Reportedly Producing ‘Crash Bandicoot’ Animated Series; 'One Piece' Season 2 gets premiere date on Netflix; 'One Piece' Season 2 gets premiere date on Netflix; Netflix’s “One Piece” Returning For Second Season In March; Netflix Explores Floyd Mayweather vs. Manny Pacquiao Rematch
2022-12-02,positive,310.489990234375,320.4100036621094,321.989990234375,310.0,12690600.0,Netflix: Kathryn Bigelow’s ‘A House of Dynamite’ Tops Weekly Streaming Through Oct. 26; Spanish Thriller 'City of Shadows' Comes to Netflix December 2026; Netflix Confirms ‘ONE PIECE: Into the Grand Line’ Release Date with First Look at Drum Island
2022-12-05,negative,316.4599914550781,312.5899963378906,322.7699890136719,310.9200134277344,8423000.0,5 Movies to Watch Before They Leave Netflix; Opinion | I Spoil Netflix’s Nuclear War Movie
2022-12-05,neutral,316.4599914550781,312.5899963378906,322.7699890136719,310.9200134277344,8423000.0,Netflix Reportedly Producing ‘Crash Bandicoot’ Animated Series; 'One Piece' Season 2 gets premiere date on Netflix; 'One Piece' Season 2 gets premiere date on Netflix; Netflix’s “One Piece” Returning For Second Season In March; Netflix Explores Floyd Mayweather vs. Manny Pacquiao Rematch
2022-12-05,positive,316.4599914550781,312.5899963378906,322.7699890136719,310.9200134277344,8423000.0,Netflix: Kathryn Bigelow’s ‘A House of Dynamite’ Tops Weekly Streaming Through Oct. 26; Spanish Thriller 'City of Shadows' Comes to Netflix December 2026; Netflix Confirms ‘ONE PIECE: Into the Grand Line’ Release Date with First Look at Drum Island
2022-12-06,negative,311.0,305.5599975585937,313.2200012207031,303.1300048828125,7195400.0,5 Movies to Watch Before They Leave Netflix; Opinion | I Spoil Netflix’s Nuclear War Movie
2022-12-06,neutral,311.0,305.5599975585937,313.2200012207031,303.1300048828125,7195400.0,Netflix Reportedly Producing ‘Crash Bandicoot’ Animated Series; 'One Piece' Season 2 gets premiere date on Netflix; 'One Piece' Season 2 gets premiere date on Netflix; Netflix’s “One Piece” Returning For Second Season In March; Netflix Explores Floyd Mayweather vs. Manny Pacquiao Rematch
2022-12-06,positive,311.0,305.5599975585937,313.2200012207031,303.1300048828125,7195400.0,Netflix: Kathryn Bigelow’s ‘A House of Dynamite’ Tops Weekly Streaming Through Oct. 26; Spanish Thriller 'City of Shadows' Comes to Netflix December 2026; Netflix Confirms ‘ONE PIECE: Into the Grand Line’ Release Date with First Look at Drum Island
2022-12-07,negative,306.5,308.4200134277344,309.6099853515625,302.1000061035156,7821600.0,5 Movies to Watch Before They Leave Netflix; Opinion | I Spoil Netflix’s Nuclear War Movie
2022-12-07,neutral,306.5,308.4200134277344,309.6099853515625,302.1000061035156,7821600.0,Netflix Reportedly Producing ‘Crash Bandicoot’ Animated Series; 'One Piece' Season 2 gets premiere date on Netflix; 'One Piece' Season 2 gets premiere date on Netflix; Netflix’s “One Piece” Returning For Second Season In March; Netflix Explores Floyd Mayweather vs. Manny Pacquiao Rematch
2022-12-07,positive,306.5,308.4200134277344,309.6099853515625,302.1000061035156,7821600.0,Netflix: Kathryn Bigelow’s ‘A House of Dynamite’ Tops Weekly Streaming Through Oct. 26; Spanish Thriller 'City of Shadows' Comes to Netflix December 2026; Netflix Confirms ‘ONE PIECE: Into the Grand Line’ Release Date with First Look at Drum Island
2022-12-08,negative,309.1099853515625,310.260009765625,312.3800048828125,304.8099975585937,7205300.0,5 Movies to Watch Before They Leave Netflix; Opinion | I Spoil Netflix’s Nuclear War Movie
2022-12-08,neutral,309.1099853515625,310.260009765625,312.3800048828125,304.8099975585937,7205300.0,Netflix Reportedly Producing ‘Crash Bandicoot’ Animated Series; 'One Piece' Season 2 gets premiere date on Netflix; 'One Piece' Season 2 gets premiere date on Netflix; Netflix’s “One Piece” Returning For Second Season In March; Netflix Explores Floyd Mayweather vs. Manny Pacquiao Rematch
2022-12-08,positive,309.1099853515625,310.260009765625,312.3800048828125,304.8099975585937,7205300.0,Netflix: Kathryn Bigelow’s ‘A House of Dynamite’ Tops Weekly Streaming Through Oct. 26; Spanish Thriller 'City of Shadows' Comes to Netflix December 2026; Netflix Confirms ‘ONE PIECE: Into the Grand Line’ Release Date with First Look at Drum Island
2022-12-09,negative,321.45001220703125,320.010009765625,329.0,319.5199890136719,14364000.0,5 Movies to Watch Before They Leave Netflix; Opinion | I Spoil Netflix’s Nuclear War Movie
2022-12-09,neutral,321.45001220703125,320.010009765625,329.0,319.5199890136719,14364000.0,Netflix Reportedly Producing ‘Crash Bandicoot’ Animated Series; 'One Piece' Season 2 gets premiere date on Netflix; 'One Piece' Season 2 gets premiere date on Netflix; Netflix’s “One Piece” Returning For Second Season In March; Netflix Explores Floyd Mayweather vs. Manny Pacquiao Rematch
2022-12-09,positive,321.45001220703125,320.010009765625,329.0,319.5199890136719,14364000.0,Netflix: Kathryn Bigelow’s ‘A House of Dynamite’ Tops Weekly Streaming Through Oct. 26; Spanish Thriller 'City of Shadows' Comes to Netflix December 2026; Netflix Confirms ‘ONE PIECE: Into the Grand Line’ Release Date with First Look at Drum Island
2022-12-12,negative,320.0,315.17999267578125,323.17999267578125,308.8500061035156,10148600.0,5 Movies to Watch Before They Leave Netflix; Opinion | I Spoil Netflix’s Nuclear War Movie
2022-12-12,neutral,320.0,315.17999267578125,323.17999267578125,308.8500061035156,10148600.0,Netflix Reportedly Producing ‘Crash Bandicoot’ Animated Series; 'One Piece' Season 2 gets premiere date on Netflix; 'One Piece' Season 2 gets premiere date on Netflix; Netflix’s “One Piece” Returning For Second Season In March; Netflix Explores Floyd Mayweather vs. Manny Pacquiao Rematch
2022-12-12,positive,320.0,315.17999267578125,323.17999267578125,308.8500061035156,10148600.0,Netflix: Kathryn Bigelow’s ‘A House of Dynamite’ Tops Weekly Streaming Through Oct. 26; Spanish Thriller 'City of Shadows' Comes to Netflix December 2026; Netflix Confirms ‘ONE PIECE: Into the Grand Line’ Release Date with First Look at Drum Island
2022-12-13,negative,328.0,320.3399963378906,332.7200012207031,317.20001220703125,10756400.0,Netflix asks Who Killed the Montreal Expos? in new doc; 5 Movies to Watch Before They Leave Netflix; Opinion | I Spoil Netflix’s Nuclear War Movie
2022-12-13,neutral,328.0,320.3399963378906,332.7200012207031,317.20001220703125,10756400.0,Netflix Reportedly Producing ‘Crash Bandicoot’ Animated Series; 'One Piece' Season 2 gets premiere date on Netflix; 'One Piece' Season 2 gets premiere date on Netflix; Netflix’s “One Piece” Returning For Second Season In March
2022-12-13,positive,328.0,320.3399963378906,332.7200012207031,317.20001220703125,10756400.0,Netflix: Kathryn Bigelow’s ‘A House of Dynamite’ Tops Weekly Streaming Through Oct. 26; Spanish Thriller 'City of Shadows' Comes to Netflix December 2026; Netflix Confirms ‘ONE PIECE: Into the Grand Line’ Release Date with First Look at Drum Island
2022-12-14,negative,318.9700012207031,317.8299865722656,324.7099914550781,314.4200134277344,7543300.0,Netflix asks Who Killed the Montreal Expos? in new doc; 5 Movies to Watch Before They Leave Netflix; Opinion | I Spoil Netflix’s Nuclear War Movie
2022-12-14,neutral,318.9700012207031,317.8299865722656,324.7099914550781,314.4200134277344,7543300.0,Netflix Reportedly Producing ‘Crash Bandicoot’ Animated Series; 'One Piece' Season 2 gets premiere date on Netflix; 'One Piece' Season 2 gets premiere date on Netflix; Netflix’s “One Piece” Returning For Second Season In March
2022-12-14,positive,318.9700012207031,317.8299865722656,324.7099914550781,314.4200134277344,7543300.0,Netflix: Kathryn Bigelow’s ‘A House of Dynamite’ Tops Weekly Streaming Through Oct. 26; Spanish Thriller 'City of Shadows' Comes to Netflix December 2026; Netflix Confirms ‘ONE PIECE: Into the Grand Line’ Release Date with First Look at Drum Island
2022-12-15,negative,302.1199951171875,290.4100036621094,303.3900146484375,286.54998779296875,17724600.0,5 Movies to Watch Before They Leave Netflix; Opinion | I Spoil Netflix’s Nuclear War Movie
2022-12-15,neutral,302.1199951171875,290.4100036621094,303.3900146484375,286.54998779296875,17724600.0,Netflix Reportedly Producing ‘Crash Bandicoot’ Animated Series; 'One Piece' Season 2 gets premiere date on Netflix; 'One Piece' Season 2 gets premiere date on Netflix; Netflix’s “One Piece” Returning For Second Season In March; Netflix Explores Floyd Mayweather vs. Manny Pacquiao Rematch
2022-12-15,positive,302.1199951171875,290.4100036621094,303.3900146484375,286.54998779296875,17724600.0,Netflix: Kathryn Bigelow’s ‘A House of Dynamite’ Tops Weekly Streaming Through Oct. 26; Spanish Thriller 'City of Shadows' Comes to Netflix December 2026; Netflix Confirms ‘ONE PIECE: Into the Grand Line’ Release Date with First Look at Drum Island
2022-12-16,negative,288.760009765625,290.7099914550781,294.7200012207031,288.70001220703125,14080000.0,5 Movies to Watch Before They Leave Netflix; Opinion | I Spoil Netflix’s Nuclear War Movie
2022-12-16,neutral,288.760009765625,290.7099914550781,294.7200012207031,288.70001220703125,14080000.0,Netflix Reportedly Producing ‘Crash Bandicoot’ Animated Series; 'One Piece' Season 2 gets premiere date on Netflix; 'One Piece' Season 2 gets premiere date on Netflix; Netflix’s “One Piece” Returning For Second Season In March; Netflix Explores Floyd Mayweather vs. Manny Pacquiao Rematch
2022-12-16,positive,288.760009765625,290.7099914550781,294.7200012207031,288.70001220703125,14080000.0,Netflix: Kathryn Bigelow’s ‘A House of Dynamite’ Tops Weekly Streaming Through Oct. 26; Spanish Thriller 'City of Shadows' Comes to Netflix December 2026; Netflix Confirms ‘ONE PIECE: Into the Grand Line’ Release Date with First Look at Drum Island
2022-12-19,negative,289.7300109863281,288.29998779296875,292.25,286.1300048828125,6163700.0,"Netflix asks Who Killed the Montreal Expos? in new doc; 5 Movies to Watch Before They Leave Netflix; DON’T NOD Admits Lost Records: Bloom & Rage Missed Expectations, Signs Deal With Netflix to Create New Game Based on “A Major IP”"
2022-12-19,neutral,289.7300109863281,288.29998779296875,292.25,286.1300048828125,6163700.0,Netflix’s ‘Nightmares of Nature’ filmed in Alapaha; Netflix Reportedly Producing ‘Crash Bandicoot’ Animated Series; 'One Piece' Season 2 gets premiere date on Netflix; 'One Piece' Season 2 gets premiere date on Netflix
2022-12-19,positive,289.7300109863281,288.29998779296875,292.25,286.1300048828125,6163700.0,Netflix: Kathryn Bigelow’s ‘A House of Dynamite’ Tops Weekly Streaming Through Oct. 26; Spanish Thriller 'City of Shadows' Comes to Netflix December 2026; Netflix Confirms ‘ONE PIECE: Into the Grand Line’ Release Date with First Look at Drum Island
2022-12-20,negative,281.239990234375,288.19000244140625,289.2799987792969,280.8099975585937,6918100.0,5 Movies to Watch Before They Leave Netflix; Opinion | I Spoil Netflix’s Nuclear War Movie
2022-12-20,neutral,281.239990234375,288.19000244140625,289.2799987792969,280.8099975585937,6918100.0,Netflix Reportedly Producing ‘Crash Bandicoot’ Animated Series; 'One Piece' Season 2 gets premiere date on Netflix; 'One Piece' Season 2 gets premiere date on Netflix; Netflix’s “One Piece” Returning For Second Season In March; Netflix Explores Floyd Mayweather vs. Manny Pacquiao Rematch
2022-12-20,positive,281.239990234375,288.19000244140625,289.2799987792969,280.8099975585937,6918100.0,Netflix: Kathryn Bigelow’s ‘A House of Dynamite’ Tops Weekly Streaming Through Oct. 26; Spanish Thriller 'City of Shadows' Comes to Netflix December 2026; Netflix Confirms ‘ONE PIECE: Into the Grand Line’ Release Date with First Look at Drum Island
2022-12-21,negative,289.989990234375,297.9599914550781,300.6600036621094,286.5,6376200.0,5 Movies to Watch Before They Leave Netflix; Opinion | I Spoil Netflix’s Nuclear War Movie
2022-12-21,neutral,289.989990234375,297.9599914550781,300.6600036621094,286.5,6376200.0,Netflix Reportedly Producing ‘Crash Bandicoot’ Animated Series; 'One Piece' Season 2 gets premiere date on Netflix; 'One Piece' Season 2 gets premiere date on Netflix; Netflix’s “One Piece” Returning For Second Season In March; Netflix Explores Floyd Mayweather vs. Manny Pacquiao Rematch
2022-12-21,positive,289.989990234375,297.9599914550781,300.6600036621094,286.5,6376200.0,Netflix: Kathryn Bigelow’s ‘A House of Dynamite’ Tops Weekly Streaming Through Oct. 26; Spanish Thriller 'City of Shadows' Comes to Netflix December 2026; Netflix Confirms ‘ONE PIECE: Into the Grand Line’ Release Date with First Look at Drum Island
2022-12-22,negative,298.0899963378906,297.75,298.8800048828125,290.8099975585937,7856200.0,5 Movies to Watch Before They Leave Netflix; Opinion | I Spoil Netflix’s Nuclear War Movie
2022-12-22,neutral,298.0899963378906,297.75,298.8800048828125,290.8099975585937,7856200.0,Netflix Reportedly Producing ‘Crash Bandicoot’ Animated Series; 'One Piece' Season 2 gets premiere date on Netflix; 'One Piece' Season 2 gets premiere date on Netflix; Netflix’s “One Piece” Returning For Second Season In March; Netflix Explores Floyd Mayweather vs. Manny Pacquiao Rematch
2022-12-22,positive,298.0899963378906,297.75,298.8800048828125,290.8099975585937,7856200.0,Netflix: Kathryn Bigelow’s ‘A House of Dynamite’ Tops Weekly Streaming Through Oct. 26; Spanish Thriller 'City of Shadows' Comes to Netflix December 2026; Netflix Confirms ‘ONE PIECE: Into the Grand Line’ Release Date with First Look at Drum Island
2022-12-23,negative,296.17999267578125,294.9599914550781,298.4599914550781,291.9100036621094,4251100.0,5 Movies to Watch Before They Leave Netflix; Opinion | I Spoil Netflix’s Nuclear War Movie
2022-12-23,neutral,296.17999267578125,294.9599914550781,298.4599914550781,291.9100036621094,4251100.0,Netflix Reportedly Producing ‘Crash Bandicoot’ Animated Series; 'One Piece' Season 2 gets premiere date on Netflix; 'One Piece' Season 2 gets premiere date on Netflix; Netflix’s “One Piece” Returning For Second Season In March; Netflix Explores Floyd Mayweather vs. Manny Pacquiao Rematch
2022-12-23,positive,296.17999267578125,294.9599914550781,298.4599914550781,291.9100036621094,4251100.0,Netflix: Kathryn Bigelow’s ‘A House of Dynamite’ Tops Weekly Streaming Through Oct. 26; Spanish Thriller 'City of Shadows' Comes to Netflix December 2026; Netflix Confirms ‘ONE PIECE: Into the Grand Line’ Release Date with First Look at Drum Island
2022-12-27,negative,293.19000244140625,284.1700134277344,293.57000732421875,282.1300048828125,5778100.0,5 Movies to Watch Before They Leave Netflix; Opinion | I Spoil Netflix’s Nuclear War Movie
2022-12-27,neutral,293.19000244140625,284.1700134277344,293.57000732421875,282.1300048828125,5778100.0,Netflix Reportedly Producing ‘Crash Bandicoot’ Animated Series; 'One Piece' Season 2 gets premiere date on Netflix; 'One Piece' Season 2 gets premiere date on Netflix; Netflix’s “One Piece” Returning For Second Season In March; Netflix Explores Floyd Mayweather vs. Manny Pacquiao Rematch
2022-12-27,positive,293.19000244140625,284.1700134277344,293.57000732421875,282.1300048828125,5778100.0,Netflix: Kathryn Bigelow’s ‘A House of Dynamite’ Tops Weekly Streaming Through Oct. 26; Spanish Thriller 'City of Shadows' Comes to Netflix December 2026; Netflix Confirms ‘ONE PIECE: Into the Grand Line’ Release Date with First Look at Drum Island
2022-12-28,negative,281.9200134277344,276.8800048828125,285.19000244140625,273.4100036621094,5964400.0,5 Movies to Watch Before They Leave Netflix; Opinion | I Spoil Netflix’s Nuclear War Movie
2022-12-28,neutral,281.9200134277344,276.8800048828125,285.19000244140625,273.4100036621094,5964400.0,Netflix Reportedly Producing ‘Crash Bandicoot’ Animated Series; 'One Piece' Season 2 gets premiere date on Netflix; 'One Piece' Season 2 gets premiere date on Netflix; Netflix’s “One Piece” Returning For Second Season In March; Netflix Explores Floyd Mayweather vs. Manny Pacquiao Rematch
2022-12-28,positive,281.9200134277344,276.8800048828125,285.19000244140625,273.4100036621094,5964400.0,Netflix: Kathryn Bigelow’s ‘A House of Dynamite’ Tops Weekly Streaming Through Oct. 26; Spanish Thriller 'City of Shadows' Comes to Netflix December 2026; Netflix Confirms ‘ONE PIECE: Into the Grand Line’ Release Date with First Look at Drum Island
2022-12-29,negative,283.17999267578125,291.1199951171875,295.5,281.010009765625,9588500.0,5 Movies to Watch Before They Leave Netflix; Opinion | I Spoil Netflix’s Nuclear War Movie
2022-12-29,neutral,283.17999267578125,291.1199951171875,295.5,281.010009765625,9588500.0,Netflix Reportedly Producing ‘Crash Bandicoot’ Animated Series; 'One Piece' Season 2 gets premiere date on Netflix; 'One Piece' Season 2 gets premiere date on Netflix; Netflix’s “One Piece” Returning For Second Season In March; Netflix Explores Floyd Mayweather vs. Manny Pacquiao Rematch
2022-12-29,positive,283.17999267578125,291.1199951171875,295.5,281.010009765625,9588500.0,Netflix: Kathryn Bigelow’s ‘A House of Dynamite’ Tops Weekly Streaming Through Oct. 26; Spanish Thriller 'City of Shadows' Comes to Netflix December 2026; Netflix Confirms ‘ONE PIECE: Into the Grand Line’ Release Date with First Look at Drum Island
2022-12-30,negative,285.5299987792969,294.8800048828125,295.010009765625,283.2200012207031,7566900.0,Netflix reaches settlement with ex-India legal head in gender bias lawsuit
2022-12-30,neutral,285.5299987792969,294.8800048828125,295.010009765625,283.2200012207031,7566900.0,"When One Piece Season 2 Arrives on Netflix: Release Date Revealed; #SHOWBIZ: 'BoBoiBoy' No.1 on Netflix Malaysia, Indonesia, Singapore, Vietnam; Netflix Starts Real-Time Voting For Live Shows - And Other Content 10/28/2025; Netflix CTO confirms vertical video experiments ahead, says 'not competing with TikTok'; Netflix’s ‘Boots’ Climbs Charts with Gritty Gay Marine Story; Netflix Negotiates Theatrical Release for Brad Pitt Sequel Film; Netflix Real-Time Voting Brings Interactions to Live Shows, Starting with 'Star Search' Revival; Idli Kadai Movie Now Streaming in Netflix"
2022-12-30,positive,285.5299987792969,294.8800048828125,295.010009765625,283.2200012207031,7566900.0,New on Netflix in November 2025 — here are the 5 best new shows and movies to stream
2023-01-03,negative,298.0599975585937,294.95001220703125,298.3900146484375,288.70001220703125,6764000.0,Netflix reaches settlement with ex-India legal head in gender bias lawsuit
2023-01-03,neutral,298.0599975585937,294.95001220703125,298.3900146484375,288.70001220703125,6764000.0,"When One Piece Season 2 Arrives on Netflix: Release Date Revealed; #SHOWBIZ: 'BoBoiBoy' No.1 on Netflix Malaysia, Indonesia, Singapore, Vietnam; Netflix Starts Real-Time Voting For Live Shows - And Other Content 10/28/2025; Netflix CTO confirms vertical video experiments ahead, says 'not competing with TikTok'; Netflix’s ‘Boots’ Climbs Charts with Gritty Gay Marine Story; Netflix Negotiates Theatrical Release for Brad Pitt Sequel Film; Netflix Real-Time Voting Brings Interactions to Live Shows, Starting with 'Star Search' Revival; Idli Kadai Movie Now Streaming in Netflix"
2023-01-03,positive,298.0599975585937,294.95001220703125,298.3900146484375,288.70001220703125,6764000.0,New on Netflix in November 2025 — here are the 5 best new shows and movies to stream
2023-01-04,negative,298.239990234375,309.4100036621094,311.1400146484375,295.510009765625,9345100.0,Netflix reaches settlement with ex-India legal head in gender bias lawsuit
2023-01-04,neutral,298.239990234375,309.4100036621094,311.1400146484375,295.510009765625,9345100.0,"When One Piece Season 2 Arrives on Netflix: Release Date Revealed; #SHOWBIZ: 'BoBoiBoy' No.1 on Netflix Malaysia, Indonesia, Singapore, Vietnam; Netflix Starts Real-Time Voting For Live Shows - And Other Content 10/28/2025; Netflix CTO confirms vertical video experiments ahead, says 'not competing with TikTok'; Netflix’s ‘Boots’ Climbs Charts with Gritty Gay Marine Story; Netflix Negotiates Theatrical Release for Brad Pitt Sequel Film; Netflix Real-Time Voting Brings Interactions to Live Shows, Starting with 'Star Search' Revival; Idli Kadai Movie Now Streaming in Netflix"
2023-01-04,positive,298.239990234375,309.4100036621094,311.1400146484375,295.510009765625,9345100.0,New on Netflix in November 2025 — here are the 5 best new shows and movies to stream
2023-01-05,negative,307.0,309.70001220703125,314.17999267578125,304.54998779296875,8328400.0,Netflix reaches settlement with ex-India legal head in gender bias lawsuit
2023-01-05,neutral,307.0,309.70001220703125,314.17999267578125,304.54998779296875,8328400.0,"When One Piece Season 2 Arrives on Netflix: Release Date Revealed; #SHOWBIZ: 'BoBoiBoy' No.1 on Netflix Malaysia, Indonesia, Singapore, Vietnam; Netflix Starts Real-Time Voting For Live Shows - And Other Content 10/28/2025; Netflix CTO confirms vertical video experiments ahead, says 'not competing with TikTok'; Netflix’s ‘Boots’ Climbs Charts with Gritty Gay Marine Story; Netflix Negotiates Theatrical Release for Brad Pitt Sequel Film; Netflix Real-Time Voting Brings Interactions to Live Shows, Starting with 'Star Search' Revival; Idli Kadai Movie Now Streaming in Netflix"
2023-01-05,positive,307.0,309.70001220703125,314.17999267578125,304.54998779296875,8328400.0,New on Netflix in November 2025 — here are the 5 best new shows and movies to stream
2023-01-06,negative,311.57000732421875,315.54998779296875,316.7699890136719,303.69000244140625,8959800.0,Netflix reaches settlement with ex-India legal head in gender bias lawsuit
2023-01-06,neutral,311.57000732421875,315.54998779296875,316.7699890136719,303.69000244140625,8959800.0,"When One Piece Season 2 Arrives on Netflix: Release Date Revealed; #SHOWBIZ: 'BoBoiBoy' No.1 on Netflix Malaysia, Indonesia, Singapore, Vietnam; Netflix Starts Real-Time Voting For Live Shows - And Other Content 10/28/2025; Netflix CTO confirms vertical video experiments ahead, says 'not competing with TikTok'; Netflix’s ‘Boots’ Climbs Charts with Gritty Gay Marine Story; Netflix Negotiates Theatrical Release for Brad Pitt Sequel Film; Netflix Real-Time Voting Brings Interactions to Live Shows, Starting with 'Star Search' Revival; Idli Kadai Movie Now Streaming in Netflix"
2023-01-06,positive,311.57000732421875,315.54998779296875,316.7699890136719,303.69000244140625,8959800.0,New on Netflix in November 2025 — here are the 5 best new shows and movies to stream
2023-01-09,negative,316.8299865722656,315.1700134277344,321.70001220703125,313.2200012207031,6766600.0,Netflix reaches settlement with ex-India legal head in gender bias lawsuit
2023-01-09,neutral,316.8299865722656,315.1700134277344,321.70001220703125,313.2200012207031,6766600.0,"When One Piece Season 2 Arrives on Netflix: Release Date Revealed; #SHOWBIZ: 'BoBoiBoy' No.1 on Netflix Malaysia, Indonesia, Singapore, Vietnam; Netflix Starts Real-Time Voting For Live Shows - And Other Content 10/28/2025; Netflix CTO confirms vertical video experiments ahead, says 'not competing with TikTok'; Netflix’s ‘Boots’ Climbs Charts with Gritty Gay Marine Story; Netflix Negotiates Theatrical Release for Brad Pitt Sequel Film; Netflix Real-Time Voting Brings Interactions to Live Shows, Starting with 'Star Search' Revival; Idli Kadai Movie Now Streaming in Netflix"
2023-01-09,positive,316.8299865722656,315.1700134277344,321.70001220703125,313.2200012207031,6766600.0,New on Netflix in November 2025 — here are the 5 best new shows and movies to stream
2023-01-10,negative,311.07000732421875,327.5400085449219,329.3500061035156,311.07000732421875,13072300.0,Netflix reaches settlement with ex-India legal head in gender bias lawsuit
2023-01-10,neutral,311.07000732421875,327.5400085449219,329.3500061035156,311.07000732421875,13072300.0,"When One Piece Season 2 Arrives on Netflix: Release Date Revealed; #SHOWBIZ: 'BoBoiBoy' No.1 on Netflix Malaysia, Indonesia, Singapore, Vietnam; Netflix Starts Real-Time Voting For Live Shows - And Other Content 10/28/2025; Netflix CTO confirms vertical video experiments ahead, says 'not competing with TikTok'; Netflix’s ‘Boots’ Climbs Charts with Gritty Gay Marine Story; Netflix Negotiates Theatrical Release for Brad Pitt Sequel Film; Netflix Real-Time Voting Brings Interactions to Live Shows, Starting with 'Star Search' Revival; Idli Kadai Movie Now Streaming in Netflix"
2023-01-10,positive,311.07000732421875,327.5400085449219,329.3500061035156,311.07000732421875,13072300.0,New on Netflix in November 2025 — here are the 5 best new shows and movies to stream
2023-01-11,negative,326.5,327.260009765625,328.8800048828125,321.3500061035156,9579700.0,Netflix reaches settlement with ex-India legal head in gender bias lawsuit
2023-01-11,neutral,326.5,327.260009765625,328.8800048828125,321.3500061035156,9579700.0,"When One Piece Season 2 Arrives on Netflix: Release Date Revealed; #SHOWBIZ: 'BoBoiBoy' No.1 on Netflix Malaysia, Indonesia, Singapore, Vietnam; Netflix Starts Real-Time Voting For Live Shows - And Other Content 10/28/2025; Netflix CTO confirms vertical video experiments ahead, says 'not competing with TikTok'; Netflix’s ‘Boots’ Climbs Charts with Gritty Gay Marine Story; Netflix Negotiates Theatrical Release for Brad Pitt Sequel Film; Netflix Real-Time Voting Brings Interactions to Live Shows, Starting with 'Star Search' Revival; Idli Kadai Movie Now Streaming in Netflix"
2023-01-11,positive,326.5,327.260009765625,328.8800048828125,321.3500061035156,9579700.0,New on Netflix in November 2025 — here are the 5 best new shows and movies to stream
2023-01-12,negative,332.5,330.1300048828125,332.95001220703125,323.1400146484375,10856200.0,Netflix reaches settlement with ex-India legal head in gender bias lawsuit
2023-01-12,neutral,332.5,330.1300048828125,332.95001220703125,323.1400146484375,10856200.0,"When One Piece Season 2 Arrives on Netflix: Release Date Revealed; #SHOWBIZ: 'BoBoiBoy' No.1 on Netflix Malaysia, Indonesia, Singapore, Vietnam; Netflix Starts Real-Time Voting For Live Shows - And Other Content 10/28/2025; Netflix CTO confirms vertical video experiments ahead, says 'not competing with TikTok'; Netflix’s ‘Boots’ Climbs Charts with Gritty Gay Marine Story; Netflix Negotiates Theatrical Release for Brad Pitt Sequel Film; Netflix Real-Time Voting Brings Interactions to Live Shows, Starting with 'Star Search' Revival; Idli Kadai Movie Now Streaming in Netflix"
2023-01-12,positive,332.5,330.1300048828125,332.95001220703125,323.1400146484375,10856200.0,New on Netflix in November 2025 — here are the 5 best new shows and movies to stream
2023-01-13,negative,329.9700012207031,332.82000732421875,336.6499938964844,328.8900146484375,8286800.0,Netflix reaches settlement with ex-India legal head in gender bias lawsuit
2023-01-13,neutral,329.9700012207031,332.82000732421875,336.6499938964844,328.8900146484375,8286800.0,"When One Piece Season 2 Arrives on Netflix: Release Date Revealed; #SHOWBIZ: 'BoBoiBoy' No.1 on Netflix Malaysia, Indonesia, Singapore, Vietnam; Netflix Starts Real-Time Voting For Live Shows - And Other Content 10/28/2025; Netflix CTO confirms vertical video experiments ahead, says 'not competing with TikTok'; Netflix’s ‘Boots’ Climbs Charts with Gritty Gay Marine Story; Netflix Negotiates Theatrical Release for Brad Pitt Sequel Film; Netflix Real-Time Voting Brings Interactions to Live Shows, Starting with 'Star Search' Revival; Idli Kadai Movie Now Streaming in Netflix"
2023-01-13,positive,329.9700012207031,332.82000732421875,336.6499938964844,328.8900146484375,8286800.0,New on Netflix in November 2025 — here are the 5 best new shows and movies to stream
2023-01-17,negative,331.0799865722656,326.2200012207031,332.5,323.6000061035156,9247000.0,Netflix reaches settlement with ex-India legal head in gender bias lawsuit
2023-01-17,neutral,331.0799865722656,326.2200012207031,332.5,323.6000061035156,9247000.0,"When One Piece Season 2 Arrives on Netflix: Release Date Revealed; #SHOWBIZ: 'BoBoiBoy' No.1 on Netflix Malaysia, Indonesia, Singapore, Vietnam; Netflix Starts Real-Time Voting For Live Shows - And Other Content 10/28/2025; Netflix CTO confirms vertical video experiments ahead, says 'not competing with TikTok'; Netflix’s ‘Boots’ Climbs Charts with Gritty Gay Marine Story; Netflix Negotiates Theatrical Release for Brad Pitt Sequel Film; Netflix Real-Time Voting Brings Interactions to Live Shows, Starting with 'Star Search' Revival; Idli Kadai Movie Now Streaming in Netflix"
2023-01-17,positive,331.0799865722656,326.2200012207031,332.5,323.6000061035156,9247000.0,New on Netflix in November 2025 — here are the 5 best new shows and movies to stream
2023-01-18,negative,326.75,326.3299865722656,330.0799865722656,321.25,7814100.0,Netflix reaches settlement with ex-India legal head in gender bias lawsuit
2023-01-18,neutral,326.75,326.3299865722656,330.0799865722656,321.25,7814100.0,"See Stranger Things Season 5 before anyone else on Netflix — here's how; When One Piece Season 2 Arrives on Netflix: Release Date Revealed; #SHOWBIZ: 'BoBoiBoy' No.1 on Netflix Malaysia, Indonesia, Singapore, Vietnam; Netflix Starts Real-Time Voting For Live Shows - And Other Content 10/28/2025; Netflix CTO confirms vertical video experiments ahead, says 'not competing with TikTok'; Netflix’s ‘Boots’ Climbs Charts with Gritty Gay Marine Story; Netflix Negotiates Theatrical Release for Brad Pitt Sequel Film; Netflix Real-Time Voting Brings Interactions to Live Shows, Starting with 'Star Search' Revival"
2023-01-18,positive,326.75,326.3299865722656,330.0799865722656,321.25,7814100.0,New on Netflix in November 2025 — here are the 5 best new shows and movies to stream
2023-01-19,negative,322.57000732421875,315.7799987792969,324.8900146484375,313.3900146484375,18008200.0,Netflix reaches settlement with ex-India legal head in gender bias lawsuit
2023-01-19,neutral,322.57000732421875,315.7799987792969,324.8900146484375,313.3900146484375,18008200.0,"See Stranger Things Season 5 before anyone else on Netflix — here's how; When One Piece Season 2 Arrives on Netflix: Release Date Revealed; #SHOWBIZ: 'BoBoiBoy' No.1 on Netflix Malaysia, Indonesia, Singapore, Vietnam; Netflix Starts Real-Time Voting For Live Shows - And Other Content 10/28/2025; Netflix CTO confirms vertical video experiments ahead, says 'not competing with TikTok'; Netflix’s ‘Boots’ Climbs Charts with Gritty Gay Marine Story; Netflix Negotiates Theatrical Release for Brad Pitt Sequel Film; Netflix Real-Time Voting Brings Interactions to Live Shows, Starting with 'Star Search' Revival"
2023-01-19,positive,322.57000732421875,315.7799987792969,324.8900146484375,313.3900146484375,18008200.0,New on Netflix in November 2025 — here are the 5 best new shows and movies to stream
2023-01-20,negative,336.7900085449219,342.5,344.0,332.6300048828125,28430300.0,Netflix reaches settlement with ex-India legal head in gender bias lawsuit
2023-01-20,neutral,336.7900085449219,342.5,344.0,332.6300048828125,28430300.0,"See Stranger Things Season 5 before anyone else on Netflix — here's how; When One Piece Season 2 Arrives on Netflix: Release Date Revealed; #SHOWBIZ: 'BoBoiBoy' No.1 on Netflix Malaysia, Indonesia, Singapore, Vietnam; Netflix Starts Real-Time Voting For Live Shows - And Other Content 10/28/2025; Netflix CTO confirms vertical video experiments ahead, says 'not competing with TikTok'; Netflix’s ‘Boots’ Climbs Charts with Gritty Gay Marine Story; Netflix Negotiates Theatrical Release for Brad Pitt Sequel Film; Netflix Real-Time Voting Brings Interactions to Live Shows, Starting with 'Star Search' Revival"
2023-01-20,positive,336.7900085449219,342.5,344.0,332.6300048828125,28430300.0,New on Netflix in November 2025 — here are the 5 best new shows and movies to stream
2023-01-23,negative,341.7200012207031,357.4200134277344,362.25,340.6300048828125,15646900.0,Netflix reaches settlement with ex-India legal head in gender bias lawsuit
2023-01-23,neutral,341.7200012207031,357.4200134277344,362.25,340.6300048828125,15646900.0,"See Stranger Things Season 5 before anyone else on Netflix — here's how; When One Piece Season 2 Arrives on Netflix: Release Date Revealed; #SHOWBIZ: 'BoBoiBoy' No.1 on Netflix Malaysia, Indonesia, Singapore, Vietnam; Netflix Starts Real-Time Voting For Live Shows - And Other Content 10/28/2025; Netflix CTO confirms vertical video experiments ahead, says 'not competing with TikTok'; Netflix’s ‘Boots’ Climbs Charts with Gritty Gay Marine Story; Netflix Negotiates Theatrical Release for Brad Pitt Sequel Film; Netflix Real-Time Voting Brings Interactions to Live Shows, Starting with 'Star Search' Revival"
2023-01-23,positive,341.7200012207031,357.4200134277344,362.25,340.6300048828125,15646900.0,New on Netflix in November 2025 — here are the 5 best new shows and movies to stream
2023-01-24,negative,357.5299987792969,363.8299865722656,365.6499938964844,355.1400146484375,11796500.0,Netflix reaches settlement with ex-India legal head in gender bias lawsuit
2023-01-24,neutral,357.5299987792969,363.8299865722656,365.6499938964844,355.1400146484375,11796500.0,"When One Piece Season 2 Arrives on Netflix: Release Date Revealed; #SHOWBIZ: 'BoBoiBoy' No.1 on Netflix Malaysia, Indonesia, Singapore, Vietnam; Netflix Starts Real-Time Voting For Live Shows - And Other Content 10/28/2025; Netflix CTO confirms vertical video experiments ahead, says 'not competing with TikTok'; Netflix’s ‘Boots’ Climbs Charts with Gritty Gay Marine Story; Netflix Negotiates Theatrical Release for Brad Pitt Sequel Film; Netflix Real-Time Voting Brings Interactions to Live Shows, Starting with 'Star Search' Revival; Idli Kadai Movie Now Streaming in Netflix"
2023-01-24,positive,357.5299987792969,363.8299865722656,365.6499938964844,355.1400146484375,11796500.0,New on Netflix in November 2025 — here are the 5 best new shows and movies to stream
2023-01-25,negative,360.5700073242188,367.9599914550781,368.8999938964844,358.5,7766900.0,Netflix reaches settlement with ex-India legal head in gender bias lawsuit
2023-01-25,neutral,360.5700073242188,367.9599914550781,368.8999938964844,358.5,7766900.0,"When One Piece Season 2 Arrives on Netflix: Release Date Revealed; #SHOWBIZ: 'BoBoiBoy' No.1 on Netflix Malaysia, Indonesia, Singapore, Vietnam; Netflix Starts Real-Time Voting For Live Shows - And Other Content 10/28/2025; Netflix CTO confirms vertical video experiments ahead, says 'not competing with TikTok'; Netflix’s ‘Boots’ Climbs Charts with Gritty Gay Marine Story; Netflix Negotiates Theatrical Release for Brad Pitt Sequel Film; Netflix Real-Time Voting Brings Interactions to Live Shows, Starting with 'Star Search' Revival; Idli Kadai Movie Now Streaming in Netflix"
2023-01-25,positive,360.5700073242188,367.9599914550781,368.8999938964844,358.5,7766900.0,New on Netflix in November 2025 — here are the 5 best new shows and movies to stream
2023-01-26,negative,368.7699890136719,364.8699951171875,369.0199890136719,361.7000122070313,8256800.0,Netflix reaches settlement with ex-India legal head in gender bias lawsuit
2023-01-26,neutral,368.7699890136719,364.8699951171875,369.0199890136719,361.7000122070313,8256800.0,"When One Piece Season 2 Arrives on Netflix: Release Date Revealed; #SHOWBIZ: 'BoBoiBoy' No.1 on Netflix Malaysia, Indonesia, Singapore, Vietnam; Netflix Starts Real-Time Voting For Live Shows - And Other Content 10/28/2025; Netflix CTO confirms vertical video experiments ahead, says 'not competing with TikTok'; Netflix’s ‘Boots’ Climbs Charts with Gritty Gay Marine Story; Netflix Negotiates Theatrical Release for Brad Pitt Sequel Film; Netflix Real-Time Voting Brings Interactions to Live Shows, Starting with 'Star Search' Revival; Idli Kadai Movie Now Streaming in Netflix"
2023-01-26,positive,368.7699890136719,364.8699951171875,369.0199890136719,361.7000122070313,8256800.0,New on Netflix in November 2025 — here are the 5 best new shows and movies to stream
2023-01-27,negative,363.2000122070313,360.7699890136719,365.9200134277344,360.5899963378906,6703500.0,Netflix reaches settlement with ex-India legal head in gender bias lawsuit
2023-01-27,neutral,363.2000122070313,360.7699890136719,365.9200134277344,360.5899963378906,6703500.0,"See Stranger Things Season 5 before anyone else on Netflix — here's how; When One Piece Season 2 Arrives on Netflix: Release Date Revealed; #SHOWBIZ: 'BoBoiBoy' No.1 on Netflix Malaysia, Indonesia, Singapore, Vietnam; Netflix Starts Real-Time Voting For Live Shows - And Other Content 10/28/2025; Netflix CTO confirms vertical video experiments ahead, says 'not competing with TikTok'; Netflix’s ‘Boots’ Climbs Charts with Gritty Gay Marine Story; Netflix Negotiates Theatrical Release for Brad Pitt Sequel Film; Netflix Real-Time Voting Brings Interactions to Live Shows, Starting with 'Star Search' Revival"
2023-01-27,positive,363.2000122070313,360.7699890136719,365.9200134277344,360.5899963378906,6703500.0,New on Netflix in November 2025 — here are the 5 best new shows and movies to stream
2023-01-30,negative,358.44000244140625,353.1099853515625,360.9500122070313,352.8599853515625,5127600.0,Netflix reaches settlement with ex-India legal head in gender bias lawsuit
2023-01-30,neutral,358.44000244140625,353.1099853515625,360.9500122070313,352.8599853515625,5127600.0,"When One Piece Season 2 Arrives on Netflix: Release Date Revealed; #SHOWBIZ: 'BoBoiBoy' No.1 on Netflix Malaysia, Indonesia, Singapore, Vietnam; Netflix Starts Real-Time Voting For Live Shows - And Other Content 10/28/2025; Netflix CTO confirms vertical video experiments ahead, says 'not competing with TikTok'; Netflix’s ‘Boots’ Climbs Charts with Gritty Gay Marine Story; Netflix Negotiates Theatrical Release for Brad Pitt Sequel Film; Netflix Real-Time Voting Brings Interactions to Live Shows, Starting with 'Star Search' Revival; Idli Kadai Movie Now Streaming in Netflix"
2023-01-30,positive,358.44000244140625,353.1099853515625,360.9500122070313,352.8599853515625,5127600.0,New on Netflix in November 2025 — here are the 5 best new shows and movies to stream
2023-01-31,negative,349.9800109863281,353.8599853515625,355.95001220703125,348.7099914550781,5660700.0,Netflix reaches settlement with ex-India legal head in gender bias lawsuit
2023-01-31,neutral,349.9800109863281,353.8599853515625,355.95001220703125,348.7099914550781,5660700.0,"When One Piece Season 2 Arrives on Netflix: Release Date Revealed; #SHOWBIZ: 'BoBoiBoy' No.1 on Netflix Malaysia, Indonesia, Singapore, Vietnam; Netflix Starts Real-Time Voting For Live Shows - And Other Content 10/28/2025; Netflix CTO confirms vertical video experiments ahead, says 'not competing with TikTok'; Netflix’s ‘Boots’ Climbs Charts with Gritty Gay Marine Story; Netflix Negotiates Theatrical Release for Brad Pitt Sequel Film; Netflix Real-Time Voting Brings Interactions to Live Shows, Starting with 'Star Search' Revival; Idli Kadai Movie Now Streaming in Netflix"
2023-01-31,positive,349.9800109863281,353.8599853515625,355.95001220703125,348.7099914550781,5660700.0,New on Netflix in November 2025 — here are the 5 best new shows and movies to stream
2023-02-01,negative,353.8599853515625,361.989990234375,365.3900146484375,349.9100036621094,8005200.0,Netflix reaches settlement with ex-India legal head in gender bias lawsuit
2023-02-01,neutral,353.8599853515625,361.989990234375,365.3900146484375,349.9100036621094,8005200.0,"See Stranger Things Season 5 before anyone else on Netflix — here's how; When One Piece Season 2 Arrives on Netflix: Release Date Revealed; #SHOWBIZ: 'BoBoiBoy' No.1 on Netflix Malaysia, Indonesia, Singapore, Vietnam; Netflix Starts Real-Time Voting For Live Shows - And Other Content 10/28/2025; Netflix CTO confirms vertical video experiments ahead, says 'not competing with TikTok'; Netflix’s ‘Boots’ Climbs Charts with Gritty Gay Marine Story; Netflix Negotiates Theatrical Release for Brad Pitt Sequel Film; Netflix Real-Time Voting Brings Interactions to Live Shows, Starting with 'Star Search' Revival"
2023-02-01,positive,353.8599853515625,361.989990234375,365.3900146484375,349.9100036621094,8005200.0,New on Netflix in November 2025 — here are the 5 best new shows and movies to stream
2023-02-02,negative,365.1600036621094,366.8900146484375,368.3200073242188,358.42999267578125,7857000.0,Netflix’s Costly Fantasy Series Returns with Major Change in Just 3 Days; Netflix reaches settlement with ex-India legal head in gender bias lawsuit
2023-02-02,neutral,365.1600036621094,366.8900146484375,368.3200073242188,358.42999267578125,7857000.0,"See Stranger Things Season 5 before anyone else on Netflix — here's how; When One Piece Season 2 Arrives on Netflix: Release Date Revealed; #SHOWBIZ: 'BoBoiBoy' No.1 on Netflix Malaysia, Indonesia, Singapore, Vietnam; Netflix Starts Real-Time Voting For Live Shows - And Other Content 10/28/2025; Netflix CTO confirms vertical video experiments ahead, says 'not competing with TikTok'; Netflix’s ‘Boots’ Climbs Charts with Gritty Gay Marine Story"
2023-02-02,positive,365.1600036621094,366.8900146484375,368.3200073242188,358.42999267578125,7857000.0,‘Intense’ Danish thriller shoots up Netflix top 10; New on Netflix in November 2025 — here are the 5 best new shows and movies to stream
2023-02-03,negative,359.0799865722656,365.8999938964844,379.4299926757813,359.0,9402000.0,Netflix’s Costly Fantasy Series Returns with Major Change in Just 3 Days; Netflix reaches settlement with ex-India legal head in gender bias lawsuit
2023-02-03,neutral,359.0799865722656,365.8999938964844,379.4299926757813,359.0,9402000.0,"See Stranger Things Season 5 before anyone else on Netflix — here's how; When One Piece Season 2 Arrives on Netflix: Release Date Revealed; #SHOWBIZ: 'BoBoiBoy' No.1 on Netflix Malaysia, Indonesia, Singapore, Vietnam; Netflix Starts Real-Time Voting For Live Shows - And Other Content 10/28/2025; Netflix CTO confirms vertical video experiments ahead, says 'not competing with TikTok'; Netflix’s ‘Boots’ Climbs Charts with Gritty Gay Marine Story"
2023-02-03,positive,359.0799865722656,365.8999938964844,379.4299926757813,359.0,9402000.0,‘Intense’ Danish thriller shoots up Netflix top 10; New on Netflix in November 2025 — here are the 5 best new shows and movies to stream
2023-02-06,negative,363.6400146484375,361.4800109863281,368.4500122070313,360.6799926757813,4994900.0,Netflix’s Costly Fantasy Series Returns with Major Change in Just 3 Days; Netflix reaches settlement with ex-India legal head in gender bias lawsuit
2023-02-06,neutral,363.6400146484375,361.4800109863281,368.4500122070313,360.6799926757813,4994900.0,"See Stranger Things Season 5 before anyone else on Netflix — here's how; When One Piece Season 2 Arrives on Netflix: Release Date Revealed; #SHOWBIZ: 'BoBoiBoy' No.1 on Netflix Malaysia, Indonesia, Singapore, Vietnam; Netflix Starts Real-Time Voting For Live Shows - And Other Content 10/28/2025; Netflix CTO confirms vertical video experiments ahead, says 'not competing with TikTok'; Netflix’s ‘Boots’ Climbs Charts with Gritty Gay Marine Story"
2023-02-06,positive,363.6400146484375,361.4800109863281,368.4500122070313,360.6799926757813,4994900.0,‘Intense’ Danish thriller shoots up Netflix top 10; New on Netflix in November 2025 — here are the 5 best new shows and movies to stream
2023-02-07,negative,358.510009765625,362.9500122070313,364.1799926757813,354.17999267578125,6289400.0,Netflix’s Costly Fantasy Series Returns with Major Change in Just 3 Days; Netflix reaches settlement with ex-India legal head in gender bias lawsuit
2023-02-07,neutral,358.510009765625,362.9500122070313,364.1799926757813,354.17999267578125,6289400.0,"See Stranger Things Season 5 before anyone else on Netflix — here's how; When One Piece Season 2 Arrives on Netflix: Release Date Revealed; #SHOWBIZ: 'BoBoiBoy' No.1 on Netflix Malaysia, Indonesia, Singapore, Vietnam; Netflix Starts Real-Time Voting For Live Shows - And Other Content 10/28/2025; Netflix CTO confirms vertical video experiments ahead, says 'not competing with TikTok'; Netflix’s ‘Boots’ Climbs Charts with Gritty Gay Marine Story"
2023-02-07,positive,358.510009765625,362.9500122070313,364.1799926757813,354.17999267578125,6289400.0,‘Intense’ Danish thriller shoots up Netflix top 10; New on Netflix in November 2025 — here are the 5 best new shows and movies to stream
2023-02-08,negative,360.0199890136719,366.8299865722656,368.1900024414063,358.3099975585937,6253200.0,Netflix’s Costly Fantasy Series Returns with Major Change in Just 3 Days; Netflix reaches settlement with ex-India legal head in gender bias lawsuit
2023-02-08,neutral,360.0199890136719,366.8299865722656,368.1900024414063,358.3099975585937,6253200.0,"See Stranger Things Season 5 before anyone else on Netflix — here's how; When One Piece Season 2 Arrives on Netflix: Release Date Revealed; #SHOWBIZ: 'BoBoiBoy' No.1 on Netflix Malaysia, Indonesia, Singapore, Vietnam; Netflix Starts Real-Time Voting For Live Shows - And Other Content 10/28/2025; Netflix CTO confirms vertical video experiments ahead, says 'not competing with TikTok'; Netflix’s ‘Boots’ Climbs Charts with Gritty Gay Marine Story"
2023-02-08,positive,360.0199890136719,366.8299865722656,368.1900024414063,358.3099975585937,6253200.0,‘Intense’ Danish thriller shoots up Netflix top 10; New on Netflix in November 2025 — here are the 5 best new shows and movies to stream
2023-02-09,negative,372.4100036621094,362.5,373.8299865722656,361.739990234375,6901100.0,Netflix’s Costly Fantasy Series Returns with Major Change in Just 3 Days; Netflix reaches settlement with ex-India legal head in gender bias lawsuit
2023-02-09,neutral,372.4100036621094,362.5,373.8299865722656,361.739990234375,6901100.0,"See Stranger Things Season 5 before anyone else on Netflix — here's how; When One Piece Season 2 Arrives on Netflix: Release Date Revealed; #SHOWBIZ: 'BoBoiBoy' No.1 on Netflix Malaysia, Indonesia, Singapore, Vietnam; Netflix Starts Real-Time Voting For Live Shows - And Other Content 10/28/2025; Netflix CTO confirms vertical video experiments ahead, says 'not competing with TikTok'; Netflix’s ‘Boots’ Climbs Charts with Gritty Gay Marine Story"
2023-02-09,positive,372.4100036621094,362.5,373.8299865722656,361.739990234375,6901100.0,‘Intense’ Danish thriller shoots up Netflix top 10; New on Netflix in November 2025 — here are the 5 best new shows and movies to stream
2023-02-10,negative,359.1600036621094,347.3599853515625,362.1400146484375,347.1400146484375,7291100.0,Netflix’s Costly Fantasy Series Returns with Major Change in Just 3 Days; Netflix reaches settlement with ex-India legal head in gender bias lawsuit
2023-02-10,neutral,359.1600036621094,347.3599853515625,362.1400146484375,347.1400146484375,7291100.0,"See Stranger Things Season 5 before anyone else on Netflix — here's how; When One Piece Season 2 Arrives on Netflix: Release Date Revealed; #SHOWBIZ: 'BoBoiBoy' No.1 on Netflix Malaysia, Indonesia, Singapore, Vietnam; Netflix Starts Real-Time Voting For Live Shows - And Other Content 10/28/2025; Netflix CTO confirms vertical video experiments ahead, says 'not competing with TikTok'; Netflix’s ‘Boots’ Climbs Charts with Gritty Gay Marine Story"
2023-02-10,positive,359.1600036621094,347.3599853515625,362.1400146484375,347.1400146484375,7291100.0,‘Intense’ Danish thriller shoots up Netflix top 10; New on Netflix in November 2025 — here are the 5 best new shows and movies to stream
2023-02-13,negative,349.5,358.57000732421875,359.70001220703125,344.25,7134400.0,Netflix’s Costly Fantasy Series Returns with Major Change in Just 3 Days; Netflix reaches settlement with ex-India legal head in gender bias lawsuit
2023-02-13,neutral,349.5,358.57000732421875,359.70001220703125,344.25,7134400.0,"See Stranger Things Season 5 before anyone else on Netflix — here's how; When One Piece Season 2 Arrives on Netflix: Release Date Revealed; #SHOWBIZ: 'BoBoiBoy' No.1 on Netflix Malaysia, Indonesia, Singapore, Vietnam; Netflix Starts Real-Time Voting For Live Shows - And Other Content 10/28/2025; Netflix CTO confirms vertical video experiments ahead, says 'not competing with TikTok'; Netflix’s ‘Boots’ Climbs Charts with Gritty Gay Marine Story"
2023-02-13,positive,349.5,358.57000732421875,359.70001220703125,344.25,7134400.0,‘Intense’ Danish thriller shoots up Netflix top 10; New on Netflix in November 2025 — here are the 5 best new shows and movies to stream
2023-02-14,negative,357.54998779296875,359.9599914550781,363.75,353.3999938964844,4624800.0,Netflix’s Costly Fantasy Series Returns with Major Change in Just 3 Days; Netflix reaches settlement with ex-India legal head in gender bias lawsuit
2023-02-14,neutral,357.54998779296875,359.9599914550781,363.75,353.3999938964844,4624800.0,"See Stranger Things Season 5 before anyone else on Netflix — here's how; When One Piece Season 2 Arrives on Netflix: Release Date Revealed; #SHOWBIZ: 'BoBoiBoy' No.1 on Netflix Malaysia, Indonesia, Singapore, Vietnam; Netflix Starts Real-Time Voting For Live Shows - And Other Content 10/28/2025; Netflix CTO confirms vertical video experiments ahead, says 'not competing with TikTok'; Netflix’s ‘Boots’ Climbs Charts with Gritty Gay Marine Story"
2023-02-14,positive,357.54998779296875,359.9599914550781,363.75,353.3999938964844,4624800.0,‘Intense’ Danish thriller shoots up Netflix top 10; New on Netflix in November 2025 — here are the 5 best new shows and movies to stream
2023-02-15,negative,356.6300048828125,361.4200134277344,362.8800048828125,354.239990234375,3966000.0,Netflix’s Costly Fantasy Series Returns with Major Change in Just 3 Days; Netflix reaches settlement with ex-India legal head in gender bias lawsuit
2023-02-15,neutral,356.6300048828125,361.4200134277344,362.8800048828125,354.239990234375,3966000.0,"See Stranger Things Season 5 before anyone else on Netflix — here's how; When One Piece Season 2 Arrives on Netflix: Release Date Revealed; #SHOWBIZ: 'BoBoiBoy' No.1 on Netflix Malaysia, Indonesia, Singapore, Vietnam; Netflix Starts Real-Time Voting For Live Shows - And Other Content 10/28/2025; Netflix CTO confirms vertical video experiments ahead, says 'not competing with TikTok'; Netflix’s ‘Boots’ Climbs Charts with Gritty Gay Marine Story"
2023-02-15,positive,356.6300048828125,361.4200134277344,362.8800048828125,354.239990234375,3966000.0,‘Intense’ Danish thriller shoots up Netflix top 10; New on Netflix in November 2025 — here are the 5 best new shows and movies to stream
2023-02-16,negative,355.0,350.7099914550781,361.5,350.3099975585937,5215700.0,Netflix’s Costly Fantasy Series Returns with Major Change in Just 3 Days; Netflix reaches settlement with ex-India legal head in gender bias lawsuit
2023-02-16,neutral,355.0,350.7099914550781,361.5,350.3099975585937,5215700.0,"See Stranger Things Season 5 before anyone else on Netflix — here's how; When One Piece Season 2 Arrives on Netflix: Release Date Revealed; #SHOWBIZ: 'BoBoiBoy' No.1 on Netflix Malaysia, Indonesia, Singapore, Vietnam; Netflix Starts Real-Time Voting For Live Shows - And Other Content 10/28/2025; Netflix CTO confirms vertical video experiments ahead, says 'not competing with TikTok'; Netflix’s ‘Boots’ Climbs Charts with Gritty Gay Marine Story"
2023-02-16,positive,355.0,350.7099914550781,361.5,350.3099975585937,5215700.0,‘Intense’ Danish thriller shoots up Netflix top 10; New on Netflix in November 2025 — here are the 5 best new shows and movies to stream
2023-02-17,negative,347.9100036621094,347.9599914550781,349.0,342.44000244140625,5294700.0,Netflix’s Costly Fantasy Series Returns with Major Change in Just 3 Days; Netflix reaches settlement with ex-India legal head in gender bias lawsuit
2023-02-17,neutral,347.9100036621094,347.9599914550781,349.0,342.44000244140625,5294700.0,"See Stranger Things Season 5 before anyone else on Netflix — here's how; When One Piece Season 2 Arrives on Netflix: Release Date Revealed; #SHOWBIZ: 'BoBoiBoy' No.1 on Netflix Malaysia, Indonesia, Singapore, Vietnam; Netflix Starts Real-Time Voting For Live Shows - And Other Content 10/28/2025; Netflix CTO confirms vertical video experiments ahead, says 'not competing with TikTok'; Netflix’s ‘Boots’ Climbs Charts with Gritty Gay Marine Story"
2023-02-17,positive,347.9100036621094,347.9599914550781,349.0,342.44000244140625,5294700.0,‘Intense’ Danish thriller shoots up Netflix top 10; New on Netflix in November 2025 — here are the 5 best new shows and movies to stream
2023-02-21,negative,342.8500061035156,337.5,344.1300048828125,336.4200134277344,5710300.0,Netflix’s Costly Fantasy Series Returns with Major Change in Just 3 Days; Netflix reaches settlement with ex-India legal head in gender bias lawsuit
2023-02-21,neutral,342.8500061035156,337.5,344.1300048828125,336.4200134277344,5710300.0,"See Stranger Things Season 5 before anyone else on Netflix — here's how; When One Piece Season 2 Arrives on Netflix: Release Date Revealed; #SHOWBIZ: 'BoBoiBoy' No.1 on Netflix Malaysia, Indonesia, Singapore, Vietnam; Netflix Starts Real-Time Voting For Live Shows - And Other Content 10/28/2025; Netflix CTO confirms vertical video experiments ahead, says 'not competing with TikTok'; Netflix’s ‘Boots’ Climbs Charts with Gritty Gay Marine Story"
2023-02-21,positive,342.8500061035156,337.5,344.1300048828125,336.4200134277344,5710300.0,‘Intense’ Danish thriller shoots up Netflix top 10; New on Netflix in November 2025 — here are the 5 best new shows and movies to stream
2023-02-22,negative,337.5,334.8800048828125,341.9100036621094,332.82000732421875,4546200.0,Netflix’s Costly Fantasy Series Returns with Major Change in Just 3 Days; Netflix reaches settlement with ex-India legal head in gender bias lawsuit
2023-02-22,neutral,337.5,334.8800048828125,341.9100036621094,332.82000732421875,4546200.0,"See Stranger Things Season 5 before anyone else on Netflix — here's how; When One Piece Season 2 Arrives on Netflix: Release Date Revealed; #SHOWBIZ: 'BoBoiBoy' No.1 on Netflix Malaysia, Indonesia, Singapore, Vietnam; Netflix Starts Real-Time Voting For Live Shows - And Other Content 10/28/2025; Netflix CTO confirms vertical video experiments ahead, says 'not competing with TikTok'; Netflix’s ‘Boots’ Climbs Charts with Gritty Gay Marine Story"
2023-02-22,positive,337.5,334.8800048828125,341.9100036621094,332.82000732421875,4546200.0,‘Intense’ Danish thriller shoots up Netflix top 10; New on Netflix in November 2025 — here are the 5 best new shows and movies to stream
2023-02-23,negative,331.2300109863281,323.6499938964844,331.2799987792969,314.29998779296875,13238700.0,Netflix’s Costly Fantasy Series Returns with Major Change in Just 3 Days; Netflix reaches settlement with ex-India legal head in gender bias lawsuit
2023-02-23,neutral,331.2300109863281,323.6499938964844,331.2799987792969,314.29998779296875,13238700.0,"See Stranger Things Season 5 before anyone else on Netflix — here's how; When One Piece Season 2 Arrives on Netflix: Release Date Revealed; #SHOWBIZ: 'BoBoiBoy' No.1 on Netflix Malaysia, Indonesia, Singapore, Vietnam; Netflix Starts Real-Time Voting For Live Shows - And Other Content 10/28/2025; Netflix CTO confirms vertical video experiments ahead, says 'not competing with TikTok'; Netflix’s ‘Boots’ Climbs Charts with Gritty Gay Marine Story"
2023-02-23,positive,331.2300109863281,323.6499938964844,331.2799987792969,314.29998779296875,13238700.0,‘Intense’ Danish thriller shoots up Netflix top 10; New on Netflix in November 2025 — here are the 5 best new shows and movies to stream
2023-02-24,negative,319.29998779296875,317.1499938964844,321.5,314.5199890136719,6830700.0,Netflix’s Costly Fantasy Series Returns with Major Change in Just 3 Days; Netflix reaches settlement with ex-India legal head in gender bias lawsuit
2023-02-24,neutral,319.29998779296875,317.1499938964844,321.5,314.5199890136719,6830700.0,"See Stranger Things Season 5 before anyone else on Netflix — here's how; When One Piece Season 2 Arrives on Netflix: Release Date Revealed; #SHOWBIZ: 'BoBoiBoy' No.1 on Netflix Malaysia, Indonesia, Singapore, Vietnam; Netflix Starts Real-Time Voting For Live Shows - And Other Content 10/28/2025; Netflix CTO confirms vertical video experiments ahead, says 'not competing with TikTok'; Netflix’s ‘Boots’ Climbs Charts with Gritty Gay Marine Story"
2023-02-24,positive,319.29998779296875,317.1499938964844,321.5,314.5199890136719,6830700.0,‘Intense’ Danish thriller shoots up Netflix top 10; New on Netflix in November 2025 — here are the 5 best new shows and movies to stream
2023-02-27,negative,323.8699951171875,323.0299987792969,330.0,322.1199951171875,6142600.0,Netflix’s Costly Fantasy Series Returns with Major Change in Just 3 Days; Netflix reaches settlement with ex-India legal head in gender bias lawsuit
2023-02-27,neutral,323.8699951171875,323.0299987792969,330.0,322.1199951171875,6142600.0,"See Stranger Things Season 5 before anyone else on Netflix — here's how; When One Piece Season 2 Arrives on Netflix: Release Date Revealed; #SHOWBIZ: 'BoBoiBoy' No.1 on Netflix Malaysia, Indonesia, Singapore, Vietnam; Netflix Starts Real-Time Voting For Live Shows - And Other Content 10/28/2025; Netflix CTO confirms vertical video experiments ahead, says 'not competing with TikTok'; Netflix’s ‘Boots’ Climbs Charts with Gritty Gay Marine Story"
2023-02-27,positive,323.8699951171875,323.0299987792969,330.0,322.1199951171875,6142600.0,‘Intense’ Danish thriller shoots up Netflix top 10; New on Netflix in November 2025 — here are the 5 best new shows and movies to stream
2023-02-28,negative,323.70001220703125,322.1300048828125,327.6199951171875,321.1700134277344,3676100.0,Netflix’s Costly Fantasy Series Returns with Major Change in Just 3 Days; Netflix reaches settlement with ex-India legal head in gender bias lawsuit
2023-02-28,neutral,323.70001220703125,322.1300048828125,327.6199951171875,321.1700134277344,3676100.0,"See Stranger Things Season 5 before anyone else on Netflix — here's how; When One Piece Season 2 Arrives on Netflix: Release Date Revealed; #SHOWBIZ: 'BoBoiBoy' No.1 on Netflix Malaysia, Indonesia, Singapore, Vietnam; Netflix Starts Real-Time Voting For Live Shows - And Other Content 10/28/2025; Netflix CTO confirms vertical video experiments ahead, says 'not competing with TikTok'; Netflix’s ‘Boots’ Climbs Charts with Gritty Gay Marine Story"
2023-02-28,positive,323.70001220703125,322.1300048828125,327.6199951171875,321.1700134277344,3676100.0,‘Intense’ Danish thriller shoots up Netflix top 10; New on Netflix in November 2025 — here are the 5 best new shows and movies to stream
2023-03-01,negative,321.54998779296875,313.4800109863281,326.6000061035156,312.3599853515625,4911300.0,Netflix’s Costly Fantasy Series Returns with Major Change in Just 3 Days; Netflix reaches settlement with ex-India legal head in gender bias lawsuit
2023-03-01,neutral,321.54998779296875,313.4800109863281,326.6000061035156,312.3599853515625,4911300.0,"See Stranger Things Season 5 before anyone else on Netflix — here's how; When One Piece Season 2 Arrives on Netflix: Release Date Revealed; #SHOWBIZ: 'BoBoiBoy' No.1 on Netflix Malaysia, Indonesia, Singapore, Vietnam; Netflix Starts Real-Time Voting For Live Shows - And Other Content 10/28/2025; Netflix CTO confirms vertical video experiments ahead, says 'not competing with TikTok'; Netflix’s ‘Boots’ Climbs Charts with Gritty Gay Marine Story"
2023-03-01,positive,321.54998779296875,313.4800109863281,326.6000061035156,312.3599853515625,4911300.0,‘Intense’ Danish thriller shoots up Netflix top 10; New on Netflix in November 2025 — here are the 5 best new shows and movies to stream
2023-03-02,negative,310.9599914550781,311.8800048828125,315.57000732421875,310.3800048828125,4911000.0,Netflix’s Costly Fantasy Series Returns with Major Change in Just 3 Days; Netflix reaches settlement with ex-India legal head in gender bias lawsuit
2023-03-02,neutral,310.9599914550781,311.8800048828125,315.57000732421875,310.3800048828125,4911000.0,"See Stranger Things Season 5 before anyone else on Netflix — here's how; When One Piece Season 2 Arrives on Netflix: Release Date Revealed; #SHOWBIZ: 'BoBoiBoy' No.1 on Netflix Malaysia, Indonesia, Singapore, Vietnam; Netflix Starts Real-Time Voting For Live Shows - And Other Content 10/28/2025; Netflix CTO confirms vertical video experiments ahead, says 'not competing with TikTok'; Netflix’s ‘Boots’ Climbs Charts with Gritty Gay Marine Story"
2023-03-02,positive,310.9599914550781,311.8800048828125,315.57000732421875,310.3800048828125,4911000.0,‘Intense’ Danish thriller shoots up Netflix top 10; New on Netflix in November 2025 — here are the 5 best new shows and movies to stream
2023-03-03,negative,315.45001220703125,315.17999267578125,317.489990234375,310.82000732421875,5953300.0,Netflix’s Costly Fantasy Series Returns with Major Change in Just 3 Days; Netflix reaches settlement with ex-India legal head in gender bias lawsuit
2023-03-03,neutral,315.45001220703125,315.17999267578125,317.489990234375,310.82000732421875,5953300.0,"See Stranger Things Season 5 before anyone else on Netflix — here's how; When One Piece Season 2 Arrives on Netflix: Release Date Revealed; #SHOWBIZ: 'BoBoiBoy' No.1 on Netflix Malaysia, Indonesia, Singapore, Vietnam; Netflix Starts Real-Time Voting For Live Shows - And Other Content 10/28/2025; Netflix CTO confirms vertical video experiments ahead, says 'not competing with TikTok'; Netflix’s ‘Boots’ Climbs Charts with Gritty Gay Marine Story"
2023-03-03,positive,315.45001220703125,315.17999267578125,317.489990234375,310.82000732421875,5953300.0,‘Intense’ Danish thriller shoots up Netflix top 10; New on Netflix in November 2025 — here are the 5 best new shows and movies to stream
2023-03-06,negative,317.0,312.0299987792969,323.29998779296875,311.8399963378906,5660700.0,Netflix’s Costly Fantasy Series Returns with Major Change in Just 3 Days; Netflix reaches settlement with ex-India legal head in gender bias lawsuit
2023-03-06,neutral,317.0,312.0299987792969,323.29998779296875,311.8399963378906,5660700.0,"See Stranger Things Season 5 before anyone else on Netflix — here's how; When One Piece Season 2 Arrives on Netflix: Release Date Revealed; #SHOWBIZ: 'BoBoiBoy' No.1 on Netflix Malaysia, Indonesia, Singapore, Vietnam; Netflix Starts Real-Time Voting For Live Shows - And Other Content 10/28/2025; Netflix CTO confirms vertical video experiments ahead, says 'not competing with TikTok'; Netflix’s ‘Boots’ Climbs Charts with Gritty Gay Marine Story"
2023-03-06,positive,317.0,312.0299987792969,323.29998779296875,311.8399963378906,5660700.0,‘Intense’ Danish thriller shoots up Netflix top 10; New on Netflix in November 2025 — here are the 5 best new shows and movies to stream
2023-03-07,negative,312.67999267578125,308.4700012207031,314.29998779296875,306.6199951171875,4553100.0,Netflix’s Costly Fantasy Series Returns with Major Change in Just 3 Days; Netflix reaches settlement with ex-India legal head in gender bias lawsuit
2023-03-07,neutral,312.67999267578125,308.4700012207031,314.29998779296875,306.6199951171875,4553100.0,"See Stranger Things Season 5 before anyone else on Netflix — here's how; When One Piece Season 2 Arrives on Netflix: Release Date Revealed; #SHOWBIZ: 'BoBoiBoy' No.1 on Netflix Malaysia, Indonesia, Singapore, Vietnam; Netflix Starts Real-Time Voting For Live Shows - And Other Content 10/28/2025; Netflix CTO confirms vertical video experiments ahead, says 'not competing with TikTok'; Netflix’s ‘Boots’ Climbs Charts with Gritty Gay Marine Story"
2023-03-07,positive,312.67999267578125,308.4700012207031,314.29998779296875,306.6199951171875,4553100.0,‘Intense’ Danish thriller shoots up Netflix top 10; New on Netflix in November 2025 — here are the 5 best new shows and movies to stream
2023-03-08,negative,309.2900085449219,311.7900085449219,311.8299865722656,305.75,3479500.0,Netflix’s Costly Fantasy Series Returns with Major Change in Just 3 Days; Netflix reaches settlement with ex-India legal head in gender bias lawsuit
2023-03-08,neutral,309.2900085449219,311.7900085449219,311.8299865722656,305.75,3479500.0,"See Stranger Things Season 5 before anyone else on Netflix — here's how; When One Piece Season 2 Arrives on Netflix: Release Date Revealed; #SHOWBIZ: 'BoBoiBoy' No.1 on Netflix Malaysia, Indonesia, Singapore, Vietnam; Netflix Starts Real-Time Voting For Live Shows - And Other Content 10/28/2025; Netflix CTO confirms vertical video experiments ahead, says 'not competing with TikTok'; Netflix’s ‘Boots’ Climbs Charts with Gritty Gay Marine Story"
2023-03-08,positive,309.2900085449219,311.7900085449219,311.8299865722656,305.75,3479500.0,‘Intense’ Danish thriller shoots up Netflix top 10; New on Netflix in November 2025 — here are the 5 best new shows and movies to stream
2023-03-09,negative,312.0799865722656,297.7799987792969,312.510009765625,294.8800048828125,7443400.0,Netflix’s Costly Fantasy Series Returns with Major Change in Just 3 Days; Netflix reaches settlement with ex-India legal head in gender bias lawsuit
2023-03-09,neutral,312.0799865722656,297.7799987792969,312.510009765625,294.8800048828125,7443400.0,"See Stranger Things Season 5 before anyone else on Netflix — here's how; When One Piece Season 2 Arrives on Netflix: Release Date Revealed; #SHOWBIZ: 'BoBoiBoy' No.1 on Netflix Malaysia, Indonesia, Singapore, Vietnam; Netflix Starts Real-Time Voting For Live Shows - And Other Content 10/28/2025; Netflix CTO confirms vertical video experiments ahead, says 'not competing with TikTok'; Netflix’s ‘Boots’ Climbs Charts with Gritty Gay Marine Story"
2023-03-09,positive,312.0799865722656,297.7799987792969,312.510009765625,294.8800048828125,7443400.0,‘Intense’ Danish thriller shoots up Netflix top 10; New on Netflix in November 2025 — here are the 5 best new shows and movies to stream
2023-03-10,negative,297.8999938964844,292.760009765625,298.7900085449219,289.0,5759300.0,Netflix’s Costly Fantasy Series Returns with Major Change in Just 3 Days; Netflix reaches settlement with ex-India legal head in gender bias lawsuit
2023-03-10,neutral,297.8999938964844,292.760009765625,298.7900085449219,289.0,5759300.0,"See Stranger Things Season 5 before anyone else on Netflix — here's how; When One Piece Season 2 Arrives on Netflix: Release Date Revealed; #SHOWBIZ: 'BoBoiBoy' No.1 on Netflix Malaysia, Indonesia, Singapore, Vietnam; Netflix Starts Real-Time Voting For Live Shows - And Other Content 10/28/2025; Netflix CTO confirms vertical video experiments ahead, says 'not competing with TikTok'; Netflix’s ‘Boots’ Climbs Charts with Gritty Gay Marine Story"
2023-03-10,positive,297.8999938964844,292.760009765625,298.7900085449219,289.0,5759300.0,‘Intense’ Danish thriller shoots up Netflix top 10; New on Netflix in November 2025 — here are the 5 best new shows and movies to stream
2023-03-13,negative,287.3399963378906,293.510009765625,299.239990234375,285.3299865722656,6292400.0,Netflix’s Costly Fantasy Series Returns with Major Change in Just 3 Days; Netflix reaches settlement with ex-India legal head in gender bias lawsuit
2023-03-13,neutral,287.3399963378906,293.510009765625,299.239990234375,285.3299865722656,6292400.0,"See Stranger Things Season 5 before anyone else on Netflix — here's how; When One Piece Season 2 Arrives on Netflix: Release Date Revealed; #SHOWBIZ: 'BoBoiBoy' No.1 on Netflix Malaysia, Indonesia, Singapore, Vietnam; Netflix Starts Real-Time Voting For Live Shows - And Other Content 10/28/2025; Netflix CTO confirms vertical video experiments ahead, says 'not competing with TikTok'; Netflix’s ‘Boots’ Climbs Charts with Gritty Gay Marine Story"
2023-03-13,positive,287.3399963378906,293.510009765625,299.239990234375,285.3299865722656,6292400.0,‘Intense’ Danish thriller shoots up Netflix top 10; New on Netflix in November 2025 — here are the 5 best new shows and movies to stream
2023-03-14,negative,295.9700012207031,294.94000244140625,297.45001220703125,290.3099975585937,5956700.0,Netflix’s Costly Fantasy Series Returns with Major Change in Just 3 Days; Netflix reaches settlement with ex-India legal head in gender bias lawsuit
2023-03-14,neutral,295.9700012207031,294.94000244140625,297.45001220703125,290.3099975585937,5956700.0,"See Stranger Things Season 5 before anyone else on Netflix — here's how; When One Piece Season 2 Arrives on Netflix: Release Date Revealed; #SHOWBIZ: 'BoBoiBoy' No.1 on Netflix Malaysia, Indonesia, Singapore, Vietnam; Netflix Starts Real-Time Voting For Live Shows - And Other Content 10/28/2025; Netflix CTO confirms vertical video experiments ahead, says 'not competing with TikTok'; Netflix’s ‘Boots’ Climbs Charts with Gritty Gay Marine Story"
2023-03-14,positive,295.9700012207031,294.94000244140625,297.45001220703125,290.3099975585937,5956700.0,‘Intense’ Danish thriller shoots up Netflix top 10; New on Netflix in November 2025 — here are the 5 best new shows and movies to stream
2023-03-15,negative,292.510009765625,303.7900085449219,306.3099975585937,292.2799987792969,9215300.0,Netflix’s Costly Fantasy Series Returns with Major Change in Just 3 Days; Netflix reaches settlement with ex-India legal head in gender bias lawsuit
2023-03-15,neutral,292.510009765625,303.7900085449219,306.3099975585937,292.2799987792969,9215300.0,"See Stranger Things Season 5 before anyone else on Netflix — here's how; When One Piece Season 2 Arrives on Netflix: Release Date Revealed; #SHOWBIZ: 'BoBoiBoy' No.1 on Netflix Malaysia, Indonesia, Singapore, Vietnam; Netflix Starts Real-Time Voting For Live Shows - And Other Content 10/28/2025; Netflix CTO confirms vertical video experiments ahead, says 'not competing with TikTok'; Netflix’s ‘Boots’ Climbs Charts with Gritty Gay Marine Story"
2023-03-15,positive,292.510009765625,303.7900085449219,306.3099975585937,292.2799987792969,9215300.0,‘Intense’ Danish thriller shoots up Netflix top 10; New on Netflix in November 2025 — here are the 5 best new shows and movies to stream
2023-03-16,negative,304.75,310.0599975585937,316.6000061035156,301.7099914550781,7903700.0,Netflix’s Costly Fantasy Series Returns with Major Change in Just 3 Days; Netflix reaches settlement with ex-India legal head in gender bias lawsuit
2023-03-16,neutral,304.75,310.0599975585937,316.6000061035156,301.7099914550781,7903700.0,"See Stranger Things Season 5 before anyone else on Netflix — here's how; When One Piece Season 2 Arrives on Netflix: Release Date Revealed; #SHOWBIZ: 'BoBoiBoy' No.1 on Netflix Malaysia, Indonesia, Singapore, Vietnam; Netflix Starts Real-Time Voting For Live Shows - And Other Content 10/28/2025; Netflix CTO confirms vertical video experiments ahead, says 'not competing with TikTok'; Netflix’s ‘Boots’ Climbs Charts with Gritty Gay Marine Story"
2023-03-16,positive,304.75,310.0599975585937,316.6000061035156,301.7099914550781,7903700.0,‘Intense’ Danish thriller shoots up Netflix top 10; New on Netflix in November 2025 — here are the 5 best new shows and movies to stream
2023-03-17,negative,310.0599975585937,303.5,310.760009765625,300.0,6918800.0,Netflix’s Costly Fantasy Series Returns with Major Change in Just 3 Days; Netflix reaches settlement with ex-India legal head in gender bias lawsuit
2023-03-17,neutral,310.0599975585937,303.5,310.760009765625,300.0,6918800.0,"See Stranger Things Season 5 before anyone else on Netflix — here's how; When One Piece Season 2 Arrives on Netflix: Release Date Revealed; #SHOWBIZ: 'BoBoiBoy' No.1 on Netflix Malaysia, Indonesia, Singapore, Vietnam; Netflix Starts Real-Time Voting For Live Shows - And Other Content 10/28/2025; Netflix CTO confirms vertical video experiments ahead, says 'not competing with TikTok'; Netflix’s ‘Boots’ Climbs Charts with Gritty Gay Marine Story"
2023-03-17,positive,310.0599975585937,303.5,310.760009765625,300.0,6918800.0,‘Intense’ Danish thriller shoots up Netflix top 10; New on Netflix in November 2025 — here are the 5 best new shows and movies to stream
2023-03-20,negative,299.7900085449219,305.1300048828125,307.5,296.0,5113400.0,Netflix’s Costly Fantasy Series Returns with Major Change in Just 3 Days; Netflix reaches settlement with ex-India legal head in gender bias lawsuit
2023-03-20,neutral,299.7900085449219,305.1300048828125,307.5,296.0,5113400.0,"See Stranger Things Season 5 before anyone else on Netflix — here's how; When One Piece Season 2 Arrives on Netflix: Release Date Revealed; #SHOWBIZ: 'BoBoiBoy' No.1 on Netflix Malaysia, Indonesia, Singapore, Vietnam; Netflix Starts Real-Time Voting For Live Shows - And Other Content 10/28/2025; Netflix CTO confirms vertical video experiments ahead, says 'not competing with TikTok'; Netflix’s ‘Boots’ Climbs Charts with Gritty Gay Marine Story"
2023-03-20,positive,299.7900085449219,305.1300048828125,307.5,296.0,5113400.0,New on Netflix in November 2025 — here are the 5 best new shows and movies to stream; ‘Intense’ Danish thriller shoots up Netflix top 10
2023-03-21,negative,306.32000732421875,305.7900085449219,307.9200134277344,300.42999267578125,4886300.0,Netflix’s Costly Fantasy Series Returns with Major Change in Just 3 Days; Netflix reaches settlement with ex-India legal head in gender bias lawsuit
2023-03-21,neutral,306.32000732421875,305.7900085449219,307.9200134277344,300.42999267578125,4886300.0,"See Stranger Things Season 5 before anyone else on Netflix — here's how; When One Piece Season 2 Arrives on Netflix: Release Date Revealed; #SHOWBIZ: 'BoBoiBoy' No.1 on Netflix Malaysia, Indonesia, Singapore, Vietnam; Netflix Starts Real-Time Voting For Live Shows - And Other Content 10/28/2025; Netflix CTO confirms vertical video experiments ahead, says 'not competing with TikTok'; Netflix’s ‘Boots’ Climbs Charts with Gritty Gay Marine Story"
2023-03-21,positive,306.32000732421875,305.7900085449219,307.9200134277344,300.42999267578125,4886300.0,New on Netflix in November 2025 — here are the 5 best new shows and movies to stream; ‘Intense’ Danish thriller shoots up Netflix top 10
2023-03-22,negative,306.3099975585937,293.8999938964844,306.45001220703125,293.5400085449219,5808000.0,Netflix’s Costly Fantasy Series Returns with Major Change in Just 3 Days; Netflix reaches settlement with ex-India legal head in gender bias lawsuit
2023-03-22,neutral,306.3099975585937,293.8999938964844,306.45001220703125,293.5400085449219,5808000.0,"See Stranger Things Season 5 before anyone else on Netflix — here's how; When One Piece Season 2 Arrives on Netflix: Release Date Revealed; #SHOWBIZ: 'BoBoiBoy' No.1 on Netflix Malaysia, Indonesia, Singapore, Vietnam; Netflix Starts Real-Time Voting For Live Shows - And Other Content 10/28/2025; Netflix CTO confirms vertical video experiments ahead, says 'not competing with TikTok'; Netflix’s ‘Boots’ Climbs Charts with Gritty Gay Marine Story"
2023-03-22,positive,306.3099975585937,293.8999938964844,306.45001220703125,293.5400085449219,5808000.0,New on Netflix in November 2025 — here are the 5 best new shows and movies to stream; ‘Intense’ Danish thriller shoots up Netflix top 10
2023-03-23,negative,304.67999267578125,320.3699951171875,322.7799987792969,304.1400146484375,15653300.0,Netflix’s Costly Fantasy Series Returns with Major Change in Just 3 Days; Netflix reaches settlement with ex-India legal head in gender bias lawsuit
2023-03-23,neutral,304.67999267578125,320.3699951171875,322.7799987792969,304.1400146484375,15653300.0,"See Stranger Things Season 5 before anyone else on Netflix — here's how; When One Piece Season 2 Arrives on Netflix: Release Date Revealed; #SHOWBIZ: 'BoBoiBoy' No.1 on Netflix Malaysia, Indonesia, Singapore, Vietnam; Netflix Starts Real-Time Voting For Live Shows - And Other Content 10/28/2025; Netflix CTO confirms vertical video experiments ahead, says 'not competing with TikTok'; Netflix’s ‘Boots’ Climbs Charts with Gritty Gay Marine Story"
2023-03-23,positive,304.67999267578125,320.3699951171875,322.7799987792969,304.1400146484375,15653300.0,New on Netflix in November 2025 — here are the 5 best new shows and movies to stream; ‘Intense’ Danish thriller shoots up Netflix top 10
2023-03-24,negative,320.6300048828125,328.3900146484375,331.8299865722656,320.6300048828125,12991700.0,Netflix’s Costly Fantasy Series Returns with Major Change in Just 3 Days; Netflix reaches settlement with ex-India legal head in gender bias lawsuit
2023-03-24,neutral,320.6300048828125,328.3900146484375,331.8299865722656,320.6300048828125,12991700.0,"See Stranger Things Season 5 before anyone else on Netflix — here's how; When One Piece Season 2 Arrives on Netflix: Release Date Revealed; #SHOWBIZ: 'BoBoiBoy' No.1 on Netflix Malaysia, Indonesia, Singapore, Vietnam; Netflix Starts Real-Time Voting For Live Shows - And Other Content 10/28/2025; Netflix CTO confirms vertical video experiments ahead, says 'not competing with TikTok'; Netflix’s ‘Boots’ Climbs Charts with Gritty Gay Marine Story"
2023-03-24,positive,320.6300048828125,328.3900146484375,331.8299865722656,320.6300048828125,12991700.0,New on Netflix in November 2025 — here are the 5 best new shows and movies to stream; ‘Intense’ Danish thriller shoots up Netflix top 10
2023-03-27,negative,327.54998779296875,327.6600036621094,336.44000244140625,324.4100036621094,8625800.0,Netflix’s Costly Fantasy Series Returns with Major Change in Just 3 Days; Netflix reaches settlement with ex-India legal head in gender bias lawsuit
2023-03-27,neutral,327.54998779296875,327.6600036621094,336.44000244140625,324.4100036621094,8625800.0,"See Stranger Things Season 5 before anyone else on Netflix — here's how; When One Piece Season 2 Arrives on Netflix: Release Date Revealed; #SHOWBIZ: 'BoBoiBoy' No.1 on Netflix Malaysia, Indonesia, Singapore, Vietnam; Netflix Starts Real-Time Voting For Live Shows - And Other Content 10/28/2025; Netflix CTO confirms vertical video experiments ahead, says 'not competing with TikTok'; Netflix’s ‘Boots’ Climbs Charts with Gritty Gay Marine Story"
2023-03-27,positive,327.54998779296875,327.6600036621094,336.44000244140625,324.4100036621094,8625800.0,New on Netflix in November 2025 — here are the 5 best new shows and movies to stream; ‘Intense’ Danish thriller shoots up Netflix top 10
2023-03-28,negative,326.0599975585937,323.5199890136719,333.32000732421875,321.2799987792969,6489400.0,Netflix’s Costly Fantasy Series Returns with Major Change in Just 3 Days; Netflix reaches settlement with ex-India legal head in gender bias lawsuit
2023-03-28,neutral,326.0599975585937,323.5199890136719,333.32000732421875,321.2799987792969,6489400.0,"See Stranger Things Season 5 before anyone else on Netflix — here's how; When One Piece Season 2 Arrives on Netflix: Release Date Revealed; #SHOWBIZ: 'BoBoiBoy' No.1 on Netflix Malaysia, Indonesia, Singapore, Vietnam; Netflix Starts Real-Time Voting For Live Shows - And Other Content 10/28/2025; Netflix CTO confirms vertical video experiments ahead, says 'not competing with TikTok'; Netflix’s ‘Boots’ Climbs Charts with Gritty Gay Marine Story"
2023-03-28,positive,326.0599975585937,323.5199890136719,333.32000732421875,321.2799987792969,6489400.0,New on Netflix in November 2025 — here are the 5 best new shows and movies to stream; ‘Intense’ Danish thriller shoots up Netflix top 10
2023-03-29,negative,326.2900085449219,332.0299987792969,332.8500061035156,325.7300109863281,6287300.0,Netflix’s Costly Fantasy Series Returns with Major Change in Just 3 Days; Netflix reaches settlement with ex-India legal head in gender bias lawsuit
2023-03-29,neutral,326.2900085449219,332.0299987792969,332.8500061035156,325.7300109863281,6287300.0,"See Stranger Things Season 5 before anyone else on Netflix — here's how; When One Piece Season 2 Arrives on Netflix: Release Date Revealed; #SHOWBIZ: 'BoBoiBoy' No.1 on Netflix Malaysia, Indonesia, Singapore, Vietnam; Netflix Starts Real-Time Voting For Live Shows - And Other Content 10/28/2025; Netflix CTO confirms vertical video experiments ahead, says 'not competing with TikTok'; Netflix’s ‘Boots’ Climbs Charts with Gritty Gay Marine Story"
2023-03-29,positive,326.2900085449219,332.0299987792969,332.8500061035156,325.7300109863281,6287300.0,New on Netflix in November 2025 — here are the 5 best new shows and movies to stream; ‘Intense’ Danish thriller shoots up Netflix top 10
2023-03-30,negative,340.2699890136719,338.42999267578125,343.2900085449219,335.29998779296875,7131500.0,Netflix’s Costly Fantasy Series Returns with Major Change in Just 3 Days; Netflix reaches settlement with ex-India legal head in gender bias lawsuit
2023-03-30,neutral,340.2699890136719,338.42999267578125,343.2900085449219,335.29998779296875,7131500.0,"See Stranger Things Season 5 before anyone else on Netflix — here's how; When One Piece Season 2 Arrives on Netflix: Release Date Revealed; #SHOWBIZ: 'BoBoiBoy' No.1 on Netflix Malaysia, Indonesia, Singapore, Vietnam; Netflix Starts Real-Time Voting For Live Shows - And Other Content 10/28/2025; Netflix CTO confirms vertical video experiments ahead, says 'not competing with TikTok'; Netflix’s ‘Boots’ Climbs Charts with Gritty Gay Marine Story"
2023-03-30,positive,340.2699890136719,338.42999267578125,343.2900085449219,335.29998779296875,7131500.0,New on Netflix in November 2025 — here are the 5 best new shows and movies to stream; ‘Intense’ Danish thriller shoots up Netflix top 10
2023-04-03,negative,341.8299865722656,348.2799987792969,348.5799865722656,340.3999938964844,4413700.0,Crash Bandicoot animated tv show apparently in the works at Netflix; Netflix’s Costly Fantasy Series Returns with Major Change in Just 3 Days; Netflix reaches settlement with ex-India legal head in gender bias lawsuit
2023-04-03,neutral,341.8299865722656,348.2799987792969,348.5799865722656,340.3999938964844,4413700.0,"Bridgerton: Who Edwina Sharma marries in the books vs. the Netflix series; See Stranger Things Season 5 before anyone else on Netflix — here's how; When One Piece Season 2 Arrives on Netflix: Release Date Revealed; #SHOWBIZ: 'BoBoiBoy' No.1 on Netflix Malaysia, Indonesia, Singapore, Vietnam"
2023-04-03,positive,341.8299865722656,348.2799987792969,348.5799865722656,340.3999938964844,4413700.0,"Crash Bandicoot Is Returning to Netflix, But I Hope It’s Nothing Like His Last Appearance; New on Netflix in November 2025 — here are the 5 best new shows and movies to stream; ‘Intense’ Danish thriller shoots up Netflix top 10"
2023-04-04,negative,348.489990234375,346.75,349.79998779296875,343.95001220703125,3298100.0,Crash Bandicoot animated tv show apparently in the works at Netflix; Netflix’s Costly Fantasy Series Returns with Major Change in Just 3 Days; Netflix reaches settlement with ex-India legal head in gender bias lawsuit
2023-04-04,neutral,348.489990234375,346.75,349.79998779296875,343.95001220703125,3298100.0,"Bridgerton: Who Edwina Sharma marries in the books vs. the Netflix series; See Stranger Things Season 5 before anyone else on Netflix — here's how; When One Piece Season 2 Arrives on Netflix: Release Date Revealed; #SHOWBIZ: 'BoBoiBoy' No.1 on Netflix Malaysia, Indonesia, Singapore, Vietnam"
2023-04-04,positive,348.489990234375,346.75,349.79998779296875,343.95001220703125,3298100.0,"Crash Bandicoot Is Returning to Netflix, But I Hope It’s Nothing Like His Last Appearance; New on Netflix in November 2025 — here are the 5 best new shows and movies to stream; ‘Intense’ Danish thriller shoots up Netflix top 10"
2023-04-05,negative,345.29998779296875,342.3500061035156,345.42999267578125,336.25,4205500.0,Crash Bandicoot animated tv show apparently in the works at Netflix; Netflix’s Costly Fantasy Series Returns with Major Change in Just 3 Days; Netflix reaches settlement with ex-India legal head in gender bias lawsuit
2023-04-05,neutral,345.29998779296875,342.3500061035156,345.42999267578125,336.25,4205500.0,"Bridgerton: Who Edwina Sharma marries in the books vs. the Netflix series; See Stranger Things Season 5 before anyone else on Netflix — here's how; When One Piece Season 2 Arrives on Netflix: Release Date Revealed; #SHOWBIZ: 'BoBoiBoy' No.1 on Netflix Malaysia, Indonesia, Singapore, Vietnam"
2023-04-05,positive,345.29998779296875,342.3500061035156,345.42999267578125,336.25,4205500.0,"Crash Bandicoot Is Returning to Netflix, But I Hope It’s Nothing Like His Last Appearance; New on Netflix in November 2025 — here are the 5 best new shows and movies to stream; ‘Intense’ Danish thriller shoots up Netflix top 10"
2023-04-06,negative,339.3399963378906,339.3299865722656,340.4800109863281,332.6300048828125,4660500.0,Crash Bandicoot animated tv show apparently in the works at Netflix; Netflix’s Costly Fantasy Series Returns with Major Change in Just 3 Days; Netflix reaches settlement with ex-India legal head in gender bias lawsuit
2023-04-06,neutral,339.3399963378906,339.3299865722656,340.4800109863281,332.6300048828125,4660500.0,"Bridgerton: Who Edwina Sharma marries in the books vs. the Netflix series; See Stranger Things Season 5 before anyone else on Netflix — here's how; When One Piece Season 2 Arrives on Netflix: Release Date Revealed; #SHOWBIZ: 'BoBoiBoy' No.1 on Netflix Malaysia, Indonesia, Singapore, Vietnam"
2023-04-06,positive,339.3399963378906,339.3299865722656,340.4800109863281,332.6300048828125,4660500.0,"Crash Bandicoot Is Returning to Netflix, But I Hope It’s Nothing Like His Last Appearance; New on Netflix in November 2025 — here are the 5 best new shows and movies to stream; ‘Intense’ Danish thriller shoots up Netflix top 10"
2023-04-10,negative,335.2699890136719,338.989990234375,339.8800048828125,333.3599853515625,2657900.0,Crash Bandicoot animated tv show apparently in the works at Netflix; Netflix’s Costly Fantasy Series Returns with Major Change in Just 3 Days; Netflix reaches settlement with ex-India legal head in gender bias lawsuit
2023-04-10,neutral,335.2699890136719,338.989990234375,339.8800048828125,333.3599853515625,2657900.0,"Bridgerton: Who Edwina Sharma marries in the books vs. the Netflix series; See Stranger Things Season 5 before anyone else on Netflix — here's how; When One Piece Season 2 Arrives on Netflix: Release Date Revealed; #SHOWBIZ: 'BoBoiBoy' No.1 on Netflix Malaysia, Indonesia, Singapore, Vietnam"
2023-04-10,positive,335.2699890136719,338.989990234375,339.8800048828125,333.3599853515625,2657900.0,"Crash Bandicoot Is Returning to Netflix, But I Hope It’s Nothing Like His Last Appearance; New on Netflix in November 2025 — here are the 5 best new shows and movies to stream; ‘Intense’ Danish thriller shoots up Netflix top 10"
2023-04-11,negative,343.45001220703125,338.2099914550781,347.1400146484375,337.6400146484375,4044800.0,Crash Bandicoot animated tv show apparently in the works at Netflix; Netflix’s Costly Fantasy Series Returns with Major Change in Just 3 Days; Netflix reaches settlement with ex-India legal head in gender bias lawsuit
2023-04-11,neutral,343.45001220703125,338.2099914550781,347.1400146484375,337.6400146484375,4044800.0,"Bridgerton: Who Edwina Sharma marries in the books vs. the Netflix series; See Stranger Things Season 5 before anyone else on Netflix — here's how; When One Piece Season 2 Arrives on Netflix: Release Date Revealed; #SHOWBIZ: 'BoBoiBoy' No.1 on Netflix Malaysia, Indonesia, Singapore, Vietnam"
2023-04-11,positive,343.45001220703125,338.2099914550781,347.1400146484375,337.6400146484375,4044800.0,"Crash Bandicoot Is Returning to Netflix, But I Hope It’s Nothing Like His Last Appearance; New on Netflix in November 2025 — here are the 5 best new shows and movies to stream; ‘Intense’ Danish thriller shoots up Netflix top 10"
2023-04-12,negative,340.8099975585937,331.0299987792969,342.79998779296875,330.0400085449219,3965400.0,Crash Bandicoot animated tv show apparently in the works at Netflix; Netflix’s Costly Fantasy Series Returns with Major Change in Just 3 Days; Netflix reaches settlement with ex-India legal head in gender bias lawsuit
2023-04-12,neutral,340.8099975585937,331.0299987792969,342.79998779296875,330.0400085449219,3965400.0,"Bridgerton: Who Edwina Sharma marries in the books vs. the Netflix series; See Stranger Things Season 5 before anyone else on Netflix — here's how; When One Piece Season 2 Arrives on Netflix: Release Date Revealed; #SHOWBIZ: 'BoBoiBoy' No.1 on Netflix Malaysia, Indonesia, Singapore, Vietnam"
2023-04-12,positive,340.8099975585937,331.0299987792969,342.79998779296875,330.0400085449219,3965400.0,"Crash Bandicoot Is Returning to Netflix, But I Hope It’s Nothing Like His Last Appearance; New on Netflix in November 2025 — here are the 5 best new shows and movies to stream; ‘Intense’ Danish thriller shoots up Netflix top 10"
2023-04-13,negative,339.989990234375,346.19000244140625,346.42999267578125,338.75,7406400.0,Crash Bandicoot animated tv show apparently in the works at Netflix; Netflix’s Costly Fantasy Series Returns with Major Change in Just 3 Days; Netflix reaches settlement with ex-India legal head in gender bias lawsuit
2023-04-13,neutral,339.989990234375,346.19000244140625,346.42999267578125,338.75,7406400.0,"Bridgerton: Who Edwina Sharma marries in the books vs. the Netflix series; See Stranger Things Season 5 before anyone else on Netflix — here's how; When One Piece Season 2 Arrives on Netflix: Release Date Revealed; #SHOWBIZ: 'BoBoiBoy' No.1 on Netflix Malaysia, Indonesia, Singapore, Vietnam"
2023-04-13,positive,339.989990234375,346.19000244140625,346.42999267578125,338.75,7406400.0,"Crash Bandicoot Is Returning to Netflix, But I Hope It’s Nothing Like His Last Appearance; New on Netflix in November 2025 — here are the 5 best new shows and movies to stream; ‘Intense’ Danish thriller shoots up Netflix top 10"
2023-04-14,negative,342.94000244140625,338.6300048828125,344.8500061035156,336.4100036621094,5350500.0,Crash Bandicoot animated tv show apparently in the works at Netflix; Netflix’s Costly Fantasy Series Returns with Major Change in Just 3 Days; Netflix reaches settlement with ex-India legal head in gender bias lawsuit
2023-04-14,neutral,342.94000244140625,338.6300048828125,344.8500061035156,336.4100036621094,5350500.0,"Bridgerton: Who Edwina Sharma marries in the books vs. the Netflix series; See Stranger Things Season 5 before anyone else on Netflix — here's how; When One Piece Season 2 Arrives on Netflix: Release Date Revealed; #SHOWBIZ: 'BoBoiBoy' No.1 on Netflix Malaysia, Indonesia, Singapore, Vietnam"
2023-04-14,positive,342.94000244140625,338.6300048828125,344.8500061035156,336.4100036621094,5350500.0,"Crash Bandicoot Is Returning to Netflix, But I Hope It’s Nothing Like His Last Appearance; New on Netflix in November 2025 — here are the 5 best new shows and movies to stream; ‘Intense’ Danish thriller shoots up Netflix top 10"
2023-04-17,negative,338.0,332.7200012207031,338.3900146484375,327.5,6136000.0,Crash Bandicoot animated tv show apparently in the works at Netflix; Netflix’s Costly Fantasy Series Returns with Major Change in Just 3 Days; Netflix reaches settlement with ex-India legal head in gender bias lawsuit
2023-04-17,neutral,338.0,332.7200012207031,338.3900146484375,327.5,6136000.0,"Bridgerton: Who Edwina Sharma marries in the books vs. the Netflix series; See Stranger Things Season 5 before anyone else on Netflix — here's how; When One Piece Season 2 Arrives on Netflix: Release Date Revealed; #SHOWBIZ: 'BoBoiBoy' No.1 on Netflix Malaysia, Indonesia, Singapore, Vietnam"
2023-04-17,positive,338.0,332.7200012207031,338.3900146484375,327.5,6136000.0,"Crash Bandicoot Is Returning to Netflix, But I Hope It’s Nothing Like His Last Appearance; New on Netflix in November 2025 — here are the 5 best new shows and movies to stream; ‘Intense’ Danish thriller shoots up Netflix top 10"
2023-04-18,negative,335.0,333.70001220703125,337.19000244140625,330.5,17944500.0,Crash Bandicoot animated tv show apparently in the works at Netflix; Netflix’s Costly Fantasy Series Returns with Major Change in Just 3 Days; Netflix reaches settlement with ex-India legal head in gender bias lawsuit
2023-04-18,neutral,335.0,333.70001220703125,337.19000244140625,330.5,17944500.0,"Bridgerton: Who Edwina Sharma marries in the books vs. the Netflix series; See Stranger Things Season 5 before anyone else on Netflix — here's how; When One Piece Season 2 Arrives on Netflix: Release Date Revealed; #SHOWBIZ: 'BoBoiBoy' No.1 on Netflix Malaysia, Indonesia, Singapore, Vietnam"
2023-04-18,positive,335.0,333.70001220703125,337.19000244140625,330.5,17944500.0,"Crash Bandicoot Is Returning to Netflix, But I Hope It’s Nothing Like His Last Appearance; New on Netflix in November 2025 — here are the 5 best new shows and movies to stream; ‘Intense’ Danish thriller shoots up Netflix top 10"
2023-04-19,negative,324.2099914550781,323.1199951171875,325.75,316.1000061035156,22128300.0,Crash Bandicoot animated tv show apparently in the works at Netflix; Netflix’s Costly Fantasy Series Returns with Major Change in Just 3 Days; Netflix reaches settlement with ex-India legal head in gender bias lawsuit
2023-04-19,neutral,324.2099914550781,323.1199951171875,325.75,316.1000061035156,22128300.0,Bridgerton: Who Edwina Sharma marries in the books vs. the Netflix series; See Stranger Things Season 5 before anyone else on Netflix — here's how; When One Piece Season 2 Arrives on Netflix: Release Date Revealed
2023-04-19,positive,324.2099914550781,323.1199951171875,325.75,316.1000061035156,22128300.0,"The Asset (Legenden, TV Series 2025) 'Netflix' Recap & Ending Explained: Can Ashley Ever Escape Miran’s World, or Is She Becoming the New Miran?; Crash Bandicoot Is Returning to Netflix, But I Hope It’s Nothing Like His Last Appearance; New on Netflix in November 2025 — here are the 5 best new shows and movies to stream; ‘Intense’ Danish thriller shoots up Netflix top 10"
2023-04-20,negative,320.3900146484375,325.3500061035156,331.42999267578125,318.3299865722656,9947800.0,Crash Bandicoot animated tv show apparently in the works at Netflix; Netflix’s Costly Fantasy Series Returns with Major Change in Just 3 Days; Netflix reaches settlement with ex-India legal head in gender bias lawsuit
2023-04-20,neutral,320.3900146484375,325.3500061035156,331.42999267578125,318.3299865722656,9947800.0,Bridgerton: Who Edwina Sharma marries in the books vs. the Netflix series; See Stranger Things Season 5 before anyone else on Netflix — here's how; When One Piece Season 2 Arrives on Netflix: Release Date Revealed
2023-04-20,positive,320.3900146484375,325.3500061035156,331.42999267578125,318.3299865722656,9947800.0,"The Asset (Legenden, TV Series 2025) 'Netflix' Recap & Ending Explained: Can Ashley Ever Escape Miran’s World, or Is She Becoming the New Miran?; Crash Bandicoot Is Returning to Netflix, But I Hope It’s Nothing Like His Last Appearance; New on Netflix in November 2025 — here are the 5 best new shows and movies to stream; ‘Intense’ Danish thriller shoots up Netflix top 10"
2023-04-21,negative,323.0,327.9800109863281,328.2900085449219,319.5,6348000.0,Crash Bandicoot animated tv show apparently in the works at Netflix; Netflix’s Costly Fantasy Series Returns with Major Change in Just 3 Days; Netflix reaches settlement with ex-India legal head in gender bias lawsuit
2023-04-21,neutral,323.0,327.9800109863281,328.2900085449219,319.5,6348000.0,Bridgerton: Who Edwina Sharma marries in the books vs. the Netflix series; See Stranger Things Season 5 before anyone else on Netflix — here's how; When One Piece Season 2 Arrives on Netflix: Release Date Revealed
2023-04-21,positive,323.0,327.9800109863281,328.2900085449219,319.5,6348000.0,"The Asset (Legenden, TV Series 2025) 'Netflix' Recap & Ending Explained: Can Ashley Ever Escape Miran’s World, or Is She Becoming the New Miran?; Crash Bandicoot Is Returning to Netflix, But I Hope It’s Nothing Like His Last Appearance; New on Netflix in November 2025 — here are the 5 best new shows and movies to stream; ‘Intense’ Danish thriller shoots up Netflix top 10"
2023-04-24,negative,330.20001220703125,329.0199890136719,334.6600036621094,326.75,5586600.0,Crash Bandicoot animated tv show apparently in the works at Netflix; Netflix’s Costly Fantasy Series Returns with Major Change in Just 3 Days; Netflix reaches settlement with ex-India legal head in gender bias lawsuit
2023-04-24,neutral,330.20001220703125,329.0199890136719,334.6600036621094,326.75,5586600.0,Bridgerton: Who Edwina Sharma marries in the books vs. the Netflix series; See Stranger Things Season 5 before anyone else on Netflix — here's how; When One Piece Season 2 Arrives on Netflix: Release Date Revealed
2023-04-24,positive,330.20001220703125,329.0199890136719,334.6600036621094,326.75,5586600.0,"The Asset (Legenden, TV Series 2025) 'Netflix' Recap & Ending Explained: Can Ashley Ever Escape Miran’s World, or Is She Becoming the New Miran?; Crash Bandicoot Is Returning to Netflix, But I Hope It’s Nothing Like His Last Appearance; New on Netflix in November 2025 — here are the 5 best new shows and movies to stream; ‘Intense’ Danish thriller shoots up Netflix top 10"
2023-04-25,negative,328.5,322.54998779296875,328.6600036621094,321.1000061035156,5426600.0,Crash Bandicoot animated tv show apparently in the works at Netflix; Netflix’s Costly Fantasy Series Returns with Major Change in Just 3 Days; Netflix reaches settlement with ex-India legal head in gender bias lawsuit
2023-04-25,neutral,328.5,322.54998779296875,328.6600036621094,321.1000061035156,5426600.0,Bridgerton: Who Edwina Sharma marries in the books vs. the Netflix series; See Stranger Things Season 5 before anyone else on Netflix — here's how; When One Piece Season 2 Arrives on Netflix: Release Date Revealed
2023-04-25,positive,328.5,322.54998779296875,328.6600036621094,321.1000061035156,5426600.0,"The Asset (Legenden, TV Series 2025) 'Netflix' Recap & Ending Explained: Can Ashley Ever Escape Miran’s World, or Is She Becoming the New Miran?; Crash Bandicoot Is Returning to Netflix, But I Hope It’s Nothing Like His Last Appearance; New on Netflix in November 2025 — here are the 5 best new shows and movies to stream; ‘Intense’ Danish thriller shoots up Netflix top 10"
2023-04-26,negative,321.3599853515625,321.1499938964844,325.8999938964844,320.4700012207031,4623200.0,Crash Bandicoot animated tv show apparently in the works at Netflix; Netflix’s Costly Fantasy Series Returns with Major Change in Just 3 Days; Netflix reaches settlement with ex-India legal head in gender bias lawsuit
2023-04-26,neutral,321.3599853515625,321.1499938964844,325.8999938964844,320.4700012207031,4623200.0,Bridgerton: Who Edwina Sharma marries in the books vs. the Netflix series; See Stranger Things Season 5 before anyone else on Netflix — here's how; When One Piece Season 2 Arrives on Netflix: Release Date Revealed
2023-04-26,positive,321.3599853515625,321.1499938964844,325.8999938964844,320.4700012207031,4623200.0,"The Asset (Legenden, TV Series 2025) 'Netflix' Recap & Ending Explained: Can Ashley Ever Escape Miran’s World, or Is She Becoming the New Miran?; Crash Bandicoot Is Returning to Netflix, But I Hope It’s Nothing Like His Last Appearance; New on Netflix in November 2025 — here are the 5 best new shows and movies to stream; ‘Intense’ Danish thriller shoots up Netflix top 10"
2023-04-27,negative,324.29998779296875,325.8500061035156,327.45001220703125,317.44000244140625,5618800.0,Crash Bandicoot animated tv show apparently in the works at Netflix; Netflix’s Costly Fantasy Series Returns with Major Change in Just 3 Days; Netflix reaches settlement with ex-India legal head in gender bias lawsuit
2023-04-27,neutral,324.29998779296875,325.8500061035156,327.45001220703125,317.44000244140625,5618800.0,Bridgerton: Who Edwina Sharma marries in the books vs. the Netflix series; See Stranger Things Season 5 before anyone else on Netflix — here's how; When One Piece Season 2 Arrives on Netflix: Release Date Revealed
2023-04-27,positive,324.29998779296875,325.8500061035156,327.45001220703125,317.44000244140625,5618800.0,"The Asset (Legenden, TV Series 2025) 'Netflix' Recap & Ending Explained: Can Ashley Ever Escape Miran’s World, or Is She Becoming the New Miran?; Crash Bandicoot Is Returning to Netflix, But I Hope It’s Nothing Like His Last Appearance; New on Netflix in November 2025 — here are the 5 best new shows and movies to stream; ‘Intense’ Danish thriller shoots up Netflix top 10"
2023-04-28,negative,325.239990234375,329.92999267578125,330.8099975585937,324.0,4228400.0,Crash Bandicoot animated tv show apparently in the works at Netflix; Netflix’s Costly Fantasy Series Returns with Major Change in Just 3 Days; Netflix reaches settlement with ex-India legal head in gender bias lawsuit
2023-04-28,neutral,325.239990234375,329.92999267578125,330.8099975585937,324.0,4228400.0,Bridgerton: Who Edwina Sharma marries in the books vs. the Netflix series; See Stranger Things Season 5 before anyone else on Netflix — here's how; When One Piece Season 2 Arrives on Netflix: Release Date Revealed
2023-04-28,positive,325.239990234375,329.92999267578125,330.8099975585937,324.0,4228400.0,"The Asset (Legenden, TV Series 2025) 'Netflix' Recap & Ending Explained: Can Ashley Ever Escape Miran’s World, or Is She Becoming the New Miran?; Crash Bandicoot Is Returning to Netflix, But I Hope It’s Nothing Like His Last Appearance; New on Netflix in November 2025 — here are the 5 best new shows and movies to stream; ‘Intense’ Danish thriller shoots up Netflix top 10"
2023-05-01,negative,329.44000244140625,324.1199951171875,331.2300109863281,318.0899963378906,5341500.0,Crash Bandicoot animated tv show apparently in the works at Netflix; Netflix’s Costly Fantasy Series Returns with Major Change in Just 3 Days; Netflix reaches settlement with ex-India legal head in gender bias lawsuit
2023-05-01,neutral,329.44000244140625,324.1199951171875,331.2300109863281,318.0899963378906,5341500.0,Bridgerton: Who Edwina Sharma marries in the books vs. the Netflix series; See Stranger Things Season 5 before anyone else on Netflix — here's how; When One Piece Season 2 Arrives on Netflix: Release Date Revealed
2023-05-01,positive,329.44000244140625,324.1199951171875,331.2300109863281,318.0899963378906,5341500.0,"The Asset (Legenden, TV Series 2025) 'Netflix' Recap & Ending Explained: Can Ashley Ever Escape Miran’s World, or Is She Becoming the New Miran?; Crash Bandicoot Is Returning to Netflix, But I Hope It’s Nothing Like His Last Appearance; New on Netflix in November 2025 — here are the 5 best new shows and movies to stream; ‘Intense’ Danish thriller shoots up Netflix top 10"
2023-05-02,negative,325.0,317.54998779296875,326.07000732421875,315.6199951171875,4318600.0,Crash Bandicoot animated tv show apparently in the works at Netflix; Netflix’s Costly Fantasy Series Returns with Major Change in Just 3 Days; Netflix reaches settlement with ex-India legal head in gender bias lawsuit
2023-05-02,neutral,325.0,317.54998779296875,326.07000732421875,315.6199951171875,4318600.0,Bridgerton: Who Edwina Sharma marries in the books vs. the Netflix series; See Stranger Things Season 5 before anyone else on Netflix — here's how; When One Piece Season 2 Arrives on Netflix: Release Date Revealed
2023-05-02,positive,325.0,317.54998779296875,326.07000732421875,315.6199951171875,4318600.0,"The Asset (Legenden, TV Series 2025) 'Netflix' Recap & Ending Explained: Can Ashley Ever Escape Miran’s World, or Is She Becoming the New Miran?; Crash Bandicoot Is Returning to Netflix, But I Hope It’s Nothing Like His Last Appearance; New on Netflix in November 2025 — here are the 5 best new shows and movies to stream; ‘Intense’ Danish thriller shoots up Netflix top 10"
2023-05-03,negative,317.54998779296875,319.29998779296875,324.6199951171875,315.8500061035156,5064100.0,Crash Bandicoot animated tv show apparently in the works at Netflix; Netflix’s Costly Fantasy Series Returns with Major Change in Just 3 Days; Netflix reaches settlement with ex-India legal head in gender bias lawsuit
2023-05-03,neutral,317.54998779296875,319.29998779296875,324.6199951171875,315.8500061035156,5064100.0,Bridgerton: Who Edwina Sharma marries in the books vs. the Netflix series; See Stranger Things Season 5 before anyone else on Netflix — here's how; When One Piece Season 2 Arrives on Netflix: Release Date Revealed
2023-05-03,positive,317.54998779296875,319.29998779296875,324.6199951171875,315.8500061035156,5064100.0,"The Asset (Legenden, TV Series 2025) 'Netflix' Recap & Ending Explained: Can Ashley Ever Escape Miran’s World, or Is She Becoming the New Miran?; Crash Bandicoot Is Returning to Netflix, But I Hope It’s Nothing Like His Last Appearance; New on Netflix in November 2025 — here are the 5 best new shows and movies to stream; ‘Intense’ Danish thriller shoots up Netflix top 10"
2023-05-04,negative,319.010009765625,320.7799987792969,323.6099853515625,317.95001220703125,3879700.0,Crash Bandicoot animated tv show apparently in the works at Netflix; Netflix’s Costly Fantasy Series Returns with Major Change in Just 3 Days; Netflix reaches settlement with ex-India legal head in gender bias lawsuit
2023-05-04,neutral,319.010009765625,320.7799987792969,323.6099853515625,317.95001220703125,3879700.0,Bridgerton: Who Edwina Sharma marries in the books vs. the Netflix series; See Stranger Things Season 5 before anyone else on Netflix — here's how; When One Piece Season 2 Arrives on Netflix: Release Date Revealed
2023-05-04,positive,319.010009765625,320.7799987792969,323.6099853515625,317.95001220703125,3879700.0,"The Asset (Legenden, TV Series 2025) 'Netflix' Recap & Ending Explained: Can Ashley Ever Escape Miran’s World, or Is She Becoming the New Miran?; Crash Bandicoot Is Returning to Netflix, But I Hope It’s Nothing Like His Last Appearance; New on Netflix in November 2025 — here are the 5 best new shows and movies to stream; ‘Intense’ Danish thriller shoots up Netflix top 10"
2023-05-05,negative,323.6099853515625,322.760009765625,324.1499938964844,319.44000244140625,3990600.0,Crash Bandicoot animated tv show apparently in the works at Netflix; Netflix’s Costly Fantasy Series Returns with Major Change in Just 3 Days; Netflix reaches settlement with ex-India legal head in gender bias lawsuit
2023-05-05,neutral,323.6099853515625,322.760009765625,324.1499938964844,319.44000244140625,3990600.0,Bridgerton: Who Edwina Sharma marries in the books vs. the Netflix series; See Stranger Things Season 5 before anyone else on Netflix — here's how; When One Piece Season 2 Arrives on Netflix: Release Date Revealed
2023-05-05,positive,323.6099853515625,322.760009765625,324.1499938964844,319.44000244140625,3990600.0,"The Asset (Legenden, TV Series 2025) 'Netflix' Recap & Ending Explained: Can Ashley Ever Escape Miran’s World, or Is She Becoming the New Miran?; Crash Bandicoot Is Returning to Netflix, But I Hope It’s Nothing Like His Last Appearance; New on Netflix in November 2025 — here are the 5 best new shows and movies to stream; ‘Intense’ Danish thriller shoots up Netflix top 10"
2023-05-08,negative,322.989990234375,331.2099914550781,332.5599975585937,322.0299987792969,5488600.0,Crash Bandicoot animated tv show apparently in the works at Netflix; Netflix’s Costly Fantasy Series Returns with Major Change in Just 3 Days; Netflix reaches settlement with ex-India legal head in gender bias lawsuit
2023-05-08,neutral,322.989990234375,331.2099914550781,332.5599975585937,322.0299987792969,5488600.0,Bridgerton: Who Edwina Sharma marries in the books vs. the Netflix series; See Stranger Things Season 5 before anyone else on Netflix — here's how; When One Piece Season 2 Arrives on Netflix: Release Date Revealed
2023-05-08,positive,322.989990234375,331.2099914550781,332.5599975585937,322.0299987792969,5488600.0,"The Asset (Legenden, TV Series 2025) 'Netflix' Recap & Ending Explained: Can Ashley Ever Escape Miran’s World, or Is She Becoming the New Miran?; Crash Bandicoot Is Returning to Netflix, But I Hope It’s Nothing Like His Last Appearance; New on Netflix in November 2025 — here are the 5 best new shows and movies to stream; ‘Intense’ Danish thriller shoots up Netflix top 10"
2023-05-09,negative,330.6700134277344,332.1400146484375,336.32000732421875,329.739990234375,5544900.0,Crash Bandicoot animated tv show apparently in the works at Netflix; Netflix’s Costly Fantasy Series Returns with Major Change in Just 3 Days; Netflix reaches settlement with ex-India legal head in gender bias lawsuit
2023-05-09,neutral,330.6700134277344,332.1400146484375,336.32000732421875,329.739990234375,5544900.0,Bridgerton: Who Edwina Sharma marries in the books vs. the Netflix series; See Stranger Things Season 5 before anyone else on Netflix — here's how; When One Piece Season 2 Arrives on Netflix: Release Date Revealed
2023-05-09,positive,330.6700134277344,332.1400146484375,336.32000732421875,329.739990234375,5544900.0,"The Asset (Legenden, TV Series 2025) 'Netflix' Recap & Ending Explained: Can Ashley Ever Escape Miran’s World, or Is She Becoming the New Miran?; Crash Bandicoot Is Returning to Netflix, But I Hope It’s Nothing Like His Last Appearance; New on Netflix in November 2025 — here are the 5 best new shows and movies to stream; ‘Intense’ Danish thriller shoots up Netflix top 10"
2023-05-10,negative,335.2099914550781,335.4200134277344,337.1099853515625,329.510009765625,4289900.0,Crash Bandicoot animated tv show apparently in the works at Netflix; Netflix’s Costly Fantasy Series Returns with Major Change in Just 3 Days; Netflix reaches settlement with ex-India legal head in gender bias lawsuit
2023-05-10,neutral,335.2099914550781,335.4200134277344,337.1099853515625,329.510009765625,4289900.0,Bridgerton: Who Edwina Sharma marries in the books vs. the Netflix series; See Stranger Things Season 5 before anyone else on Netflix — here's how; When One Piece Season 2 Arrives on Netflix: Release Date Revealed
2023-05-10,positive,335.2099914550781,335.4200134277344,337.1099853515625,329.510009765625,4289900.0,"The Asset (Legenden, TV Series 2025) 'Netflix' Recap & Ending Explained: Can Ashley Ever Escape Miran’s World, or Is She Becoming the New Miran?; Crash Bandicoot Is Returning to Netflix, But I Hope It’s Nothing Like His Last Appearance; New on Netflix in November 2025 — here are the 5 best new shows and movies to stream; ‘Intense’ Danish thriller shoots up Netflix top 10"
2023-05-11,negative,334.9800109863281,344.760009765625,345.4700012207031,331.8399963378906,8033500.0,Crash Bandicoot animated tv show apparently in the works at Netflix; Netflix’s Costly Fantasy Series Returns with Major Change in Just 3 Days; Netflix reaches settlement with ex-India legal head in gender bias lawsuit
2023-05-11,neutral,334.9800109863281,344.760009765625,345.4700012207031,331.8399963378906,8033500.0,Bridgerton: Who Edwina Sharma marries in the books vs. the Netflix series; See Stranger Things Season 5 before anyone else on Netflix — here's how; When One Piece Season 2 Arrives on Netflix: Release Date Revealed
2023-05-11,positive,334.9800109863281,344.760009765625,345.4700012207031,331.8399963378906,8033500.0,"The Asset (Legenden, TV Series 2025) 'Netflix' Recap & Ending Explained: Can Ashley Ever Escape Miran’s World, or Is She Becoming the New Miran?; Crash Bandicoot Is Returning to Netflix, But I Hope It’s Nothing Like His Last Appearance; New on Netflix in November 2025 — here are the 5 best new shows and movies to stream; ‘Intense’ Danish thriller shoots up Netflix top 10"
2023-05-12,negative,344.760009765625,339.8900146484375,348.1700134277344,337.3599853515625,6082400.0,Crash Bandicoot animated tv show apparently in the works at Netflix; Netflix’s Costly Fantasy Series Returns with Major Change in Just 3 Days; Netflix reaches settlement with ex-India legal head in gender bias lawsuit
2023-05-12,neutral,344.760009765625,339.8900146484375,348.1700134277344,337.3599853515625,6082400.0,Bridgerton: Who Edwina Sharma marries in the books vs. the Netflix series; See Stranger Things Season 5 before anyone else on Netflix — here's how; When One Piece Season 2 Arrives on Netflix: Release Date Revealed
2023-05-12,positive,344.760009765625,339.8900146484375,348.1700134277344,337.3599853515625,6082400.0,"The Asset (Legenden, TV Series 2025) 'Netflix' Recap & Ending Explained: Can Ashley Ever Escape Miran’s World, or Is She Becoming the New Miran?; Crash Bandicoot Is Returning to Netflix, But I Hope It’s Nothing Like His Last Appearance; New on Netflix in November 2025 — here are the 5 best new shows and movies to stream; ‘Intense’ Danish thriller shoots up Netflix top 10"
2023-05-15,negative,340.6199951171875,335.8900146484375,341.8999938964844,335.5400085449219,3653000.0,Crash Bandicoot animated tv show apparently in the works at Netflix; Netflix’s Costly Fantasy Series Returns with Major Change in Just 3 Days; Netflix reaches settlement with ex-India legal head in gender bias lawsuit
2023-05-15,neutral,340.6199951171875,335.8900146484375,341.8999938964844,335.5400085449219,3653000.0,Bridgerton: Who Edwina Sharma marries in the books vs. the Netflix series; See Stranger Things Season 5 before anyone else on Netflix — here's how; When One Piece Season 2 Arrives on Netflix: Release Date Revealed
2023-05-15,positive,340.6199951171875,335.8900146484375,341.8999938964844,335.5400085449219,3653000.0,"The Asset (Legenden, TV Series 2025) 'Netflix' Recap & Ending Explained: Can Ashley Ever Escape Miran’s World, or Is She Becoming the New Miran?; Crash Bandicoot Is Returning to Netflix, But I Hope It’s Nothing Like His Last Appearance; New on Netflix in November 2025 — here are the 5 best new shows and movies to stream; ‘Intense’ Danish thriller shoots up Netflix top 10"
2023-05-16,negative,334.0,333.75,335.1700134277344,331.9100036621094,3332200.0,Crash Bandicoot animated tv show apparently in the works at Netflix; Netflix’s Costly Fantasy Series Returns with Major Change in Just 3 Days; Netflix reaches settlement with ex-India legal head in gender bias lawsuit
2023-05-16,neutral,334.0,333.75,335.1700134277344,331.9100036621094,3332200.0,Bridgerton: Who Edwina Sharma marries in the books vs. the Netflix series; See Stranger Things Season 5 before anyone else on Netflix — here's how; When One Piece Season 2 Arrives on Netflix: Release Date Revealed
2023-05-16,positive,334.0,333.75,335.1700134277344,331.9100036621094,3332200.0,"The Asset (Legenden, TV Series 2025) 'Netflix' Recap & Ending Explained: Can Ashley Ever Escape Miran’s World, or Is She Becoming the New Miran?; Crash Bandicoot Is Returning to Netflix, But I Hope It’s Nothing Like His Last Appearance; New on Netflix in November 2025 — here are the 5 best new shows and movies to stream; ‘Intense’ Danish thriller shoots up Netflix top 10"
2023-05-17,negative,331.760009765625,339.9599914550781,341.3800048828125,329.6199951171875,3958800.0,Crash Bandicoot animated tv show apparently in the works at Netflix; Netflix’s Costly Fantasy Series Returns with Major Change in Just 3 Days; Netflix reaches settlement with ex-India legal head in gender bias lawsuit
2023-05-17,neutral,331.760009765625,339.9599914550781,341.3800048828125,329.6199951171875,3958800.0,Bridgerton: Who Edwina Sharma marries in the books vs. the Netflix series; See Stranger Things Season 5 before anyone else on Netflix — here's how; When One Piece Season 2 Arrives on Netflix: Release Date Revealed
2023-05-17,positive,331.760009765625,339.9599914550781,341.3800048828125,329.6199951171875,3958800.0,"The Asset (Legenden, TV Series 2025) 'Netflix' Recap & Ending Explained: Can Ashley Ever Escape Miran’s World, or Is She Becoming the New Miran?; Crash Bandicoot Is Returning to Netflix, But I Hope It’s Nothing Like His Last Appearance; New on Netflix in November 2025 — here are the 5 best new shows and movies to stream; ‘Intense’ Danish thriller shoots up Netflix top 10"
2023-05-18,negative,347.25,371.2900085449219,375.8699951171875,346.3699951171875,20925200.0,Crash Bandicoot animated tv show apparently in the works at Netflix; Netflix’s Costly Fantasy Series Returns with Major Change in Just 3 Days; Netflix reaches settlement with ex-India legal head in gender bias lawsuit
2023-05-18,neutral,347.25,371.2900085449219,375.8699951171875,346.3699951171875,20925200.0,Bridgerton: Who Edwina Sharma marries in the books vs. the Netflix series; See Stranger Things Season 5 before anyone else on Netflix — here's how; When One Piece Season 2 Arrives on Netflix: Release Date Revealed
2023-05-18,positive,347.25,371.2900085449219,375.8699951171875,346.3699951171875,20925200.0,"The Asset (Legenden, TV Series 2025) 'Netflix' Recap & Ending Explained: Can Ashley Ever Escape Miran’s World, or Is She Becoming the New Miran?; Crash Bandicoot Is Returning to Netflix, But I Hope It’s Nothing Like His Last Appearance; New on Netflix in November 2025 — here are the 5 best new shows and movies to stream; ‘Intense’ Danish thriller shoots up Netflix top 10"
2023-05-19,negative,369.8599853515625,365.3599853515625,369.989990234375,363.80999755859375,7859700.0,Crash Bandicoot animated tv show apparently in the works at Netflix; Netflix’s Costly Fantasy Series Returns with Major Change in Just 3 Days; Netflix reaches settlement with ex-India legal head in gender bias lawsuit
2023-05-19,neutral,369.8599853515625,365.3599853515625,369.989990234375,363.80999755859375,7859700.0,Bridgerton: Who Edwina Sharma marries in the books vs. the Netflix series; See Stranger Things Season 5 before anyone else on Netflix — here's how; When One Piece Season 2 Arrives on Netflix: Release Date Revealed
2023-05-19,positive,369.8599853515625,365.3599853515625,369.989990234375,363.80999755859375,7859700.0,"The Asset (Legenden, TV Series 2025) 'Netflix' Recap & Ending Explained: Can Ashley Ever Escape Miran’s World, or Is She Becoming the New Miran?; Crash Bandicoot Is Returning to Netflix, But I Hope It’s Nothing Like His Last Appearance; New on Netflix in November 2025 — here are the 5 best new shows and movies to stream; ‘Intense’ Danish thriller shoots up Netflix top 10"
2023-05-22,negative,365.3599853515625,363.010009765625,372.010009765625,362.5,5406400.0,Crash Bandicoot animated tv show apparently in the works at Netflix; Netflix’s Costly Fantasy Series Returns with Major Change in Just 3 Days; Netflix reaches settlement with ex-India legal head in gender bias lawsuit
2023-05-22,neutral,365.3599853515625,363.010009765625,372.010009765625,362.5,5406400.0,Bridgerton: Who Edwina Sharma marries in the books vs. the Netflix series; See Stranger Things Season 5 before anyone else on Netflix — here's how; When One Piece Season 2 Arrives on Netflix: Release Date Revealed
2023-05-22,positive,365.3599853515625,363.010009765625,372.010009765625,362.5,5406400.0,"The Asset (Legenden, TV Series 2025) 'Netflix' Recap & Ending Explained: Can Ashley Ever Escape Miran’s World, or Is She Becoming the New Miran?; Crash Bandicoot Is Returning to Netflix, But I Hope It’s Nothing Like His Last Appearance; New on Netflix in November 2025 — here are the 5 best new shows and movies to stream; ‘Intense’ Danish thriller shoots up Netflix top 10"
2023-05-23,negative,360.239990234375,355.989990234375,364.1700134277344,354.3099975585937,6866100.0,Crash Bandicoot animated tv show apparently in the works at Netflix; Netflix’s Costly Fantasy Series Returns with Major Change in Just 3 Days; Netflix reaches settlement with ex-India legal head in gender bias lawsuit
2023-05-23,neutral,360.239990234375,355.989990234375,364.1700134277344,354.3099975585937,6866100.0,Bridgerton: Who Edwina Sharma marries in the books vs. the Netflix series; See Stranger Things Season 5 before anyone else on Netflix — here's how; When One Piece Season 2 Arrives on Netflix: Release Date Revealed
2023-05-23,positive,360.239990234375,355.989990234375,364.1700134277344,354.3099975585937,6866100.0,"The Asset (Legenden, TV Series 2025) 'Netflix' Recap & Ending Explained: Can Ashley Ever Escape Miran’s World, or Is She Becoming the New Miran?; Crash Bandicoot Is Returning to Netflix, But I Hope It’s Nothing Like His Last Appearance; New on Netflix in November 2025 — here are the 5 best new shows and movies to stream; ‘Intense’ Danish thriller shoots up Netflix top 10"
2023-05-24,negative,356.92999267578125,364.8500061035156,367.1499938964844,356.6300048828125,7973300.0,Crash Bandicoot animated tv show apparently in the works at Netflix; Netflix’s Costly Fantasy Series Returns with Major Change in Just 3 Days; Netflix reaches settlement with ex-India legal head in gender bias lawsuit
2023-05-24,neutral,356.92999267578125,364.8500061035156,367.1499938964844,356.6300048828125,7973300.0,Bridgerton: Who Edwina Sharma marries in the books vs. the Netflix series; See Stranger Things Season 5 before anyone else on Netflix — here's how; When One Piece Season 2 Arrives on Netflix: Release Date Revealed
2023-05-24,positive,356.92999267578125,364.8500061035156,367.1499938964844,356.6300048828125,7973300.0,"The Asset (Legenden, TV Series 2025) 'Netflix' Recap & Ending Explained: Can Ashley Ever Escape Miran’s World, or Is She Becoming the New Miran?; Crash Bandicoot Is Returning to Netflix, But I Hope It’s Nothing Like His Last Appearance; New on Netflix in November 2025 — here are the 5 best new shows and movies to stream; ‘Intense’ Danish thriller shoots up Netflix top 10"
2023-05-25,negative,359.6099853515625,359.0,367.4500122070313,357.4200134277344,6263100.0,Crash Bandicoot animated tv show apparently in the works at Netflix; Netflix’s Costly Fantasy Series Returns with Major Change in Just 3 Days; Netflix reaches settlement with ex-India legal head in gender bias lawsuit
2023-05-25,neutral,359.6099853515625,359.0,367.4500122070313,357.4200134277344,6263100.0,Bridgerton: Who Edwina Sharma marries in the books vs. the Netflix series; See Stranger Things Season 5 before anyone else on Netflix — here's how; When One Piece Season 2 Arrives on Netflix: Release Date Revealed
2023-05-25,positive,359.6099853515625,359.0,367.4500122070313,357.4200134277344,6263100.0,"The Asset (Legenden, TV Series 2025) 'Netflix' Recap & Ending Explained: Can Ashley Ever Escape Miran’s World, or Is She Becoming the New Miran?; Crash Bandicoot Is Returning to Netflix, But I Hope It’s Nothing Like His Last Appearance; New on Netflix in November 2025 — here are the 5 best new shows and movies to stream; ‘Intense’ Danish thriller shoots up Netflix top 10"
2023-05-26,negative,361.1000061035156,378.8800048828125,383.760009765625,356.0,9360400.0,Crash Bandicoot animated tv show apparently in the works at Netflix; Netflix’s Costly Fantasy Series Returns with Major Change in Just 3 Days; Netflix reaches settlement with ex-India legal head in gender bias lawsuit
2023-05-26,neutral,361.1000061035156,378.8800048828125,383.760009765625,356.0,9360400.0,Bridgerton: Who Edwina Sharma marries in the books vs. the Netflix series; See Stranger Things Season 5 before anyone else on Netflix — here's how; When One Piece Season 2 Arrives on Netflix: Release Date Revealed
2023-05-26,positive,361.1000061035156,378.8800048828125,383.760009765625,356.0,9360400.0,"The Asset (Legenden, TV Series 2025) 'Netflix' Recap & Ending Explained: Can Ashley Ever Escape Miran’s World, or Is She Becoming the New Miran?; Crash Bandicoot Is Returning to Netflix, But I Hope It’s Nothing Like His Last Appearance; New on Netflix in November 2025 — here are the 5 best new shows and movies to stream; ‘Intense’ Danish thriller shoots up Netflix top 10"
2023-05-30,negative,397.4800109863281,392.9800109863281,405.1099853515625,385.7900085449219,10865000.0,Crash Bandicoot animated tv show apparently in the works at Netflix; Netflix’s Costly Fantasy Series Returns with Major Change in Just 3 Days; Netflix reaches settlement with ex-India legal head in gender bias lawsuit
2023-05-30,neutral,397.4800109863281,392.9800109863281,405.1099853515625,385.7900085449219,10865000.0,Bridgerton: Who Edwina Sharma marries in the books vs. the Netflix series; See Stranger Things Season 5 before anyone else on Netflix — here's how; When One Piece Season 2 Arrives on Netflix: Release Date Revealed
2023-05-30,positive,397.4800109863281,392.9800109863281,405.1099853515625,385.7900085449219,10865000.0,"The Asset (Legenden, TV Series 2025) 'Netflix' Recap & Ending Explained: Can Ashley Ever Escape Miran’s World, or Is She Becoming the New Miran?; Crash Bandicoot Is Returning to Netflix, But I Hope It’s Nothing Like His Last Appearance; New on Netflix in November 2025 — here are the 5 best new shows and movies to stream; ‘Intense’ Danish thriller shoots up Netflix top 10"
2023-05-31,negative,391.8900146484375,395.2300109863281,396.260009765625,388.9100036621094,6988000.0,Crash Bandicoot animated tv show apparently in the works at Netflix; Netflix’s Costly Fantasy Series Returns with Major Change in Just 3 Days; Netflix reaches settlement with ex-India legal head in gender bias lawsuit
2023-05-31,neutral,391.8900146484375,395.2300109863281,396.260009765625,388.9100036621094,6988000.0,Bridgerton: Who Edwina Sharma marries in the books vs. the Netflix series; See Stranger Things Season 5 before anyone else on Netflix — here's how; When One Piece Season 2 Arrives on Netflix: Release Date Revealed
2023-05-31,positive,391.8900146484375,395.2300109863281,396.260009765625,388.9100036621094,6988000.0,"The Asset (Legenden, TV Series 2025) 'Netflix' Recap & Ending Explained: Can Ashley Ever Escape Miran’s World, or Is She Becoming the New Miran?; Crash Bandicoot Is Returning to Netflix, But I Hope It’s Nothing Like His Last Appearance; New on Netflix in November 2025 — here are the 5 best new shows and movies to stream; ‘Intense’ Danish thriller shoots up Netflix top 10"
2023-06-01,negative,397.4100036621094,403.1300048828125,407.5199890136719,393.0799865722656,7160100.0,Crash Bandicoot animated tv show apparently in the works at Netflix; Netflix’s Costly Fantasy Series Returns with Major Change in Just 3 Days; Netflix reaches settlement with ex-India legal head in gender bias lawsuit
2023-06-01,neutral,397.4100036621094,403.1300048828125,407.5199890136719,393.0799865722656,7160100.0,Bridgerton: Who Edwina Sharma marries in the books vs. the Netflix series; See Stranger Things Season 5 before anyone else on Netflix — here's how; When One Piece Season 2 Arrives on Netflix: Release Date Revealed
2023-06-01,positive,397.4100036621094,403.1300048828125,407.5199890136719,393.0799865722656,7160100.0,"The Asset (Legenden, TV Series 2025) 'Netflix' Recap & Ending Explained: Can Ashley Ever Escape Miran’s World, or Is She Becoming the New Miran?; Crash Bandicoot Is Returning to Netflix, But I Hope It’s Nothing Like His Last Appearance; New on Netflix in November 2025 — here are the 5 best new shows and movies to stream; ‘Intense’ Danish thriller shoots up Netflix top 10"
2023-06-02,negative,402.8900146484375,400.4700012207031,406.5799865722656,395.8999938964844,5902400.0,Crash Bandicoot animated tv show apparently in the works at Netflix; Netflix’s Costly Fantasy Series Returns with Major Change in Just 3 Days; Netflix reaches settlement with ex-India legal head in gender bias lawsuit
2023-06-02,neutral,402.8900146484375,400.4700012207031,406.5799865722656,395.8999938964844,5902400.0,Bridgerton: Who Edwina Sharma marries in the books vs. the Netflix series; See Stranger Things Season 5 before anyone else on Netflix — here's how; When One Piece Season 2 Arrives on Netflix: Release Date Revealed
2023-06-02,positive,402.8900146484375,400.4700012207031,406.5799865722656,395.8999938964844,5902400.0,"The Asset (Legenden, TV Series 2025) 'Netflix' Recap & Ending Explained: Can Ashley Ever Escape Miran’s World, or Is She Becoming the New Miran?; Crash Bandicoot Is Returning to Netflix, But I Hope It’s Nothing Like His Last Appearance; New on Netflix in November 2025 — here are the 5 best new shows and movies to stream; ‘Intense’ Danish thriller shoots up Netflix top 10"
2023-06-05,negative,400.4700012207031,403.5400085449219,413.8599853515625,400.1499938964844,7247400.0,Crash Bandicoot animated tv show apparently in the works at Netflix; Netflix’s Costly Fantasy Series Returns with Major Change in Just 3 Days; Netflix reaches settlement with ex-India legal head in gender bias lawsuit
2023-06-05,neutral,400.4700012207031,403.5400085449219,413.8599853515625,400.1499938964844,7247400.0,Netflix Releases ‘Physical: Asia’ Featuring Team Philippines Led By Manny Pacquiao; Bridgerton: Who Edwina Sharma marries in the books vs. the Netflix series; See Stranger Things Season 5 before anyone else on Netflix — here's how
2023-06-05,positive,400.4700012207031,403.5400085449219,413.8599853515625,400.1499938964844,7247400.0,"The Asset (Legenden, TV Series 2025) 'Netflix' Recap & Ending Explained: Can Ashley Ever Escape Miran’s World, or Is She Becoming the New Miran?; Crash Bandicoot Is Returning to Netflix, But I Hope It’s Nothing Like His Last Appearance; New on Netflix in November 2025 — here are the 5 best new shows and movies to stream; ‘Intense’ Danish thriller shoots up Netflix top 10"
2023-06-06,negative,405.0,399.2900085449219,405.1199951171875,396.9299926757813,4991500.0,Crash Bandicoot animated tv show apparently in the works at Netflix; Netflix’s Costly Fantasy Series Returns with Major Change in Just 3 Days; Netflix reaches settlement with ex-India legal head in gender bias lawsuit
2023-06-06,neutral,405.0,399.2900085449219,405.1199951171875,396.9299926757813,4991500.0,Netflix Releases ‘Physical: Asia’ Featuring Team Philippines Led By Manny Pacquiao; Bridgerton: Who Edwina Sharma marries in the books vs. the Netflix series; See Stranger Things Season 5 before anyone else on Netflix — here's how
2023-06-06,positive,405.0,399.2900085449219,405.1199951171875,396.9299926757813,4991500.0,"The Asset (Legenden, TV Series 2025) 'Netflix' Recap & Ending Explained: Can Ashley Ever Escape Miran’s World, or Is She Becoming the New Miran?; Crash Bandicoot Is Returning to Netflix, But I Hope It’s Nothing Like His Last Appearance; New on Netflix in November 2025 — here are the 5 best new shows and movies to stream; ‘Intense’ Danish thriller shoots up Netflix top 10"
2023-06-07,negative,410.4299926757813,399.7699890136719,418.9500122070313,399.2300109863281,11932400.0,Crash Bandicoot animated tv show apparently in the works at Netflix; Netflix’s Costly Fantasy Series Returns with Major Change in Just 3 Days; Netflix reaches settlement with ex-India legal head in gender bias lawsuit
2023-06-07,neutral,410.4299926757813,399.7699890136719,418.9500122070313,399.2300109863281,11932400.0,Netflix Releases ‘Physical: Asia’ Featuring Team Philippines Led By Manny Pacquiao; Bridgerton: Who Edwina Sharma marries in the books vs. the Netflix series; See Stranger Things Season 5 before anyone else on Netflix — here's how
2023-06-07,positive,410.4299926757813,399.7699890136719,418.9500122070313,399.2300109863281,11932400.0,"The Asset (Legenden, TV Series 2025) 'Netflix' Recap & Ending Explained: Can Ashley Ever Escape Miran’s World, or Is She Becoming the New Miran?; Crash Bandicoot Is Returning to Netflix, But I Hope It’s Nothing Like His Last Appearance; New on Netflix in November 2025 — here are the 5 best new shows and movies to stream; ‘Intense’ Danish thriller shoots up Netflix top 10"
2023-06-08,negative,399.7699890136719,409.3699951171875,409.5400085449219,396.3399963378906,5991100.0,Crash Bandicoot animated tv show apparently in the works at Netflix; Netflix’s Costly Fantasy Series Returns with Major Change in Just 3 Days; Netflix reaches settlement with ex-India legal head in gender bias lawsuit
2023-06-08,neutral,399.7699890136719,409.3699951171875,409.5400085449219,396.3399963378906,5991100.0,Netflix Releases ‘Physical: Asia’ Featuring Team Philippines Led By Manny Pacquiao; Bridgerton: Who Edwina Sharma marries in the books vs. the Netflix series; See Stranger Things Season 5 before anyone else on Netflix — here's how
2023-06-08,positive,399.7699890136719,409.3699951171875,409.5400085449219,396.3399963378906,5991100.0,"The Asset (Legenden, TV Series 2025) 'Netflix' Recap & Ending Explained: Can Ashley Ever Escape Miran’s World, or Is She Becoming the New Miran?; Crash Bandicoot Is Returning to Netflix, But I Hope It’s Nothing Like His Last Appearance; New on Netflix in November 2025 — here are the 5 best new shows and movies to stream; ‘Intense’ Danish thriller shoots up Netflix top 10"
2023-06-09,negative,424.5,420.0199890136719,425.8999938964844,414.760009765625,12363000.0,Crash Bandicoot animated tv show apparently in the works at Netflix; Netflix’s Costly Fantasy Series Returns with Major Change in Just 3 Days; Netflix reaches settlement with ex-India legal head in gender bias lawsuit
2023-06-09,neutral,424.5,420.0199890136719,425.8999938964844,414.760009765625,12363000.0,Netflix Releases ‘Physical: Asia’ Featuring Team Philippines Led By Manny Pacquiao; Bridgerton: Who Edwina Sharma marries in the books vs. the Netflix series; See Stranger Things Season 5 before anyone else on Netflix — here's how
2023-06-09,positive,424.5,420.0199890136719,425.8999938964844,414.760009765625,12363000.0,"The Asset (Legenden, TV Series 2025) 'Netflix' Recap & Ending Explained: Can Ashley Ever Escape Miran’s World, or Is She Becoming the New Miran?; Crash Bandicoot Is Returning to Netflix, But I Hope It’s Nothing Like His Last Appearance; New on Netflix in November 2025 — here are the 5 best new shows and movies to stream; ‘Intense’ Danish thriller shoots up Netflix top 10"
2023-06-12,negative,418.8299865722656,423.9700012207031,424.7000122070313,416.5700073242188,5959500.0,Crash Bandicoot animated tv show apparently in the works at Netflix; Netflix’s Costly Fantasy Series Returns with Major Change in Just 3 Days; Netflix reaches settlement with ex-India legal head in gender bias lawsuit
2023-06-12,neutral,418.8299865722656,423.9700012207031,424.7000122070313,416.5700073242188,5959500.0,Netflix Releases ‘Physical: Asia’ Featuring Team Philippines Led By Manny Pacquiao; Bridgerton: Who Edwina Sharma marries in the books vs. the Netflix series; See Stranger Things Season 5 before anyone else on Netflix — here's how
2023-06-12,positive,418.8299865722656,423.9700012207031,424.7000122070313,416.5700073242188,5959500.0,"The Asset (Legenden, TV Series 2025) 'Netflix' Recap & Ending Explained: Can Ashley Ever Escape Miran’s World, or Is She Becoming the New Miran?; Crash Bandicoot Is Returning to Netflix, But I Hope It’s Nothing Like His Last Appearance; New on Netflix in November 2025 — here are the 5 best new shows and movies to stream; ‘Intense’ Danish thriller shoots up Netflix top 10"
2023-06-13,negative,430.010009765625,435.7300109863281,437.2699890136719,428.3999938964844,7820500.0,Crash Bandicoot animated tv show apparently in the works at Netflix; Netflix’s Costly Fantasy Series Returns with Major Change in Just 3 Days; Netflix reaches settlement with ex-India legal head in gender bias lawsuit
2023-06-13,neutral,430.010009765625,435.7300109863281,437.2699890136719,428.3999938964844,7820500.0,Netflix Releases ‘Physical: Asia’ Featuring Team Philippines Led By Manny Pacquiao; Bridgerton: Who Edwina Sharma marries in the books vs. the Netflix series; See Stranger Things Season 5 before anyone else on Netflix — here's how
2023-06-13,positive,430.010009765625,435.7300109863281,437.2699890136719,428.3999938964844,7820500.0,"The Asset (Legenden, TV Series 2025) 'Netflix' Recap & Ending Explained: Can Ashley Ever Escape Miran’s World, or Is She Becoming the New Miran?; Crash Bandicoot Is Returning to Netflix, But I Hope It’s Nothing Like His Last Appearance; New on Netflix in November 2025 — here are the 5 best new shows and movies to stream; ‘Intense’ Danish thriller shoots up Netflix top 10"
2023-06-14,negative,434.989990234375,440.8599853515625,447.3299865722656,433.5,8413100.0,Crash Bandicoot animated tv show apparently in the works at Netflix; Netflix’s Costly Fantasy Series Returns with Major Change in Just 3 Days; Netflix reaches settlement with ex-India legal head in gender bias lawsuit
2023-06-14,neutral,434.989990234375,440.8599853515625,447.3299865722656,433.5,8413100.0,Netflix Releases ‘Physical: Asia’ Featuring Team Philippines Led By Manny Pacquiao; Bridgerton: Who Edwina Sharma marries in the books vs. the Netflix series; See Stranger Things Season 5 before anyone else on Netflix — here's how
2023-06-14,positive,434.989990234375,440.8599853515625,447.3299865722656,433.5,8413100.0,"The Asset (Legenden, TV Series 2025) 'Netflix' Recap & Ending Explained: Can Ashley Ever Escape Miran’s World, or Is She Becoming the New Miran?; Crash Bandicoot Is Returning to Netflix, But I Hope It’s Nothing Like His Last Appearance; New on Netflix in November 2025 — here are the 5 best new shows and movies to stream; ‘Intense’ Danish thriller shoots up Netflix top 10"
2023-06-15,negative,444.1000061035156,445.2699890136719,448.6499938964844,439.5,7099900.0,Crash Bandicoot animated tv show apparently in the works at Netflix; Netflix’s Costly Fantasy Series Returns with Major Change in Just 3 Days; Netflix reaches settlement with ex-India legal head in gender bias lawsuit
2023-06-15,neutral,444.1000061035156,445.2699890136719,448.6499938964844,439.5,7099900.0,Netflix Releases ‘Physical: Asia’ Featuring Team Philippines Led By Manny Pacquiao; Bridgerton: Who Edwina Sharma marries in the books vs. the Netflix series; See Stranger Things Season 5 before anyone else on Netflix — here's how
2023-06-15,positive,444.1000061035156,445.2699890136719,448.6499938964844,439.5,7099900.0,"The Asset (Legenden, TV Series 2025) 'Netflix' Recap & Ending Explained: Can Ashley Ever Escape Miran’s World, or Is She Becoming the New Miran?; Crash Bandicoot Is Returning to Netflix, But I Hope It’s Nothing Like His Last Appearance; New on Netflix in November 2025 — here are the 5 best new shows and movies to stream; ‘Intense’ Danish thriller shoots up Netflix top 10"
2023-06-16,negative,446.1499938964844,431.9599914550781,447.510009765625,430.8999938964844,8753700.0,Crash Bandicoot animated tv show apparently in the works at Netflix; Netflix’s Costly Fantasy Series Returns with Major Change in Just 3 Days; Netflix reaches settlement with ex-India legal head in gender bias lawsuit
2023-06-16,neutral,446.1499938964844,431.9599914550781,447.510009765625,430.8999938964844,8753700.0,Netflix Releases ‘Physical: Asia’ Featuring Team Philippines Led By Manny Pacquiao; Bridgerton: Who Edwina Sharma marries in the books vs. the Netflix series; See Stranger Things Season 5 before anyone else on Netflix — here's how
2023-06-16,positive,446.1499938964844,431.9599914550781,447.510009765625,430.8999938964844,8753700.0,"The Asset (Legenden, TV Series 2025) 'Netflix' Recap & Ending Explained: Can Ashley Ever Escape Miran’s World, or Is She Becoming the New Miran?; Crash Bandicoot Is Returning to Netflix, But I Hope It’s Nothing Like His Last Appearance; New on Netflix in November 2025 — here are the 5 best new shows and movies to stream; ‘Intense’ Danish thriller shoots up Netflix top 10"
2023-06-20,negative,430.1799926757813,434.7000122070313,440.0,430.0,4756000.0,Crash Bandicoot animated tv show apparently in the works at Netflix; Netflix’s Costly Fantasy Series Returns with Major Change in Just 3 Days; Netflix reaches settlement with ex-India legal head in gender bias lawsuit
2023-06-20,neutral,430.1799926757813,434.7000122070313,440.0,430.0,4756000.0,Netflix Releases ‘Physical: Asia’ Featuring Team Philippines Led By Manny Pacquiao; Bridgerton: Who Edwina Sharma marries in the books vs. the Netflix series; See Stranger Things Season 5 before anyone else on Netflix — here's how
2023-06-20,positive,430.1799926757813,434.7000122070313,440.0,430.0,4756000.0,"The Asset (Legenden, TV Series 2025) 'Netflix' Recap & Ending Explained: Can Ashley Ever Escape Miran’s World, or Is She Becoming the New Miran?; Crash Bandicoot Is Returning to Netflix, But I Hope It’s Nothing Like His Last Appearance; New on Netflix in November 2025 — here are the 5 best new shows and movies to stream; ‘Intense’ Danish thriller shoots up Netflix top 10"
2023-06-21,negative,432.6499938964844,424.4500122070313,434.5499877929688,422.5400085449219,5146400.0,Crash Bandicoot animated tv show apparently in the works at Netflix; Netflix’s Costly Fantasy Series Returns with Major Change in Just 3 Days; Netflix reaches settlement with ex-India legal head in gender bias lawsuit
2023-06-21,neutral,432.6499938964844,424.4500122070313,434.5499877929688,422.5400085449219,5146400.0,Netflix Releases ‘Physical: Asia’ Featuring Team Philippines Led By Manny Pacquiao; Bridgerton: Who Edwina Sharma marries in the books vs. the Netflix series; See Stranger Things Season 5 before anyone else on Netflix — here's how
2023-06-21,positive,432.6499938964844,424.4500122070313,434.5499877929688,422.5400085449219,5146400.0,"The Asset (Legenden, TV Series 2025) 'Netflix' Recap & Ending Explained: Can Ashley Ever Escape Miran’s World, or Is She Becoming the New Miran?; Crash Bandicoot Is Returning to Netflix, But I Hope It’s Nothing Like His Last Appearance; New on Netflix in November 2025 — here are the 5 best new shows and movies to stream; ‘Intense’ Danish thriller shoots up Netflix top 10"
2023-06-22,negative,422.9299926757813,422.4800109863281,424.7099914550781,418.6799926757813,4869500.0,Crash Bandicoot animated tv show apparently in the works at Netflix; Netflix’s Costly Fantasy Series Returns with Major Change in Just 3 Days; Netflix reaches settlement with ex-India legal head in gender bias lawsuit
2023-06-22,neutral,422.9299926757813,422.4800109863281,424.7099914550781,418.6799926757813,4869500.0,Netflix Releases ‘Physical: Asia’ Featuring Team Philippines Led By Manny Pacquiao; Bridgerton: Who Edwina Sharma marries in the books vs. the Netflix series; See Stranger Things Season 5 before anyone else on Netflix — here's how
2023-06-22,positive,422.9299926757813,422.4800109863281,424.7099914550781,418.6799926757813,4869500.0,"The Asset (Legenden, TV Series 2025) 'Netflix' Recap & Ending Explained: Can Ashley Ever Escape Miran’s World, or Is She Becoming the New Miran?; Crash Bandicoot Is Returning to Netflix, But I Hope It’s Nothing Like His Last Appearance; New on Netflix in November 2025 — here are the 5 best new shows and movies to stream; ‘Intense’ Danish thriller shoots up Netflix top 10"
2023-06-23,negative,418.5899963378906,424.0199890136719,425.8200073242188,417.7300109863281,8298600.0,Crash Bandicoot animated tv show apparently in the works at Netflix; Netflix’s Costly Fantasy Series Returns with Major Change in Just 3 Days; Netflix reaches settlement with ex-India legal head in gender bias lawsuit
2023-06-23,neutral,418.5899963378906,424.0199890136719,425.8200073242188,417.7300109863281,8298600.0,Netflix Releases ‘Physical: Asia’ Featuring Team Philippines Led By Manny Pacquiao; Bridgerton: Who Edwina Sharma marries in the books vs. the Netflix series; See Stranger Things Season 5 before anyone else on Netflix — here's how
2023-06-23,positive,418.5899963378906,424.0199890136719,425.8200073242188,417.7300109863281,8298600.0,"The Asset (Legenden, TV Series 2025) 'Netflix' Recap & Ending Explained: Can Ashley Ever Escape Miran’s World, or Is She Becoming the New Miran?; Crash Bandicoot Is Returning to Netflix, But I Hope It’s Nothing Like His Last Appearance; New on Netflix in November 2025 — here are the 5 best new shows and movies to stream; ‘Intense’ Danish thriller shoots up Netflix top 10"
2023-06-26,negative,422.4400024414063,415.9400024414063,430.9599914550781,414.8999938964844,4640000.0,Crash Bandicoot animated tv show apparently in the works at Netflix; Netflix’s Costly Fantasy Series Returns with Major Change in Just 3 Days; Netflix reaches settlement with ex-India legal head in gender bias lawsuit
2023-06-26,neutral,422.4400024414063,415.9400024414063,430.9599914550781,414.8999938964844,4640000.0,Netflix Releases ‘Physical: Asia’ Featuring Team Philippines Led By Manny Pacquiao; Bridgerton: Who Edwina Sharma marries in the books vs. the Netflix series; See Stranger Things Season 5 before anyone else on Netflix — here's how
2023-06-26,positive,422.4400024414063,415.9400024414063,430.9599914550781,414.8999938964844,4640000.0,"The Asset (Legenden, TV Series 2025) 'Netflix' Recap & Ending Explained: Can Ashley Ever Escape Miran’s World, or Is She Becoming the New Miran?; Crash Bandicoot Is Returning to Netflix, But I Hope It’s Nothing Like His Last Appearance; New on Netflix in November 2025 — here are the 5 best new shows and movies to stream; ‘Intense’ Danish thriller shoots up Netflix top 10"
2023-06-27,negative,417.3900146484375,417.0799865722656,420.8800048828125,411.5,4818100.0,Crash Bandicoot animated tv show apparently in the works at Netflix; Netflix’s Costly Fantasy Series Returns with Major Change in Just 3 Days; Netflix reaches settlement with ex-India legal head in gender bias lawsuit
2023-06-27,neutral,417.3900146484375,417.0799865722656,420.8800048828125,411.5,4818100.0,Netflix Releases ‘Physical: Asia’ Featuring Team Philippines Led By Manny Pacquiao; Bridgerton: Who Edwina Sharma marries in the books vs. the Netflix series; See Stranger Things Season 5 before anyone else on Netflix — here's how
2023-06-27,positive,417.3900146484375,417.0799865722656,420.8800048828125,411.5,4818100.0,"The Asset (Legenden, TV Series 2025) 'Netflix' Recap & Ending Explained: Can Ashley Ever Escape Miran’s World, or Is She Becoming the New Miran?; Crash Bandicoot Is Returning to Netflix, But I Hope It’s Nothing Like His Last Appearance; New on Netflix in November 2025 — here are the 5 best new shows and movies to stream; ‘Intense’ Danish thriller shoots up Netflix top 10"
2023-06-28,negative,423.1000061035156,429.8399963378906,437.2900085449219,422.8900146484375,8811300.0,Crash Bandicoot animated tv show apparently in the works at Netflix; Netflix’s Costly Fantasy Series Returns with Major Change in Just 3 Days; Netflix reaches settlement with ex-India legal head in gender bias lawsuit
2023-06-28,neutral,423.1000061035156,429.8399963378906,437.2900085449219,422.8900146484375,8811300.0,Netflix Releases ‘Physical: Asia’ Featuring Team Philippines Led By Manny Pacquiao; Bridgerton: Who Edwina Sharma marries in the books vs. the Netflix series; See Stranger Things Season 5 before anyone else on Netflix — here's how
2023-06-28,positive,423.1000061035156,429.8399963378906,437.2900085449219,422.8900146484375,8811300.0,"The Asset (Legenden, TV Series 2025) 'Netflix' Recap & Ending Explained: Can Ashley Ever Escape Miran’s World, or Is She Becoming the New Miran?; Crash Bandicoot Is Returning to Netflix, But I Hope It’s Nothing Like His Last Appearance; New on Netflix in November 2025 — here are the 5 best new shows and movies to stream; ‘Intense’ Danish thriller shoots up Netflix top 10"
2023-06-29,negative,434.3299865722656,428.239990234375,437.8500061035156,426.1499938964844,4932300.0,Crash Bandicoot animated tv show apparently in the works at Netflix; Netflix’s Costly Fantasy Series Returns with Major Change in Just 3 Days; Netflix reaches settlement with ex-India legal head in gender bias lawsuit
2023-06-29,neutral,434.3299865722656,428.239990234375,437.8500061035156,426.1499938964844,4932300.0,Netflix Releases ‘Physical: Asia’ Featuring Team Philippines Led By Manny Pacquiao; Bridgerton: Who Edwina Sharma marries in the books vs. the Netflix series; See Stranger Things Season 5 before anyone else on Netflix — here's how
2023-06-29,positive,434.3299865722656,428.239990234375,437.8500061035156,426.1499938964844,4932300.0,"The Asset (Legenden, TV Series 2025) 'Netflix' Recap & Ending Explained: Can Ashley Ever Escape Miran’s World, or Is She Becoming the New Miran?; Crash Bandicoot Is Returning to Netflix, But I Hope It’s Nothing Like His Last Appearance; New on Netflix in November 2025 — here are the 5 best new shows and movies to stream; ‘Intense’ Danish thriller shoots up Netflix top 10"
2023-06-30,negative,431.1000061035156,440.489990234375,444.1199951171875,431.1000061035156,7346400.0,Crash Bandicoot animated tv show apparently in the works at Netflix; Netflix’s Costly Fantasy Series Returns with Major Change in Just 3 Days; Netflix reaches settlement with ex-India legal head in gender bias lawsuit
2023-06-30,neutral,431.1000061035156,440.489990234375,444.1199951171875,431.1000061035156,7346400.0,Netflix Releases ‘Physical: Asia’ Featuring Team Philippines Led By Manny Pacquiao; Bridgerton: Who Edwina Sharma marries in the books vs. the Netflix series; See Stranger Things Season 5 before anyone else on Netflix — here's how
2023-06-30,positive,431.1000061035156,440.489990234375,444.1199951171875,431.1000061035156,7346400.0,"The Asset (Legenden, TV Series 2025) 'Netflix' Recap & Ending Explained: Can Ashley Ever Escape Miran’s World, or Is She Becoming the New Miran?; Crash Bandicoot Is Returning to Netflix, But I Hope It’s Nothing Like His Last Appearance; New on Netflix in November 2025 — here are the 5 best new shows and movies to stream; ‘Intense’ Danish thriller shoots up Netflix top 10"
2023-07-03,negative,439.760009765625,441.4400024414063,441.5499877929688,431.6199951171875,3733200.0,Crash Bandicoot animated tv show apparently in the works at Netflix; Netflix’s Costly Fantasy Series Returns with Major Change in Just 3 Days; Netflix reaches settlement with ex-India legal head in gender bias lawsuit
2023-07-03,neutral,439.760009765625,441.4400024414063,441.5499877929688,431.6199951171875,3733200.0,Netflix Releases ‘Physical: Asia’ Featuring Team Philippines Led By Manny Pacquiao; Bridgerton: Who Edwina Sharma marries in the books vs. the Netflix series; See Stranger Things Season 5 before anyone else on Netflix — here's how
2023-07-03,positive,439.760009765625,441.4400024414063,441.5499877929688,431.6199951171875,3733200.0,"The Asset (Legenden, TV Series 2025) 'Netflix' Recap & Ending Explained: Can Ashley Ever Escape Miran’s World, or Is She Becoming the New Miran?; Crash Bandicoot Is Returning to Netflix, But I Hope It’s Nothing Like His Last Appearance; New on Netflix in November 2025 — here are the 5 best new shows and movies to stream; ‘Intense’ Danish thriller shoots up Netflix top 10"
2023-07-05,negative,444.9100036621094,445.8999938964844,450.9700012207031,439.6199951171875,6869500.0,Crash Bandicoot animated tv show apparently in the works at Netflix; Netflix’s Costly Fantasy Series Returns with Major Change in Just 3 Days; Netflix reaches settlement with ex-India legal head in gender bias lawsuit
2023-07-05,neutral,444.9100036621094,445.8999938964844,450.9700012207031,439.6199951171875,6869500.0,Netflix Releases ‘Physical: Asia’ Featuring Team Philippines Led By Manny Pacquiao; Bridgerton: Who Edwina Sharma marries in the books vs. the Netflix series; See Stranger Things Season 5 before anyone else on Netflix — here's how
2023-07-05,positive,444.9100036621094,445.8999938964844,450.9700012207031,439.6199951171875,6869500.0,"The Asset (Legenden, TV Series 2025) 'Netflix' Recap & Ending Explained: Can Ashley Ever Escape Miran’s World, or Is She Becoming the New Miran?; Crash Bandicoot Is Returning to Netflix, But I Hope It’s Nothing Like His Last Appearance; New on Netflix in November 2025 — here are the 5 best new shows and movies to stream; ‘Intense’ Danish thriller shoots up Netflix top 10"
2023-07-06,negative,440.0,438.8399963378906,442.7999877929688,430.7200012207031,4938800.0,Crash Bandicoot animated tv show apparently in the works at Netflix; Netflix’s Costly Fantasy Series Returns with Major Change in Just 3 Days; Netflix reaches settlement with ex-India legal head in gender bias lawsuit
2023-07-06,neutral,440.0,438.8399963378906,442.7999877929688,430.7200012207031,4938800.0,Netflix Releases ‘Physical: Asia’ Featuring Team Philippines Led By Manny Pacquiao; Bridgerton: Who Edwina Sharma marries in the books vs. the Netflix series; See Stranger Things Season 5 before anyone else on Netflix — here's how
2023-07-06,positive,440.0,438.8399963378906,442.7999877929688,430.7200012207031,4938800.0,"The Asset (Legenden, TV Series 2025) 'Netflix' Recap & Ending Explained: Can Ashley Ever Escape Miran’s World, or Is She Becoming the New Miran?; Crash Bandicoot Is Returning to Netflix, But I Hope It’s Nothing Like His Last Appearance; New on Netflix in November 2025 — here are the 5 best new shows and movies to stream; ‘Intense’ Danish thriller shoots up Netflix top 10"
2023-07-07,negative,438.6000061035156,438.1000061035156,442.3299865722656,435.8399963378906,4165100.0,Crash Bandicoot animated tv show apparently in the works at Netflix; Netflix’s Costly Fantasy Series Returns with Major Change in Just 3 Days; Netflix reaches settlement with ex-India legal head in gender bias lawsuit
2023-07-07,neutral,438.6000061035156,438.1000061035156,442.3299865722656,435.8399963378906,4165100.0,Netflix Releases ‘Physical: Asia’ Featuring Team Philippines Led By Manny Pacquiao; Bridgerton: Who Edwina Sharma marries in the books vs. the Netflix series; See Stranger Things Season 5 before anyone else on Netflix — here's how
2023-07-07,positive,438.6000061035156,438.1000061035156,442.3299865722656,435.8399963378906,4165100.0,"The Asset (Legenden, TV Series 2025) 'Netflix' Recap & Ending Explained: Can Ashley Ever Escape Miran’s World, or Is She Becoming the New Miran?; Crash Bandicoot Is Returning to Netflix, But I Hope It’s Nothing Like His Last Appearance; New on Netflix in November 2025 — here are the 5 best new shows and movies to stream; ‘Intense’ Danish thriller shoots up Netflix top 10"
2023-07-10,negative,438.5199890136719,441.7099914550781,444.4100036621094,436.8200073242188,4251700.0,Crash Bandicoot animated tv show apparently in the works at Netflix; Netflix’s Costly Fantasy Series Returns with Major Change in Just 3 Days; Netflix reaches settlement with ex-India legal head in gender bias lawsuit
2023-07-10,neutral,438.5199890136719,441.7099914550781,444.4100036621094,436.8200073242188,4251700.0,Netflix Releases ‘Physical: Asia’ Featuring Team Philippines Led By Manny Pacquiao; Bridgerton: Who Edwina Sharma marries in the books vs. the Netflix series; See Stranger Things Season 5 before anyone else on Netflix — here's how
2023-07-10,positive,438.5199890136719,441.7099914550781,444.4100036621094,436.8200073242188,4251700.0,"The Asset (Legenden, TV Series 2025) 'Netflix' Recap & Ending Explained: Can Ashley Ever Escape Miran’s World, or Is She Becoming the New Miran?; Crash Bandicoot Is Returning to Netflix, But I Hope It’s Nothing Like His Last Appearance; New on Netflix in November 2025 — here are the 5 best new shows and movies to stream; ‘Intense’ Danish thriller shoots up Netflix top 10"
2023-07-11,negative,438.6499938964844,440.2099914550781,440.7999877929688,431.0400085449219,4569200.0,Crash Bandicoot animated tv show apparently in the works at Netflix; Netflix’s Costly Fantasy Series Returns with Major Change in Just 3 Days; Netflix reaches settlement with ex-India legal head in gender bias lawsuit
2023-07-11,neutral,438.6499938964844,440.2099914550781,440.7999877929688,431.0400085449219,4569200.0,Netflix Releases ‘Physical: Asia’ Featuring Team Philippines Led By Manny Pacquiao; Bridgerton: Who Edwina Sharma marries in the books vs. the Netflix series; See Stranger Things Season 5 before anyone else on Netflix — here's how
2023-07-11,positive,438.6499938964844,440.2099914550781,440.7999877929688,431.0400085449219,4569200.0,"The Asset (Legenden, TV Series 2025) 'Netflix' Recap & Ending Explained: Can Ashley Ever Escape Miran’s World, or Is She Becoming the New Miran?; Crash Bandicoot Is Returning to Netflix, But I Hope It’s Nothing Like His Last Appearance; New on Netflix in November 2025 — here are the 5 best new shows and movies to stream; ‘Intense’ Danish thriller shoots up Netflix top 10"
2023-07-12,negative,444.5499877929688,444.0499877929688,445.4100036621094,437.75,5731700.0,Crash Bandicoot animated tv show apparently in the works at Netflix; Netflix’s Costly Fantasy Series Returns with Major Change in Just 3 Days; Netflix reaches settlement with ex-India legal head in gender bias lawsuit
2023-07-12,neutral,444.5499877929688,444.0499877929688,445.4100036621094,437.75,5731700.0,Netflix Releases ‘Physical: Asia’ Featuring Team Philippines Led By Manny Pacquiao; Bridgerton: Who Edwina Sharma marries in the books vs. the Netflix series; See Stranger Things Season 5 before anyone else on Netflix — here's how
2023-07-12,positive,444.5499877929688,444.0499877929688,445.4100036621094,437.75,5731700.0,"The Asset (Legenden, TV Series 2025) 'Netflix' Recap & Ending Explained: Can Ashley Ever Escape Miran’s World, or Is She Becoming the New Miran?; Crash Bandicoot Is Returning to Netflix, But I Hope It’s Nothing Like His Last Appearance; New on Netflix in November 2025 — here are the 5 best new shows and movies to stream; ‘Intense’ Danish thriller shoots up Netflix top 10"
2023-07-13,negative,447.0,450.3800048828125,451.6700134277344,441.1799926757813,6157500.0,Crash Bandicoot animated tv show apparently in the works at Netflix; Netflix’s Costly Fantasy Series Returns with Major Change in Just 3 Days; Netflix reaches settlement with ex-India legal head in gender bias lawsuit
2023-07-13,neutral,447.0,450.3800048828125,451.6700134277344,441.1799926757813,6157500.0,Netflix Releases ‘Physical: Asia’ Featuring Team Philippines Led By Manny Pacquiao; Bridgerton: Who Edwina Sharma marries in the books vs. the Netflix series; See Stranger Things Season 5 before anyone else on Netflix — here's how
2023-07-13,positive,447.0,450.3800048828125,451.6700134277344,441.1799926757813,6157500.0,"The Asset (Legenden, TV Series 2025) 'Netflix' Recap & Ending Explained: Can Ashley Ever Escape Miran’s World, or Is She Becoming the New Miran?; Crash Bandicoot Is Returning to Netflix, But I Hope It’s Nothing Like His Last Appearance; New on Netflix in November 2025 — here are the 5 best new shows and movies to stream; ‘Intense’ Danish thriller shoots up Netflix top 10"
2023-07-14,negative,452.7900085449219,441.9100036621094,456.4800109863281,439.7000122070313,7195900.0,Crash Bandicoot animated tv show apparently in the works at Netflix; Netflix’s Costly Fantasy Series Returns with Major Change in Just 3 Days; Netflix reaches settlement with ex-India legal head in gender bias lawsuit
2023-07-14,neutral,452.7900085449219,441.9100036621094,456.4800109863281,439.7000122070313,7195900.0,Netflix Releases ‘Physical: Asia’ Featuring Team Philippines Led By Manny Pacquiao; Bridgerton: Who Edwina Sharma marries in the books vs. the Netflix series; See Stranger Things Season 5 before anyone else on Netflix — here's how
2023-07-14,positive,452.7900085449219,441.9100036621094,456.4800109863281,439.7000122070313,7195900.0,"The Asset (Legenden, TV Series 2025) 'Netflix' Recap & Ending Explained: Can Ashley Ever Escape Miran’s World, or Is She Becoming the New Miran?; Crash Bandicoot Is Returning to Netflix, But I Hope It’s Nothing Like His Last Appearance; New on Netflix in November 2025 — here are the 5 best new shows and movies to stream; ‘Intense’ Danish thriller shoots up Netflix top 10"
2023-07-17,negative,445.5700073242188,450.0499877929688,456.6799926757813,445.1099853515625,6891700.0,Crash Bandicoot animated tv show apparently in the works at Netflix; Netflix’s Costly Fantasy Series Returns with Major Change in Just 3 Days; Netflix reaches settlement with ex-India legal head in gender bias lawsuit
2023-07-17,neutral,445.5700073242188,450.0499877929688,456.6799926757813,445.1099853515625,6891700.0,Netflix Releases ‘Physical: Asia’ Featuring Team Philippines Led By Manny Pacquiao; Bridgerton: Who Edwina Sharma marries in the books vs. the Netflix series; See Stranger Things Season 5 before anyone else on Netflix — here's how
2023-07-17,positive,445.5700073242188,450.0499877929688,456.6799926757813,445.1099853515625,6891700.0,"The Asset (Legenden, TV Series 2025) 'Netflix' Recap & Ending Explained: Can Ashley Ever Escape Miran’s World, or Is She Becoming the New Miran?; Crash Bandicoot Is Returning to Netflix, But I Hope It’s Nothing Like His Last Appearance; New on Netflix in November 2025 — here are the 5 best new shows and movies to stream; ‘Intense’ Danish thriller shoots up Netflix top 10"
2023-07-18,negative,451.0,474.7999877929688,478.1499938964844,448.7799987792969,13041800.0,Crash Bandicoot animated tv show apparently in the works at Netflix; Netflix’s Costly Fantasy Series Returns with Major Change in Just 3 Days
2023-07-18,neutral,451.0,474.7999877929688,478.1499938964844,448.7799987792969,13041800.0,Netflix Releases ‘Physical: Asia’ Featuring Team Philippines Led By Manny Pacquiao; Bridgerton: Who Edwina Sharma marries in the books vs. the Netflix series; See Stranger Things Season 5 before anyone else on Netflix — here's how
2023-07-18,positive,451.0,474.79998779296886,478.1499938964844,448.7799987792969,13041800.0,"A House of Dynamite Ending: What Really Happens in Kathryn Bigelow’s Netflix Thriller; The Asset (Legenden, TV Series 2025) 'Netflix' Recap & Ending Explained: Can Ashley Ever Escape Miran’s World, or Is She Becoming the New Miran?; Crash Bandicoot Is Returning to Netflix, But I Hope It’s Nothing Like His Last Appearance; New on Netflix in November 2025 — here are the 5 best new shows and movies to stream; ‘Intense’ Danish thriller shoots up Netflix top 10"
2023-07-19,negative,476.8599853515625,477.5899963378906,485.0,470.0,20996500.0,Crash Bandicoot animated tv show apparently in the works at Netflix; Netflix’s Costly Fantasy Series Returns with Major Change in Just 3 Days
2023-07-19,neutral,476.8599853515625,477.5899963378906,485.0,470.0,20996500.0,Netflix Releases ‘Physical: Asia’ Featuring Team Philippines Led By Manny Pacquiao; Bridgerton: Who Edwina Sharma marries in the books vs. the Netflix series; See Stranger Things Season 5 before anyone else on Netflix — here's how
2023-07-19,positive,476.8599853515625,477.5899963378906,485.0,470.0,20996500.0,"A House of Dynamite Ending: What Really Happens in Kathryn Bigelow’s Netflix Thriller; The Asset (Legenden, TV Series 2025) 'Netflix' Recap & Ending Explained: Can Ashley Ever Escape Miran’s World, or Is She Becoming the New Miran?; Crash Bandicoot Is Returning to Netflix, But I Hope It’s Nothing Like His Last Appearance; New on Netflix in November 2025 — here are the 5 best new shows and movies to stream; ‘Intense’ Danish thriller shoots up Netflix top 10"
2023-07-20,negative,447.0,437.4200134277344,448.5,432.0,23989700.0,Crash Bandicoot animated tv show apparently in the works at Netflix; Netflix’s Costly Fantasy Series Returns with Major Change in Just 3 Days
2023-07-20,neutral,447.0,437.4200134277344,448.5,432.0,23989700.0,Netflix Releases ‘Physical: Asia’ Featuring Team Philippines Led By Manny Pacquiao; Bridgerton: Who Edwina Sharma marries in the books vs. the Netflix series; See Stranger Things Season 5 before anyone else on Netflix — here's how
2023-07-20,positive,447.0,437.4200134277344,448.5,432.0,23989700.0,"A House of Dynamite Ending: What Really Happens in Kathryn Bigelow’s Netflix Thriller; The Asset (Legenden, TV Series 2025) 'Netflix' Recap & Ending Explained: Can Ashley Ever Escape Miran’s World, or Is She Becoming the New Miran?; Crash Bandicoot Is Returning to Netflix, But I Hope It’s Nothing Like His Last Appearance; New on Netflix in November 2025 — here are the 5 best new shows and movies to stream; ‘Intense’ Danish thriller shoots up Netflix top 10"
2023-07-21,negative,437.3699951171875,427.5,438.239990234375,423.1900024414063,17340000.0,Crash Bandicoot animated tv show apparently in the works at Netflix; Netflix’s Costly Fantasy Series Returns with Major Change in Just 3 Days
2023-07-21,neutral,437.3699951171875,427.5,438.239990234375,423.1900024414063,17340000.0,Netflix Releases ‘Physical: Asia’ Featuring Team Philippines Led By Manny Pacquiao; Bridgerton: Who Edwina Sharma marries in the books vs. the Netflix series; See Stranger Things Season 5 before anyone else on Netflix — here's how
2023-07-21,positive,437.3699951171875,427.5,438.239990234375,423.19000244140636,17340000.0,"A House of Dynamite Ending: What Really Happens in Kathryn Bigelow’s Netflix Thriller; The Asset (Legenden, TV Series 2025) 'Netflix' Recap & Ending Explained: Can Ashley Ever Escape Miran’s World, or Is She Becoming the New Miran?; Crash Bandicoot Is Returning to Netflix, But I Hope It’s Nothing Like His Last Appearance; New on Netflix in November 2025 — here are the 5 best new shows and movies to stream; ‘Intense’ Danish thriller shoots up Netflix top 10"
2023-07-24,negative,425.0,428.3699951171875,428.6400146484375,419.1900024414063,8264400.0,Crash Bandicoot animated tv show apparently in the works at Netflix; Netflix’s Costly Fantasy Series Returns with Major Change in Just 3 Days
2023-07-24,neutral,425.0,428.3699951171875,428.6400146484375,419.1900024414063,8264400.0,Netflix Releases ‘Physical: Asia’ Featuring Team Philippines Led By Manny Pacquiao; Bridgerton: Who Edwina Sharma marries in the books vs. the Netflix series; See Stranger Things Season 5 before anyone else on Netflix — here's how
2023-07-24,positive,425.0,428.3699951171875,428.6400146484375,419.19000244140636,8264400.0,"A House of Dynamite Ending: What Really Happens in Kathryn Bigelow’s Netflix Thriller; The Asset (Legenden, TV Series 2025) 'Netflix' Recap & Ending Explained: Can Ashley Ever Escape Miran’s World, or Is She Becoming the New Miran?; Crash Bandicoot Is Returning to Netflix, But I Hope It’s Nothing Like His Last Appearance; New on Netflix in November 2025 — here are the 5 best new shows and movies to stream; ‘Intense’ Danish thriller shoots up Netflix top 10"
2023-07-25,negative,427.1799926757813,427.7000122070313,430.8800048828125,426.1300048828125,4859800.0,Crash Bandicoot animated tv show apparently in the works at Netflix; Netflix’s Costly Fantasy Series Returns with Major Change in Just 3 Days
2023-07-25,neutral,427.1799926757813,427.7000122070313,430.8800048828125,426.1300048828125,4859800.0,Netflix Releases ‘Physical: Asia’ Featuring Team Philippines Led By Manny Pacquiao; Bridgerton: Who Edwina Sharma marries in the books vs. the Netflix series; See Stranger Things Season 5 before anyone else on Netflix — here's how
2023-07-25,positive,427.17999267578136,427.70001220703136,430.8800048828125,426.1300048828125,4859800.0,"A House of Dynamite Ending: What Really Happens in Kathryn Bigelow’s Netflix Thriller; The Asset (Legenden, TV Series 2025) 'Netflix' Recap & Ending Explained: Can Ashley Ever Escape Miran’s World, or Is She Becoming the New Miran?; Crash Bandicoot Is Returning to Netflix, But I Hope It’s Nothing Like His Last Appearance; New on Netflix in November 2025 — here are the 5 best new shows and movies to stream; ‘Intense’ Danish thriller shoots up Netflix top 10"
2023-07-26,negative,424.2000122070313,422.6700134277344,425.260009765625,415.5899963378906,6009200.0,Crash Bandicoot animated tv show apparently in the works at Netflix; Netflix’s Costly Fantasy Series Returns with Major Change in Just 3 Days
2023-07-26,neutral,424.2000122070313,422.6700134277344,425.260009765625,415.5899963378906,6009200.0,Netflix Releases ‘Physical: Asia’ Featuring Team Philippines Led By Manny Pacquiao; Bridgerton: Who Edwina Sharma marries in the books vs. the Netflix series; See Stranger Things Season 5 before anyone else on Netflix — here's how
2023-07-26,positive,424.20001220703136,422.6700134277344,425.260009765625,415.5899963378906,6009200.0,"A House of Dynamite Ending: What Really Happens in Kathryn Bigelow’s Netflix Thriller; The Asset (Legenden, TV Series 2025) 'Netflix' Recap & Ending Explained: Can Ashley Ever Escape Miran’s World, or Is She Becoming the New Miran?; Crash Bandicoot Is Returning to Netflix, But I Hope It’s Nothing Like His Last Appearance; New on Netflix in November 2025 — here are the 5 best new shows and movies to stream; ‘Intense’ Danish thriller shoots up Netflix top 10"
2023-07-27,negative,426.8999938964844,413.1700134277344,427.5199890136719,411.8800048828125,6594500.0,Crash Bandicoot animated tv show apparently in the works at Netflix; Netflix’s Costly Fantasy Series Returns with Major Change in Just 3 Days
2023-07-27,neutral,426.8999938964844,413.1700134277344,427.5199890136719,411.8800048828125,6594500.0,Netflix Releases ‘Physical: Asia’ Featuring Team Philippines Led By Manny Pacquiao; Bridgerton: Who Edwina Sharma marries in the books vs. the Netflix series; See Stranger Things Season 5 before anyone else on Netflix — here's how
2023-07-27,positive,426.8999938964844,413.1700134277344,427.5199890136719,411.8800048828125,6594500.0,"A House of Dynamite Ending: What Really Happens in Kathryn Bigelow’s Netflix Thriller; The Asset (Legenden, TV Series 2025) 'Netflix' Recap & Ending Explained: Can Ashley Ever Escape Miran’s World, or Is She Becoming the New Miran?; Crash Bandicoot Is Returning to Netflix, But I Hope It’s Nothing Like His Last Appearance; New on Netflix in November 2025 — here are the 5 best new shows and movies to stream; ‘Intense’ Danish thriller shoots up Netflix top 10"
2023-08-02,negative,435.2300109863281,429.7000122070313,435.55999755859375,426.55999755859375,4912200.0,ITAT deletes ₹445 cr TP adjustment on Netflix India; rejects revenue’s bid to treat it as content or tech; Watch: Stranger Things Season 5 trailer goes viral after Netflix accidentally shares clip; 'Filthy and 2 hours sleep': What it's like on Netflix's most traumatic show
2023-08-02,neutral,435.2300109863281,429.7000122070313,435.55999755859375,426.55999755859375,4912200.0,Netflix Documentary Ignites Three Major Leads in Amy Bradley Cold Case; What time is The Witcher season 4 released on Netflix?; Canal+ takes on Netflix in Africa with $3bn bet on satellite TV
2023-08-02,positive,435.2300109863281,429.7000122070313,435.55999755859375,426.55999755859375,4912200.0,"One Piece Season 2 Release Date Finally Confirmed: Netflix Sets Sail for Epic Grand Line Adventure; Movie With Will Smith’s Oscar Winning Role To Hit Netflix Soon; Netflix SA film ' Love and Wine' faces copycat criticism; Netflix reveals 5 new features coming to streaming app, including real-time voting and 'party games'"
2023-08-03,negative,427.7999877929688,431.0,441.9299926757813,427.1900024414063,6243900.0,ITAT deletes ₹445 cr TP adjustment on Netflix India; rejects revenue’s bid to treat it as content or tech; Watch: Stranger Things Season 5 trailer goes viral after Netflix accidentally shares clip; 'Filthy and 2 hours sleep': What it's like on Netflix's most traumatic show
2023-08-03,neutral,427.7999877929688,431.0,441.9299926757813,427.1900024414063,6243900.0,Netflix Documentary Ignites Three Major Leads in Amy Bradley Cold Case; What time is The Witcher season 4 released on Netflix?; Canal+ takes on Netflix in Africa with $3bn bet on satellite TV
2023-08-03,positive,427.7999877929688,431.0,441.9299926757813,427.1900024414063,6243900.0,"One Piece Season 2 Release Date Finally Confirmed: Netflix Sets Sail for Epic Grand Line Adventure; Movie With Will Smith’s Oscar Winning Role To Hit Netflix Soon; Netflix SA film ' Love and Wine' faces copycat criticism; Netflix reveals 5 new features coming to streaming app, including real-time voting and 'party games'"
2023-08-04,negative,433.05999755859375,431.6000061035156,436.5,426.2699890136719,5441800.0,ITAT deletes ₹445 cr TP adjustment on Netflix India; rejects revenue’s bid to treat it as content or tech; Watch: Stranger Things Season 5 trailer goes viral after Netflix accidentally shares clip; 'Filthy and 2 hours sleep': What it's like on Netflix's most traumatic show
2023-08-04,neutral,433.05999755859375,431.6000061035156,436.5,426.2699890136719,5441800.0,Netflix Documentary Ignites Three Major Leads in Amy Bradley Cold Case; What time is The Witcher season 4 released on Netflix?; Canal+ takes on Netflix in Africa with $3bn bet on satellite TV
2023-08-04,positive,433.05999755859375,431.6000061035156,436.5,426.2699890136719,5441800.0,"One Piece Season 2 Release Date Finally Confirmed: Netflix Sets Sail for Epic Grand Line Adventure; Movie With Will Smith’s Oscar Winning Role To Hit Netflix Soon; Netflix SA film ' Love and Wine' faces copycat criticism; Netflix reveals 5 new features coming to streaming app, including real-time voting and 'party games'"
2023-08-07,negative,436.4599914550781,440.760009765625,441.1099853515625,428.9100036621094,4781300.0,ITAT deletes ₹445 cr TP adjustment on Netflix India; rejects revenue’s bid to treat it as content or tech; Watch: Stranger Things Season 5 trailer goes viral after Netflix accidentally shares clip; 'Filthy and 2 hours sleep': What it's like on Netflix's most traumatic show
2023-08-07,neutral,436.4599914550781,440.760009765625,441.1099853515625,428.9100036621094,4781300.0,Netflix Documentary Ignites Three Major Leads in Amy Bradley Cold Case; What time is The Witcher season 4 released on Netflix?; Canal+ takes on Netflix in Africa with $3bn bet on satellite TV
2023-08-07,positive,436.4599914550781,440.760009765625,441.1099853515625,428.9100036621094,4781300.0,"One Piece Season 2 Release Date Finally Confirmed: Netflix Sets Sail for Epic Grand Line Adventure; Movie With Will Smith’s Oscar Winning Role To Hit Netflix Soon; Netflix SA film ' Love and Wine' faces copycat criticism; Netflix reveals 5 new features coming to streaming app, including real-time voting and 'party games'"
2023-08-08,negative,440.3599853515625,438.2999877929688,443.5700073242188,435.1000061035156,3767200.0,ITAT deletes ₹445 cr TP adjustment on Netflix India; rejects revenue’s bid to treat it as content or tech; Watch: Stranger Things Season 5 trailer goes viral after Netflix accidentally shares clip; 'Filthy and 2 hours sleep': What it's like on Netflix's most traumatic show
2023-08-08,neutral,440.3599853515625,438.2999877929688,443.5700073242188,435.1000061035156,3767200.0,Netflix Documentary Ignites Three Major Leads in Amy Bradley Cold Case; What time is The Witcher season 4 released on Netflix?; Canal+ takes on Netflix in Africa with $3bn bet on satellite TV
2023-08-08,positive,440.3599853515625,438.2999877929688,443.5700073242188,435.1000061035156,3767200.0,"One Piece Season 2 Release Date Finally Confirmed: Netflix Sets Sail for Epic Grand Line Adventure; Movie With Will Smith’s Oscar Winning Role To Hit Netflix Soon; Netflix SA film ' Love and Wine' faces copycat criticism; Netflix reveals 5 new features coming to streaming app, including real-time voting and 'party games'"
2023-08-09,negative,439.739990234375,428.8999938964844,440.6199951171875,427.5899963378906,3846600.0,ITAT deletes ₹445 cr TP adjustment on Netflix India; rejects revenue’s bid to treat it as content or tech; Watch: Stranger Things Season 5 trailer goes viral after Netflix accidentally shares clip; 'Filthy and 2 hours sleep': What it's like on Netflix's most traumatic show
2023-08-09,neutral,439.739990234375,428.8999938964844,440.6199951171875,427.5899963378906,3846600.0,Netflix Documentary Ignites Three Major Leads in Amy Bradley Cold Case; What time is The Witcher season 4 released on Netflix?; Canal+ takes on Netflix in Africa with $3bn bet on satellite TV
2023-08-09,positive,439.739990234375,428.8999938964844,440.6199951171875,427.5899963378906,3846600.0,"One Piece Season 2 Release Date Finally Confirmed: Netflix Sets Sail for Epic Grand Line Adventure; Movie With Will Smith’s Oscar Winning Role To Hit Netflix Soon; Netflix SA film ' Love and Wine' faces copycat criticism; Netflix reveals 5 new features coming to streaming app, including real-time voting and 'party games'"
2023-08-10,negative,431.1199951171875,429.9800109863281,438.1199951171875,428.6900024414063,5467600.0,ITAT deletes ₹445 cr TP adjustment on Netflix India; rejects revenue’s bid to treat it as content or tech; Watch: Stranger Things Season 5 trailer goes viral after Netflix accidentally shares clip; 'Filthy and 2 hours sleep': What it's like on Netflix's most traumatic show
2023-08-10,neutral,431.1199951171875,429.9800109863281,438.1199951171875,428.6900024414063,5467600.0,Netflix Documentary Ignites Three Major Leads in Amy Bradley Cold Case; What time is The Witcher season 4 released on Netflix?; Canal+ takes on Netflix in Africa with $3bn bet on satellite TV
2023-08-10,positive,431.1199951171875,429.9800109863281,438.1199951171875,428.6900024414063,5467600.0,"One Piece Season 2 Release Date Finally Confirmed: Netflix Sets Sail for Epic Grand Line Adventure; Movie With Will Smith’s Oscar Winning Role To Hit Netflix Soon; Netflix SA film ' Love and Wine' faces copycat criticism; Netflix reveals 5 new features coming to streaming app, including real-time voting and 'party games'"
2023-08-11,negative,428.9800109863281,421.6600036621094,430.6300048828125,421.3299865722656,3927900.0,ITAT deletes ₹445 cr TP adjustment on Netflix India; rejects revenue’s bid to treat it as content or tech; Watch: Stranger Things Season 5 trailer goes viral after Netflix accidentally shares clip; 'Filthy and 2 hours sleep': What it's like on Netflix's most traumatic show
2023-08-11,neutral,428.9800109863281,421.6600036621094,430.6300048828125,421.3299865722656,3927900.0,Netflix Documentary Ignites Three Major Leads in Amy Bradley Cold Case; What time is The Witcher season 4 released on Netflix?; Canal+ takes on Netflix in Africa with $3bn bet on satellite TV
2023-08-11,positive,428.9800109863281,421.6600036621094,430.6300048828125,421.3299865722656,3927900.0,"One Piece Season 2 Release Date Finally Confirmed: Netflix Sets Sail for Epic Grand Line Adventure; Movie With Will Smith’s Oscar Winning Role To Hit Netflix Soon; Netflix SA film ' Love and Wine' faces copycat criticism; Netflix reveals 5 new features coming to streaming app, including real-time voting and 'party games'"
2023-08-14,negative,421.989990234375,427.7799987792969,428.8500061035156,418.7799987792969,3966000.0,ITAT deletes ₹445 cr TP adjustment on Netflix India; rejects revenue’s bid to treat it as content or tech; Watch: Stranger Things Season 5 trailer goes viral after Netflix accidentally shares clip; 'Filthy and 2 hours sleep': What it's like on Netflix's most traumatic show
2023-08-14,neutral,421.989990234375,427.7799987792969,428.8500061035156,418.7799987792969,3966000.0,Netflix Documentary Ignites Three Major Leads in Amy Bradley Cold Case; What time is The Witcher season 4 released on Netflix?; Canal+ takes on Netflix in Africa with $3bn bet on satellite TV
2023-08-14,positive,421.989990234375,427.7799987792969,428.8500061035156,418.7799987792969,3966000.0,"One Piece Season 2 Release Date Finally Confirmed: Netflix Sets Sail for Epic Grand Line Adventure; Movie With Will Smith’s Oscar Winning Role To Hit Netflix Soon; Netflix SA film ' Love and Wine' faces copycat criticism; Netflix reveals 5 new features coming to streaming app, including real-time voting and 'party games'"
2023-08-15,negative,424.4100036621094,423.7000122070313,429.1199951171875,421.0400085449219,3368000.0,ITAT deletes ₹445 cr TP adjustment on Netflix India; rejects revenue’s bid to treat it as content or tech; Watch: Stranger Things Season 5 trailer goes viral after Netflix accidentally shares clip; 'Filthy and 2 hours sleep': What it's like on Netflix's most traumatic show
2023-08-15,neutral,424.4100036621094,423.7000122070313,429.1199951171875,421.0400085449219,3368000.0,Netflix Documentary Ignites Three Major Leads in Amy Bradley Cold Case; What time is The Witcher season 4 released on Netflix?; Canal+ takes on Netflix in Africa with $3bn bet on satellite TV
2023-08-15,positive,424.4100036621094,423.7000122070313,429.1199951171875,421.0400085449219,3368000.0,"One Piece Season 2 Release Date Finally Confirmed: Netflix Sets Sail for Epic Grand Line Adventure; Movie With Will Smith’s Oscar Winning Role To Hit Netflix Soon; Netflix SA film ' Love and Wine' faces copycat criticism; Netflix reveals 5 new features coming to streaming app, including real-time voting and 'party games'"
2023-08-16,negative,423.7300109863281,415.4500122070313,424.510009765625,415.25,3967000.0,ITAT deletes ₹445 cr TP adjustment on Netflix India; rejects revenue’s bid to treat it as content or tech; Watch: Stranger Things Season 5 trailer goes viral after Netflix accidentally shares clip; 'Filthy and 2 hours sleep': What it's like on Netflix's most traumatic show
2023-08-16,neutral,423.7300109863281,415.4500122070313,424.510009765625,415.25,3967000.0,Netflix Documentary Ignites Three Major Leads in Amy Bradley Cold Case; What time is The Witcher season 4 released on Netflix?; Canal+ takes on Netflix in Africa with $3bn bet on satellite TV
2023-08-16,positive,423.7300109863281,415.4500122070313,424.510009765625,415.25,3967000.0,"One Piece Season 2 Release Date Finally Confirmed: Netflix Sets Sail for Epic Grand Line Adventure; Movie With Will Smith’s Oscar Winning Role To Hit Netflix Soon; Netflix SA film ' Love and Wine' faces copycat criticism; Netflix reveals 5 new features coming to streaming app, including real-time voting and 'party games'"
2023-08-17,negative,415.0,403.0,415.239990234375,401.5799865722656,6031500.0,ITAT deletes ₹445 cr TP adjustment on Netflix India; rejects revenue’s bid to treat it as content or tech; Watch: Stranger Things Season 5 trailer goes viral after Netflix accidentally shares clip; 'Filthy and 2 hours sleep': What it's like on Netflix's most traumatic show
2023-08-17,neutral,415.0,403.0,415.239990234375,401.5799865722656,6031500.0,Netflix Documentary Ignites Three Major Leads in Amy Bradley Cold Case; What time is The Witcher season 4 released on Netflix?; Canal+ takes on Netflix in Africa with $3bn bet on satellite TV
2023-08-17,positive,415.0,403.0,415.239990234375,401.5799865722656,6031500.0,"One Piece Season 2 Release Date Finally Confirmed: Netflix Sets Sail for Epic Grand Line Adventure; Movie With Will Smith’s Oscar Winning Role To Hit Netflix Soon; Netflix SA film ' Love and Wine' faces copycat criticism; Netflix reveals 5 new features coming to streaming app, including real-time voting and 'party games'"
2023-08-18,negative,399.3299865722656,404.5299987792969,406.5199890136719,398.1499938964844,4312200.0,ITAT deletes ₹445 cr TP adjustment on Netflix India; rejects revenue’s bid to treat it as content or tech; Watch: Stranger Things Season 5 trailer goes viral after Netflix accidentally shares clip; 'Filthy and 2 hours sleep': What it's like on Netflix's most traumatic show
2023-08-18,neutral,399.3299865722656,404.5299987792969,406.5199890136719,398.1499938964844,4312200.0,Netflix Documentary Ignites Three Major Leads in Amy Bradley Cold Case; What time is The Witcher season 4 released on Netflix?; Canal+ takes on Netflix in Africa with $3bn bet on satellite TV
2023-08-18,positive,399.3299865722656,404.5299987792969,406.5199890136719,398.1499938964844,4312200.0,"One Piece Season 2 Release Date Finally Confirmed: Netflix Sets Sail for Epic Grand Line Adventure; Movie With Will Smith’s Oscar Winning Role To Hit Netflix Soon; Netflix SA film ' Love and Wine' faces copycat criticism; Netflix reveals 5 new features coming to streaming app, including real-time voting and 'party games'"
2023-08-21,negative,402.2300109863281,408.2900085449219,409.6099853515625,399.5,3861600.0,ITAT deletes ₹445 cr TP adjustment on Netflix India; rejects revenue’s bid to treat it as content or tech; Watch: Stranger Things Season 5 trailer goes viral after Netflix accidentally shares clip; 'Filthy and 2 hours sleep': What it's like on Netflix's most traumatic show
2023-08-21,neutral,402.2300109863281,408.2900085449219,409.6099853515625,399.5,3861600.0,Netflix Documentary Ignites Three Major Leads in Amy Bradley Cold Case; What time is The Witcher season 4 released on Netflix?; Canal+ takes on Netflix in Africa with $3bn bet on satellite TV
2023-08-21,positive,402.2300109863281,408.2900085449219,409.6099853515625,399.5,3861600.0,"One Piece Season 2 Release Date Finally Confirmed: Netflix Sets Sail for Epic Grand Line Adventure; Movie With Will Smith’s Oscar Winning Role To Hit Netflix Soon; Netflix SA film ' Love and Wine' faces copycat criticism; Netflix reveals 5 new features coming to streaming app, including real-time voting and 'party games'"
2023-08-22,negative,409.0,413.1700134277344,415.739990234375,407.3999938964844,3599700.0,ITAT deletes ₹445 cr TP adjustment on Netflix India; rejects revenue’s bid to treat it as content or tech; Watch: Stranger Things Season 5 trailer goes viral after Netflix accidentally shares clip; 'Filthy and 2 hours sleep': What it's like on Netflix's most traumatic show
2023-08-22,neutral,409.0,413.1700134277344,415.739990234375,407.3999938964844,3599700.0,Netflix Documentary Ignites Three Major Leads in Amy Bradley Cold Case; What time is The Witcher season 4 released on Netflix?; Canal+ takes on Netflix in Africa with $3bn bet on satellite TV
2023-08-22,positive,409.0,413.1700134277344,415.739990234375,407.3999938964844,3599700.0,"One Piece Season 2 Release Date Finally Confirmed: Netflix Sets Sail for Epic Grand Line Adventure; Movie With Will Smith’s Oscar Winning Role To Hit Netflix Soon; Netflix SA film ' Love and Wine' faces copycat criticism; Netflix reveals 5 new features coming to streaming app, including real-time voting and 'party games'"
2023-08-23,negative,418.3999938964844,427.5499877929688,437.0199890136719,417.7099914550781,8174700.0,ITAT deletes ₹445 cr TP adjustment on Netflix India; rejects revenue’s bid to treat it as content or tech; Watch: Stranger Things Season 5 trailer goes viral after Netflix accidentally shares clip; 'Filthy and 2 hours sleep': What it's like on Netflix's most traumatic show
2023-08-23,neutral,418.3999938964844,427.5499877929688,437.0199890136719,417.7099914550781,8174700.0,Netflix Documentary Ignites Three Major Leads in Amy Bradley Cold Case; What time is The Witcher season 4 released on Netflix?; Canal+ takes on Netflix in Africa with $3bn bet on satellite TV
2023-08-23,positive,418.3999938964844,427.5499877929688,437.0199890136719,417.7099914550781,8174700.0,"One Piece Season 2 Release Date Finally Confirmed: Netflix Sets Sail for Epic Grand Line Adventure; Movie With Will Smith’s Oscar Winning Role To Hit Netflix Soon; Netflix SA film ' Love and Wine' faces copycat criticism; Netflix reveals 5 new features coming to streaming app, including real-time voting and 'party games'"
2023-08-24,negative,425.4100036621094,406.9299926757813,427.5899963378906,406.1700134277344,5687800.0,ITAT deletes ₹445 cr TP adjustment on Netflix India; rejects revenue’s bid to treat it as content or tech; Watch: Stranger Things Season 5 trailer goes viral after Netflix accidentally shares clip; 'Filthy and 2 hours sleep': What it's like on Netflix's most traumatic show
2023-08-24,neutral,425.4100036621094,406.9299926757813,427.5899963378906,406.1700134277344,5687800.0,Netflix Documentary Ignites Three Major Leads in Amy Bradley Cold Case; What time is The Witcher season 4 released on Netflix?; Canal+ takes on Netflix in Africa with $3bn bet on satellite TV
2023-08-24,positive,425.4100036621094,406.9299926757813,427.5899963378906,406.1700134277344,5687800.0,"One Piece Season 2 Release Date Finally Confirmed: Netflix Sets Sail for Epic Grand Line Adventure; Movie With Will Smith’s Oscar Winning Role To Hit Netflix Soon; Netflix SA film ' Love and Wine' faces copycat criticism; Netflix reveals 5 new features coming to streaming app, including real-time voting and 'party games'"
2023-08-25,negative,412.0,416.0299987792969,419.25,407.55999755859375,5390900.0,ITAT deletes ₹445 cr TP adjustment on Netflix India; rejects revenue’s bid to treat it as content or tech; Watch: Stranger Things Season 5 trailer goes viral after Netflix accidentally shares clip; 'Filthy and 2 hours sleep': What it's like on Netflix's most traumatic show
2023-08-25,neutral,412.0,416.0299987792969,419.25,407.55999755859375,5390900.0,Netflix Documentary Ignites Three Major Leads in Amy Bradley Cold Case; What time is The Witcher season 4 released on Netflix?; Canal+ takes on Netflix in Africa with $3bn bet on satellite TV
2023-08-25,positive,412.0,416.0299987792969,419.25,407.55999755859375,5390900.0,"One Piece Season 2 Release Date Finally Confirmed: Netflix Sets Sail for Epic Grand Line Adventure; Movie With Will Smith’s Oscar Winning Role To Hit Netflix Soon; Netflix SA film ' Love and Wine' faces copycat criticism; Netflix reveals 5 new features coming to streaming app, including real-time voting and 'party games'"
2023-08-28,negative,418.0400085449219,418.05999755859375,419.8299865722656,413.2699890136719,2928600.0,ITAT deletes ₹445 cr TP adjustment on Netflix India; rejects revenue’s bid to treat it as content or tech; Watch: Stranger Things Season 5 trailer goes viral after Netflix accidentally shares clip; 'Filthy and 2 hours sleep': What it's like on Netflix's most traumatic show
2023-08-28,neutral,418.0400085449219,418.05999755859375,419.8299865722656,413.2699890136719,2928600.0,Netflix Documentary Ignites Three Major Leads in Amy Bradley Cold Case; What time is The Witcher season 4 released on Netflix?; Canal+ takes on Netflix in Africa with $3bn bet on satellite TV
2023-08-28,positive,418.0400085449219,418.05999755859375,419.8299865722656,413.2699890136719,2928600.0,"One Piece Season 2 Release Date Finally Confirmed: Netflix Sets Sail for Epic Grand Line Adventure; Movie With Will Smith’s Oscar Winning Role To Hit Netflix Soon; Netflix SA film ' Love and Wine' faces copycat criticism; Netflix reveals 5 new features coming to streaming app, including real-time voting and 'party games'"
2023-08-29,negative,416.0,429.989990234375,432.1700134277344,414.5,4486700.0,ITAT deletes ₹445 cr TP adjustment on Netflix India; rejects revenue’s bid to treat it as content or tech; Watch: Stranger Things Season 5 trailer goes viral after Netflix accidentally shares clip; 'Filthy and 2 hours sleep': What it's like on Netflix's most traumatic show
2023-08-29,neutral,416.0,429.989990234375,432.1700134277344,414.5,4486700.0,Netflix Documentary Ignites Three Major Leads in Amy Bradley Cold Case; What time is The Witcher season 4 released on Netflix?; Canal+ takes on Netflix in Africa with $3bn bet on satellite TV
2023-08-29,positive,416.0,429.989990234375,432.1700134277344,414.5,4486700.0,"One Piece Season 2 Release Date Finally Confirmed: Netflix Sets Sail for Epic Grand Line Adventure; Movie With Will Smith’s Oscar Winning Role To Hit Netflix Soon; Netflix SA film ' Love and Wine' faces copycat criticism; Netflix reveals 5 new features coming to streaming app, including real-time voting and 'party games'"
2023-08-30,negative,430.8500061035156,434.6700134277344,438.1600036621094,428.3500061035156,3625400.0,ITAT deletes ₹445 cr TP adjustment on Netflix India; rejects revenue’s bid to treat it as content or tech; Watch: Stranger Things Season 5 trailer goes viral after Netflix accidentally shares clip; 'Filthy and 2 hours sleep': What it's like on Netflix's most traumatic show
2023-08-30,neutral,430.8500061035156,434.6700134277344,438.1600036621094,428.3500061035156,3625400.0,Netflix Documentary Ignites Three Major Leads in Amy Bradley Cold Case; What time is The Witcher season 4 released on Netflix?; Canal+ takes on Netflix in Africa with $3bn bet on satellite TV
2023-08-30,positive,430.8500061035156,434.6700134277344,438.1600036621094,428.3500061035156,3625400.0,"One Piece Season 2 Release Date Finally Confirmed: Netflix Sets Sail for Epic Grand Line Adventure; Movie With Will Smith’s Oscar Winning Role To Hit Netflix Soon; Netflix SA film ' Love and Wine' faces copycat criticism; Netflix reveals 5 new features coming to streaming app, including real-time voting and 'party games'"
2023-08-31,negative,431.2300109863281,433.6799926757813,437.1499938964844,431.2300109863281,3803000.0,ITAT deletes ₹445 cr TP adjustment on Netflix India; rejects revenue’s bid to treat it as content or tech; Watch: Stranger Things Season 5 trailer goes viral after Netflix accidentally shares clip; 'Filthy and 2 hours sleep': What it's like on Netflix's most traumatic show
2023-08-31,neutral,431.2300109863281,433.6799926757813,437.1499938964844,431.2300109863281,3803000.0,Netflix Documentary Ignites Three Major Leads in Amy Bradley Cold Case; What time is The Witcher season 4 released on Netflix?; Canal+ takes on Netflix in Africa with $3bn bet on satellite TV
2023-08-31,positive,431.2300109863281,433.6799926757813,437.1499938964844,431.2300109863281,3803000.0,"One Piece Season 2 Release Date Finally Confirmed: Netflix Sets Sail for Epic Grand Line Adventure; Movie With Will Smith’s Oscar Winning Role To Hit Netflix Soon; Netflix SA film ' Love and Wine' faces copycat criticism; Netflix reveals 5 new features coming to streaming app, including real-time voting and 'party games'"
2023-09-01,negative,437.7300109863281,439.8800048828125,445.5,435.9299926757813,4793400.0,ITAT deletes ₹445 cr TP adjustment on Netflix India; rejects revenue’s bid to treat it as content or tech; Watch: Stranger Things Season 5 trailer goes viral after Netflix accidentally shares clip; 'Filthy and 2 hours sleep': What it's like on Netflix's most traumatic show
2023-09-01,neutral,437.7300109863281,439.8800048828125,445.5,435.9299926757813,4793400.0,Netflix Documentary Ignites Three Major Leads in Amy Bradley Cold Case; What time is The Witcher season 4 released on Netflix?; Canal+ takes on Netflix in Africa with $3bn bet on satellite TV
2023-09-01,positive,437.7300109863281,439.8800048828125,445.5,435.9299926757813,4793400.0,"One Piece Season 2 Release Date Finally Confirmed: Netflix Sets Sail for Epic Grand Line Adventure; Movie With Will Smith’s Oscar Winning Role To Hit Netflix Soon; Netflix SA film ' Love and Wine' faces copycat criticism; Netflix reveals 5 new features coming to streaming app, including real-time voting and 'party games'"
2023-09-05,negative,438.3900146484375,448.6799926757813,453.4500122070313,438.0,6155900.0,ITAT deletes ₹445 cr TP adjustment on Netflix India; rejects revenue’s bid to treat it as content or tech; Watch: Stranger Things Season 5 trailer goes viral after Netflix accidentally shares clip; 'Filthy and 2 hours sleep': What it's like on Netflix's most traumatic show
2023-09-05,neutral,438.3900146484375,448.6799926757813,453.4500122070313,438.0,6155900.0,Netflix Documentary Ignites Three Major Leads in Amy Bradley Cold Case; What time is The Witcher season 4 released on Netflix?; Canal+ takes on Netflix in Africa with $3bn bet on satellite TV
2023-09-05,positive,438.3900146484375,448.6799926757813,453.4500122070313,438.0,6155900.0,"One Piece Season 2 Release Date Finally Confirmed: Netflix Sets Sail for Epic Grand Line Adventure; Movie With Will Smith’s Oscar Winning Role To Hit Netflix Soon; Netflix SA film ' Love and Wine' faces copycat criticism; Netflix reveals 5 new features coming to streaming app, including real-time voting and 'party games'"
2023-09-06,negative,448.6099853515625,445.760009765625,451.3900146484375,440.489990234375,3862300.0,ITAT deletes ₹445 cr TP adjustment on Netflix India; rejects revenue’s bid to treat it as content or tech; Watch: Stranger Things Season 5 trailer goes viral after Netflix accidentally shares clip; 'Filthy and 2 hours sleep': What it's like on Netflix's most traumatic show
2023-09-06,neutral,448.6099853515625,445.760009765625,451.3900146484375,440.489990234375,3862300.0,Netflix Documentary Ignites Three Major Leads in Amy Bradley Cold Case; What time is The Witcher season 4 released on Netflix?; Canal+ takes on Netflix in Africa with $3bn bet on satellite TV
2023-09-06,positive,448.6099853515625,445.760009765625,451.3900146484375,440.489990234375,3862300.0,"One Piece Season 2 Release Date Finally Confirmed: Netflix Sets Sail for Epic Grand Line Adventure; Movie With Will Smith’s Oscar Winning Role To Hit Netflix Soon; Netflix SA film ' Love and Wine' faces copycat criticism; Netflix reveals 5 new features coming to streaming app, including real-time voting and 'party games'"
2023-09-07,negative,441.1499938964844,443.1400146484375,444.6000061035156,436.7000122070313,2922700.0,ITAT deletes ₹445 cr TP adjustment on Netflix India; rejects revenue’s bid to treat it as content or tech; Watch: Stranger Things Season 5 trailer goes viral after Netflix accidentally shares clip; 'Filthy and 2 hours sleep': What it's like on Netflix's most traumatic show
2023-09-07,neutral,441.1499938964844,443.1400146484375,444.6000061035156,436.7000122070313,2922700.0,Netflix Documentary Ignites Three Major Leads in Amy Bradley Cold Case; What time is The Witcher season 4 released on Netflix?; Canal+ takes on Netflix in Africa with $3bn bet on satellite TV
2023-09-07,positive,441.1499938964844,443.1400146484375,444.6000061035156,436.7000122070313,2922700.0,"One Piece Season 2 Release Date Finally Confirmed: Netflix Sets Sail for Epic Grand Line Adventure; Movie With Will Smith’s Oscar Winning Role To Hit Netflix Soon; Netflix SA film ' Love and Wine' faces copycat criticism; Netflix reveals 5 new features coming to streaming app, including real-time voting and 'party games'"
2023-09-08,negative,443.55999755859375,442.7999877929688,446.80999755859375,438.8500061035156,2697500.0,ITAT deletes ₹445 cr TP adjustment on Netflix India; rejects revenue’s bid to treat it as content or tech; Watch: Stranger Things Season 5 trailer goes viral after Netflix accidentally shares clip; 'Filthy and 2 hours sleep': What it's like on Netflix's most traumatic show
2023-09-08,neutral,443.55999755859375,442.7999877929688,446.80999755859375,438.8500061035156,2697500.0,Netflix Documentary Ignites Three Major Leads in Amy Bradley Cold Case; What time is The Witcher season 4 released on Netflix?; Canal+ takes on Netflix in Africa with $3bn bet on satellite TV
2023-09-08,positive,443.55999755859375,442.7999877929688,446.80999755859375,438.8500061035156,2697500.0,"One Piece Season 2 Release Date Finally Confirmed: Netflix Sets Sail for Epic Grand Line Adventure; Movie With Will Smith’s Oscar Winning Role To Hit Netflix Soon; Netflix SA film ' Love and Wine' faces copycat criticism; Netflix reveals 5 new features coming to streaming app, including real-time voting and 'party games'"
2023-09-11,negative,443.0700073242188,445.3599853515625,449.8900146484375,442.75,2913800.0,ITAT deletes ₹445 cr TP adjustment on Netflix India; rejects revenue’s bid to treat it as content or tech; Watch: Stranger Things Season 5 trailer goes viral after Netflix accidentally shares clip; 'Filthy and 2 hours sleep': What it's like on Netflix's most traumatic show
2023-09-11,neutral,443.0700073242188,445.3599853515625,449.8900146484375,442.75,2913800.0,Netflix Documentary Ignites Three Major Leads in Amy Bradley Cold Case; What time is The Witcher season 4 released on Netflix?; Canal+ takes on Netflix in Africa with $3bn bet on satellite TV
2023-09-11,positive,443.0700073242188,445.3599853515625,449.8900146484375,442.75,2913800.0,"Acclaimed Movie That Won Will Smith an Oscar Is Coming to Netflix; One Piece Season 2 Release Date Finally Confirmed: Netflix Sets Sail for Epic Grand Line Adventure; Netflix SA film ' Love and Wine' faces copycat criticism; Netflix reveals 5 new features coming to streaming app, including real-time voting and 'party games'"
2023-09-12,negative,442.8500061035156,434.6900024414063,445.4400024414063,434.1199951171875,3124000.0,ITAT deletes ₹445 cr TP adjustment on Netflix India; rejects revenue’s bid to treat it as content or tech; Watch: Stranger Things Season 5 trailer goes viral after Netflix accidentally shares clip; 'Filthy and 2 hours sleep': What it's like on Netflix's most traumatic show
2023-09-12,neutral,442.8500061035156,434.6900024414063,445.4400024414063,434.1199951171875,3124000.0,Netflix Documentary Ignites Three Major Leads in Amy Bradley Cold Case; What time is The Witcher season 4 released on Netflix?; Canal+ takes on Netflix in Africa with $3bn bet on satellite TV
2023-09-12,positive,442.8500061035156,434.6900024414063,445.4400024414063,434.1199951171875,3124000.0,"Acclaimed Movie That Won Will Smith an Oscar Is Coming to Netflix; One Piece Season 2 Release Date Finally Confirmed: Netflix Sets Sail for Epic Grand Line Adventure; Netflix SA film ' Love and Wine' faces copycat criticism; Netflix reveals 5 new features coming to streaming app, including real-time voting and 'party games'"
2023-09-13,negative,435.5,412.239990234375,438.3999938964844,410.6900024414063,11843000.0,ITAT deletes ₹445 cr TP adjustment on Netflix India; rejects revenue’s bid to treat it as content or tech; Watch: Stranger Things Season 5 trailer goes viral after Netflix accidentally shares clip; 'Filthy and 2 hours sleep': What it's like on Netflix's most traumatic show
2023-09-13,neutral,435.5,412.239990234375,438.3999938964844,410.6900024414063,11843000.0,Netflix Documentary Ignites Three Major Leads in Amy Bradley Cold Case; What time is The Witcher season 4 released on Netflix?; Canal+ takes on Netflix in Africa with $3bn bet on satellite TV
2023-09-13,positive,435.5,412.239990234375,438.3999938964844,410.6900024414063,11843000.0,"Acclaimed Movie That Won Will Smith an Oscar Is Coming to Netflix; One Piece Season 2 Release Date Finally Confirmed: Netflix Sets Sail for Epic Grand Line Adventure; Netflix SA film ' Love and Wine' faces copycat criticism; Netflix reveals 5 new features coming to streaming app, including real-time voting and 'party games'"
2023-09-14,negative,410.3999938964844,400.489990234375,411.3900146484375,400.0,10709000.0,ITAT deletes ₹445 cr TP adjustment on Netflix India; rejects revenue’s bid to treat it as content or tech; Watch: Stranger Things Season 5 trailer goes viral after Netflix accidentally shares clip; 'Filthy and 2 hours sleep': What it's like on Netflix's most traumatic show
2023-09-14,neutral,410.3999938964844,400.489990234375,411.3900146484375,400.0,10709000.0,Netflix Documentary Ignites Three Major Leads in Amy Bradley Cold Case; What time is The Witcher season 4 released on Netflix?; Canal+ takes on Netflix in Africa with $3bn bet on satellite TV
2023-09-14,positive,410.3999938964844,400.489990234375,411.3900146484375,400.0,10709000.0,"Acclaimed Movie That Won Will Smith an Oscar Is Coming to Netflix; One Piece Season 2 Release Date Finally Confirmed: Netflix Sets Sail for Epic Grand Line Adventure; Netflix SA film ' Love and Wine' faces copycat criticism; Netflix reveals 5 new features coming to streaming app, including real-time voting and 'party games'"
2023-09-15,negative,401.0,396.9400024414063,404.7000122070313,395.0299987792969,9116700.0,ITAT deletes ₹445 cr TP adjustment on Netflix India; rejects revenue’s bid to treat it as content or tech; Watch: Stranger Things Season 5 trailer goes viral after Netflix accidentally shares clip; 'Filthy and 2 hours sleep': What it's like on Netflix's most traumatic show
2023-09-15,neutral,401.0,396.9400024414063,404.7000122070313,395.0299987792969,9116700.0,Netflix Documentary Ignites Three Major Leads in Amy Bradley Cold Case; What time is The Witcher season 4 released on Netflix?; Canal+ takes on Netflix in Africa with $3bn bet on satellite TV
2023-09-15,positive,401.0,396.9400024414063,404.7000122070313,395.0299987792969,9116700.0,"Acclaimed Movie That Won Will Smith an Oscar Is Coming to Netflix; One Piece Season 2 Release Date Finally Confirmed: Netflix Sets Sail for Epic Grand Line Adventure; Netflix SA film ' Love and Wine' faces copycat criticism; Netflix reveals 5 new features coming to streaming app, including real-time voting and 'party games'"
2023-09-18,negative,395.5,394.3999938964844,399.4700012207031,392.6000061035156,4704700.0,ITAT deletes ₹445 cr TP adjustment on Netflix India; rejects revenue’s bid to treat it as content or tech; Watch: Stranger Things Season 5 trailer goes viral after Netflix accidentally shares clip; 'Filthy and 2 hours sleep': What it's like on Netflix's most traumatic show
2023-09-18,neutral,395.5,394.3999938964844,399.4700012207031,392.6000061035156,4704700.0,Netflix Documentary Ignites Three Major Leads in Amy Bradley Cold Case; What time is The Witcher season 4 released on Netflix?; Canal+ takes on Netflix in Africa with $3bn bet on satellite TV
2023-09-18,positive,395.5,394.3999938964844,399.4700012207031,392.6000061035156,4704700.0,"Acclaimed Movie That Won Will Smith an Oscar Is Coming to Netflix; One Piece Season 2 Release Date Finally Confirmed: Netflix Sets Sail for Epic Grand Line Adventure; Netflix SA film ' Love and Wine' faces copycat criticism; Netflix reveals 5 new features coming to streaming app, including real-time voting and 'party games'"
2023-09-19,negative,392.8399963378906,396.2000122070313,398.2300109863281,390.25,4076800.0,ITAT deletes ₹445 cr TP adjustment on Netflix India; rejects revenue’s bid to treat it as content or tech; Watch: Stranger Things Season 5 trailer goes viral after Netflix accidentally shares clip; 'Filthy and 2 hours sleep': What it's like on Netflix's most traumatic show
2023-09-19,neutral,392.8399963378906,396.2000122070313,398.2300109863281,390.25,4076800.0,Netflix Documentary Ignites Three Major Leads in Amy Bradley Cold Case; What time is The Witcher season 4 released on Netflix?; Canal+ takes on Netflix in Africa with $3bn bet on satellite TV
2023-09-19,positive,392.8399963378906,396.2000122070313,398.2300109863281,390.25,4076800.0,"Acclaimed Movie That Won Will Smith an Oscar Is Coming to Netflix; One Piece Season 2 Release Date Finally Confirmed: Netflix Sets Sail for Epic Grand Line Adventure; Netflix SA film ' Love and Wine' faces copycat criticism; Netflix reveals 5 new features coming to streaming app, including real-time voting and 'party games'"
2023-09-20,negative,397.0499877929688,386.2999877929688,397.989990234375,386.1199951171875,3866600.0,ITAT deletes ₹445 cr TP adjustment on Netflix India; rejects revenue’s bid to treat it as content or tech; Watch: Stranger Things Season 5 trailer goes viral after Netflix accidentally shares clip; 'Filthy and 2 hours sleep': What it's like on Netflix's most traumatic show
2023-09-20,neutral,397.0499877929688,386.2999877929688,397.989990234375,386.1199951171875,3866600.0,Netflix Documentary Ignites Three Major Leads in Amy Bradley Cold Case; What time is The Witcher season 4 released on Netflix?; Canal+ takes on Netflix in Africa with $3bn bet on satellite TV
2023-09-20,positive,397.0499877929688,386.2999877929688,397.989990234375,386.1199951171875,3866600.0,"Acclaimed Movie That Won Will Smith an Oscar Is Coming to Netflix; One Piece Season 2 Release Date Finally Confirmed: Netflix Sets Sail for Epic Grand Line Adventure; Netflix SA film ' Love and Wine' faces copycat criticism; Netflix reveals 5 new features coming to streaming app, including real-time voting and 'party games'"
2023-09-21,negative,386.5,384.1499938964844,395.8999938964844,383.4200134277344,5547900.0,ITAT deletes ₹445 cr TP adjustment on Netflix India; rejects revenue’s bid to treat it as content or tech; Watch: Stranger Things Season 5 trailer goes viral after Netflix accidentally shares clip; 'Filthy and 2 hours sleep': What it's like on Netflix's most traumatic show
2023-09-21,neutral,386.5,384.1499938964844,395.8999938964844,383.4200134277344,5547900.0,Netflix Documentary Ignites Three Major Leads in Amy Bradley Cold Case; What time is The Witcher season 4 released on Netflix?; Canal+ takes on Netflix in Africa with $3bn bet on satellite TV
2023-09-21,positive,386.5,384.1499938964844,395.8999938964844,383.4200134277344,5547900.0,"Acclaimed Movie That Won Will Smith an Oscar Is Coming to Netflix; One Piece Season 2 Release Date Finally Confirmed: Netflix Sets Sail for Epic Grand Line Adventure; Netflix SA film ' Love and Wine' faces copycat criticism; Netflix reveals 5 new features coming to streaming app, including real-time voting and 'party games'"
2023-09-22,negative,385.0,379.80999755859375,386.8800048828125,378.3599853515625,3692800.0,ITAT deletes ₹445 cr TP adjustment on Netflix India; rejects revenue’s bid to treat it as content or tech; Watch: Stranger Things Season 5 trailer goes viral after Netflix accidentally shares clip; 'Filthy and 2 hours sleep': What it's like on Netflix's most traumatic show
2023-09-22,neutral,385.0,379.80999755859375,386.8800048828125,378.3599853515625,3692800.0,Netflix Documentary Ignites Three Major Leads in Amy Bradley Cold Case; What time is The Witcher season 4 released on Netflix?; Canal+ takes on Netflix in Africa with $3bn bet on satellite TV
2023-09-22,positive,385.0,379.80999755859375,386.8800048828125,378.3599853515625,3692800.0,"Acclaimed Movie That Won Will Smith an Oscar Is Coming to Netflix; One Piece Season 2 Release Date Finally Confirmed: Netflix Sets Sail for Epic Grand Line Adventure; Netflix SA film ' Love and Wine' faces copycat criticism; Netflix reveals 5 new features coming to streaming app, including real-time voting and 'party games'"
2023-09-25,negative,382.8999938964844,384.7999877929688,386.6199951171875,380.80999755859375,3757300.0,ITAT deletes ₹445 cr TP adjustment on Netflix India; rejects revenue’s bid to treat it as content or tech; Watch: Stranger Things Season 5 trailer goes viral after Netflix accidentally shares clip; 'Filthy and 2 hours sleep': What it's like on Netflix's most traumatic show
2023-09-25,neutral,382.8999938964844,384.7999877929688,386.6199951171875,380.80999755859375,3757300.0,Netflix Documentary Ignites Three Major Leads in Amy Bradley Cold Case; What time is The Witcher season 4 released on Netflix?; Canal+ takes on Netflix in Africa with $3bn bet on satellite TV
2023-09-25,positive,382.8999938964844,384.7999877929688,386.6199951171875,380.80999755859375,3757300.0,"Acclaimed Movie That Won Will Smith an Oscar Is Coming to Netflix; One Piece Season 2 Release Date Finally Confirmed: Netflix Sets Sail for Epic Grand Line Adventure; Netflix SA film ' Love and Wine' faces copycat criticism; Netflix reveals 5 new features coming to streaming app, including real-time voting and 'party games'"
2023-09-26,negative,382.8800048828125,379.25,384.55999755859375,377.3599853515625,4089400.0,ITAT deletes ₹445 cr TP adjustment on Netflix India; rejects revenue’s bid to treat it as content or tech; Watch: Stranger Things Season 5 trailer goes viral after Netflix accidentally shares clip; 'Filthy and 2 hours sleep': What it's like on Netflix's most traumatic show
2023-09-26,neutral,382.8800048828125,379.25,384.55999755859375,377.3599853515625,4089400.0,Netflix Documentary Ignites Three Major Leads in Amy Bradley Cold Case; What time is The Witcher season 4 released on Netflix?; Canal+ takes on Netflix in Africa with $3bn bet on satellite TV
2023-09-26,positive,382.8800048828125,379.25,384.55999755859375,377.3599853515625,4089400.0,"Acclaimed Movie That Won Will Smith an Oscar Is Coming to Netflix; One Piece Season 2 Release Date Finally Confirmed: Netflix Sets Sail for Epic Grand Line Adventure; Netflix SA film ' Love and Wine' faces copycat criticism; Netflix reveals 5 new features coming to streaming app, including real-time voting and 'party games'"
2023-09-27,negative,382.3999938964844,377.5899963378906,384.2200012207031,376.25,3843500.0,ITAT deletes ₹445 cr TP adjustment on Netflix India; rejects revenue’s bid to treat it as content or tech; Watch: Stranger Things Season 5 trailer goes viral after Netflix accidentally shares clip; 'Filthy and 2 hours sleep': What it's like on Netflix's most traumatic show
2023-09-27,neutral,382.3999938964844,377.5899963378906,384.2200012207031,376.25,3843500.0,Netflix Documentary Ignites Three Major Leads in Amy Bradley Cold Case; What time is The Witcher season 4 released on Netflix?; Canal+ takes on Netflix in Africa with $3bn bet on satellite TV
2023-09-27,positive,382.3999938964844,377.5899963378906,384.2200012207031,376.25,3843500.0,"Acclaimed Movie That Won Will Smith an Oscar Is Coming to Netflix; One Piece Season 2 Release Date Finally Confirmed: Netflix Sets Sail for Epic Grand Line Adventure; Netflix SA film ' Love and Wine' faces copycat criticism; Netflix reveals 5 new features coming to streaming app, including real-time voting and 'party games'"
2023-09-28,negative,375.6000061035156,376.3599853515625,378.9599914550781,371.1000061035156,4369900.0,ITAT deletes ₹445 cr TP adjustment on Netflix India; rejects revenue’s bid to treat it as content or tech; Watch: Stranger Things Season 5 trailer goes viral after Netflix accidentally shares clip; 'Filthy and 2 hours sleep': What it's like on Netflix's most traumatic show
2023-09-28,neutral,375.6000061035156,376.3599853515625,378.9599914550781,371.1000061035156,4369900.0,Netflix Documentary Ignites Three Major Leads in Amy Bradley Cold Case; What time is The Witcher season 4 released on Netflix?; Canal+ takes on Netflix in Africa with $3bn bet on satellite TV
2023-09-28,positive,375.6000061035156,376.3599853515625,378.9599914550781,371.1000061035156,4369900.0,"Acclaimed Movie That Won Will Smith an Oscar Is Coming to Netflix; One Piece Season 2 Release Date Finally Confirmed: Netflix Sets Sail for Epic Grand Line Adventure; Netflix SA film ' Love and Wine' faces copycat criticism; Netflix reveals 5 new features coming to streaming app, including real-time voting and 'party games'"
2023-09-29,negative,380.0,377.6000061035156,382.5799865722656,375.3500061035156,4205300.0,ITAT deletes ₹445 cr TP adjustment on Netflix India; rejects revenue’s bid to treat it as content or tech; Watch: Stranger Things Season 5 trailer goes viral after Netflix accidentally shares clip; 'Filthy and 2 hours sleep': What it's like on Netflix's most traumatic show
2023-09-29,neutral,380.0,377.6000061035156,382.5799865722656,375.3500061035156,4205300.0,Netflix Documentary Ignites Three Major Leads in Amy Bradley Cold Case; What time is The Witcher season 4 released on Netflix?; Canal+ takes on Netflix in Africa with $3bn bet on satellite TV
2023-09-29,positive,380.0,377.6000061035156,382.5799865722656,375.3500061035156,4205300.0,"Acclaimed Movie That Won Will Smith an Oscar Is Coming to Netflix; One Piece Season 2 Release Date Finally Confirmed: Netflix Sets Sail for Epic Grand Line Adventure; Netflix SA film ' Love and Wine' faces copycat criticism; Netflix reveals 5 new features coming to streaming app, including real-time voting and 'party games'"
2023-10-02,negative,377.4800109863281,380.3299865722656,384.80999755859375,376.7999877929688,3102100.0,ITAT deletes ₹445 cr TP adjustment on Netflix India; rejects revenue’s bid to treat it as content or tech; Watch: Stranger Things Season 5 trailer goes viral after Netflix accidentally shares clip; 'Filthy and 2 hours sleep': What it's like on Netflix's most traumatic show
2023-10-02,neutral,377.4800109863281,380.3299865722656,384.80999755859375,376.7999877929688,3102100.0,Netflix Documentary Ignites Three Major Leads in Amy Bradley Cold Case; What time is The Witcher season 4 released on Netflix?; Canal+ takes on Netflix in Africa with $3bn bet on satellite TV
2023-10-02,positive,377.4800109863281,380.3299865722656,384.80999755859375,376.7999877929688,3102100.0,"Acclaimed Movie That Won Will Smith an Oscar Is Coming to Netflix; One Piece Season 2 Release Date Finally Confirmed: Netflix Sets Sail for Epic Grand Line Adventure; Netflix SA film ' Love and Wine' faces copycat criticism; Netflix reveals 5 new features coming to streaming app, including real-time voting and 'party games'"
2023-10-03,negative,377.1099853515625,376.75,394.8999938964844,372.8500061035156,8878100.0,ITAT deletes ₹445 cr TP adjustment on Netflix India; rejects revenue’s bid to treat it as content or tech; Watch: Stranger Things Season 5 trailer goes viral after Netflix accidentally shares clip; 'Filthy and 2 hours sleep': What it's like on Netflix's most traumatic show
2023-10-03,neutral,377.1099853515625,376.75,394.8999938964844,372.8500061035156,8878100.0,Netflix Documentary Ignites Three Major Leads in Amy Bradley Cold Case; What time is The Witcher season 4 released on Netflix?; Canal+ takes on Netflix in Africa with $3bn bet on satellite TV
2023-10-03,positive,377.1099853515625,376.75,394.8999938964844,372.8500061035156,8878100.0,"Acclaimed Movie That Won Will Smith an Oscar Is Coming to Netflix; One Piece Season 2 Release Date Finally Confirmed: Netflix Sets Sail for Epic Grand Line Adventure; Netflix SA film ' Love and Wine' faces copycat criticism; Netflix reveals 5 new features coming to streaming app, including real-time voting and 'party games'"
2023-10-05,negative,378.010009765625,372.5899963378906,378.6000061035156,367.239990234375,5034800.0,ITAT deletes ₹445 cr TP adjustment on Netflix India; rejects revenue’s bid to treat it as content or tech; Watch: Stranger Things Season 5 trailer goes viral after Netflix accidentally shares clip; 'Filthy and 2 hours sleep': What it's like on Netflix's most traumatic show
2023-10-05,neutral,378.010009765625,372.5899963378906,378.6000061035156,367.239990234375,5034800.0,Netflix Documentary Ignites Three Major Leads in Amy Bradley Cold Case; What time is The Witcher season 4 released on Netflix?; Canal+ takes on Netflix in Africa with $3bn bet on satellite TV
2023-10-05,positive,378.010009765625,372.5899963378906,378.6000061035156,367.239990234375,5034800.0,"Acclaimed Movie That Won Will Smith an Oscar Is Coming to Netflix; One Piece Season 2 Release Date Finally Confirmed: Netflix Sets Sail for Epic Grand Line Adventure; Netflix SA film ' Love and Wine' faces copycat criticism; Netflix reveals 5 new features coming to streaming app, including real-time voting and 'party games'"
2023-10-06,negative,368.4299926757813,381.510009765625,382.5199890136719,367.7699890136719,4778100.0,ITAT deletes ₹445 cr TP adjustment on Netflix India; rejects revenue’s bid to treat it as content or tech; Watch: Stranger Things Season 5 trailer goes viral after Netflix accidentally shares clip; 'Filthy and 2 hours sleep': What it's like on Netflix's most traumatic show
2023-10-06,neutral,368.4299926757813,381.510009765625,382.5199890136719,367.7699890136719,4778100.0,Netflix Documentary Ignites Three Major Leads in Amy Bradley Cold Case; What time is The Witcher season 4 released on Netflix?; Canal+ takes on Netflix in Africa with $3bn bet on satellite TV
2023-10-06,positive,368.4299926757813,381.510009765625,382.5199890136719,367.7699890136719,4778100.0,"Acclaimed Movie That Won Will Smith an Oscar Is Coming to Netflix; One Piece Season 2 Release Date Finally Confirmed: Netflix Sets Sail for Epic Grand Line Adventure; Netflix SA film ' Love and Wine' faces copycat criticism; Netflix reveals 5 new features coming to streaming app, including real-time voting and 'party games'"
2023-10-09,negative,378.0499877929688,385.9500122070313,387.1700134277344,377.760009765625,3299800.0,ITAT deletes ₹445 cr TP adjustment on Netflix India; rejects revenue’s bid to treat it as content or tech; Watch: Stranger Things Season 5 trailer goes viral after Netflix accidentally shares clip; 'Filthy and 2 hours sleep': What it's like on Netflix's most traumatic show
2023-10-09,neutral,378.0499877929688,385.9500122070313,387.1700134277344,377.760009765625,3299800.0,Netflix Documentary Ignites Three Major Leads in Amy Bradley Cold Case; What time is The Witcher season 4 released on Netflix?; Canal+ takes on Netflix in Africa with $3bn bet on satellite TV
2023-10-09,positive,378.0499877929688,385.9500122070313,387.1700134277344,377.760009765625,3299800.0,"Acclaimed Movie That Won Will Smith an Oscar Is Coming to Netflix; One Piece Season 2 Release Date Finally Confirmed: Netflix Sets Sail for Epic Grand Line Adventure; Netflix SA film ' Love and Wine' faces copycat criticism; Netflix reveals 5 new features coming to streaming app, including real-time voting and 'party games'"
2023-10-10,negative,385.5799865722656,373.3200073242188,388.7000122070313,372.25,7288900.0,ITAT deletes ₹445 cr TP adjustment on Netflix India; rejects revenue’s bid to treat it as content or tech; Watch: Stranger Things Season 5 trailer goes viral after Netflix accidentally shares clip; 'Filthy and 2 hours sleep': What it's like on Netflix's most traumatic show
2023-10-10,neutral,385.5799865722656,373.3200073242188,388.7000122070313,372.25,7288900.0,Netflix Documentary Ignites Three Major Leads in Amy Bradley Cold Case; What time is The Witcher season 4 released on Netflix?; Canal+ takes on Netflix in Africa with $3bn bet on satellite TV
2023-10-10,positive,385.5799865722656,373.3200073242188,388.7000122070313,372.25,7288900.0,"Acclaimed Movie That Won Will Smith an Oscar Is Coming to Netflix; One Piece Season 2 Release Date Finally Confirmed: Netflix Sets Sail for Epic Grand Line Adventure; Netflix SA film ' Love and Wine' faces copycat criticism; Netflix reveals 5 new features coming to streaming app, including real-time voting and 'party games'"
2023-10-11,negative,372.7799987792969,365.9299926757813,377.80999755859375,365.3399963378906,9151400.0,ITAT deletes ₹445 cr TP adjustment on Netflix India; rejects revenue’s bid to treat it as content or tech; Watch: Stranger Things Season 5 trailer goes viral after Netflix accidentally shares clip; 'Filthy and 2 hours sleep': What it's like on Netflix's most traumatic show
2023-10-11,neutral,372.7799987792969,365.9299926757813,377.80999755859375,365.3399963378906,9151400.0,Netflix Documentary Ignites Three Major Leads in Amy Bradley Cold Case; What time is The Witcher season 4 released on Netflix?; Canal+ takes on Netflix in Africa with $3bn bet on satellite TV
2023-10-11,positive,372.7799987792969,365.9299926757813,377.80999755859375,365.3399963378906,9151400.0,"Acclaimed Movie That Won Will Smith an Oscar Is Coming to Netflix; One Piece Season 2 Release Date Finally Confirmed: Netflix Sets Sail for Epic Grand Line Adventure; Netflix SA film ' Love and Wine' faces copycat criticism; Netflix reveals 5 new features coming to streaming app, including real-time voting and 'party games'"
2023-10-12,negative,366.4800109863281,361.2000122070313,368.8299865722656,359.04998779296875,7376100.0,ITAT deletes ₹445 cr TP adjustment on Netflix India; rejects revenue’s bid to treat it as content or tech; Watch: Stranger Things Season 5 trailer goes viral after Netflix accidentally shares clip; 'Filthy and 2 hours sleep': What it's like on Netflix's most traumatic show
2023-10-12,neutral,366.4800109863281,361.2000122070313,368.8299865722656,359.04998779296875,7376100.0,Netflix Documentary Ignites Three Major Leads in Amy Bradley Cold Case; What time is The Witcher season 4 released on Netflix?; Canal+ takes on Netflix in Africa with $3bn bet on satellite TV
2023-10-12,positive,366.4800109863281,361.2000122070313,368.8299865722656,359.04998779296875,7376100.0,"Acclaimed Movie That Won Will Smith an Oscar Is Coming to Netflix; One Piece Season 2 Release Date Finally Confirmed: Netflix Sets Sail for Epic Grand Line Adventure; Netflix SA film ' Love and Wine' faces copycat criticism; Netflix reveals 5 new features coming to streaming app, including real-time voting and 'party games'"
2023-10-13,negative,355.6400146484375,355.67999267578125,358.92999267578125,352.04998779296875,6312600.0,ITAT deletes ₹445 cr TP adjustment on Netflix India; rejects revenue’s bid to treat it as content or tech; Watch: Stranger Things Season 5 trailer goes viral after Netflix accidentally shares clip; 'Filthy and 2 hours sleep': What it's like on Netflix's most traumatic show
2023-10-13,neutral,355.6400146484375,355.67999267578125,358.92999267578125,352.04998779296875,6312600.0,Netflix Documentary Ignites Three Major Leads in Amy Bradley Cold Case; What time is The Witcher season 4 released on Netflix?; Canal+ takes on Netflix in Africa with $3bn bet on satellite TV
2023-10-13,positive,355.6400146484375,355.67999267578125,358.92999267578125,352.04998779296875,6312600.0,"Acclaimed Movie That Won Will Smith an Oscar Is Coming to Netflix; One Piece Season 2 Release Date Finally Confirmed: Netflix Sets Sail for Epic Grand Line Adventure; Netflix SA film ' Love and Wine' faces copycat criticism; Netflix reveals 5 new features coming to streaming app, including real-time voting and 'party games'"
2023-10-16,negative,356.2099914550781,360.8200073242188,363.0799865722656,354.7699890136719,5128900.0,ITAT deletes ₹445 cr TP adjustment on Netflix India; rejects revenue’s bid to treat it as content or tech; Watch: Stranger Things Season 5 trailer goes viral after Netflix accidentally shares clip; 'Filthy and 2 hours sleep': What it's like on Netflix's most traumatic show
2023-10-16,neutral,356.2099914550781,360.8200073242188,363.0799865722656,354.7699890136719,5128900.0,Netflix Documentary Ignites Three Major Leads in Amy Bradley Cold Case; What time is The Witcher season 4 released on Netflix?; Canal+ takes on Netflix in Africa with $3bn bet on satellite TV
2023-10-16,positive,356.2099914550781,360.8200073242188,363.0799865722656,354.7699890136719,5128900.0,"Acclaimed Movie That Won Will Smith an Oscar Is Coming to Netflix; One Piece Season 2 Release Date Finally Confirmed: Netflix Sets Sail for Epic Grand Line Adventure; Netflix SA film ' Love and Wine' faces copycat criticism; Netflix reveals 5 new features coming to streaming app, including real-time voting and 'party games'"
2023-10-17,negative,361.1000061035156,355.7200012207031,362.7000122070313,353.8900146484375,5908400.0,ITAT deletes ₹445 cr TP adjustment on Netflix India; rejects revenue’s bid to treat it as content or tech; Watch: Stranger Things Season 5 trailer goes viral after Netflix accidentally shares clip; 'Filthy and 2 hours sleep': What it's like on Netflix's most traumatic show
2023-10-17,neutral,361.1000061035156,355.7200012207031,362.7000122070313,353.8900146484375,5908400.0,Netflix Documentary Ignites Three Major Leads in Amy Bradley Cold Case; What time is The Witcher season 4 released on Netflix?; Canal+ takes on Netflix in Africa with $3bn bet on satellite TV
2023-10-17,positive,361.1000061035156,355.7200012207031,362.7000122070313,353.8900146484375,5908400.0,"Acclaimed Movie That Won Will Smith an Oscar Is Coming to Netflix; One Piece Season 2 Release Date Finally Confirmed: Netflix Sets Sail for Epic Grand Line Adventure; Netflix SA film ' Love and Wine' faces copycat criticism; Netflix reveals 5 new features coming to streaming app, including real-time voting and 'party games'"
2023-10-18,negative,351.0,346.19000244140625,354.7900085449219,344.7300109863281,11429600.0,ITAT deletes ₹445 cr TP adjustment on Netflix India; rejects revenue’s bid to treat it as content or tech; Watch: Stranger Things Season 5 trailer goes viral after Netflix accidentally shares clip; 'Filthy and 2 hours sleep': What it's like on Netflix's most traumatic show
2023-10-18,neutral,351.0,346.19000244140625,354.7900085449219,344.7300109863281,11429600.0,Netflix Documentary Ignites Three Major Leads in Amy Bradley Cold Case; What time is The Witcher season 4 released on Netflix?; Canal+ takes on Netflix in Africa with $3bn bet on satellite TV
2023-10-18,positive,351.0,346.19000244140625,354.7900085449219,344.7300109863281,11429600.0,Kantara 2 OTT Price: How Amazon Prime Outbid Netflix To Bag Rishab Shetty Film; Acclaimed Movie That Won Will Smith an Oscar Is Coming to Netflix; One Piece Season 2 Release Date Finally Confirmed: Netflix Sets Sail for Epic Grand Line Adventure; Netflix SA film ' Love and Wine' faces copycat criticism
2023-10-19,negative,404.739990234375,401.7699890136719,408.9500122070313,392.260009765625,28074400.0,ITAT deletes ₹445 cr TP adjustment on Netflix India; rejects revenue’s bid to treat it as content or tech; Watch: Stranger Things Season 5 trailer goes viral after Netflix accidentally shares clip; 'Filthy and 2 hours sleep': What it's like on Netflix's most traumatic show
2023-10-19,neutral,404.739990234375,401.7699890136719,408.9500122070313,392.260009765625,28074400.0,Netflix Documentary Ignites Three Major Leads in Amy Bradley Cold Case; What time is The Witcher season 4 released on Netflix?; Canal+ takes on Netflix in Africa with $3bn bet on satellite TV
2023-10-19,positive,404.739990234375,401.7699890136719,408.9500122070313,392.260009765625,28074400.0,"Acclaimed Movie That Won Will Smith an Oscar Is Coming to Netflix; One Piece Season 2 Release Date Finally Confirmed: Netflix Sets Sail for Epic Grand Line Adventure; Netflix SA film ' Love and Wine' faces copycat criticism; Netflix reveals 5 new features coming to streaming app, including real-time voting and 'party games'"
2023-10-20,negative,405.6300048828125,400.9599914550781,410.6400146484375,398.010009765625,12782900.0,ITAT deletes ₹445 cr TP adjustment on Netflix India; rejects revenue’s bid to treat it as content or tech; Watch: Stranger Things Season 5 trailer goes viral after Netflix accidentally shares clip; 'Filthy and 2 hours sleep': What it's like on Netflix's most traumatic show
2023-10-20,neutral,405.6300048828125,400.9599914550781,410.6400146484375,398.010009765625,12782900.0,Netflix Documentary Ignites Three Major Leads in Amy Bradley Cold Case; What time is The Witcher season 4 released on Netflix?; Canal+ takes on Netflix in Africa with $3bn bet on satellite TV
2023-10-20,positive,405.6300048828125,400.9599914550781,410.6400146484375,398.010009765625,12782900.0,"Acclaimed Movie That Won Will Smith an Oscar Is Coming to Netflix; One Piece Season 2 Release Date Finally Confirmed: Netflix Sets Sail for Epic Grand Line Adventure; Netflix SA film ' Love and Wine' faces copycat criticism; Netflix reveals 5 new features coming to streaming app, including real-time voting and 'party games'"
2023-10-23,negative,403.3200073242188,406.8399963378906,407.5400085449219,398.5199890136719,7390000.0,ITAT deletes ₹445 cr TP adjustment on Netflix India; rejects revenue’s bid to treat it as content or tech; Watch: Stranger Things Season 5 trailer goes viral after Netflix accidentally shares clip; 'Filthy and 2 hours sleep': What it's like on Netflix's most traumatic show
2023-10-23,neutral,403.3200073242188,406.8399963378906,407.5400085449219,398.5199890136719,7390000.0,Netflix Documentary Ignites Three Major Leads in Amy Bradley Cold Case; What time is The Witcher season 4 released on Netflix?; Canal+ takes on Netflix in Africa with $3bn bet on satellite TV
2023-10-23,positive,403.3200073242188,406.8399963378906,407.5400085449219,398.5199890136719,7390000.0,Kantara 2 OTT Price: How Amazon Prime Outbid Netflix To Bag Rishab Shetty Film; Acclaimed Movie That Won Will Smith an Oscar Is Coming to Netflix; One Piece Season 2 Release Date Finally Confirmed: Netflix Sets Sail for Epic Grand Line Adventure; Netflix SA film ' Love and Wine' faces copycat criticism
2023-10-24,negative,409.6799926757813,413.7300109863281,416.6900024414063,408.3900146484375,6459200.0,ITAT deletes ₹445 cr TP adjustment on Netflix India; rejects revenue’s bid to treat it as content or tech; Watch: Stranger Things Season 5 trailer goes viral after Netflix accidentally shares clip; 'Filthy and 2 hours sleep': What it's like on Netflix's most traumatic show
2023-10-24,neutral,409.6799926757813,413.7300109863281,416.6900024414063,408.3900146484375,6459200.0,Netflix Documentary Ignites Three Major Leads in Amy Bradley Cold Case; What time is The Witcher season 4 released on Netflix?; Canal+ takes on Netflix in Africa with $3bn bet on satellite TV
2023-10-24,positive,409.6799926757813,413.7300109863281,416.6900024414063,408.3900146484375,6459200.0,"Acclaimed Movie That Won Will Smith an Oscar Is Coming to Netflix; One Piece Season 2 Release Date Finally Confirmed: Netflix Sets Sail for Epic Grand Line Adventure; Netflix SA film ' Love and Wine' faces copycat criticism; Netflix reveals 5 new features coming to streaming app, including real-time voting and 'party games'"
2023-10-25,negative,416.0199890136719,411.25,418.8399963378906,410.1099853515625,6299600.0,ITAT deletes ₹445 cr TP adjustment on Netflix India; rejects revenue’s bid to treat it as content or tech; Watch: Stranger Things Season 5 trailer goes viral after Netflix accidentally shares clip; 'Filthy and 2 hours sleep': What it's like on Netflix's most traumatic show
2023-10-25,neutral,416.0199890136719,411.25,418.8399963378906,410.1099853515625,6299600.0,Netflix Documentary Ignites Three Major Leads in Amy Bradley Cold Case; What time is The Witcher season 4 released on Netflix?; Canal+ takes on Netflix in Africa with $3bn bet on satellite TV
2023-10-25,positive,416.0199890136719,411.25,418.8399963378906,410.1099853515625,6299600.0,"Acclaimed Movie That Won Will Smith an Oscar Is Coming to Netflix; One Piece Season 2 Release Date Finally Confirmed: Netflix Sets Sail for Epic Grand Line Adventure; Netflix SA film ' Love and Wine' faces copycat criticism; Netflix reveals 5 new features coming to streaming app, including real-time voting and 'party games'"
2023-10-26,negative,411.4200134277344,403.5400085449219,417.30999755859375,401.5400085449219,6849700.0,ITAT deletes ₹445 cr TP adjustment on Netflix India; rejects revenue’s bid to treat it as content or tech; Watch: Stranger Things Season 5 trailer goes viral after Netflix accidentally shares clip; 'Filthy and 2 hours sleep': What it's like on Netflix's most traumatic show
2023-10-26,neutral,411.4200134277344,403.5400085449219,417.30999755859375,401.5400085449219,6849700.0,Netflix Documentary Ignites Three Major Leads in Amy Bradley Cold Case; What time is The Witcher season 4 released on Netflix?; Canal+ takes on Netflix in Africa with $3bn bet on satellite TV
2023-10-26,positive,411.4200134277344,403.5400085449219,417.30999755859375,401.5400085449219,6849700.0,"Acclaimed Movie That Won Will Smith an Oscar Is Coming to Netflix; One Piece Season 2 Release Date Finally Confirmed: Netflix Sets Sail for Epic Grand Line Adventure; Netflix SA film ' Love and Wine' faces copycat criticism; Netflix reveals 5 new features coming to streaming app, including real-time voting and 'party games'"
2023-10-27,negative,406.4200134277344,397.8699951171875,410.2099914550781,395.6199951171875,4997600.0,ITAT deletes ₹445 cr TP adjustment on Netflix India; rejects revenue’s bid to treat it as content or tech; Watch: Stranger Things Season 5 trailer goes viral after Netflix accidentally shares clip; 'Filthy and 2 hours sleep': What it's like on Netflix's most traumatic show
2023-10-27,neutral,406.4200134277344,397.8699951171875,410.2099914550781,395.6199951171875,4997600.0,Netflix Documentary Ignites Three Major Leads in Amy Bradley Cold Case; What time is The Witcher season 4 released on Netflix?; Canal+ takes on Netflix in Africa with $3bn bet on satellite TV
2023-10-27,positive,406.4200134277344,397.8699951171875,410.2099914550781,395.6199951171875,4997600.0,"Acclaimed Movie That Won Will Smith an Oscar Is Coming to Netflix; One Piece Season 2 Release Date Finally Confirmed: Netflix Sets Sail for Epic Grand Line Adventure; Netflix SA film ' Love and Wine' faces copycat criticism; Netflix reveals 5 new features coming to streaming app, including real-time voting and 'party games'"
2023-10-30,negative,402.3500061035156,410.0799865722656,412.8200073242188,399.4100036621094,5317100.0,ITAT deletes ₹445 cr TP adjustment on Netflix India; rejects revenue’s bid to treat it as content or tech; Watch: Stranger Things Season 5 trailer goes viral after Netflix accidentally shares clip; 'Filthy and 2 hours sleep': What it's like on Netflix's most traumatic show
2023-10-30,neutral,402.3500061035156,410.0799865722656,412.8200073242188,399.4100036621094,5317100.0,Netflix Documentary Ignites Three Major Leads in Amy Bradley Cold Case; What time is The Witcher season 4 released on Netflix?; Canal+ takes on Netflix in Africa with $3bn bet on satellite TV
2023-10-30,positive,402.3500061035156,410.0799865722656,412.8200073242188,399.4100036621094,5317100.0,"Acclaimed Movie That Won Will Smith an Oscar Is Coming to Netflix; One Piece Season 2 Release Date Finally Confirmed: Netflix Sets Sail for Epic Grand Line Adventure; Netflix SA film ' Love and Wine' faces copycat criticism; Netflix reveals 5 new features coming to streaming app, including real-time voting and 'party games'"
2023-10-31,negative,409.239990234375,411.6900024414063,412.5199890136719,404.6300048828125,3877600.0,ITAT deletes ₹445 cr TP adjustment on Netflix India; rejects revenue’s bid to treat it as content or tech; Watch: Stranger Things Season 5 trailer goes viral after Netflix accidentally shares clip; 'Filthy and 2 hours sleep': What it's like on Netflix's most traumatic show
2023-10-31,neutral,409.239990234375,411.6900024414063,412.5199890136719,404.6300048828125,3877600.0,Netflix Documentary Ignites Three Major Leads in Amy Bradley Cold Case; What time is The Witcher season 4 released on Netflix?; Canal+ takes on Netflix in Africa with $3bn bet on satellite TV
2023-10-31,positive,409.239990234375,411.6900024414063,412.5199890136719,404.6300048828125,3877600.0,Kantara 2 OTT Price: How Amazon Prime Outbid Netflix To Bag Rishab Shetty Film; One Piece Season 2 Release Date Finally Confirmed: Netflix Sets Sail for Epic Grand Line Adventure; Movie With Will Smith’s Oscar Winning Role To Hit Netflix Soon; Netflix SA film ' Love and Wine' faces copycat criticism
2023-11-01,negative,414.7699890136719,420.1900024414063,420.6000061035156,414.1799926757813,4806100.0,ITAT deletes ₹445 cr TP adjustment on Netflix India; rejects revenue’s bid to treat it as content or tech; Watch: Stranger Things Season 5 trailer goes viral after Netflix accidentally shares clip; 'Filthy and 2 hours sleep': What it's like on Netflix's most traumatic show
2023-11-01,neutral,414.7699890136719,420.1900024414063,420.6000061035156,414.1799926757813,4806100.0,Netflix Documentary Ignites Three Major Leads in Amy Bradley Cold Case; What time is The Witcher season 4 released on Netflix?; Canal+ takes on Netflix in Africa with $3bn bet on satellite TV
2023-11-01,positive,414.7699890136719,420.1900024414063,420.6000061035156,414.1799926757813,4806100.0,Kantara 2 OTT Price: How Amazon Prime Outbid Netflix To Bag Rishab Shetty Film; One Piece Season 2 Release Date Finally Confirmed: Netflix Sets Sail for Epic Grand Line Adventure; Movie With Will Smith’s Oscar Winning Role To Hit Netflix Soon; Netflix SA film ' Love and Wine' faces copycat criticism
2023-11-02,negative,421.1700134277344,424.7099914550781,426.6900024414063,417.1000061035156,4476000.0,ITAT deletes ₹445 cr TP adjustment on Netflix India; rejects revenue’s bid to treat it as content or tech; Watch: Stranger Things Season 5 trailer goes viral after Netflix accidentally shares clip; 'Filthy and 2 hours sleep': What it's like on Netflix's most traumatic show
2023-11-02,neutral,421.1700134277344,424.7099914550781,426.6900024414063,417.1000061035156,4476000.0,Netflix Documentary Ignites Three Major Leads in Amy Bradley Cold Case; What time is The Witcher season 4 released on Netflix?; Canal+ takes on Netflix in Africa with $3bn bet on satellite TV
2023-11-02,positive,421.1700134277344,424.7099914550781,426.6900024414063,417.1000061035156,4476000.0,Kantara 2 OTT Price: How Amazon Prime Outbid Netflix To Bag Rishab Shetty Film; One Piece Season 2 Release Date Finally Confirmed: Netflix Sets Sail for Epic Grand Line Adventure; Movie With Will Smith’s Oscar Winning Role To Hit Netflix Soon; Netflix SA film ' Love and Wine' faces copycat criticism
2023-11-03,negative,428.760009765625,432.3599853515625,434.8200073242188,425.5299987792969,3667100.0,ITAT deletes ₹445 cr TP adjustment on Netflix India; rejects revenue’s bid to treat it as content or tech; Watch: Stranger Things Season 5 trailer goes viral after Netflix accidentally shares clip; 'Filthy and 2 hours sleep': What it's like on Netflix's most traumatic show
2023-11-03,neutral,428.760009765625,432.3599853515625,434.8200073242188,425.5299987792969,3667100.0,Netflix Documentary Ignites Three Major Leads in Amy Bradley Cold Case; What time is The Witcher season 4 released on Netflix?; Canal+ takes on Netflix in Africa with $3bn bet on satellite TV
2023-11-03,positive,428.760009765625,432.3599853515625,434.8200073242188,425.5299987792969,3667100.0,Kantara 2 OTT Price: How Amazon Prime Outbid Netflix To Bag Rishab Shetty Film; One Piece Season 2 Release Date Finally Confirmed: Netflix Sets Sail for Epic Grand Line Adventure; Movie With Will Smith’s Oscar Winning Role To Hit Netflix Soon; Netflix SA film ' Love and Wine' faces copycat criticism
2023-11-06,negative,434.3800048828125,434.739990234375,435.0299987792969,429.6099853515625,3003200.0,ITAT deletes ₹445 cr TP adjustment on Netflix India; rejects revenue’s bid to treat it as content or tech; Watch: Stranger Things Season 5 trailer goes viral after Netflix accidentally shares clip; 'Filthy and 2 hours sleep': What it's like on Netflix's most traumatic show
2023-11-06,neutral,434.3800048828125,434.739990234375,435.0299987792969,429.6099853515625,3003200.0,Netflix Documentary Ignites Three Major Leads in Amy Bradley Cold Case; What time is The Witcher season 4 released on Netflix?; Canal+ takes on Netflix in Africa with $3bn bet on satellite TV
2023-11-06,positive,434.3800048828125,434.739990234375,435.0299987792969,429.6099853515625,3003200.0,Kantara 2 OTT Price: How Amazon Prime Outbid Netflix To Bag Rishab Shetty Film; One Piece Season 2 Release Date Finally Confirmed: Netflix Sets Sail for Epic Grand Line Adventure; Movie With Will Smith’s Oscar Winning Role To Hit Netflix Soon; Netflix SA film ' Love and Wine' faces copycat criticism
2023-11-07,negative,436.1799926757813,434.6099853515625,437.6400146484375,431.0,3291100.0,ITAT deletes ₹445 cr TP adjustment on Netflix India; rejects revenue’s bid to treat it as content or tech; Watch: Stranger Things Season 5 trailer goes viral after Netflix accidentally shares clip; 'Filthy and 2 hours sleep': What it's like on Netflix's most traumatic show
2023-11-07,neutral,436.1799926757813,434.6099853515625,437.6400146484375,431.0,3291100.0,The Ballad of a Small Player (2025) 'Netflix' Movie Ending Explained: What Happened to Dao Ming?; Netflix Documentary Ignites Three Major Leads in Amy Bradley Cold Case; What time is The Witcher season 4 released on Netflix?; Canal+ takes on Netflix in Africa with $3bn bet on satellite TV
2023-11-07,positive,436.1799926757813,434.6099853515625,437.6400146484375,431.0,3291100.0,Kantara 2 OTT Price: How Amazon Prime Outbid Netflix To Bag Rishab Shetty Film; One Piece Season 2 Release Date Finally Confirmed: Netflix Sets Sail for Epic Grand Line Adventure; Movie With Will Smith’s Oscar Winning Role To Hit Netflix Soon
2023-11-08,negative,435.0,436.6499938964844,438.0700073242188,433.6799926757813,2356800.0,ITAT deletes ₹445 cr TP adjustment on Netflix India; rejects revenue’s bid to treat it as content or tech; Watch: Stranger Things Season 5 trailer goes viral after Netflix accidentally shares clip; 'Filthy and 2 hours sleep': What it's like on Netflix's most traumatic show
2023-11-08,neutral,435.0,436.6499938964844,438.0700073242188,433.6799926757813,2356800.0,Netflix Documentary Ignites Three Major Leads in Amy Bradley Cold Case; What time is The Witcher season 4 released on Netflix?; Canal+ takes on Netflix in Africa with $3bn bet on satellite TV
2023-11-08,positive,435.0,436.6499938964844,438.0700073242188,433.6799926757813,2356800.0,Kantara 2 OTT Price: How Amazon Prime Outbid Netflix To Bag Rishab Shetty Film; One Piece Season 2 Release Date Finally Confirmed: Netflix Sets Sail for Epic Grand Line Adventure; Movie With Will Smith’s Oscar Winning Role To Hit Netflix Soon; Netflix SA film ' Love and Wine' faces copycat criticism
2023-11-09,negative,438.0299987792969,435.1499938964844,440.3800048828125,434.3500061035156,2735500.0,ITAT deletes ₹445 cr TP adjustment on Netflix India; rejects revenue’s bid to treat it as content or tech; Watch: Stranger Things Season 5 trailer goes viral after Netflix accidentally shares clip; 'Filthy and 2 hours sleep': What it's like on Netflix's most traumatic show
2023-11-09,neutral,438.0299987792969,435.1499938964844,440.3800048828125,434.3500061035156,2735500.0,Netflix Documentary Ignites Three Major Leads in Amy Bradley Cold Case; What time is The Witcher season 4 released on Netflix?; Canal+ takes on Netflix in Africa with $3bn bet on satellite TV
2023-11-09,positive,438.0299987792969,435.1499938964844,440.3800048828125,434.3500061035156,2735500.0,Kantara 2 OTT Price: How Amazon Prime Outbid Netflix To Bag Rishab Shetty Film; One Piece Season 2 Release Date Finally Confirmed: Netflix Sets Sail for Epic Grand Line Adventure; Movie With Will Smith’s Oscar Winning Role To Hit Netflix Soon; Netflix SA film ' Love and Wine' faces copycat criticism
2023-11-10,negative,437.4800109863281,447.239990234375,447.4800109863281,435.510009765625,4440600.0,ITAT deletes ₹445 cr TP adjustment on Netflix India; rejects revenue’s bid to treat it as content or tech; Watch: Stranger Things Season 5 trailer goes viral after Netflix accidentally shares clip; 'Filthy and 2 hours sleep': What it's like on Netflix's most traumatic show
2023-11-10,neutral,437.4800109863281,447.239990234375,447.4800109863281,435.510009765625,4440600.0,Netflix Documentary Ignites Three Major Leads in Amy Bradley Cold Case; What time is The Witcher season 4 released on Netflix?; Canal+ takes on Netflix in Africa with $3bn bet on satellite TV
2023-11-10,positive,437.4800109863281,447.239990234375,447.4800109863281,435.510009765625,4440600.0,Kantara 2 OTT Price: How Amazon Prime Outbid Netflix To Bag Rishab Shetty Film; One Piece Season 2 Release Date Finally Confirmed: Netflix Sets Sail for Epic Grand Line Adventure; Movie With Will Smith’s Oscar Winning Role To Hit Netflix Soon; Netflix SA film ' Love and Wine' faces copycat criticism
2023-11-13,negative,447.25,444.6199951171875,448.4299926757813,442.6000061035156,2896100.0,ITAT deletes ₹445 cr TP adjustment on Netflix India; rejects revenue’s bid to treat it as content or tech; Watch: Stranger Things Season 5 trailer goes viral after Netflix accidentally shares clip; 'Filthy and 2 hours sleep': What it's like on Netflix's most traumatic show; Why OG Failed to Repeat Theater Magic on OTT?; Stranger Things Season 5 New Trailer: Netflix Deletes Trailer After Teasing Fans; 8 Most Controversial Movies on Netflix
2023-11-13,neutral,447.25,444.6199951171875,448.4299926757813,442.6000061035156,2896100.0,"Netflix Documentary Ignites Three Major Leads in Amy Bradley Cold Case; What time is The Witcher season 4 released on Netflix?; Canal+ takes on Netflix in Africa with $3bn bet on satellite TV; Prime Video acquires 'Kantara: Chapter 1' for ₹110cr; beats Netflix; Rebecca Ferguson Spooked by ‘A House of Dynamite’ Detail in Netflix’s Hit Film!; Netflix’s The Witcher season 4 review: a dark, dazzling return to the continent; OTT: Nani’s HIT 3 Takes Netflix by Storm, Outshines OG and Devara!; Delhi HC to Hear Sameer Wankhede’s Defamation Suit Against Netflix's ‘Ba***ds of Bollywood’ on Nov 10"
2023-11-13,positive,447.25,444.6199951171875,448.4299926757813,442.6000061035156,2896100.0,Kantara 2 OTT Price: How Amazon Prime Outbid Netflix To Bag Rishab Shetty Film; One Piece Season 2 Release Date Finally Confirmed: Netflix Sets Sail for Epic Grand Line Adventure; Movie With Will Smith’s Oscar Winning Role To Hit Netflix Soon; Netflix SA film ' Love and Wine' faces copycat criticism; Netflix Is Losing One of My Favorite Action Movies of the Last 10 Years; Netflix Leans Into Success of 'KPop Demon Hunters' With New Hasbro and Mattel Partnerships. Is It Enough to Excite Investors?
2023-11-14,negative,448.7799987792969,448.6499938964844,454.0799865722656,445.6400146484375,4060900.0,ITAT deletes ₹445 cr TP adjustment on Netflix India; rejects revenue’s bid to treat it as content or tech; Watch: Stranger Things Season 5 trailer goes viral after Netflix accidentally shares clip; 'Filthy and 2 hours sleep': What it's like on Netflix's most traumatic show; Why OG Failed to Repeat Theater Magic on OTT?; Stranger Things Season 5 New Trailer: Netflix Deletes Trailer After Teasing Fans; 8 Most Controversial Movies on Netflix
2023-11-14,neutral,448.7799987792969,448.6499938964844,454.0799865722656,445.6400146484375,4060900.0,"Netflix Documentary Ignites Three Major Leads in Amy Bradley Cold Case; What time is The Witcher season 4 released on Netflix?; Canal+ takes on Netflix in Africa with $3bn bet on satellite TV; Prime Video acquires 'Kantara: Chapter 1' for ₹110cr; beats Netflix; Rebecca Ferguson Spooked by ‘A House of Dynamite’ Detail in Netflix’s Hit Film!; Netflix’s The Witcher season 4 review: a dark, dazzling return to the continent; OTT: Nani’s HIT 3 Takes Netflix by Storm, Outshines OG and Devara!; Delhi HC to Hear Sameer Wankhede’s Defamation Suit Against Netflix's ‘Ba***ds of Bollywood’ on Nov 10"
2023-11-14,positive,448.7799987792969,448.6499938964844,454.0799865722656,445.6400146484375,4060900.0,Kantara 2 OTT Price: How Amazon Prime Outbid Netflix To Bag Rishab Shetty Film; One Piece Season 2 Release Date Finally Confirmed: Netflix Sets Sail for Epic Grand Line Adventure; Movie With Will Smith’s Oscar Winning Role To Hit Netflix Soon; Netflix SA film ' Love and Wine' faces copycat criticism; Netflix Is Losing One of My Favorite Action Movies of the Last 10 Years; Netflix Leans Into Success of 'KPop Demon Hunters' With New Hasbro and Mattel Partnerships. Is It Enough to Excite Investors?
2023-11-15,negative,452.80999755859375,461.9400024414063,462.75,452.4500122070313,5035300.0,ITAT deletes ₹445 cr TP adjustment on Netflix India; rejects revenue’s bid to treat it as content or tech; Watch: Stranger Things Season 5 trailer goes viral after Netflix accidentally shares clip; 'Filthy and 2 hours sleep': What it's like on Netflix's most traumatic show; Why OG Failed to Repeat Theater Magic on OTT?; Stranger Things Season 5 New Trailer: Netflix Deletes Trailer After Teasing Fans; 8 Most Controversial Movies on Netflix
2023-11-15,neutral,452.80999755859375,461.94000244140636,462.75,452.4500122070313,5035300.0,"Netflix Documentary Ignites Three Major Leads in Amy Bradley Cold Case; What time is The Witcher season 4 released on Netflix?; Canal+ takes on Netflix in Africa with $3bn bet on satellite TV; Netflix’s Nobody Wants This Filming Locations (2025-); Prime Video acquires 'Kantara: Chapter 1' for ₹110cr; beats Netflix; Rebecca Ferguson Spooked by ‘A House of Dynamite’ Detail in Netflix’s Hit Film!; Netflix’s The Witcher season 4 review: a dark, dazzling return to the continent; OTT: Nani’s HIT 3 Takes Netflix by Storm, Outshines OG and Devara!; Delhi HC to Hear Sameer Wankhede’s Defamation Suit Against Netflix's ‘Ba***ds of Bollywood’ on Nov 10"
2023-11-15,positive,452.80999755859375,461.94000244140636,462.75,452.45001220703136,5035300.0,Kantara 2 OTT Price: How Amazon Prime Outbid Netflix To Bag Rishab Shetty Film; One Piece Season 2 Release Date Finally Confirmed: Netflix Sets Sail for Epic Grand Line Adventure; Movie With Will Smith’s Oscar Winning Role To Hit Netflix Soon; Netflix SA film ' Love and Wine' faces copycat criticism; Netflix Is Losing One of My Favorite Action Movies of the Last 10 Years
2023-11-16,negative,463.0,466.9500122070313,467.2799987792969,459.6499938964844,3656000.0,ITAT deletes ₹445 cr TP adjustment on Netflix India; rejects revenue’s bid to treat it as content or tech; Watch: Stranger Things Season 5 trailer goes viral after Netflix accidentally shares clip; 'Filthy and 2 hours sleep': What it's like on Netflix's most traumatic show; Why OG Failed to Repeat Theater Magic on OTT?; Stranger Things Season 5 New Trailer: Netflix Deletes Trailer After Teasing Fans; 8 Most Controversial Movies on Netflix
2023-11-16,neutral,463.0,466.95001220703136,467.2799987792969,459.6499938964844,3656000.0,"The Ballad of a Small Player (2025) 'Netflix' Movie Ending Explained: What Happened to Dao Ming?; Netflix Documentary Ignites Three Major Leads in Amy Bradley Cold Case; What time is The Witcher season 4 released on Netflix?; Canal+ takes on Netflix in Africa with $3bn bet on satellite TV; Netflix’s Nobody Wants This Filming Locations (2025-); Prime Video acquires 'Kantara: Chapter 1' for ₹110cr; beats Netflix; Rebecca Ferguson Spooked by ‘A House of Dynamite’ Detail in Netflix’s Hit Film!; Netflix’s The Witcher season 4 review: a dark, dazzling return to the continent; OTT: Nani’s HIT 3 Takes Netflix by Storm, Outshines OG and Devara!; Delhi HC to Hear Sameer Wankhede’s Defamation Suit Against Netflix's ‘Ba***ds of Bollywood’ on Nov 10"
2023-11-16,positive,463.0,466.9500122070313,467.2799987792969,459.6499938964844,3656000.0,Kantara 2 OTT Price: How Amazon Prime Outbid Netflix To Bag Rishab Shetty Film; One Piece Season 2 Release Date Finally Confirmed: Netflix Sets Sail for Epic Grand Line Adventure; Movie With Will Smith’s Oscar Winning Role To Hit Netflix Soon; Netflix Is Losing One of My Favorite Action Movies of the Last 10 Years
2023-11-17,negative,466.9500122070313,465.9100036621094,467.6499938964844,462.760009765625,2798500.0,ITAT deletes ₹445 cr TP adjustment on Netflix India; rejects revenue’s bid to treat it as content or tech; Watch: Stranger Things Season 5 trailer goes viral after Netflix accidentally shares clip; 'Filthy and 2 hours sleep': What it's like on Netflix's most traumatic show; Why OG Failed to Repeat Theater Magic on OTT?; Stranger Things Season 5 New Trailer: Netflix Deletes Trailer After Teasing Fans; 8 Most Controversial Movies on Netflix
2023-11-17,neutral,466.95001220703136,465.9100036621094,467.6499938964844,462.760009765625,2798500.0,"Netflix Documentary Ignites Three Major Leads in Amy Bradley Cold Case; What time is The Witcher season 4 released on Netflix?; Canal+ takes on Netflix in Africa with $3bn bet on satellite TV; Netflix’s Nobody Wants This Filming Locations (2025-); Prime Video acquires 'Kantara: Chapter 1' for ₹110cr; beats Netflix; Rebecca Ferguson Spooked by ‘A House of Dynamite’ Detail in Netflix’s Hit Film!; Netflix’s The Witcher season 4 review: a dark, dazzling return to the continent; OTT: Nani’s HIT 3 Takes Netflix by Storm, Outshines OG and Devara!; Delhi HC to Hear Sameer Wankhede’s Defamation Suit Against Netflix's ‘Ba***ds of Bollywood’ on Nov 10"
2023-11-17,positive,466.95001220703136,465.9100036621094,467.6499938964844,462.760009765625,2798500.0,Kantara 2 OTT Price: How Amazon Prime Outbid Netflix To Bag Rishab Shetty Film; One Piece Season 2 Release Date Finally Confirmed: Netflix Sets Sail for Epic Grand Line Adventure; Movie With Will Smith’s Oscar Winning Role To Hit Netflix Soon; Netflix SA film ' Love and Wine' faces copycat criticism; Netflix Is Losing One of My Favorite Action Movies of the Last 10 Years
2023-11-20,negative,465.3999938964844,474.4700012207031,476.760009765625,465.3999938964844,3617600.0,ITAT deletes ₹445 cr TP adjustment on Netflix India; rejects revenue’s bid to treat it as content or tech; Watch: Stranger Things Season 5 trailer goes viral after Netflix accidentally shares clip; 'Filthy and 2 hours sleep': What it's like on Netflix's most traumatic show; Why OG Failed to Repeat Theater Magic on OTT?; Stranger Things Season 5 New Trailer: Netflix Deletes Trailer After Teasing Fans; 8 Most Controversial Movies on Netflix
2023-11-20,neutral,465.3999938964844,474.4700012207031,476.760009765625,465.3999938964844,3617600.0,"Netflix Documentary Ignites Three Major Leads in Amy Bradley Cold Case; What time is The Witcher season 4 released on Netflix?; Canal+ takes on Netflix in Africa with $3bn bet on satellite TV; Netflix’s Nobody Wants This Filming Locations (2025-); Prime Video acquires 'Kantara: Chapter 1' for ₹110cr; beats Netflix; Rebecca Ferguson Spooked by ‘A House of Dynamite’ Detail in Netflix’s Hit Film!; Netflix’s The Witcher season 4 review: a dark, dazzling return to the continent; OTT: Nani’s HIT 3 Takes Netflix by Storm, Outshines OG and Devara!; Delhi HC to Hear Sameer Wankhede’s Defamation Suit Against Netflix's ‘Ba***ds of Bollywood’ on Nov 10"
2023-11-20,positive,465.3999938964844,474.4700012207031,476.760009765625,465.3999938964844,3617600.0,Kantara 2 OTT Price: How Amazon Prime Outbid Netflix To Bag Rishab Shetty Film; One Piece Season 2 Release Date Finally Confirmed: Netflix Sets Sail for Epic Grand Line Adventure; Movie With Will Smith’s Oscar Winning Role To Hit Netflix Soon; Netflix SA film ' Love and Wine' faces copycat criticism; Netflix Is Losing One of My Favorite Action Movies of the Last 10 Years
2023-11-21,negative,472.6300048828125,474.9500122070313,477.0199890136719,471.2099914550781,2997700.0,ITAT deletes ₹445 cr TP adjustment on Netflix India; rejects revenue’s bid to treat it as content or tech; Watch: Stranger Things Season 5 trailer goes viral after Netflix accidentally shares clip; 'Filthy and 2 hours sleep': What it's like on Netflix's most traumatic show; Why OG Failed to Repeat Theater Magic on OTT?; Stranger Things Season 5 New Trailer: Netflix Deletes Trailer After Teasing Fans; 8 Most Controversial Movies on Netflix
2023-11-21,neutral,472.6300048828125,474.95001220703136,477.0199890136719,471.2099914550781,2997700.0,"Netflix Documentary Ignites Three Major Leads in Amy Bradley Cold Case; What time is The Witcher season 4 released on Netflix?; Canal+ takes on Netflix in Africa with $3bn bet on satellite TV; Netflix’s Nobody Wants This Filming Locations (2025-); Prime Video acquires 'Kantara: Chapter 1' for ₹110cr; beats Netflix; Rebecca Ferguson Spooked by ‘A House of Dynamite’ Detail in Netflix’s Hit Film!; Netflix’s The Witcher season 4 review: a dark, dazzling return to the continent; OTT: Nani’s HIT 3 Takes Netflix by Storm, Outshines OG and Devara!; Delhi HC to Hear Sameer Wankhede’s Defamation Suit Against Netflix's ‘Ba***ds of Bollywood’ on Nov 10"
2023-11-21,positive,472.6300048828125,474.95001220703136,477.0199890136719,471.2099914550781,2997700.0,Kantara 2 OTT Price: How Amazon Prime Outbid Netflix To Bag Rishab Shetty Film; One Piece Season 2 Release Date Finally Confirmed: Netflix Sets Sail for Epic Grand Line Adventure; Movie With Will Smith’s Oscar Winning Role To Hit Netflix Soon; Netflix SA film ' Love and Wine' faces copycat criticism; Netflix Is Losing One of My Favorite Action Movies of the Last 10 Years
2023-11-22,negative,476.7999877929688,478.0,482.7000122070313,476.55999755859375,2841600.0,ITAT deletes ₹445 cr TP adjustment on Netflix India; rejects revenue’s bid to treat it as content or tech; Watch: Stranger Things Season 5 trailer goes viral after Netflix accidentally shares clip; 'Filthy and 2 hours sleep': What it's like on Netflix's most traumatic show; Why OG Failed to Repeat Theater Magic on OTT?; Stranger Things Season 5 New Trailer: Netflix Deletes Trailer After Teasing Fans; 8 Most Controversial Movies on Netflix
2023-11-22,neutral,476.79998779296886,478.0,482.70001220703136,476.55999755859375,2841600.0,"Netflix Documentary Ignites Three Major Leads in Amy Bradley Cold Case; What time is The Witcher season 4 released on Netflix?; Canal+ takes on Netflix in Africa with $3bn bet on satellite TV; Netflix’s Nobody Wants This Filming Locations (2025-); Prime Video acquires 'Kantara: Chapter 1' for ₹110cr; beats Netflix; Rebecca Ferguson Spooked by ‘A House of Dynamite’ Detail in Netflix’s Hit Film!; Netflix’s The Witcher season 4 review: a dark, dazzling return to the continent; OTT: Nani’s HIT 3 Takes Netflix by Storm, Outshines OG and Devara!; Delhi HC to Hear Sameer Wankhede’s Defamation Suit Against Netflix's ‘Ba***ds of Bollywood’ on Nov 10"
2023-11-22,positive,476.79998779296886,478.0,482.70001220703136,476.55999755859375,2841600.0,Kantara 2 OTT Price: How Amazon Prime Outbid Netflix To Bag Rishab Shetty Film; One Piece Season 2 Release Date Finally Confirmed: Netflix Sets Sail for Epic Grand Line Adventure; Movie With Will Smith’s Oscar Winning Role To Hit Netflix Soon; Netflix SA film ' Love and Wine' faces copycat criticism; Netflix Is Losing One of My Favorite Action Movies of the Last 10 Years
2023-11-29,negative,479.0,477.1900024414063,480.989990234375,474.489990234375,2855500.0,Why OG Failed to Repeat Theater Magic on OTT?; Stranger Things Season 5 New Trailer: Netflix Deletes Trailer After Teasing Fans; 8 Most Controversial Movies on Netflix
2023-11-29,neutral,479.0,477.1900024414063,480.989990234375,474.489990234375,2855500.0,"Netflix’s Nobody Wants This Filming Locations (2025-); Prime Video acquires 'Kantara: Chapter 1' for ₹110cr; beats Netflix; Rebecca Ferguson Spooked by ‘A House of Dynamite’ Detail in Netflix’s Hit Film!; Netflix’s The Witcher season 4 review: a dark, dazzling return to the continent; OTT: Nani’s HIT 3 Takes Netflix by Storm, Outshines OG and Devara!; Delhi HC to Hear Sameer Wankhede’s Defamation Suit Against Netflix's ‘Ba***ds of Bollywood’ on Nov 10"
2023-11-29,positive,479.0,477.1900024414063,480.989990234375,474.489990234375,2855500.0,Netflix Is Losing One of My Favorite Action Movies of the Last 10 Years
2023-11-30,negative,475.30999755859375,473.9700012207031,478.5899963378906,470.4200134277344,4287300.0,Why OG Failed to Repeat Theater Magic on OTT?; Stranger Things Season 5 New Trailer: Netflix Deletes Trailer After Teasing Fans; 8 Most Controversial Movies on Netflix
2023-11-30,neutral,475.30999755859375,473.9700012207031,478.5899963378906,470.4200134277344,4287300.0,"Netflix’s Nobody Wants This Filming Locations (2025-); Prime Video acquires 'Kantara: Chapter 1' for ₹110cr; beats Netflix; Rebecca Ferguson Spooked by ‘A House of Dynamite’ Detail in Netflix’s Hit Film!; Netflix’s The Witcher season 4 review: a dark, dazzling return to the continent; OTT: Nani’s HIT 3 Takes Netflix by Storm, Outshines OG and Devara!; Delhi HC to Hear Sameer Wankhede’s Defamation Suit Against Netflix's ‘Ba***ds of Bollywood’ on Nov 10"
2023-11-30,positive,475.30999755859375,473.9700012207031,478.5899963378906,470.4200134277344,4287300.0,Netflix Is Losing One of My Favorite Action Movies of the Last 10 Years
2023-12-01,negative,473.1700134277344,465.739990234375,475.2300109863281,464.6000061035156,4341500.0,Why OG Failed to Repeat Theater Magic on OTT?; Stranger Things Season 5 New Trailer: Netflix Deletes Trailer After Teasing Fans; 8 Most Controversial Movies on Netflix
2023-12-01,neutral,473.1700134277344,465.739990234375,475.2300109863281,464.6000061035156,4341500.0,"Netflix’s Nobody Wants This Filming Locations (2025-); Prime Video acquires 'Kantara: Chapter 1' for ₹110cr; beats Netflix; Rebecca Ferguson Spooked by ‘A House of Dynamite’ Detail in Netflix’s Hit Film!; Netflix’s The Witcher season 4 review: a dark, dazzling return to the continent; OTT: Nani’s HIT 3 Takes Netflix by Storm, Outshines OG and Devara!; Delhi HC to Hear Sameer Wankhede’s Defamation Suit Against Netflix's ‘Ba***ds of Bollywood’ on Nov 10"
2023-12-01,positive,473.1700134277344,465.739990234375,475.2300109863281,464.6000061035156,4341500.0,Netflix Is Losing One of My Favorite Action Movies of the Last 10 Years
2023-12-04,negative,460.989990234375,453.8999938964844,461.2000122070313,451.2000122070313,5157700.0,Why OG Failed to Repeat Theater Magic on OTT?; Stranger Things Season 5 New Trailer: Netflix Deletes Trailer After Teasing Fans; 8 Most Controversial Movies on Netflix
2023-12-04,neutral,460.989990234375,453.8999938964844,461.2000122070313,451.2000122070313,5157700.0,"Netflix’s Nobody Wants This Filming Locations (2025-); Prime Video acquires 'Kantara: Chapter 1' for ₹110cr; beats Netflix; Rebecca Ferguson Spooked by ‘A House of Dynamite’ Detail in Netflix’s Hit Film!; Netflix’s The Witcher season 4 review: a dark, dazzling return to the continent; OTT: Nani’s HIT 3 Takes Netflix by Storm, Outshines OG and Devara!; Delhi HC to Hear Sameer Wankhede’s Defamation Suit Against Netflix's ‘Ba***ds of Bollywood’ on Nov 10"
2023-12-04,positive,460.989990234375,453.8999938964844,461.2000122070313,451.2000122070313,5157700.0,Netflix Is Losing One of My Favorite Action Movies of the Last 10 Years
2023-12-05,negative,450.7000122070313,455.1499938964844,456.3900146484375,449.5799865722656,3380700.0,Why OG Failed to Repeat Theater Magic on OTT?; Stranger Things Season 5 New Trailer: Netflix Deletes Trailer After Teasing Fans; 8 Most Controversial Movies on Netflix
2023-12-05,neutral,450.7000122070313,455.1499938964844,456.3900146484375,449.5799865722656,3380700.0,"Netflix’s Nobody Wants This Filming Locations (2025-); Prime Video acquires 'Kantara: Chapter 1' for ₹110cr; beats Netflix; Rebecca Ferguson Spooked by ‘A House of Dynamite’ Detail in Netflix’s Hit Film!; Netflix’s The Witcher season 4 review: a dark, dazzling return to the continent; OTT: Nani’s HIT 3 Takes Netflix by Storm, Outshines OG and Devara!; Delhi HC to Hear Sameer Wankhede’s Defamation Suit Against Netflix's ‘Ba***ds of Bollywood’ on Nov 10"
2023-12-05,positive,450.7000122070313,455.1499938964844,456.3900146484375,449.5799865722656,3380700.0,Netflix Is Losing One of My Favorite Action Movies of the Last 10 Years
2023-12-06,negative,460.0,446.7300109863281,460.5,445.7300109863281,4178800.0,Why OG Failed to Repeat Theater Magic on OTT?; Stranger Things Season 5 New Trailer: Netflix Deletes Trailer After Teasing Fans; 8 Most Controversial Movies on Netflix
2023-12-06,neutral,460.0,446.7300109863281,460.5,445.7300109863281,4178800.0,"Netflix’s Nobody Wants This Filming Locations (2025-); Prime Video acquires 'Kantara: Chapter 1' for ₹110cr; beats Netflix; Rebecca Ferguson Spooked by ‘A House of Dynamite’ Detail in Netflix’s Hit Film!; Netflix’s The Witcher season 4 review: a dark, dazzling return to the continent; OTT: Nani’s HIT 3 Takes Netflix by Storm, Outshines OG and Devara!; Delhi HC to Hear Sameer Wankhede’s Defamation Suit Against Netflix's ‘Ba***ds of Bollywood’ on Nov 10"
2023-12-06,positive,460.0,446.7300109863281,460.5,445.7300109863281,4178800.0,Netflix Is Losing One of My Favorite Action Movies of the Last 10 Years
2023-12-07,negative,450.8500061035156,452.0,452.8900146484375,448.3200073242188,3506700.0,Why OG Failed to Repeat Theater Magic on OTT?; Stranger Things Season 5 New Trailer: Netflix Deletes Trailer After Teasing Fans; 8 Most Controversial Movies on Netflix
2023-12-07,neutral,450.8500061035156,452.0,452.8900146484375,448.3200073242188,3506700.0,"Netflix’s Nobody Wants This Filming Locations (2025-); Prime Video acquires 'Kantara: Chapter 1' for ₹110cr; beats Netflix; Rebecca Ferguson Spooked by ‘A House of Dynamite’ Detail in Netflix’s Hit Film!; Netflix’s The Witcher season 4 review: a dark, dazzling return to the continent; OTT: Nani’s HIT 3 Takes Netflix by Storm, Outshines OG and Devara!; Delhi HC to Hear Sameer Wankhede’s Defamation Suit Against Netflix's ‘Ba***ds of Bollywood’ on Nov 10"
2023-12-07,positive,450.8500061035156,452.0,452.8900146484375,448.3200073242188,3506700.0,Netflix Is Losing One of My Favorite Action Movies of the Last 10 Years
2023-12-08,negative,450.760009765625,453.760009765625,455.5,450.760009765625,3458400.0,Why OG Failed to Repeat Theater Magic on OTT?; Stranger Things Season 5 New Trailer: Netflix Deletes Trailer After Teasing Fans; 8 Most Controversial Movies on Netflix
2023-12-08,neutral,450.760009765625,453.760009765625,455.5,450.760009765625,3458400.0,"Netflix’s Nobody Wants This Filming Locations (2025-); Prime Video acquires 'Kantara: Chapter 1' for ₹110cr; beats Netflix; Rebecca Ferguson Spooked by ‘A House of Dynamite’ Detail in Netflix’s Hit Film!; Netflix’s The Witcher season 4 review: a dark, dazzling return to the continent; OTT: Nani’s HIT 3 Takes Netflix by Storm, Outshines OG and Devara!; Delhi HC to Hear Sameer Wankhede’s Defamation Suit Against Netflix's ‘Ba***ds of Bollywood’ on Nov 10"
2023-12-08,positive,450.760009765625,453.760009765625,455.5,450.760009765625,3458400.0,Netflix Is Losing One of My Favorite Action Movies of the Last 10 Years
2023-12-11,negative,459.3599853515625,459.8900146484375,470.6499938964844,457.2099914550781,4929700.0,Why OG Failed to Repeat Theater Magic on OTT?; Stranger Things Season 5 New Trailer: Netflix Deletes Trailer After Teasing Fans; 8 Most Controversial Movies on Netflix
2023-12-11,neutral,459.3599853515625,459.8900146484375,470.6499938964844,457.2099914550781,4929700.0,"Netflix’s Nobody Wants This Filming Locations (2025-); Prime Video acquires 'Kantara: Chapter 1' for ₹110cr; beats Netflix; Rebecca Ferguson Spooked by ‘A House of Dynamite’ Detail in Netflix’s Hit Film!; Netflix’s The Witcher season 4 review: a dark, dazzling return to the continent; OTT: Nani’s HIT 3 Takes Netflix by Storm, Outshines OG and Devara!; Delhi HC to Hear Sameer Wankhede’s Defamation Suit Against Netflix's ‘Ba***ds of Bollywood’ on Nov 10"
2023-12-11,positive,459.3599853515625,459.8900146484375,470.6499938964844,457.2099914550781,4929700.0,Netflix Is Losing One of My Favorite Action Movies of the Last 10 Years
2023-12-12,negative,465.2300109863281,463.0,465.6099853515625,459.2000122070313,3302700.0,Why OG Failed to Repeat Theater Magic on OTT?; Stranger Things Season 5 New Trailer: Netflix Deletes Trailer After Teasing Fans; 8 Most Controversial Movies on Netflix
2023-12-12,neutral,465.2300109863281,463.0,465.6099853515625,459.2000122070313,3302700.0,"Netflix’s Nobody Wants This Filming Locations (2025-); Prime Video acquires 'Kantara: Chapter 1' for ₹110cr; beats Netflix; Rebecca Ferguson Spooked by ‘A House of Dynamite’ Detail in Netflix’s Hit Film!; Netflix’s The Witcher season 4 review: a dark, dazzling return to the continent; OTT: Nani’s HIT 3 Takes Netflix by Storm, Outshines OG and Devara!; Delhi HC to Hear Sameer Wankhede’s Defamation Suit Against Netflix's ‘Ba***ds of Bollywood’ on Nov 10"
2023-12-12,positive,465.2300109863281,463.0,465.6099853515625,459.2000122070313,3302700.0,Netflix Is Losing One of My Favorite Action Movies of the Last 10 Years
2023-12-13,negative,461.9800109863281,479.9800109863281,481.25,461.9800109863281,5820200.0,Why OG Failed to Repeat Theater Magic on OTT?; Stranger Things Season 5 New Trailer: Netflix Deletes Trailer After Teasing Fans; 8 Most Controversial Movies on Netflix
2023-12-13,neutral,461.9800109863281,479.9800109863281,481.25,461.9800109863281,5820200.0,"Netflix’s Nobody Wants This Filming Locations (2025-); Prime Video acquires 'Kantara: Chapter 1' for ₹110cr; beats Netflix; Rebecca Ferguson Spooked by ‘A House of Dynamite’ Detail in Netflix’s Hit Film!; Netflix’s The Witcher season 4 review: a dark, dazzling return to the continent; OTT: Nani’s HIT 3 Takes Netflix by Storm, Outshines OG and Devara!; Delhi HC to Hear Sameer Wankhede’s Defamation Suit Against Netflix's ‘Ba***ds of Bollywood’ on Nov 10"
2023-12-13,positive,461.9800109863281,479.9800109863281,481.25,461.9800109863281,5820200.0,Netflix Is Losing One of My Favorite Action Movies of the Last 10 Years
2023-12-14,negative,480.3599853515625,469.8299865722656,480.760009765625,464.760009765625,5176400.0,Geneseo haunting returns to spotlight in Netflix docuseries; Why OG Failed to Repeat Theater Magic on OTT?; Stranger Things Season 5 New Trailer: Netflix Deletes Trailer After Teasing Fans; 8 Most Controversial Movies on Netflix
2023-12-14,neutral,480.3599853515625,469.8299865722656,480.760009765625,464.760009765625,5176400.0,"Netflix’s Nobody Wants This Filming Locations (2025-); Prime Video acquires 'Kantara: Chapter 1' for ₹110cr; beats Netflix; Rebecca Ferguson Spooked by ‘A House of Dynamite’ Detail in Netflix’s Hit Film!; Netflix’s The Witcher season 4 review: a dark, dazzling return to the continent"
2023-12-14,positive,480.3599853515625,469.8299865722656,480.760009765625,464.760009765625,5176400.0,Netflix Leans Into Success of 'KPop Demon Hunters' With New Hasbro and Mattel Partnerships. Is It Enough to Excite Investors?; Netflix Is Losing One of My Favorite Action Movies of the Last 10 Years
2023-12-15,negative,467.2999877929688,472.05999755859375,473.0,467.2999877929688,7841000.0,Geneseo haunting returns to spotlight in Netflix docuseries; Why OG Failed to Repeat Theater Magic on OTT?; Stranger Things Season 5 New Trailer: Netflix Deletes Trailer After Teasing Fans; 8 Most Controversial Movies on Netflix
2023-12-15,neutral,467.2999877929688,472.05999755859375,473.0,467.2999877929688,7841000.0,"Netflix’s Nobody Wants This Filming Locations (2025-); Prime Video acquires 'Kantara: Chapter 1' for ₹110cr; beats Netflix; Rebecca Ferguson Spooked by ‘A House of Dynamite’ Detail in Netflix’s Hit Film!; Netflix’s The Witcher season 4 review: a dark, dazzling return to the continent"
2023-12-15,positive,467.2999877929688,472.05999755859375,473.0,467.2999877929688,7841000.0,Netflix Leans Into Success of 'KPop Demon Hunters' With New Hasbro and Mattel Partnerships. Is It Enough to Excite Investors?; Netflix Is Losing One of My Favorite Action Movies of the Last 10 Years
2023-12-18,negative,476.2999877929688,486.1199951171875,492.0400085449219,475.1000061035156,6410700.0,Geneseo haunting returns to spotlight in Netflix docuseries; Why OG Failed to Repeat Theater Magic on OTT?; Stranger Things Season 5 New Trailer: Netflix Deletes Trailer After Teasing Fans; 8 Most Controversial Movies on Netflix
2023-12-18,neutral,476.2999877929688,486.1199951171875,492.0400085449219,475.1000061035156,6410700.0,"Netflix’s Nobody Wants This Filming Locations (2025-); Prime Video acquires 'Kantara: Chapter 1' for ₹110cr; beats Netflix; Rebecca Ferguson Spooked by ‘A House of Dynamite’ Detail in Netflix’s Hit Film!; Netflix’s The Witcher season 4 review: a dark, dazzling return to the continent"
2023-12-18,positive,476.2999877929688,486.1199951171875,492.0400085449219,475.1000061035156,6410700.0,Netflix Leans Into Success of 'KPop Demon Hunters' With New Hasbro and Mattel Partnerships. Is It Enough to Excite Investors?; Netflix Is Losing One of My Favorite Action Movies of the Last 10 Years
2023-12-19,negative,488.3999938964844,495.0199890136719,496.1400146484375,484.05999755859375,3849000.0,Geneseo haunting returns to spotlight in Netflix docuseries; Why OG Failed to Repeat Theater Magic on OTT?; Stranger Things Season 5 New Trailer: Netflix Deletes Trailer After Teasing Fans; 8 Most Controversial Movies on Netflix
2023-12-19,neutral,488.3999938964844,495.0199890136719,496.1400146484375,484.05999755859375,3849000.0,"Netflix’s Nobody Wants This Filming Locations (2025-); Prime Video acquires 'Kantara: Chapter 1' for ₹110cr; beats Netflix; Rebecca Ferguson Spooked by ‘A House of Dynamite’ Detail in Netflix’s Hit Film!; Netflix’s The Witcher season 4 review: a dark, dazzling return to the continent"
2023-12-19,positive,488.3999938964844,495.0199890136719,496.1400146484375,484.05999755859375,3849000.0,Netflix Leans Into Success of 'KPop Demon Hunters' With New Hasbro and Mattel Partnerships. Is It Enough to Excite Investors?; Netflix Is Losing One of My Favorite Action Movies of the Last 10 Years
2023-12-20,negative,492.0,489.2699890136719,500.8900146484375,488.3900146484375,4563700.0,Geneseo haunting returns to spotlight in Netflix docuseries; Why OG Failed to Repeat Theater Magic on OTT?; Stranger Things Season 5 New Trailer: Netflix Deletes Trailer After Teasing Fans; 8 Most Controversial Movies on Netflix
2023-12-20,neutral,492.0,489.2699890136719,500.8900146484375,488.3900146484375,4563700.0,"Netflix’s Nobody Wants This Filming Locations (2025-); Prime Video acquires 'Kantara: Chapter 1' for ₹110cr; beats Netflix; Rebecca Ferguson Spooked by ‘A House of Dynamite’ Detail in Netflix’s Hit Film!; Netflix’s The Witcher season 4 review: a dark, dazzling return to the continent"
2023-12-20,positive,492.0,489.2699890136719,500.8900146484375,488.3900146484375,4563700.0,Netflix Leans Into Success of 'KPop Demon Hunters' With New Hasbro and Mattel Partnerships. Is It Enough to Excite Investors?; Netflix Is Losing One of My Favorite Action Movies of the Last 10 Years
2023-12-21,negative,492.6600036621094,491.6099853515625,494.3999938964844,486.7699890136719,2756200.0,Geneseo haunting returns to spotlight in Netflix docuseries; Why OG Failed to Repeat Theater Magic on OTT?; Stranger Things Season 5 New Trailer: Netflix Deletes Trailer After Teasing Fans; 8 Most Controversial Movies on Netflix
2023-12-21,neutral,492.6600036621094,491.6099853515625,494.3999938964844,486.7699890136719,2756200.0,"Netflix’s Nobody Wants This Filming Locations (2025-); Prime Video acquires 'Kantara: Chapter 1' for ₹110cr; beats Netflix; Rebecca Ferguson Spooked by ‘A House of Dynamite’ Detail in Netflix’s Hit Film!; Netflix’s The Witcher season 4 review: a dark, dazzling return to the continent"
2023-12-21,positive,492.6600036621094,491.6099853515625,494.3999938964844,486.7699890136719,2756200.0,Netflix Leans Into Success of 'KPop Demon Hunters' With New Hasbro and Mattel Partnerships. Is It Enough to Excite Investors?; Netflix Is Losing One of My Favorite Action Movies of the Last 10 Years
2023-12-22,negative,494.0,486.760009765625,496.0199890136719,485.4500122070313,2702700.0,Geneseo haunting returns to spotlight in Netflix docuseries; Why OG Failed to Repeat Theater Magic on OTT?; Stranger Things Season 5 New Trailer: Netflix Deletes Trailer After Teasing Fans; 8 Most Controversial Movies on Netflix
2023-12-22,neutral,494.0,486.760009765625,496.0199890136719,485.4500122070313,2702700.0,"Netflix’s Nobody Wants This Filming Locations (2025-); Prime Video acquires 'Kantara: Chapter 1' for ₹110cr; beats Netflix; Rebecca Ferguson Spooked by ‘A House of Dynamite’ Detail in Netflix’s Hit Film!; Netflix’s The Witcher season 4 review: a dark, dazzling return to the continent"
2023-12-22,positive,494.0,486.760009765625,496.0199890136719,485.4500122070313,2702700.0,Netflix Leans Into Success of 'KPop Demon Hunters' With New Hasbro and Mattel Partnerships. Is It Enough to Excite Investors?; Netflix Is Losing One of My Favorite Action Movies of the Last 10 Years
2023-12-26,negative,489.3900146484375,491.1900024414063,491.4800109863281,486.3800048828125,2034500.0,Geneseo haunting returns to spotlight in Netflix docuseries; Why OG Failed to Repeat Theater Magic on OTT?; Stranger Things Season 5 New Trailer: Netflix Deletes Trailer After Teasing Fans; 8 Most Controversial Movies on Netflix
2023-12-26,neutral,489.3900146484375,491.1900024414063,491.4800109863281,486.3800048828125,2034500.0,"Netflix’s Nobody Wants This Filming Locations (2025-); Prime Video acquires 'Kantara: Chapter 1' for ₹110cr; beats Netflix; Rebecca Ferguson Spooked by ‘A House of Dynamite’ Detail in Netflix’s Hit Film!; Netflix’s The Witcher season 4 review: a dark, dazzling return to the continent"
2023-12-26,positive,489.3900146484375,491.1900024414063,491.4800109863281,486.3800048828125,2034500.0,Netflix Leans Into Success of 'KPop Demon Hunters' With New Hasbro and Mattel Partnerships. Is It Enough to Excite Investors?; Netflix Is Losing One of My Favorite Action Movies of the Last 10 Years
2023-12-27,negative,491.239990234375,491.7900085449219,494.0199890136719,489.25,2561300.0,Geneseo haunting returns to spotlight in Netflix docuseries; Why OG Failed to Repeat Theater Magic on OTT?; Stranger Things Season 5 New Trailer: Netflix Deletes Trailer After Teasing Fans; 8 Most Controversial Movies on Netflix
2023-12-27,neutral,491.239990234375,491.7900085449219,494.0199890136719,489.25,2561300.0,"Netflix’s Nobody Wants This Filming Locations (2025-); Prime Video acquires 'Kantara: Chapter 1' for ₹110cr; beats Netflix; Rebecca Ferguson Spooked by ‘A House of Dynamite’ Detail in Netflix’s Hit Film!; Netflix’s The Witcher season 4 review: a dark, dazzling return to the continent"
2023-12-27,positive,491.239990234375,491.7900085449219,494.0199890136719,489.25,2561300.0,Netflix Leans Into Success of 'KPop Demon Hunters' With New Hasbro and Mattel Partnerships. Is It Enough to Excite Investors?; Netflix Is Losing One of My Favorite Action Movies of the Last 10 Years
2023-12-28,negative,492.0,490.510009765625,492.8900146484375,489.0700073242188,1710500.0,Stranger Things new trailer leaked by Netflix; Geneseo haunting returns to spotlight in Netflix docuseries
2023-12-28,neutral,492.0,490.510009765625,492.8900146484375,489.07000732421886,1710500.0,"Netflix Baramulla trailer: Manav Kaul leads a supernatural mystery set in Kashmir; Netflix’s Nobody Wants This Filming Locations (2025-); Prime Video acquires 'Kantara: Chapter 1' for ₹110cr; beats Netflix; Rebecca Ferguson Spooked by ‘A House of Dynamite’ Detail in Netflix’s Hit Film!; Netflix’s The Witcher season 4 review: a dark, dazzling return to the continent"
2023-12-28,positive,492.0,490.510009765625,492.8900146484375,489.0700073242188,1710500.0,Join Stranger Things for One Last Adventure with These Global Fan Events; Netflix Leans Into Success of 'KPop Demon Hunters' With New Hasbro and Mattel Partnerships. Is It Enough to Excite Investors?; Netflix Is Losing One of My Favorite Action Movies of the Last 10 Years
2023-12-29,negative,490.3699951171875,486.8800048828125,492.2300109863281,481.9400024414063,2740600.0,Stranger Things new trailer leaked by Netflix; Geneseo haunting returns to spotlight in Netflix docuseries
2023-12-29,neutral,490.3699951171875,486.8800048828125,492.2300109863281,481.94000244140636,2740600.0,"Netflix Baramulla trailer: Manav Kaul leads a supernatural mystery set in Kashmir; Netflix’s Nobody Wants This Filming Locations (2025-); Prime Video acquires 'Kantara: Chapter 1' for ₹110cr; beats Netflix; Rebecca Ferguson Spooked by ‘A House of Dynamite’ Detail in Netflix’s Hit Film!; Netflix’s The Witcher season 4 review: a dark, dazzling return to the continent"
2023-12-29,positive,490.3699951171875,486.8800048828125,492.2300109863281,481.9400024414063,2740600.0,Join Stranger Things for One Last Adventure with These Global Fan Events; Netflix Leans Into Success of 'KPop Demon Hunters' With New Hasbro and Mattel Partnerships. Is It Enough to Excite Investors?; Netflix Is Losing One of My Favorite Action Movies of the Last 10 Years
2024-01-02,negative,483.1900024414063,468.5,484.6499938964844,461.8599853515625,5049400.0,Stranger Things new trailer leaked by Netflix; Geneseo haunting returns to spotlight in Netflix docuseries
2024-01-02,neutral,483.19000244140636,468.5,484.6499938964844,461.8599853515625,5049400.0,"Netflix Baramulla trailer: Manav Kaul leads a supernatural mystery set in Kashmir; Netflix’s Nobody Wants This Filming Locations (2025-); Prime Video acquires 'Kantara: Chapter 1' for ₹110cr; beats Netflix; Rebecca Ferguson Spooked by ‘A House of Dynamite’ Detail in Netflix’s Hit Film!; Netflix’s The Witcher season 4 review: a dark, dazzling return to the continent"
2024-01-02,positive,483.1900024414063,468.5,484.6499938964844,461.8599853515625,5049400.0,Join Stranger Things for One Last Adventure with These Global Fan Events; Netflix Leans Into Success of 'KPop Demon Hunters' With New Hasbro and Mattel Partnerships. Is It Enough to Excite Investors?; Netflix Is Losing One of My Favorite Action Movies of the Last 10 Years
2024-01-03,negative,467.3200073242188,470.260009765625,475.0499877929688,465.7699890136719,3443700.0,Stranger Things new trailer leaked by Netflix; Geneseo haunting returns to spotlight in Netflix docuseries
2024-01-03,neutral,467.32000732421886,470.260009765625,475.04998779296886,465.7699890136719,3443700.0,"Netflix Baramulla trailer: Manav Kaul leads a supernatural mystery set in Kashmir; Netflix’s Nobody Wants This Filming Locations (2025-); Prime Video acquires 'Kantara: Chapter 1' for ₹110cr; beats Netflix; Rebecca Ferguson Spooked by ‘A House of Dynamite’ Detail in Netflix’s Hit Film!; Netflix’s The Witcher season 4 review: a dark, dazzling return to the continent"
2024-01-03,positive,467.3200073242188,470.260009765625,475.0499877929688,465.7699890136719,3443700.0,Join Stranger Things for One Last Adventure with These Global Fan Events; Netflix Leans Into Success of 'KPop Demon Hunters' With New Hasbro and Mattel Partnerships. Is It Enough to Excite Investors?; Netflix Is Losing One of My Favorite Action Movies of the Last 10 Years
2024-01-04,negative,472.9800109863281,474.6700134277344,480.739990234375,466.5299987792969,3636500.0,Stranger Things new trailer leaked by Netflix; Geneseo haunting returns to spotlight in Netflix docuseries
2024-01-04,neutral,472.9800109863281,474.6700134277344,480.739990234375,466.5299987792969,3636500.0,"Netflix Baramulla trailer: Manav Kaul leads a supernatural mystery set in Kashmir; Netflix’s Nobody Wants This Filming Locations (2025-); Prime Video acquires 'Kantara: Chapter 1' for ₹110cr; beats Netflix; Rebecca Ferguson Spooked by ‘A House of Dynamite’ Detail in Netflix’s Hit Film!; Netflix’s The Witcher season 4 review: a dark, dazzling return to the continent"
2024-01-04,positive,472.9800109863281,474.6700134277344,480.739990234375,466.5299987792969,3636500.0,Join Stranger Things for One Last Adventure with These Global Fan Events; Netflix Leans Into Success of 'KPop Demon Hunters' With New Hasbro and Mattel Partnerships. Is It Enough to Excite Investors?; Netflix Is Losing One of My Favorite Action Movies of the Last 10 Years
2024-01-05,negative,476.5,474.05999755859375,479.5499877929688,471.7999877929688,2631300.0,Stranger Things new trailer leaked by Netflix; Geneseo haunting returns to spotlight in Netflix docuseries
2024-01-05,neutral,476.5,474.05999755859375,479.54998779296886,471.79998779296886,2631300.0,"Netflix Baramulla trailer: Manav Kaul leads a supernatural mystery set in Kashmir; Netflix’s Nobody Wants This Filming Locations (2025-); Prime Video acquires 'Kantara: Chapter 1' for ₹110cr; beats Netflix; Rebecca Ferguson Spooked by ‘A House of Dynamite’ Detail in Netflix’s Hit Film!; Netflix’s The Witcher season 4 review: a dark, dazzling return to the continent"
2024-01-05,positive,476.5,474.05999755859375,479.5499877929688,471.7999877929688,2631300.0,Join Stranger Things for One Last Adventure with These Global Fan Events; Netflix Leans Into Success of 'KPop Demon Hunters' With New Hasbro and Mattel Partnerships. Is It Enough to Excite Investors?; Netflix Is Losing One of My Favorite Action Movies of the Last 10 Years
2024-01-08,negative,473.8900146484375,485.0299987792969,485.239990234375,473.6499938964844,3675800.0,Stranger Things new trailer leaked by Netflix; Geneseo haunting returns to spotlight in Netflix docuseries; Geneseo haunting returns to spotlight in Netflix docuseries
2024-01-08,neutral,473.8900146484375,485.0299987792969,485.239990234375,473.6499938964844,3675800.0,Netflix Baramulla trailer: Manav Kaul leads a supernatural mystery set in Kashmir; Netflix’s Nobody Wants This Filming Locations (2025-); Prime Video acquires 'Kantara: Chapter 1' for ₹110cr; beats Netflix
2024-01-08,positive,473.8900146484375,485.0299987792969,485.239990234375,473.6499938964844,3675800.0,"Netflix’s ‘10DANCE’ live-action: Cast, plot, release date & all you need to know about BL manga film starring Keita Machida & Ryoma Takeuchi; Join Stranger Things for One Last Adventure with These Global Fan Events; Netflix Leans Into Success of 'KPop Demon Hunters' With New Hasbro and Mattel Partnerships. Is It Enough to Excite Investors?; Netflix Is Losing One of My Favorite Action Movies of the Last 10 Years"
2024-01-09,negative,475.5299987792969,482.0899963378906,485.0899963378906,473.7999877929688,3526800.0,Stranger Things new trailer leaked by Netflix; Geneseo haunting returns to spotlight in Netflix docuseries; Geneseo haunting returns to spotlight in Netflix docuseries
2024-01-09,neutral,475.5299987792969,482.0899963378906,485.0899963378906,473.7999877929688,3526800.0,Netflix Baramulla trailer: Manav Kaul leads a supernatural mystery set in Kashmir; Netflix’s Nobody Wants This Filming Locations (2025-); Prime Video acquires 'Kantara: Chapter 1' for ₹110cr; beats Netflix
2024-01-09,positive,475.5299987792969,482.0899963378906,485.0899963378906,473.7999877929688,3526800.0,"Netflix’s ‘10DANCE’ live-action: Cast, plot, release date & all you need to know about BL manga film starring Keita Machida & Ryoma Takeuchi; Join Stranger Things for One Last Adventure with These Global Fan Events; Netflix Leans Into Success of 'KPop Demon Hunters' With New Hasbro and Mattel Partnerships. Is It Enough to Excite Investors?; Netflix Is Losing One of My Favorite Action Movies of the Last 10 Years"
2024-01-10,negative,481.6000061035156,478.3299865722656,487.0,472.9500122070313,4342400.0,Stranger Things new trailer leaked by Netflix; Geneseo haunting returns to spotlight in Netflix docuseries; Geneseo haunting returns to spotlight in Netflix docuseries
2024-01-10,neutral,481.6000061035156,478.3299865722656,487.0,472.9500122070313,4342400.0,Netflix Baramulla trailer: Manav Kaul leads a supernatural mystery set in Kashmir; Netflix’s Nobody Wants This Filming Locations (2025-); Prime Video acquires 'Kantara: Chapter 1' for ₹110cr; beats Netflix
2024-01-10,positive,481.6000061035156,478.3299865722656,487.0,472.9500122070313,4342400.0,"Netflix’s ‘10DANCE’ live-action: Cast, plot, release date & all you need to know about BL manga film starring Keita Machida & Ryoma Takeuchi; Join Stranger Things for One Last Adventure with These Global Fan Events; Netflix Leans Into Success of 'KPop Demon Hunters' With New Hasbro and Mattel Partnerships. Is It Enough to Excite Investors?; Netflix Is Losing One of My Favorite Action Movies of the Last 10 Years"
2024-01-11,negative,492.5400085449219,492.2300109863281,503.4100036621094,483.8200073242188,7993300.0,Stranger Things new trailer leaked by Netflix; Geneseo haunting returns to spotlight in Netflix docuseries; Geneseo haunting returns to spotlight in Netflix docuseries
2024-01-11,neutral,492.5400085449219,492.2300109863281,503.4100036621094,483.8200073242188,7993300.0,Netflix Baramulla trailer: Manav Kaul leads a supernatural mystery set in Kashmir; Netflix’s Nobody Wants This Filming Locations (2025-); Prime Video acquires 'Kantara: Chapter 1' for ₹110cr; beats Netflix
2024-01-11,positive,492.5400085449219,492.2300109863281,503.4100036621094,483.8200073242188,7993300.0,"Netflix’s ‘10DANCE’ live-action: Cast, plot, release date & all you need to know about BL manga film starring Keita Machida & Ryoma Takeuchi; Join Stranger Things for One Last Adventure with These Global Fan Events; Netflix Leans Into Success of 'KPop Demon Hunters' With New Hasbro and Mattel Partnerships. Is It Enough to Excite Investors?; Netflix Is Losing One of My Favorite Action Movies of the Last 10 Years"
2024-01-12,negative,500.510009765625,492.1600036621094,500.7900085449219,490.6099853515625,5003700.0,Stranger Things new trailer leaked by Netflix; Geneseo haunting returns to spotlight in Netflix docuseries; Geneseo haunting returns to spotlight in Netflix docuseries
2024-01-12,neutral,500.510009765625,492.1600036621094,500.7900085449219,490.6099853515625,5003700.0,Netflix Baramulla trailer: Manav Kaul leads a supernatural mystery set in Kashmir; Netflix’s Nobody Wants This Filming Locations (2025-); Prime Video acquires 'Kantara: Chapter 1' for ₹110cr; beats Netflix
2024-01-12,positive,500.510009765625,492.1600036621094,500.7900085449219,490.6099853515625,5003700.0,"Netflix’s ‘10DANCE’ live-action: Cast, plot, release date & all you need to know about BL manga film starring Keita Machida & Ryoma Takeuchi; Join Stranger Things for One Last Adventure with These Global Fan Events; Netflix Leans Into Success of 'KPop Demon Hunters' With New Hasbro and Mattel Partnerships. Is It Enough to Excite Investors?; Netflix Is Losing One of My Favorite Action Movies of the Last 10 Years"
2024-01-16,negative,490.0,481.239990234375,494.1499938964844,478.0199890136719,4679000.0,Stranger Things new trailer leaked by Netflix; Geneseo haunting returns to spotlight in Netflix docuseries; Geneseo haunting returns to spotlight in Netflix docuseries
2024-01-16,neutral,490.0,481.239990234375,494.1499938964844,478.0199890136719,4679000.0,Netflix Baramulla trailer: Manav Kaul leads a supernatural mystery set in Kashmir; Netflix’s Nobody Wants This Filming Locations (2025-); Prime Video acquires 'Kantara: Chapter 1' for ₹110cr; beats Netflix
2024-01-16,positive,490.0,481.239990234375,494.1499938964844,478.0199890136719,4679000.0,"Netflix’s ‘10DANCE’ live-action: Cast, plot, release date & all you need to know about BL manga film starring Keita Machida & Ryoma Takeuchi; Join Stranger Things for One Last Adventure with These Global Fan Events; Netflix Leans Into Success of 'KPop Demon Hunters' With New Hasbro and Mattel Partnerships. Is It Enough to Excite Investors?; Netflix Is Losing One of My Favorite Action Movies of the Last 10 Years"
2024-01-17,negative,484.5,480.3299865722656,486.2099914550781,475.260009765625,4894600.0,Stranger Things new trailer leaked by Netflix; Geneseo haunting returns to spotlight in Netflix docuseries; Geneseo haunting returns to spotlight in Netflix docuseries
2024-01-17,neutral,484.5,480.3299865722656,486.2099914550781,475.260009765625,4894600.0,Netflix Baramulla trailer: Manav Kaul leads a supernatural mystery set in Kashmir; Netflix’s Nobody Wants This Filming Locations (2025-); Prime Video acquires 'Kantara: Chapter 1' for ₹110cr; beats Netflix
2024-01-17,positive,484.5,480.3299865722656,486.2099914550781,475.260009765625,4894600.0,"Netflix’s ‘10DANCE’ live-action: Cast, plot, release date & all you need to know about BL manga film starring Keita Machida & Ryoma Takeuchi; Join Stranger Things for One Last Adventure with These Global Fan Events; Netflix Leans Into Success of 'KPop Demon Hunters' With New Hasbro and Mattel Partnerships. Is It Enough to Excite Investors?; Netflix Is Losing One of My Favorite Action Movies of the Last 10 Years"
2024-01-18,negative,480.0299987792969,485.30999755859375,485.7699890136719,478.0199890136719,4054400.0,Stranger Things new trailer leaked by Netflix; Geneseo haunting returns to spotlight in Netflix docuseries; Geneseo haunting returns to spotlight in Netflix docuseries
2024-01-18,neutral,480.0299987792969,485.30999755859375,485.7699890136719,478.0199890136719,4054400.0,Netflix Baramulla trailer: Manav Kaul leads a supernatural mystery set in Kashmir; Netflix’s Nobody Wants This Filming Locations (2025-); Prime Video acquires 'Kantara: Chapter 1' for ₹110cr; beats Netflix
2024-01-18,positive,480.0299987792969,485.30999755859375,485.7699890136719,478.0199890136719,4054400.0,"Netflix’s ‘10DANCE’ live-action: Cast, plot, release date & all you need to know about BL manga film starring Keita Machida & Ryoma Takeuchi; Join Stranger Things for One Last Adventure with These Global Fan Events; Netflix Leans Into Success of 'KPop Demon Hunters' With New Hasbro and Mattel Partnerships. Is It Enough to Excite Investors?; Netflix Is Losing One of My Favorite Action Movies of the Last 10 Years"
2024-01-19,negative,484.9800109863281,482.9500122070313,485.6700134277344,476.05999755859375,5672400.0,Stranger Things new trailer leaked by Netflix; Geneseo haunting returns to spotlight in Netflix docuseries; Geneseo haunting returns to spotlight in Netflix docuseries
2024-01-19,neutral,484.9800109863281,482.9500122070313,485.6700134277344,476.05999755859375,5672400.0,Netflix Baramulla trailer: Manav Kaul leads a supernatural mystery set in Kashmir; Netflix’s Nobody Wants This Filming Locations (2025-)
2024-01-19,positive,484.9800109863281,482.95001220703136,485.6700134277344,476.05999755859375,5672400.0,"13 Best Football Movies and Shows on Netflix; Netflix’s ‘10DANCE’ live-action: Cast, plot, release date & all you need to know about BL manga film starring Keita Machida & Ryoma Takeuchi; Join Stranger Things for One Last Adventure with These Global Fan Events; Netflix Leans Into Success of 'KPop Demon Hunters' With New Hasbro and Mattel Partnerships. Is It Enough to Excite Investors?; Netflix Is Losing One of My Favorite Action Movies of the Last 10 Years"
2024-01-22,negative,487.5499877929688,485.7099914550781,489.7999877929688,479.8999938964844,5212300.0,Stranger Things new trailer leaked by Netflix; Geneseo haunting returns to spotlight in Netflix docuseries; Geneseo haunting returns to spotlight in Netflix docuseries
2024-01-22,neutral,487.5499877929688,485.7099914550781,489.7999877929688,479.8999938964844,5212300.0,Netflix Baramulla trailer: Manav Kaul leads a supernatural mystery set in Kashmir; Netflix’s Nobody Wants This Filming Locations (2025-)
2024-01-22,positive,487.54998779296886,485.7099914550781,489.79998779296886,479.8999938964844,5212300.0,"13 Best Football Movies and Shows on Netflix; Netflix’s ‘10DANCE’ live-action: Cast, plot, release date & all you need to know about BL manga film starring Keita Machida & Ryoma Takeuchi; Join Stranger Things for One Last Adventure with These Global Fan Events; Netflix Leans Into Success of 'KPop Demon Hunters' With New Hasbro and Mattel Partnerships. Is It Enough to Excite Investors?; Netflix Is Losing One of My Favorite Action Movies of the Last 10 Years"
2024-01-23,negative,492.0,492.1900024414063,498.9599914550781,481.3999938964844,15506000.0,Stranger Things new trailer leaked by Netflix; Geneseo haunting returns to spotlight in Netflix docuseries; Geneseo haunting returns to spotlight in Netflix docuseries
2024-01-23,neutral,492.0,492.1900024414063,498.9599914550781,481.3999938964844,15506000.0,Netflix Baramulla trailer: Manav Kaul leads a supernatural mystery set in Kashmir; Netflix’s Nobody Wants This Filming Locations (2025-)
2024-01-23,positive,492.0,492.19000244140636,498.9599914550781,481.3999938964844,15506000.0,"13 Best Football Movies and Shows on Netflix; Netflix’s ‘10DANCE’ live-action: Cast, plot, release date & all you need to know about BL manga film starring Keita Machida & Ryoma Takeuchi; Join Stranger Things for One Last Adventure with These Global Fan Events; Netflix Leans Into Success of 'KPop Demon Hunters' With New Hasbro and Mattel Partnerships. Is It Enough to Excite Investors?; Netflix Is Losing One of My Favorite Action Movies of the Last 10 Years"
2024-01-24,negative,537.75,544.8699951171875,562.5,537.0700073242188,26432800.0,Stranger Things new trailer leaked by Netflix; Geneseo haunting returns to spotlight in Netflix docuseries; Geneseo haunting returns to spotlight in Netflix docuseries
2024-01-24,neutral,537.75,544.8699951171875,562.5,537.0700073242188,26432800.0,Netflix Baramulla trailer: Manav Kaul leads a supernatural mystery set in Kashmir; Netflix’s Nobody Wants This Filming Locations (2025-)
2024-01-24,positive,537.75,544.8699951171875,562.5,537.0700073242188,26432800.0,"13 Best Football Movies and Shows on Netflix; Netflix’s ‘10DANCE’ live-action: Cast, plot, release date & all you need to know about BL manga film starring Keita Machida & Ryoma Takeuchi; Join Stranger Things for One Last Adventure with These Global Fan Events; Netflix Leans Into Success of 'KPop Demon Hunters' With New Hasbro and Mattel Partnerships. Is It Enough to Excite Investors?; Netflix Is Losing One of My Favorite Action Movies of the Last 10 Years"
2024-01-25,negative,551.9500122070312,562.0,563.4600219726562,548.4600219726562,9451900.0,Stranger Things new trailer leaked by Netflix; Geneseo haunting returns to spotlight in Netflix docuseries; Geneseo haunting returns to spotlight in Netflix docuseries
2024-01-25,neutral,551.9500122070312,562.0,563.4600219726562,548.4600219726562,9451900.0,Netflix Baramulla trailer: Manav Kaul leads a supernatural mystery set in Kashmir; Netflix’s Nobody Wants This Filming Locations (2025-)
2024-01-25,positive,551.9500122070312,562.0,563.4600219726562,548.4600219726562,9451900.0,"13 Best Football Movies and Shows on Netflix; Netflix’s ‘10DANCE’ live-action: Cast, plot, release date & all you need to know about BL manga film starring Keita Machida & Ryoma Takeuchi; Join Stranger Things for One Last Adventure with These Global Fan Events; Netflix Leans Into Success of 'KPop Demon Hunters' With New Hasbro and Mattel Partnerships. Is It Enough to Excite Investors?; Netflix Is Losing One of My Favorite Action Movies of the Last 10 Years"
2024-01-26,negative,561.8099975585938,570.4199829101562,579.6400146484375,558.4299926757812,12770600.0,Stranger Things new trailer leaked by Netflix; Geneseo haunting returns to spotlight in Netflix docuseries; Geneseo haunting returns to spotlight in Netflix docuseries
2024-01-26,neutral,561.8099975585938,570.4199829101562,579.6400146484375,558.4299926757812,12770600.0,Netflix Baramulla trailer: Manav Kaul leads a supernatural mystery set in Kashmir; Netflix’s Nobody Wants This Filming Locations (2025-)
2024-01-26,positive,561.8099975585938,570.4199829101562,579.6400146484375,558.4299926757812,12770600.0,"13 Best Football Movies and Shows on Netflix; Netflix’s ‘10DANCE’ live-action: Cast, plot, release date & all you need to know about BL manga film starring Keita Machida & Ryoma Takeuchi; Join Stranger Things for One Last Adventure with These Global Fan Events; Netflix Leans Into Success of 'KPop Demon Hunters' With New Hasbro and Mattel Partnerships. Is It Enough to Excite Investors?; Netflix Is Losing One of My Favorite Action Movies of the Last 10 Years"
2024-01-29,negative,571.3499755859375,575.7899780273438,578.5499877929688,562.6799926757812,6905400.0,Stranger Things new trailer leaked by Netflix; Geneseo haunting returns to spotlight in Netflix docuseries; Geneseo haunting returns to spotlight in Netflix docuseries
2024-01-29,neutral,571.3499755859375,575.7899780273438,578.5499877929688,562.6799926757812,6905400.0,Netflix Baramulla trailer: Manav Kaul leads a supernatural mystery set in Kashmir; Netflix’s Nobody Wants This Filming Locations (2025-)
2024-01-29,positive,571.3499755859375,575.7899780273438,578.5499877929688,562.6799926757812,6905400.0,"13 Best Football Movies and Shows on Netflix; Netflix’s ‘10DANCE’ live-action: Cast, plot, release date & all you need to know about BL manga film starring Keita Machida & Ryoma Takeuchi; Join Stranger Things for One Last Adventure with These Global Fan Events; Netflix Leans Into Success of 'KPop Demon Hunters' With New Hasbro and Mattel Partnerships. Is It Enough to Excite Investors?; Netflix Is Losing One of My Favorite Action Movies of the Last 10 Years"
2024-01-30,negative,567.3200073242188,562.8499755859375,570.8800048828125,560.8200073242188,6181800.0,Stranger Things new trailer leaked by Netflix; Geneseo haunting returns to spotlight in Netflix docuseries; Geneseo haunting returns to spotlight in Netflix docuseries
2024-01-30,neutral,567.3200073242188,562.8499755859375,570.8800048828125,560.8200073242188,6181800.0,Netflix Baramulla trailer: Manav Kaul leads a supernatural mystery set in Kashmir; Netflix’s Nobody Wants This Filming Locations (2025-)
2024-01-30,positive,567.3200073242188,562.8499755859375,570.8800048828125,560.8200073242188,6181800.0,"13 Best Football Movies and Shows on Netflix; Netflix’s ‘10DANCE’ live-action: Cast, plot, release date & all you need to know about BL manga film starring Keita Machida & Ryoma Takeuchi; Join Stranger Things for One Last Adventure with These Global Fan Events; Netflix Leans Into Success of 'KPop Demon Hunters' With New Hasbro and Mattel Partnerships. Is It Enough to Excite Investors?; Netflix Is Losing One of My Favorite Action Movies of the Last 10 Years"
2024-01-31,negative,562.8499755859375,564.1099853515625,572.1500244140625,562.0399780273438,4857600.0,Stranger Things new trailer leaked by Netflix; Geneseo haunting returns to spotlight in Netflix docuseries; Geneseo haunting returns to spotlight in Netflix docuseries
2024-01-31,neutral,562.8499755859375,564.1099853515625,572.1500244140625,562.0399780273438,4857600.0,Divya Khossla and Neil Nitin Mukesh’s ‘Ek Chatur Naar’ gears up for Netflix premiere on November 7; Netflix Baramulla trailer: Manav Kaul leads a supernatural mystery set in Kashmir; Netflix’s Nobody Wants This Filming Locations (2025-)
2024-01-31,positive,562.8499755859375,564.1099853515625,572.1500244140625,562.0399780273438,4857600.0,"13 Best Football Movies and Shows on Netflix; Netflix’s ‘10DANCE’ live-action: Cast, plot, release date & all you need to know about BL manga film starring Keita Machida & Ryoma Takeuchi; Join Stranger Things for One Last Adventure with These Global Fan Events; Netflix Leans Into Success of 'KPop Demon Hunters' With New Hasbro and Mattel Partnerships. Is It Enough to Excite Investors?"
2024-02-01,negative,567.02001953125,567.510009765625,572.6599731445312,563.8300170898438,3174000.0,Stranger Things new trailer leaked by Netflix; Geneseo haunting returns to spotlight in Netflix docuseries; Geneseo haunting returns to spotlight in Netflix docuseries
2024-02-01,neutral,567.02001953125,567.510009765625,572.6599731445312,563.8300170898438,3174000.0,Divya Khossla and Neil Nitin Mukesh’s ‘Ek Chatur Naar’ gears up for Netflix premiere on November 7; Netflix Baramulla trailer: Manav Kaul leads a supernatural mystery set in Kashmir; Netflix’s Nobody Wants This Filming Locations (2025-)
2024-02-01,positive,567.02001953125,567.510009765625,572.6599731445312,563.8300170898438,3174000.0,"13 Best Football Movies and Shows on Netflix; Netflix’s ‘10DANCE’ live-action: Cast, plot, release date & all you need to know about BL manga film starring Keita Machida & Ryoma Takeuchi; Join Stranger Things for One Last Adventure with These Global Fan Events; Netflix Leans Into Success of 'KPop Demon Hunters' With New Hasbro and Mattel Partnerships. Is It Enough to Excite Investors?"
2024-02-02,negative,564.52001953125,564.6400146484375,567.7999877929688,562.3699951171875,4032800.0,Stranger Things new trailer leaked by Netflix; Geneseo haunting returns to spotlight in Netflix docuseries; Geneseo haunting returns to spotlight in Netflix docuseries
2024-02-02,neutral,564.52001953125,564.6400146484375,567.7999877929688,562.3699951171875,4032800.0,Divya Khossla and Neil Nitin Mukesh’s ‘Ek Chatur Naar’ gears up for Netflix premiere on November 7; Netflix Baramulla trailer: Manav Kaul leads a supernatural mystery set in Kashmir; Netflix’s Nobody Wants This Filming Locations (2025-)
2024-02-02,positive,564.52001953125,564.6400146484375,567.7999877929688,562.3699951171875,4032800.0,"13 Best Football Movies and Shows on Netflix; Netflix’s ‘10DANCE’ live-action: Cast, plot, release date & all you need to know about BL manga film starring Keita Machida & Ryoma Takeuchi; Join Stranger Things for One Last Adventure with These Global Fan Events; Netflix Leans Into Success of 'KPop Demon Hunters' With New Hasbro and Mattel Partnerships. Is It Enough to Excite Investors?"
2024-02-05,negative,562.469970703125,562.0599975585938,575.75,557.2000122070312,4143100.0,Stranger Things new trailer leaked by Netflix; Geneseo haunting returns to spotlight in Netflix docuseries; Geneseo haunting returns to spotlight in Netflix docuseries
2024-02-05,neutral,562.469970703125,562.0599975585938,575.75,557.2000122070312,4143100.0,Divya Khossla and Neil Nitin Mukesh’s ‘Ek Chatur Naar’ gears up for Netflix premiere on November 7; Netflix Baramulla trailer: Manav Kaul leads a supernatural mystery set in Kashmir; Netflix’s Nobody Wants This Filming Locations (2025-)
2024-02-05,positive,562.469970703125,562.0599975585938,575.75,557.2000122070312,4143100.0,"13 Best Football Movies and Shows on Netflix; Netflix’s ‘10DANCE’ live-action: Cast, plot, release date & all you need to know about BL manga film starring Keita Machida & Ryoma Takeuchi; Join Stranger Things for One Last Adventure with These Global Fan Events; Netflix Leans Into Success of 'KPop Demon Hunters' With New Hasbro and Mattel Partnerships. Is It Enough to Excite Investors?"
2024-02-06,negative,564.1199951171875,555.8800048828125,566.3400268554688,554.3699951171875,2840300.0,Stranger Things new trailer leaked by Netflix; Geneseo haunting returns to spotlight in Netflix docuseries; Geneseo haunting returns to spotlight in Netflix docuseries
2024-02-06,neutral,564.1199951171875,555.8800048828125,566.3400268554688,554.3699951171875,2840300.0,Divya Khossla and Neil Nitin Mukesh’s ‘Ek Chatur Naar’ gears up for Netflix premiere on November 7; Netflix Baramulla trailer: Manav Kaul leads a supernatural mystery set in Kashmir; Netflix’s Nobody Wants This Filming Locations (2025-)
2024-02-06,positive,564.1199951171875,555.8800048828125,566.3400268554688,554.3699951171875,2840300.0,"13 Best Football Movies and Shows on Netflix; Netflix’s ‘10DANCE’ live-action: Cast, plot, release date & all you need to know about BL manga film starring Keita Machida & Ryoma Takeuchi; Join Stranger Things for One Last Adventure with These Global Fan Events; Netflix Leans Into Success of 'KPop Demon Hunters' With New Hasbro and Mattel Partnerships. Is It Enough to Excite Investors?"
2024-02-07,negative,558.1599731445312,559.2999877929688,567.7999877929688,554.97998046875,4373600.0,Stranger Things new trailer leaked by Netflix; Geneseo haunting returns to spotlight in Netflix docuseries; Geneseo haunting returns to spotlight in Netflix docuseries
2024-02-07,neutral,558.1599731445312,559.2999877929688,567.7999877929688,554.97998046875,4373600.0,Divya Khossla and Neil Nitin Mukesh’s ‘Ek Chatur Naar’ gears up for Netflix premiere on November 7; Netflix Baramulla trailer: Manav Kaul leads a supernatural mystery set in Kashmir; Netflix’s Nobody Wants This Filming Locations (2025-)
2024-02-07,positive,558.1599731445312,559.2999877929688,567.7999877929688,554.97998046875,4373600.0,"13 Best Football Movies and Shows on Netflix; Netflix’s ‘10DANCE’ live-action: Cast, plot, release date & all you need to know about BL manga film starring Keita Machida & Ryoma Takeuchi; Join Stranger Things for One Last Adventure with These Global Fan Events; Netflix Leans Into Success of 'KPop Demon Hunters' With New Hasbro and Mattel Partnerships. Is It Enough to Excite Investors?"
2024-02-08,negative,560.5499877929688,558.530029296875,563.7000122070312,555.739990234375,3175500.0,Stranger Things new trailer leaked by Netflix; Geneseo haunting returns to spotlight in Netflix docuseries; Geneseo haunting returns to spotlight in Netflix docuseries
2024-02-08,neutral,560.5499877929688,558.530029296875,563.7000122070312,555.739990234375,3175500.0,Divya Khossla and Neil Nitin Mukesh’s ‘Ek Chatur Naar’ gears up for Netflix premiere on November 7; Netflix Baramulla trailer: Manav Kaul leads a supernatural mystery set in Kashmir; Netflix’s Nobody Wants This Filming Locations (2025-)
2024-02-08,positive,560.5499877929688,558.530029296875,563.7000122070312,555.739990234375,3175500.0,"13 Best Football Movies and Shows on Netflix; Netflix’s ‘10DANCE’ live-action: Cast, plot, release date & all you need to know about BL manga film starring Keita Machida & Ryoma Takeuchi; Join Stranger Things for One Last Adventure with These Global Fan Events; Netflix Leans Into Success of 'KPop Demon Hunters' With New Hasbro and Mattel Partnerships. Is It Enough to Excite Investors?"
2024-02-09,negative,565.0,561.3200073242188,566.0,558.0999755859375,3055700.0,Stranger Things new trailer leaked by Netflix; Geneseo haunting returns to spotlight in Netflix docuseries; Geneseo haunting returns to spotlight in Netflix docuseries
2024-02-09,neutral,565.0,561.3200073242188,566.0,558.0999755859375,3055700.0,Divya Khossla and Neil Nitin Mukesh’s ‘Ek Chatur Naar’ gears up for Netflix premiere on November 7; Netflix Baramulla trailer: Manav Kaul leads a supernatural mystery set in Kashmir; Netflix’s Nobody Wants This Filming Locations (2025-)
2024-02-09,positive,565.0,561.3200073242188,566.0,558.0999755859375,3055700.0,"13 Best Football Movies and Shows on Netflix; Netflix’s ‘10DANCE’ live-action: Cast, plot, release date & all you need to know about BL manga film starring Keita Machida & Ryoma Takeuchi; Join Stranger Things for One Last Adventure with These Global Fan Events; Netflix Leans Into Success of 'KPop Demon Hunters' With New Hasbro and Mattel Partnerships. Is It Enough to Excite Investors?"
2024-02-12,negative,560.3599853515625,557.8499755859375,568.4400024414062,557.0,3608500.0,Stranger Things new trailer leaked by Netflix; Geneseo haunting returns to spotlight in Netflix docuseries; Geneseo haunting returns to spotlight in Netflix docuseries
2024-02-12,neutral,560.3599853515625,557.8499755859375,568.4400024414062,557.0,3608500.0,Divya Khossla and Neil Nitin Mukesh’s ‘Ek Chatur Naar’ gears up for Netflix premiere on November 7; Netflix Baramulla trailer: Manav Kaul leads a supernatural mystery set in Kashmir; Netflix’s Nobody Wants This Filming Locations (2025-)
2024-02-12,positive,560.3599853515625,557.8499755859375,568.4400024414062,557.0,3608500.0,"13 Best Football Movies and Shows on Netflix; Netflix’s ‘10DANCE’ live-action: Cast, plot, release date & all you need to know about BL manga film starring Keita Machida & Ryoma Takeuchi; Join Stranger Things for One Last Adventure with These Global Fan Events; Netflix Leans Into Success of 'KPop Demon Hunters' With New Hasbro and Mattel Partnerships. Is It Enough to Excite Investors?"
2024-02-13,negative,550.7999877929688,554.52001953125,559.2000122070312,549.0,3511500.0,Stranger Things new trailer leaked by Netflix; Geneseo haunting returns to spotlight in Netflix docuseries; Geneseo haunting returns to spotlight in Netflix docuseries
2024-02-13,neutral,550.7999877929688,554.52001953125,559.2000122070312,549.0,3511500.0,Divya Khossla and Neil Nitin Mukesh’s ‘Ek Chatur Naar’ gears up for Netflix premiere on November 7; Netflix Baramulla trailer: Manav Kaul leads a supernatural mystery set in Kashmir; Netflix’s Nobody Wants This Filming Locations (2025-)
2024-02-13,positive,550.7999877929688,554.52001953125,559.2000122070312,549.0,3511500.0,"13 Best Football Movies and Shows on Netflix; Netflix’s ‘10DANCE’ live-action: Cast, plot, release date & all you need to know about BL manga film starring Keita Machida & Ryoma Takeuchi; Join Stranger Things for One Last Adventure with These Global Fan Events; Netflix Leans Into Success of 'KPop Demon Hunters' With New Hasbro and Mattel Partnerships. Is It Enough to Excite Investors?"
2024-02-14,negative,567.260009765625,579.3300170898438,581.25,564.3400268554688,5634200.0,Netflix Confirms Stranger Things Season 5 Release Schedule Following Accidental Trailer Leak and Announcement of Worldwide Fan Events; Netflix Documentary 'Aileen: Queen of the Serial Killers' Revisits the Case of Notorious Female Serial Killer Aileen Wuornos; Stranger Things new trailer leaked by Netflix
2024-02-14,neutral,567.260009765625,579.3300170898438,581.25,564.3400268554688,5634200.0,Divya Khossla and Neil Nitin Mukesh’s ‘Ek Chatur Naar’ gears up for Netflix premiere on November 7; Netflix Baramulla trailer: Manav Kaul leads a supernatural mystery set in Kashmir
2024-02-14,positive,567.260009765625,579.3300170898438,581.25,564.3400268554688,5634200.0,"Adam Driver to lead Netflix psychological thriller series Rabbit, Rabbit; 13 Best Football Movies and Shows on Netflix; Netflix’s ‘10DANCE’ live-action: Cast, plot, release date & all you need to know about BL manga film starring Keita Machida & Ryoma Takeuchi; Join Stranger Things for One Last Adventure with These Global Fan Events; Netflix Leans Into Success of 'KPop Demon Hunters' With New Hasbro and Mattel Partnerships. Is It Enough to Excite Investors?"
2024-02-15,negative,581.9099731445312,593.4600219726562,593.77001953125,580.3200073242188,5220900.0,Netflix Confirms Stranger Things Season 5 Release Schedule Following Accidental Trailer Leak and Announcement of Worldwide Fan Events; Netflix Documentary 'Aileen: Queen of the Serial Killers' Revisits the Case of Notorious Female Serial Killer Aileen Wuornos; Stranger Things new trailer leaked by Netflix
2024-02-15,neutral,581.9099731445312,593.4600219726562,593.77001953125,580.3200073242188,5220900.0,Divya Khossla and Neil Nitin Mukesh’s ‘Ek Chatur Naar’ gears up for Netflix premiere on November 7; Netflix Baramulla trailer: Manav Kaul leads a supernatural mystery set in Kashmir
2024-02-15,positive,581.9099731445312,593.4600219726562,593.77001953125,580.3200073242188,5220900.0,"Adam Driver to lead Netflix psychological thriller series Rabbit, Rabbit; 13 Best Football Movies and Shows on Netflix; Netflix’s ‘10DANCE’ live-action: Cast, plot, release date & all you need to know about BL manga film starring Keita Machida & Ryoma Takeuchi; Join Stranger Things for One Last Adventure with These Global Fan Events; Netflix Leans Into Success of 'KPop Demon Hunters' With New Hasbro and Mattel Partnerships. Is It Enough to Excite Investors?"
2024-02-16,negative,596.9500122070312,583.9500122070312,597.0,577.4600219726562,4325700.0,Netflix Confirms Stranger Things Season 5 Release Schedule Following Accidental Trailer Leak and Announcement of Worldwide Fan Events; Netflix Documentary 'Aileen: Queen of the Serial Killers' Revisits the Case of Notorious Female Serial Killer Aileen Wuornos; Stranger Things new trailer leaked by Netflix; Geneseo haunting returns to spotlight in Netflix docuseries
2024-02-16,neutral,596.9500122070312,583.9500122070312,597.0,577.4600219726562,4325700.0,Divya Khossla and Neil Nitin Mukesh’s ‘Ek Chatur Naar’ gears up for Netflix premiere on November 7; Netflix Baramulla trailer: Manav Kaul leads a supernatural mystery set in Kashmir
2024-02-16,positive,596.9500122070312,583.9500122070312,597.0,577.4600219726562,4325700.0,"Adam Driver to lead Netflix psychological thriller series Rabbit, Rabbit; 13 Best Football Movies and Shows on Netflix; Netflix’s ‘10DANCE’ live-action: Cast, plot, release date & all you need to know about BL manga film starring Keita Machida & Ryoma Takeuchi; Join Stranger Things for One Last Adventure with These Global Fan Events"
2024-02-20,negative,580.1799926757812,575.1300048828125,586.0,569.6599731445312,3124200.0,Netflix Confirms Stranger Things Season 5 Release Schedule Following Accidental Trailer Leak and Announcement of Worldwide Fan Events; Netflix Documentary 'Aileen: Queen of the Serial Killers' Revisits the Case of Notorious Female Serial Killer Aileen Wuornos; Stranger Things new trailer leaked by Netflix
2024-02-20,neutral,580.1799926757812,575.1300048828125,586.0,569.6599731445312,3124200.0,Divya Khossla and Neil Nitin Mukesh’s ‘Ek Chatur Naar’ gears up for Netflix premiere on November 7; Netflix Baramulla trailer: Manav Kaul leads a supernatural mystery set in Kashmir
2024-02-20,positive,580.1799926757812,575.1300048828125,586.0,569.6599731445312,3124200.0,"Adam Driver to lead Netflix psychological thriller series Rabbit, Rabbit; 13 Best Football Movies and Shows on Netflix; Netflix’s ‘10DANCE’ live-action: Cast, plot, release date & all you need to know about BL manga film starring Keita Machida & Ryoma Takeuchi; Join Stranger Things for One Last Adventure with These Global Fan Events; Netflix Leans Into Success of 'KPop Demon Hunters' With New Hasbro and Mattel Partnerships. Is It Enough to Excite Investors?"
2024-02-21,negative,573.510009765625,573.3499755859375,575.780029296875,567.3200073242188,2270600.0,Netflix Confirms Stranger Things Season 5 Release Schedule Following Accidental Trailer Leak and Announcement of Worldwide Fan Events; Netflix Documentary 'Aileen: Queen of the Serial Killers' Revisits the Case of Notorious Female Serial Killer Aileen Wuornos; Stranger Things new trailer leaked by Netflix
2024-02-21,neutral,573.510009765625,573.3499755859375,575.780029296875,567.3200073242188,2270600.0,Divya Khossla and Neil Nitin Mukesh’s ‘Ek Chatur Naar’ gears up for Netflix premiere on November 7; Netflix Baramulla trailer: Manav Kaul leads a supernatural mystery set in Kashmir
2024-02-21,positive,573.510009765625,573.3499755859375,575.780029296875,567.3200073242188,2270600.0,"Adam Driver to lead Netflix psychological thriller series Rabbit, Rabbit; 13 Best Football Movies and Shows on Netflix; Netflix’s ‘10DANCE’ live-action: Cast, plot, release date & all you need to know about BL manga film starring Keita Machida & Ryoma Takeuchi; Join Stranger Things for One Last Adventure with These Global Fan Events; Netflix Leans Into Success of 'KPop Demon Hunters' With New Hasbro and Mattel Partnerships. Is It Enough to Excite Investors?"
2024-02-22,negative,582.75,588.469970703125,590.8499755859375,578.8900146484375,3526600.0,Netflix Confirms Stranger Things Season 5 Release Schedule Following Accidental Trailer Leak and Announcement of Worldwide Fan Events; Netflix Documentary 'Aileen: Queen of the Serial Killers' Revisits the Case of Notorious Female Serial Killer Aileen Wuornos; Stranger Things new trailer leaked by Netflix
2024-02-22,neutral,582.75,588.469970703125,590.8499755859375,578.8900146484375,3526600.0,Divya Khossla and Neil Nitin Mukesh’s ‘Ek Chatur Naar’ gears up for Netflix premiere on November 7; Netflix Baramulla trailer: Manav Kaul leads a supernatural mystery set in Kashmir
2024-02-22,positive,582.75,588.469970703125,590.8499755859375,578.8900146484375,3526600.0,"Adam Driver to lead Netflix psychological thriller series Rabbit, Rabbit; 13 Best Football Movies and Shows on Netflix; Netflix’s ‘10DANCE’ live-action: Cast, plot, release date & all you need to know about BL manga film starring Keita Machida & Ryoma Takeuchi; Join Stranger Things for One Last Adventure with These Global Fan Events; Netflix Leans Into Success of 'KPop Demon Hunters' With New Hasbro and Mattel Partnerships. Is It Enough to Excite Investors?"
2024-02-23,negative,586.4000244140625,583.5599975585938,592.4299926757812,579.8200073242188,2568900.0,Netflix Confirms Stranger Things Season 5 Release Schedule Following Accidental Trailer Leak and Announcement of Worldwide Fan Events; Netflix Documentary 'Aileen: Queen of the Serial Killers' Revisits the Case of Notorious Female Serial Killer Aileen Wuornos; Stranger Things new trailer leaked by Netflix
2024-02-23,neutral,586.4000244140625,583.5599975585938,592.4299926757812,579.8200073242188,2568900.0,Divya Khossla and Neil Nitin Mukesh’s ‘Ek Chatur Naar’ gears up for Netflix premiere on November 7; Netflix Baramulla trailer: Manav Kaul leads a supernatural mystery set in Kashmir
2024-02-23,positive,586.4000244140625,583.5599975585938,592.4299926757812,579.8200073242188,2568900.0,"Adam Driver to lead Netflix psychological thriller series Rabbit, Rabbit; 13 Best Football Movies and Shows on Netflix; Netflix’s ‘10DANCE’ live-action: Cast, plot, release date & all you need to know about BL manga film starring Keita Machida & Ryoma Takeuchi; Join Stranger Things for One Last Adventure with These Global Fan Events; Netflix Leans Into Success of 'KPop Demon Hunters' With New Hasbro and Mattel Partnerships. Is It Enough to Excite Investors?"
2024-02-26,negative,583.5599975585938,587.6500244140625,590.75,583.27001953125,2393700.0,Netflix Confirms Stranger Things Season 5 Release Schedule Following Accidental Trailer Leak and Announcement of Worldwide Fan Events; Netflix Documentary 'Aileen: Queen of the Serial Killers' Revisits the Case of Notorious Female Serial Killer Aileen Wuornos; Stranger Things new trailer leaked by Netflix
2024-02-26,neutral,583.5599975585938,587.6500244140625,590.75,583.27001953125,2393700.0,Divya Khossla and Neil Nitin Mukesh’s ‘Ek Chatur Naar’ gears up for Netflix premiere on November 7; Netflix Baramulla trailer: Manav Kaul leads a supernatural mystery set in Kashmir
2024-02-26,positive,583.5599975585938,587.6500244140625,590.75,583.27001953125,2393700.0,"Adam Driver to lead Netflix psychological thriller series Rabbit, Rabbit; 13 Best Football Movies and Shows on Netflix; Netflix’s ‘10DANCE’ live-action: Cast, plot, release date & all you need to know about BL manga film starring Keita Machida & Ryoma Takeuchi; Join Stranger Things for One Last Adventure with These Global Fan Events; Netflix Leans Into Success of 'KPop Demon Hunters' With New Hasbro and Mattel Partnerships. Is It Enough to Excite Investors?"
2024-02-27,negative,595.0,601.6699829101562,605.3599853515625,592.3300170898438,4489400.0,Netflix Confirms Stranger Things Season 5 Release Schedule Following Accidental Trailer Leak and Announcement of Worldwide Fan Events; Netflix Documentary 'Aileen: Queen of the Serial Killers' Revisits the Case of Notorious Female Serial Killer Aileen Wuornos; Stranger Things new trailer leaked by Netflix
2024-02-27,neutral,595.0,601.6699829101562,605.3599853515625,592.3300170898438,4489400.0,Divya Khossla and Neil Nitin Mukesh’s ‘Ek Chatur Naar’ gears up for Netflix premiere on November 7; Netflix Baramulla trailer: Manav Kaul leads a supernatural mystery set in Kashmir
2024-02-27,positive,595.0,601.6699829101562,605.3599853515625,592.3300170898438,4489400.0,"Adam Driver to lead Netflix psychological thriller series Rabbit, Rabbit; 13 Best Football Movies and Shows on Netflix; Netflix’s ‘10DANCE’ live-action: Cast, plot, release date & all you need to know about BL manga film starring Keita Machida & Ryoma Takeuchi; Join Stranger Things for One Last Adventure with These Global Fan Events; Netflix Leans Into Success of 'KPop Demon Hunters' With New Hasbro and Mattel Partnerships. Is It Enough to Excite Investors?"
2024-02-28,negative,595.7899780273438,596.47998046875,598.1699829101562,590.010009765625,2605200.0,Netflix Confirms Stranger Things Season 5 Release Schedule Following Accidental Trailer Leak and Announcement of Worldwide Fan Events; Meghan Markle Onto Next Project Amid Strained Netflix Deal — Source; Netflix Documentary 'Aileen: Queen of the Serial Killers' Revisits the Case of Notorious Female Serial Killer Aileen Wuornos; Stranger Things new trailer leaked by Netflix
2024-02-28,neutral,595.7899780273438,596.47998046875,598.1699829101562,590.010009765625,2605200.0,"In Netflix's 'Baramulla', Manav Kaul is a cop investigating child disappearances in Kashmir; Divya Khossla and Neil Nitin Mukesh’s ‘Ek Chatur Naar’ gears up for Netflix premiere on November 7; Netflix Baramulla trailer: Manav Kaul leads a supernatural mystery set in Kashmir"
2024-02-28,positive,595.7899780273438,596.47998046875,598.1699829101562,590.010009765625,2605200.0,"Adam Driver to lead Netflix psychological thriller series Rabbit, Rabbit; 13 Best Football Movies and Shows on Netflix; Netflix’s ‘10DANCE’ live-action: Cast, plot, release date & all you need to know about BL manga film starring Keita Machida & Ryoma Takeuchi"
2024-02-29,negative,604.25,602.9199829101562,604.52001953125,595.1599731445312,3572100.0,Netflix Confirms Stranger Things Season 5 Release Schedule Following Accidental Trailer Leak and Announcement of Worldwide Fan Events; Meghan Markle Onto Next Project Amid Strained Netflix Deal — Source; Netflix Documentary 'Aileen: Queen of the Serial Killers' Revisits the Case of Notorious Female Serial Killer Aileen Wuornos; Stranger Things new trailer leaked by Netflix
2024-02-29,neutral,604.25,602.9199829101562,604.52001953125,595.1599731445312,3572100.0,"In Netflix's 'Baramulla', Manav Kaul is a cop investigating child disappearances in Kashmir; Divya Khossla and Neil Nitin Mukesh’s ‘Ek Chatur Naar’ gears up for Netflix premiere on November 7; Netflix Baramulla trailer: Manav Kaul leads a supernatural mystery set in Kashmir"
2024-02-29,positive,604.25,602.9199829101562,604.52001953125,595.1599731445312,3572100.0,"Adam Driver to lead Netflix psychological thriller series Rabbit, Rabbit; 13 Best Football Movies and Shows on Netflix; Netflix’s ‘10DANCE’ live-action: Cast, plot, release date & all you need to know about BL manga film starring Keita Machida & Ryoma Takeuchi"
2024-03-01,negative,599.8099975585938,619.3400268554688,620.280029296875,599.5,4270300.0,Netflix Confirms Stranger Things Season 5 Release Schedule Following Accidental Trailer Leak and Announcement of Worldwide Fan Events; Meghan Markle Onto Next Project Amid Strained Netflix Deal — Source; Netflix Documentary 'Aileen: Queen of the Serial Killers' Revisits the Case of Notorious Female Serial Killer Aileen Wuornos; Stranger Things new trailer leaked by Netflix
2024-03-01,neutral,599.8099975585938,619.3400268554688,620.280029296875,599.5,4270300.0,"In Netflix's 'Baramulla', Manav Kaul is a cop investigating child disappearances in Kashmir; Divya Khossla and Neil Nitin Mukesh’s ‘Ek Chatur Naar’ gears up for Netflix premiere on November 7; Netflix Baramulla trailer: Manav Kaul leads a supernatural mystery set in Kashmir"
2024-03-01,positive,599.8099975585938,619.3400268554688,620.280029296875,599.5,4270300.0,"Adam Driver to lead Netflix psychological thriller series Rabbit, Rabbit; 13 Best Football Movies and Shows on Netflix; Netflix’s ‘10DANCE’ live-action: Cast, plot, release date & all you need to know about BL manga film starring Keita Machida & Ryoma Takeuchi"
2024-03-04,negative,621.5599975585938,615.8300170898438,624.4199829101562,615.0800170898438,3020300.0,Netflix Confirms Stranger Things Season 5 Release Schedule Following Accidental Trailer Leak and Announcement of Worldwide Fan Events; Meghan Markle Onto Next Project Amid Strained Netflix Deal — Source; Netflix Documentary 'Aileen: Queen of the Serial Killers' Revisits the Case of Notorious Female Serial Killer Aileen Wuornos; Stranger Things new trailer leaked by Netflix
2024-03-04,neutral,621.5599975585938,615.8300170898438,624.4199829101562,615.0800170898438,3020300.0,"In Netflix's 'Baramulla', Manav Kaul is a cop investigating child disappearances in Kashmir; Divya Khossla and Neil Nitin Mukesh’s ‘Ek Chatur Naar’ gears up for Netflix premiere on November 7; Netflix Baramulla trailer: Manav Kaul leads a supernatural mystery set in Kashmir"
2024-03-04,positive,621.5599975585938,615.8300170898438,624.4199829101562,615.0800170898438,3020300.0,"Adam Driver to lead Netflix psychological thriller series Rabbit, Rabbit; 13 Best Football Movies and Shows on Netflix; Netflix’s ‘10DANCE’ live-action: Cast, plot, release date & all you need to know about BL manga film starring Keita Machida & Ryoma Takeuchi"
2024-03-05,negative,610.0999755859375,598.5,610.9099731445312,592.0,3849600.0,Netflix Confirms Stranger Things Season 5 Release Schedule Following Accidental Trailer Leak and Announcement of Worldwide Fan Events; Meghan Markle Onto Next Project Amid Strained Netflix Deal — Source; Netflix Documentary 'Aileen: Queen of the Serial Killers' Revisits the Case of Notorious Female Serial Killer Aileen Wuornos; Stranger Things new trailer leaked by Netflix
2024-03-05,neutral,610.0999755859375,598.5,610.9099731445312,592.0,3849600.0,"In Netflix's 'Baramulla', Manav Kaul is a cop investigating child disappearances in Kashmir; Divya Khossla and Neil Nitin Mukesh’s ‘Ek Chatur Naar’ gears up for Netflix premiere on November 7; Netflix Baramulla trailer: Manav Kaul leads a supernatural mystery set in Kashmir"
2024-03-05,positive,610.0999755859375,598.5,610.9099731445312,592.0,3849600.0,"Adam Driver to lead Netflix psychological thriller series Rabbit, Rabbit; 13 Best Football Movies and Shows on Netflix; Netflix’s ‘10DANCE’ live-action: Cast, plot, release date & all you need to know about BL manga film starring Keita Machida & Ryoma Takeuchi"
2024-03-06,negative,602.989990234375,597.6900024414062,607.9299926757812,593.5599975585938,2469600.0,Netflix Confirms Stranger Things Season 5 Release Schedule Following Accidental Trailer Leak and Announcement of Worldwide Fan Events; Meghan Markle Onto Next Project Amid Strained Netflix Deal — Source; Netflix Documentary 'Aileen: Queen of the Serial Killers' Revisits the Case of Notorious Female Serial Killer Aileen Wuornos; Stranger Things new trailer leaked by Netflix
2024-03-06,neutral,602.989990234375,597.6900024414062,607.9299926757812,593.5599975585938,2469600.0,"In Netflix's 'Baramulla', Manav Kaul is a cop investigating child disappearances in Kashmir; Divya Khossla and Neil Nitin Mukesh’s ‘Ek Chatur Naar’ gears up for Netflix premiere on November 7; Netflix Baramulla trailer: Manav Kaul leads a supernatural mystery set in Kashmir"
2024-03-06,positive,602.989990234375,597.6900024414062,607.9299926757812,593.5599975585938,2469600.0,"Adam Driver to lead Netflix psychological thriller series Rabbit, Rabbit; 13 Best Football Movies and Shows on Netflix; Netflix’s ‘10DANCE’ live-action: Cast, plot, release date & all you need to know about BL manga film starring Keita Machida & Ryoma Takeuchi"
2024-03-07,negative,599.3400268554688,608.510009765625,610.530029296875,595.9000244140625,2742800.0,Netflix Confirms Stranger Things Season 5 Release Schedule Following Accidental Trailer Leak and Announcement of Worldwide Fan Events; Meghan Markle Onto Next Project Amid Strained Netflix Deal — Source; Netflix Documentary 'Aileen: Queen of the Serial Killers' Revisits the Case of Notorious Female Serial Killer Aileen Wuornos; Stranger Things new trailer leaked by Netflix
2024-03-07,neutral,599.3400268554688,608.510009765625,610.530029296875,595.9000244140625,2742800.0,"In Netflix's 'Baramulla', Manav Kaul is a cop investigating child disappearances in Kashmir; Divya Khossla and Neil Nitin Mukesh’s ‘Ek Chatur Naar’ gears up for Netflix premiere on November 7; Netflix Baramulla trailer: Manav Kaul leads a supernatural mystery set in Kashmir"
2024-03-07,positive,599.3400268554688,608.510009765625,610.530029296875,595.9000244140625,2742800.0,"Adam Driver to lead Netflix psychological thriller series Rabbit, Rabbit; 13 Best Football Movies and Shows on Netflix; Netflix’s ‘10DANCE’ live-action: Cast, plot, release date & all you need to know about BL manga film starring Keita Machida & Ryoma Takeuchi"
2024-03-08,negative,608.27001953125,604.8200073242188,616.0900268554688,600.8400268554688,2777200.0,Netflix Confirms Stranger Things Season 5 Release Schedule Following Accidental Trailer Leak and Announcement of Worldwide Fan Events; Meghan Markle Onto Next Project Amid Strained Netflix Deal — Source; Netflix Documentary 'Aileen: Queen of the Serial Killers' Revisits the Case of Notorious Female Serial Killer Aileen Wuornos; Stranger Things new trailer leaked by Netflix
2024-03-08,neutral,608.27001953125,604.8200073242188,616.0900268554688,600.8400268554688,2777200.0,"In Netflix's 'Baramulla', Manav Kaul is a cop investigating child disappearances in Kashmir; Divya Khossla and Neil Nitin Mukesh’s ‘Ek Chatur Naar’ gears up for Netflix premiere on November 7; Netflix Baramulla trailer: Manav Kaul leads a supernatural mystery set in Kashmir"
2024-03-08,positive,608.27001953125,604.8200073242188,616.0900268554688,600.8400268554688,2777200.0,"Adam Driver to lead Netflix psychological thriller series Rabbit, Rabbit; 13 Best Football Movies and Shows on Netflix; Netflix’s ‘10DANCE’ live-action: Cast, plot, release date & all you need to know about BL manga film starring Keita Machida & Ryoma Takeuchi"
2024-03-11,negative,608.0800170898438,600.9299926757812,611.0,600.3699951171875,2500900.0,Netflix Confirms Stranger Things Season 5 Release Schedule Following Accidental Trailer Leak and Announcement of Worldwide Fan Events; Meghan Markle Onto Next Project Amid Strained Netflix Deal — Source; Netflix Documentary 'Aileen: Queen of the Serial Killers' Revisits the Case of Notorious Female Serial Killer Aileen Wuornos; Stranger Things new trailer leaked by Netflix
2024-03-11,neutral,608.0800170898438,600.9299926757812,611.0,600.3699951171875,2500900.0,"In Netflix's 'Baramulla', Manav Kaul is a cop investigating child disappearances in Kashmir; Divya Khossla and Neil Nitin Mukesh’s ‘Ek Chatur Naar’ gears up for Netflix premiere on November 7; Netflix Baramulla trailer: Manav Kaul leads a supernatural mystery set in Kashmir"
2024-03-11,positive,608.0800170898438,600.9299926757812,611.0,600.3699951171875,2500900.0,"Adam Driver to lead Netflix psychological thriller series Rabbit, Rabbit; 13 Best Football Movies and Shows on Netflix; Netflix’s ‘10DANCE’ live-action: Cast, plot, release date & all you need to know about BL manga film starring Keita Machida & Ryoma Takeuchi"
2024-03-12,negative,600.2100219726562,611.0800170898438,615.2999877929688,596.27001953125,2821600.0,‘Stranger Things 5’ Trailer Accidentally Leaked by Netflix? Fans Go Wild After Brief Appearance Online; Netflix Confirms Stranger Things Season 5 Release Schedule Following Accidental Trailer Leak and Announcement of Worldwide Fan Events; Meghan Markle Onto Next Project Amid Strained Netflix Deal — Source; Netflix Documentary 'Aileen: Queen of the Serial Killers' Revisits the Case of Notorious Female Serial Killer Aileen Wuornos; Stranger Things new trailer leaked by Netflix
2024-03-12,neutral,600.2100219726562,611.0800170898438,615.2999877929688,596.27001953125,2821600.0,"In Netflix's 'Baramulla', Manav Kaul is a cop investigating child disappearances in Kashmir; Divya Khossla and Neil Nitin Mukesh’s ‘Ek Chatur Naar’ gears up for Netflix premiere on November 7"
2024-03-12,positive,600.2100219726562,611.0800170898438,615.2999877929688,596.27001953125,2821600.0,"Adam Driver to lead Netflix psychological thriller series Rabbit, Rabbit; 13 Best Football Movies and Shows on Netflix; Netflix’s ‘10DANCE’ live-action: Cast, plot, release date & all you need to know about BL manga film starring Keita Machida & Ryoma Takeuchi"
2024-03-13,negative,613.3699951171875,609.4500122070312,614.8499755859375,607.2100219726562,2192100.0,‘Stranger Things 5’ Trailer Accidentally Leaked by Netflix? Fans Go Wild After Brief Appearance Online; Netflix Confirms Stranger Things Season 5 Release Schedule Following Accidental Trailer Leak and Announcement of Worldwide Fan Events; Meghan Markle Onto Next Project Amid Strained Netflix Deal — Source; Netflix Documentary 'Aileen: Queen of the Serial Killers' Revisits the Case of Notorious Female Serial Killer Aileen Wuornos; Stranger Things new trailer leaked by Netflix
2024-03-13,neutral,613.3699951171875,609.4500122070312,614.8499755859375,607.2100219726562,2192100.0,"In Netflix's 'Baramulla', Manav Kaul is a cop investigating child disappearances in Kashmir; Divya Khossla and Neil Nitin Mukesh’s ‘Ek Chatur Naar’ gears up for Netflix premiere on November 7"
2024-03-13,positive,613.3699951171875,609.4500122070312,614.8499755859375,607.2100219726562,2192100.0,"Adam Driver to lead Netflix psychological thriller series Rabbit, Rabbit; 13 Best Football Movies and Shows on Netflix; Netflix’s ‘10DANCE’ live-action: Cast, plot, release date & all you need to know about BL manga film starring Keita Machida & Ryoma Takeuchi"
2024-03-14,negative,615.0,613.010009765625,620.7999877929688,607.3499755859375,3120500.0,‘Stranger Things 5’ Trailer Accidentally Leaked by Netflix? Fans Go Wild After Brief Appearance Online; Netflix Confirms Stranger Things Season 5 Release Schedule Following Accidental Trailer Leak and Announcement of Worldwide Fan Events; Meghan Markle Onto Next Project Amid Strained Netflix Deal — Source; Netflix Documentary 'Aileen: Queen of the Serial Killers' Revisits the Case of Notorious Female Serial Killer Aileen Wuornos; Stranger Things new trailer leaked by Netflix
2024-03-14,neutral,615.0,613.010009765625,620.7999877929688,607.3499755859375,3120500.0,"In Netflix's 'Baramulla', Manav Kaul is a cop investigating child disappearances in Kashmir; Divya Khossla and Neil Nitin Mukesh’s ‘Ek Chatur Naar’ gears up for Netflix premiere on November 7"
2024-03-14,positive,615.0,613.010009765625,620.7999877929688,607.3499755859375,3120500.0,"Adam Driver to lead Netflix psychological thriller series Rabbit, Rabbit; 13 Best Football Movies and Shows on Netflix; Netflix’s ‘10DANCE’ live-action: Cast, plot, release date & all you need to know about BL manga film starring Keita Machida & Ryoma Takeuchi"
2024-03-15,negative,622.9199829101562,605.8800048828125,622.9199829101562,603.8200073242188,6671600.0,‘Stranger Things 5’ Trailer Accidentally Leaked by Netflix? Fans Go Wild After Brief Appearance Online; Netflix Confirms Stranger Things Season 5 Release Schedule Following Accidental Trailer Leak and Announcement of Worldwide Fan Events; Meghan Markle Onto Next Project Amid Strained Netflix Deal — Source; Netflix Documentary 'Aileen: Queen of the Serial Killers' Revisits the Case of Notorious Female Serial Killer Aileen Wuornos; Stranger Things new trailer leaked by Netflix
2024-03-15,neutral,622.9199829101562,605.8800048828125,622.9199829101562,603.8200073242188,6671600.0,"In Netflix's 'Baramulla', Manav Kaul is a cop investigating child disappearances in Kashmir; Divya Khossla and Neil Nitin Mukesh’s ‘Ek Chatur Naar’ gears up for Netflix premiere on November 7"
2024-03-15,positive,622.9199829101562,605.8800048828125,622.9199829101562,603.8200073242188,6671600.0,"Adam Driver to lead Netflix psychological thriller series Rabbit, Rabbit; 13 Best Football Movies and Shows on Netflix; Netflix’s ‘10DANCE’ live-action: Cast, plot, release date & all you need to know about BL manga film starring Keita Machida & Ryoma Takeuchi"
2024-03-18,negative,613.5599975585938,618.3900146484375,627.4099731445312,610.4500122070312,3344200.0,‘Stranger Things 5’ Trailer Accidentally Leaked by Netflix? Fans Go Wild After Brief Appearance Online; Netflix Confirms Stranger Things Season 5 Release Schedule Following Accidental Trailer Leak and Announcement of Worldwide Fan Events; Meghan Markle Onto Next Project Amid Strained Netflix Deal — Source; Netflix Documentary 'Aileen: Queen of the Serial Killers' Revisits the Case of Notorious Female Serial Killer Aileen Wuornos; Stranger Things new trailer leaked by Netflix
2024-03-18,neutral,613.5599975585938,618.3900146484375,627.4099731445312,610.4500122070312,3344200.0,"In Netflix's 'Baramulla', Manav Kaul is a cop investigating child disappearances in Kashmir; Divya Khossla and Neil Nitin Mukesh’s ‘Ek Chatur Naar’ gears up for Netflix premiere on November 7"
2024-03-18,positive,613.5599975585938,618.3900146484375,627.4099731445312,610.4500122070312,3344200.0,"Adam Driver to lead Netflix psychological thriller series Rabbit, Rabbit; 13 Best Football Movies and Shows on Netflix; Netflix’s ‘10DANCE’ live-action: Cast, plot, release date & all you need to know about BL manga film starring Keita Machida & Ryoma Takeuchi"
2024-03-19,negative,615.6199951171875,620.739990234375,621.280029296875,608.0,2142600.0,‘Stranger Things 5’ Trailer Accidentally Leaked by Netflix? Fans Go Wild After Brief Appearance Online; Netflix Confirms Stranger Things Season 5 Release Schedule Following Accidental Trailer Leak and Announcement of Worldwide Fan Events; Meghan Markle Onto Next Project Amid Strained Netflix Deal — Source; Netflix Documentary 'Aileen: Queen of the Serial Killers' Revisits the Case of Notorious Female Serial Killer Aileen Wuornos; Stranger Things new trailer leaked by Netflix
2024-03-19,neutral,615.6199951171875,620.739990234375,621.280029296875,608.0,2142600.0,"In Netflix's 'Baramulla', Manav Kaul is a cop investigating child disappearances in Kashmir; Divya Khossla and Neil Nitin Mukesh’s ‘Ek Chatur Naar’ gears up for Netflix premiere on November 7"
2024-03-19,positive,615.6199951171875,620.739990234375,621.280029296875,608.0,2142600.0,"Adam Driver to lead Netflix psychological thriller series Rabbit, Rabbit; 13 Best Football Movies and Shows on Netflix; Netflix’s ‘10DANCE’ live-action: Cast, plot, release date & all you need to know about BL manga film starring Keita Machida & Ryoma Takeuchi"
2024-03-20,negative,619.9500122070312,627.6900024414062,629.510009765625,618.3400268554688,2639500.0,‘Stranger Things 5’ Trailer Accidentally Leaked by Netflix? Fans Go Wild After Brief Appearance Online; Netflix Confirms Stranger Things Season 5 Release Schedule Following Accidental Trailer Leak and Announcement of Worldwide Fan Events; Meghan Markle Onto Next Project Amid Strained Netflix Deal — Source; Netflix Documentary 'Aileen: Queen of the Serial Killers' Revisits the Case of Notorious Female Serial Killer Aileen Wuornos; Stranger Things new trailer leaked by Netflix
2024-03-20,neutral,619.9500122070312,627.6900024414062,629.510009765625,618.3400268554688,2639500.0,"In Netflix's 'Baramulla', Manav Kaul is a cop investigating child disappearances in Kashmir; Divya Khossla and Neil Nitin Mukesh’s ‘Ek Chatur Naar’ gears up for Netflix premiere on November 7"
2024-03-20,positive,619.9500122070312,627.6900024414062,629.510009765625,618.3400268554688,2639500.0,"Adam Driver to lead Netflix psychological thriller series Rabbit, Rabbit; 13 Best Football Movies and Shows on Netflix; Netflix’s ‘10DANCE’ live-action: Cast, plot, release date & all you need to know about BL manga film starring Keita Machida & Ryoma Takeuchi"
2024-03-21,negative,630.6500244140625,622.7100219726562,634.3599853515625,622.3300170898438,2507700.0,‘Stranger Things 5’ Trailer Accidentally Leaked by Netflix? Fans Go Wild After Brief Appearance Online; Netflix Confirms Stranger Things Season 5 Release Schedule Following Accidental Trailer Leak and Announcement of Worldwide Fan Events; Meghan Markle Onto Next Project Amid Strained Netflix Deal — Source; Netflix Documentary 'Aileen: Queen of the Serial Killers' Revisits the Case of Notorious Female Serial Killer Aileen Wuornos; Stranger Things new trailer leaked by Netflix
2024-03-21,neutral,630.6500244140625,622.7100219726562,634.3599853515625,622.3300170898438,2507700.0,"In Netflix's 'Baramulla', Manav Kaul is a cop investigating child disappearances in Kashmir; Divya Khossla and Neil Nitin Mukesh’s ‘Ek Chatur Naar’ gears up for Netflix premiere on November 7"
2024-03-21,positive,630.6500244140625,622.7100219726562,634.3599853515625,622.3300170898438,2507700.0,"Adam Driver to lead Netflix psychological thriller series Rabbit, Rabbit; 13 Best Football Movies and Shows on Netflix; Netflix’s ‘10DANCE’ live-action: Cast, plot, release date & all you need to know about BL manga film starring Keita Machida & Ryoma Takeuchi"
2024-03-22,negative,624.1599731445312,628.010009765625,629.0499877929688,621.0,2135700.0,‘Stranger Things 5’ Trailer Accidentally Leaked by Netflix? Fans Go Wild After Brief Appearance Online; Netflix Confirms Stranger Things Season 5 Release Schedule Following Accidental Trailer Leak and Announcement of Worldwide Fan Events; Meghan Markle Onto Next Project Amid Strained Netflix Deal — Source; Netflix Documentary 'Aileen: Queen of the Serial Killers' Revisits the Case of Notorious Female Serial Killer Aileen Wuornos; Stranger Things new trailer leaked by Netflix
2024-03-22,neutral,624.1599731445312,628.010009765625,629.0499877929688,621.0,2135700.0,"In Netflix's 'Baramulla', Manav Kaul is a cop investigating child disappearances in Kashmir; Divya Khossla and Neil Nitin Mukesh’s ‘Ek Chatur Naar’ gears up for Netflix premiere on November 7"
2024-03-22,positive,624.1599731445312,628.010009765625,629.0499877929688,621.0,2135700.0,"Adam Driver to lead Netflix psychological thriller series Rabbit, Rabbit; 13 Best Football Movies and Shows on Netflix; Netflix’s ‘10DANCE’ live-action: Cast, plot, release date & all you need to know about BL manga film starring Keita Machida & Ryoma Takeuchi"
2024-03-25,negative,627.9000244140625,627.4600219726562,630.4600219726562,623.1599731445312,1803300.0,"Netflix's The Witcher Season 4 Debuts Amid Divided Critical Reception to Liam Hemsworth's Geralt Portrayal; Netflix revisits Aileen Wuornos story in chilling true-crime documentary Queen of Serial Killers; ‘Stranger Things 5’ Trailer Accidentally Leaked by Netflix? Fans Go Wild After Brief Appearance Online; Netflix Confirms Stranger Things Season 5 Release Schedule Following Accidental Trailer Leak and Announcement of Worldwide Fan Events; Meghan Markle Onto Next Project Amid Strained Netflix Deal — Source; Lee Ho‑jeong joins Netflix drama As You Stood By, sparks fiery chemistry with Lee Yu‑mi and Jang Seung‑jo - CHOSUNBIZ"
2024-03-25,neutral,627.9000244140625,627.4600219726562,630.4600219726562,623.1599731445312,1803300.0,"In Netflix's 'Baramulla', Manav Kaul is a cop investigating child disappearances in Kashmir"
2024-03-25,positive,627.9000244140625,627.4600219726562,630.4600219726562,623.1599731445312,1803300.0,"How much money will the Physical: 100 Asia winner take home? Here’s the whopping amount on the Netflix show; Netflix Unveils Baramulla Trailer: Manav Kaul Fronts a Chilling Supernatural Thriller Set in Kashmir; Adam Driver to lead Netflix psychological thriller series Rabbit, Rabbit"
2024-03-26,negative,625.2000122070312,629.239990234375,634.3900146484375,619.1799926757812,2804500.0,"Netflix's The Witcher Season 4 Debuts Amid Divided Critical Reception to Liam Hemsworth's Geralt Portrayal; Netflix revisits Aileen Wuornos story in chilling true-crime documentary Queen of Serial Killers; ‘Stranger Things 5’ Trailer Accidentally Leaked by Netflix? Fans Go Wild After Brief Appearance Online; Netflix Confirms Stranger Things Season 5 Release Schedule Following Accidental Trailer Leak and Announcement of Worldwide Fan Events; Meghan Markle Onto Next Project Amid Strained Netflix Deal — Source; Lee Ho‑jeong joins Netflix drama As You Stood By, sparks fiery chemistry with Lee Yu‑mi and Jang Seung‑jo - CHOSUNBIZ"
2024-03-26,neutral,625.2000122070312,629.239990234375,634.3900146484375,619.1799926757812,2804500.0,"In Netflix's 'Baramulla', Manav Kaul is a cop investigating child disappearances in Kashmir"
2024-03-26,positive,625.2000122070312,629.239990234375,634.3900146484375,619.1799926757812,2804500.0,"How much money will the Physical: 100 Asia winner take home? Here’s the whopping amount on the Netflix show; Netflix Unveils Baramulla Trailer: Manav Kaul Fronts a Chilling Supernatural Thriller Set in Kashmir; Adam Driver to lead Netflix psychological thriller series Rabbit, Rabbit"
2024-03-27,negative,629.010009765625,613.530029296875,631.3499755859375,610.72998046875,2628300.0,"Netflix's The Witcher Season 4 Debuts Amid Divided Critical Reception to Liam Hemsworth's Geralt Portrayal; Netflix revisits Aileen Wuornos story in chilling true-crime documentary Queen of Serial Killers; ‘Stranger Things 5’ Trailer Accidentally Leaked by Netflix? Fans Go Wild After Brief Appearance Online; Netflix Confirms Stranger Things Season 5 Release Schedule Following Accidental Trailer Leak and Announcement of Worldwide Fan Events; Meghan Markle Onto Next Project Amid Strained Netflix Deal — Source; Lee Ho‑jeong joins Netflix drama As You Stood By, sparks fiery chemistry with Lee Yu‑mi and Jang Seung‑jo - CHOSUNBIZ"
2024-03-27,neutral,629.010009765625,613.530029296875,631.3499755859375,610.72998046875,2628300.0,"In Netflix's 'Baramulla', Manav Kaul is a cop investigating child disappearances in Kashmir"
2024-03-27,positive,629.010009765625,613.530029296875,631.3499755859375,610.72998046875,2628300.0,"How much money will the Physical: 100 Asia winner take home? Here’s the whopping amount on the Netflix show; Netflix Unveils Baramulla Trailer: Manav Kaul Fronts a Chilling Supernatural Thriller Set in Kashmir; Adam Driver to lead Netflix psychological thriller series Rabbit, Rabbit"
2024-03-28,negative,614.989990234375,607.3300170898438,615.0,601.5900268554688,3708800.0,"Netflix's The Witcher Season 4 Debuts Amid Divided Critical Reception to Liam Hemsworth's Geralt Portrayal; Netflix revisits Aileen Wuornos story in chilling true-crime documentary Queen of Serial Killers; ‘Stranger Things 5’ Trailer Accidentally Leaked by Netflix? Fans Go Wild After Brief Appearance Online; Netflix Confirms Stranger Things Season 5 Release Schedule Following Accidental Trailer Leak and Announcement of Worldwide Fan Events; Meghan Markle Onto Next Project Amid Strained Netflix Deal — Source; Lee Ho‑jeong joins Netflix drama As You Stood By, sparks fiery chemistry with Lee Yu‑mi and Jang Seung‑jo - CHOSUNBIZ"
2024-03-28,neutral,614.989990234375,607.3300170898438,615.0,601.5900268554688,3708800.0,"In Netflix's 'Baramulla', Manav Kaul is a cop investigating child disappearances in Kashmir"
2024-03-28,positive,614.989990234375,607.3300170898438,615.0,601.5900268554688,3708800.0,"How much money will the Physical: 100 Asia winner take home? Here’s the whopping amount on the Netflix show; Netflix Unveils Baramulla Trailer: Manav Kaul Fronts a Chilling Supernatural Thriller Set in Kashmir; Adam Driver to lead Netflix psychological thriller series Rabbit, Rabbit"
2024-04-01,negative,608.0,614.3099975585938,615.1099853515625,605.5700073242188,2115900.0,"Netflix's The Witcher Season 4 Debuts Amid Divided Critical Reception to Liam Hemsworth's Geralt Portrayal; Netflix revisits Aileen Wuornos story in chilling true-crime documentary Queen of Serial Killers; ‘Stranger Things 5’ Trailer Accidentally Leaked by Netflix? Fans Go Wild After Brief Appearance Online; Netflix Confirms Stranger Things Season 5 Release Schedule Following Accidental Trailer Leak and Announcement of Worldwide Fan Events; Meghan Markle Onto Next Project Amid Strained Netflix Deal — Source; Lee Ho‑jeong joins Netflix drama As You Stood By, sparks fiery chemistry with Lee Yu‑mi and Jang Seung‑jo - CHOSUNBIZ"
2024-04-01,neutral,608.0,614.3099975585938,615.1099853515625,605.5700073242188,2115900.0,"In Netflix's 'Baramulla', Manav Kaul is a cop investigating child disappearances in Kashmir"
2024-04-01,positive,608.0,614.3099975585938,615.1099853515625,605.5700073242188,2115900.0,"How much money will the Physical: 100 Asia winner take home? Here’s the whopping amount on the Netflix show; Netflix Unveils Baramulla Trailer: Manav Kaul Fronts a Chilling Supernatural Thriller Set in Kashmir; Adam Driver to lead Netflix psychological thriller series Rabbit, Rabbit"
2024-04-02,negative,611.0,614.2100219726562,615.030029296875,605.510009765625,2029200.0,"Netflix's The Witcher Season 4 Debuts Amid Divided Critical Reception to Liam Hemsworth's Geralt Portrayal; Netflix revisits Aileen Wuornos story in chilling true-crime documentary Queen of Serial Killers; ‘Stranger Things 5’ Trailer Accidentally Leaked by Netflix? Fans Go Wild After Brief Appearance Online; Netflix Confirms Stranger Things Season 5 Release Schedule Following Accidental Trailer Leak and Announcement of Worldwide Fan Events; Meghan Markle Onto Next Project Amid Strained Netflix Deal — Source; Lee Ho‑jeong joins Netflix drama As You Stood By, sparks fiery chemistry with Lee Yu‑mi and Jang Seung‑jo - CHOSUNBIZ"
2024-04-02,neutral,611.0,614.2100219726562,615.030029296875,605.510009765625,2029200.0,"In Netflix's 'Baramulla', Manav Kaul is a cop investigating child disappearances in Kashmir"
2024-04-02,positive,611.0,614.2100219726562,615.030029296875,605.510009765625,2029200.0,"How much money will the Physical: 100 Asia winner take home? Here’s the whopping amount on the Netflix show; Netflix Unveils Baramulla Trailer: Manav Kaul Fronts a Chilling Supernatural Thriller Set in Kashmir; Adam Driver to lead Netflix psychological thriller series Rabbit, Rabbit"
2024-04-03,negative,612.75,630.0800170898438,630.4099731445312,611.5,2931200.0,"Netflix's The Witcher Season 4 Debuts Amid Divided Critical Reception to Liam Hemsworth's Geralt Portrayal; Netflix revisits Aileen Wuornos story in chilling true-crime documentary Queen of Serial Killers; ‘Stranger Things 5’ Trailer Accidentally Leaked by Netflix? Fans Go Wild After Brief Appearance Online; Netflix Confirms Stranger Things Season 5 Release Schedule Following Accidental Trailer Leak and Announcement of Worldwide Fan Events; Meghan Markle Onto Next Project Amid Strained Netflix Deal — Source; Lee Ho‑jeong joins Netflix drama As You Stood By, sparks fiery chemistry with Lee Yu‑mi and Jang Seung‑jo - CHOSUNBIZ"
2024-04-03,neutral,612.75,630.0800170898438,630.4099731445312,611.5,2931200.0,"In Netflix's 'Baramulla', Manav Kaul is a cop investigating child disappearances in Kashmir"
2024-04-03,positive,612.75,630.0800170898438,630.4099731445312,611.5,2931200.0,"How much money will the Physical: 100 Asia winner take home? Here’s the whopping amount on the Netflix show; Netflix Unveils Baramulla Trailer: Manav Kaul Fronts a Chilling Supernatural Thriller Set in Kashmir; Adam Driver to lead Netflix psychological thriller series Rabbit, Rabbit"
2024-04-05,negative,624.9199829101562,636.1799926757812,637.9099731445312,622.7100219726562,3378800.0,"Aileen: Queen of the Serial Killers – Review | Netflix Documentary; See Claire Danes, Matthew Rhys in the teaser for new Netflix series ‘Beast in Me’; Stranger Things season 5 final trailer has leaked online – and Netflix fans are very worried about the fate of one of its most important characters"
2024-04-05,neutral,624.9199829101562,636.1799926757812,637.9099731445312,622.7100219726562,3378800.0,"Friday OTT Releases (October 31, 2025): Lokah Chapter 1 Chandra And 4 New Movies And Series To Stream On Netflix, Prime Video, Zee5, And More; Netflix, Eureka to recreate Wonka’s Chocolate Factory down under for Golden Ticket format; In Video: Netflix releases trailer of ‘Baramulla’; World Investment Advisors Has $7.55 Million Stock Holdings in Netflix, Inc. $NFLX"
2024-04-05,positive,624.9199829101562,636.1799926757812,637.9099731445312,622.7100219726562,3378800.0,"Baramulla Trailer Out: Manav Kaul Investigates Mysterious Disappearances In Kashmir In Netflix’s Gripping Supernatural Thriller; Daymark Wealth Partners LLC Increases Stake in Netflix, Inc. $NFLX; Superwog's Debut Netflix Special 'Son of a Donkey' Garners Mixed Reviews Amid Global Streaming Launch"
2024-04-08,negative,636.3900146484375,628.4099731445312,639.0,628.1099853515625,2145700.0,"Aileen: Queen of the Serial Killers – Review | Netflix Documentary; See Claire Danes, Matthew Rhys in the teaser for new Netflix series ‘Beast in Me’; Stranger Things season 5 final trailer has leaked online – and Netflix fans are very worried about the fate of one of its most important characters"
2024-04-08,neutral,636.3900146484375,628.4099731445312,639.0,628.1099853515625,2145700.0,"Friday OTT Releases (October 31, 2025): Lokah Chapter 1 Chandra And 4 New Movies And Series To Stream On Netflix, Prime Video, Zee5, And More; Netflix, Eureka to recreate Wonka’s Chocolate Factory down under for Golden Ticket format; In Video: Netflix releases trailer of ‘Baramulla’; World Investment Advisors Has $7.55 Million Stock Holdings in Netflix, Inc. $NFLX"
2024-04-08,positive,636.3900146484375,628.4099731445312,639.0,628.1099853515625,2145700.0,"Baramulla Trailer Out: Manav Kaul Investigates Mysterious Disappearances In Kashmir In Netflix’s Gripping Supernatural Thriller; Daymark Wealth Partners LLC Increases Stake in Netflix, Inc. $NFLX; Superwog's Debut Netflix Special 'Son of a Donkey' Garners Mixed Reviews Amid Global Streaming Launch"
2024-04-09,negative,631.989990234375,618.2000122070312,631.989990234375,615.6300048828125,2143600.0,"Aileen: Queen of the Serial Killers – Review | Netflix Documentary; See Claire Danes, Matthew Rhys in the teaser for new Netflix series ‘Beast in Me’; Stranger Things season 5 final trailer has leaked online – and Netflix fans are very worried about the fate of one of its most important characters"
2024-04-09,neutral,631.989990234375,618.2000122070312,631.989990234375,615.6300048828125,2143600.0,"Netflix, Eureka to recreate Wonka’s Chocolate Factory down under for Golden Ticket format; In Video: Netflix releases trailer of ‘Baramulla’; World Investment Advisors Has $7.55 Million Stock Holdings in Netflix, Inc. $NFLX"
2024-04-09,positive,631.989990234375,618.2000122070312,631.989990234375,615.6300048828125,2143600.0,"Baramulla Trailer Out: Manav Kaul Investigates Mysterious Disappearances In Kashmir In Netflix’s Gripping Supernatural Thriller; Daymark Wealth Partners LLC Increases Stake in Netflix, Inc. $NFLX; Superwog's Debut Netflix Special 'Son of a Donkey' Garners Mixed Reviews Amid Global Streaming Launch; After Earnings, Is Netflix Stock a Buy, a Sell, or Fairly Valued?"
2024-04-10,negative,610.969970703125,618.5800170898438,620.1400146484375,609.3400268554688,2806200.0,"Aileen: Queen of the Serial Killers – Review | Netflix Documentary; See Claire Danes, Matthew Rhys in the teaser for new Netflix series ‘Beast in Me’; Stranger Things season 5 final trailer has leaked online – and Netflix fans are very worried about the fate of one of its most important characters"
2024-04-10,neutral,610.969970703125,618.5800170898438,620.1400146484375,609.3400268554688,2806200.0,"Friday OTT Releases (October 31, 2025): Lokah Chapter 1 Chandra And 4 New Movies And Series To Stream On Netflix, Prime Video, Zee5, And More; Netflix, Eureka to recreate Wonka’s Chocolate Factory down under for Golden Ticket format; In Video: Netflix releases trailer of ‘Baramulla’; World Investment Advisors Has $7.55 Million Stock Holdings in Netflix, Inc. $NFLX"
2024-04-10,positive,610.969970703125,618.5800170898438,620.1400146484375,609.3400268554688,2806200.0,"Baramulla Trailer Out: Manav Kaul Investigates Mysterious Disappearances In Kashmir In Netflix’s Gripping Supernatural Thriller; Daymark Wealth Partners LLC Increases Stake in Netflix, Inc. $NFLX; Superwog's Debut Netflix Special 'Son of a Donkey' Garners Mixed Reviews Amid Global Streaming Launch"
2024-04-11,negative,624.4199829101562,628.780029296875,631.6599731445312,617.239990234375,2662700.0,"Aileen: Queen of the Serial Killers – Review | Netflix Documentary; See Claire Danes, Matthew Rhys in the teaser for new Netflix series ‘Beast in Me’; Stranger Things season 5 final trailer has leaked online – and Netflix fans are very worried about the fate of one of its most important characters"
2024-04-11,neutral,624.4199829101562,628.780029296875,631.6599731445312,617.239990234375,2662700.0,"Friday OTT Releases (October 31, 2025): Lokah Chapter 1 Chandra And 4 New Movies And Series To Stream On Netflix, Prime Video, Zee5, And More; Netflix, Eureka to recreate Wonka’s Chocolate Factory down under for Golden Ticket format; In Video: Netflix releases trailer of ‘Baramulla’; World Investment Advisors Has $7.55 Million Stock Holdings in Netflix, Inc. $NFLX"
2024-04-11,positive,624.4199829101562,628.780029296875,631.6599731445312,617.239990234375,2662700.0,"Baramulla Trailer Out: Manav Kaul Investigates Mysterious Disappearances In Kashmir In Netflix’s Gripping Supernatural Thriller; Daymark Wealth Partners LLC Increases Stake in Netflix, Inc. $NFLX; Superwog's Debut Netflix Special 'Son of a Donkey' Garners Mixed Reviews Amid Global Streaming Launch"
2024-04-12,negative,628.22998046875,622.8300170898438,633.1199951171875,618.9199829101562,2959300.0,"Aileen: Queen of the Serial Killers – Review | Netflix Documentary; See Claire Danes, Matthew Rhys in the teaser for new Netflix series ‘Beast in Me’; Stranger Things season 5 final trailer has leaked online – and Netflix fans are very worried about the fate of one of its most important characters"
2024-04-12,neutral,628.22998046875,622.8300170898438,633.1199951171875,618.9199829101562,2959300.0,"Friday OTT Releases (October 31, 2025): Lokah Chapter 1 Chandra And 4 New Movies And Series To Stream On Netflix, Prime Video, Zee5, And More; Netflix, Eureka to recreate Wonka’s Chocolate Factory down under for Golden Ticket format; In Video: Netflix releases trailer of ‘Baramulla’; World Investment Advisors Has $7.55 Million Stock Holdings in Netflix, Inc. $NFLX"
2024-04-12,positive,628.22998046875,622.8300170898438,633.1199951171875,618.9199829101562,2959300.0,"Baramulla Trailer Out: Manav Kaul Investigates Mysterious Disappearances In Kashmir In Netflix’s Gripping Supernatural Thriller; Daymark Wealth Partners LLC Increases Stake in Netflix, Inc. $NFLX; Superwog's Debut Netflix Special 'Son of a Donkey' Garners Mixed Reviews Amid Global Streaming Launch"
2024-04-15,negative,630.1699829101562,607.1500244140625,630.1699829101562,603.8699951171875,3085400.0,"Aileen: Queen of the Serial Killers – Review | Netflix Documentary; See Claire Danes, Matthew Rhys in the teaser for new Netflix series ‘Beast in Me’; Stranger Things season 5 final trailer has leaked online – and Netflix fans are very worried about the fate of one of its most important characters"
2024-04-15,neutral,630.1699829101562,607.1500244140625,630.1699829101562,603.8699951171875,3085400.0,"Friday OTT Releases (October 31, 2025): Lokah Chapter 1 Chandra And 4 New Movies And Series To Stream On Netflix, Prime Video, Zee5, And More; Netflix, Eureka to recreate Wonka’s Chocolate Factory down under for Golden Ticket format; In Video: Netflix releases trailer of ‘Baramulla’; World Investment Advisors Has $7.55 Million Stock Holdings in Netflix, Inc. $NFLX"
2024-04-15,positive,630.1699829101562,607.1500244140625,630.1699829101562,603.8699951171875,3085400.0,"Baramulla Trailer Out: Manav Kaul Investigates Mysterious Disappearances In Kashmir In Netflix’s Gripping Supernatural Thriller; Daymark Wealth Partners LLC Increases Stake in Netflix, Inc. $NFLX; Superwog's Debut Netflix Special 'Son of a Donkey' Garners Mixed Reviews Amid Global Streaming Launch"
2024-04-17,negative,620.969970703125,613.6900024414062,620.969970703125,607.7100219726562,3312200.0,"Aileen: Queen of the Serial Killers – Review | Netflix Documentary; See Claire Danes, Matthew Rhys in the teaser for new Netflix series ‘Beast in Me’; Stranger Things season 5 final trailer has leaked online – and Netflix fans are very worried about the fate of one of its most important characters"
2024-04-17,neutral,620.969970703125,613.6900024414062,620.969970703125,607.7100219726562,3312200.0,"Friday OTT Releases (October 31, 2025): Lokah Chapter 1 Chandra And 4 New Movies And Series To Stream On Netflix, Prime Video, Zee5, And More; Netflix, Eureka to recreate Wonka’s Chocolate Factory down under for Golden Ticket format; In Video: Netflix releases trailer of ‘Baramulla’; World Investment Advisors Has $7.55 Million Stock Holdings in Netflix, Inc. $NFLX"
2024-04-17,positive,620.969970703125,613.6900024414062,620.969970703125,607.7100219726562,3312200.0,"Baramulla Trailer Out: Manav Kaul Investigates Mysterious Disappearances In Kashmir In Netflix’s Gripping Supernatural Thriller; Daymark Wealth Partners LLC Increases Stake in Netflix, Inc. $NFLX; Superwog's Debut Netflix Special 'Son of a Donkey' Garners Mixed Reviews Amid Global Streaming Launch"
2024-04-18,negative,612.0999755859375,610.5599975585938,621.3300170898438,605.4299926757812,8468400.0,"Aileen: Queen of the Serial Killers – Review | Netflix Documentary; See Claire Danes, Matthew Rhys in the teaser for new Netflix series ‘Beast in Me’"
2024-04-18,neutral,612.0999755859375,610.5599975585938,621.3300170898438,605.4299926757812,8468400.0,"Hantz Financial Services Inc. Decreases Holdings in Netflix, Inc. $NFLX; Netflix, Eureka to recreate Wonka’s Chocolate Factory down under for Golden Ticket format; In Video: Netflix releases trailer of ‘Baramulla’; World Investment Advisors Has $7.55 Million Stock Holdings in Netflix, Inc. $NFLX"
2024-04-18,positive,612.0999755859375,610.5599975585938,621.3300170898438,605.4299926757812,8468400.0,"Spire Wealth Management Trims Stock Position in Netflix, Inc. $NFLX; Baramulla Trailer Out: Manav Kaul Investigates Mysterious Disappearances In Kashmir In Netflix’s Gripping Supernatural Thriller; Daymark Wealth Partners LLC Increases Stake in Netflix, Inc. $NFLX; Superwog's Debut Netflix Special 'Son of a Donkey' Garners Mixed Reviews Amid Global Streaming Launch"
2024-04-19,negative,567.8800048828125,555.0399780273438,579.0,552.1599731445312,16449700.0,"Aileen: Queen of the Serial Killers – Review | Netflix Documentary; See Claire Danes, Matthew Rhys in the teaser for new Netflix series ‘Beast in Me’"
2024-04-19,neutral,567.8800048828125,555.0399780273438,579.0,552.1599731445312,16449700.0,"Hantz Financial Services Inc. Decreases Holdings in Netflix, Inc. $NFLX; Netflix, Eureka to recreate Wonka’s Chocolate Factory down under for Golden Ticket format; In Video: Netflix releases trailer of ‘Baramulla’; World Investment Advisors Has $7.55 Million Stock Holdings in Netflix, Inc. $NFLX"
2024-04-19,positive,567.8800048828125,555.0399780273438,579.0,552.1599731445312,16449700.0,"Spire Wealth Management Trims Stock Position in Netflix, Inc. $NFLX; Baramulla Trailer Out: Manav Kaul Investigates Mysterious Disappearances In Kashmir In Netflix’s Gripping Supernatural Thriller; Daymark Wealth Partners LLC Increases Stake in Netflix, Inc. $NFLX; Superwog's Debut Netflix Special 'Son of a Donkey' Garners Mixed Reviews Amid Global Streaming Launch"
2024-04-22,negative,550.6599731445312,554.5999755859375,558.6099853515625,542.010009765625,8597700.0,"Aileen: Queen of the Serial Killers – Review | Netflix Documentary; See Claire Danes, Matthew Rhys in the teaser for new Netflix series ‘Beast in Me’"
2024-04-22,neutral,550.6599731445312,554.5999755859375,558.6099853515625,542.010009765625,8597700.0,"Hantz Financial Services Inc. Decreases Holdings in Netflix, Inc. $NFLX; Netflix, Eureka to recreate Wonka’s Chocolate Factory down under for Golden Ticket format; In Video: Netflix releases trailer of ‘Baramulla’; World Investment Advisors Has $7.55 Million Stock Holdings in Netflix, Inc. $NFLX"
2024-04-22,positive,550.6599731445312,554.5999755859375,558.6099853515625,542.010009765625,8597700.0,"Spire Wealth Management Trims Stock Position in Netflix, Inc. $NFLX; Baramulla Trailer Out: Manav Kaul Investigates Mysterious Disappearances In Kashmir In Netflix’s Gripping Supernatural Thriller; Daymark Wealth Partners LLC Increases Stake in Netflix, Inc. $NFLX; Superwog's Debut Netflix Special 'Son of a Donkey' Garners Mixed Reviews Amid Global Streaming Launch"
2024-04-23,negative,556.489990234375,577.75,579.2100219726562,555.280029296875,4975500.0,"Aileen: Queen of the Serial Killers – Review | Netflix Documentary; See Claire Danes, Matthew Rhys in the teaser for new Netflix series ‘Beast in Me’"
2024-04-23,neutral,556.489990234375,577.75,579.2100219726562,555.280029296875,4975500.0,"Hantz Financial Services Inc. Decreases Holdings in Netflix, Inc. $NFLX; Netflix, Eureka to recreate Wonka’s Chocolate Factory down under for Golden Ticket format; In Video: Netflix releases trailer of ‘Baramulla’; World Investment Advisors Has $7.55 Million Stock Holdings in Netflix, Inc. $NFLX"
2024-04-23,positive,556.489990234375,577.75,579.2100219726562,555.280029296875,4975500.0,"Spire Wealth Management Trims Stock Position in Netflix, Inc. $NFLX; Baramulla Trailer Out: Manav Kaul Investigates Mysterious Disappearances In Kashmir In Netflix’s Gripping Supernatural Thriller; Daymark Wealth Partners LLC Increases Stake in Netflix, Inc. $NFLX; Superwog's Debut Netflix Special 'Son of a Donkey' Garners Mixed Reviews Amid Global Streaming Launch"
2024-04-24,negative,574.3099975585938,555.1199951171875,576.9099731445312,551.2999877929688,5355300.0,"Aileen: Queen of the Serial Killers – Review | Netflix Documentary; See Claire Danes, Matthew Rhys in the teaser for new Netflix series ‘Beast in Me’"
2024-04-24,neutral,574.3099975585938,555.1199951171875,576.9099731445312,551.2999877929688,5355300.0,"Hantz Financial Services Inc. Decreases Holdings in Netflix, Inc. $NFLX; Netflix, Eureka to recreate Wonka’s Chocolate Factory down under for Golden Ticket format; In Video: Netflix releases trailer of ‘Baramulla’; World Investment Advisors Has $7.55 Million Stock Holdings in Netflix, Inc. $NFLX"
2024-04-24,positive,574.3099975585938,555.1199951171875,576.9099731445312,551.2999877929688,5355300.0,"Spire Wealth Management Trims Stock Position in Netflix, Inc. $NFLX; Baramulla Trailer Out: Manav Kaul Investigates Mysterious Disappearances In Kashmir In Netflix’s Gripping Supernatural Thriller; Daymark Wealth Partners LLC Increases Stake in Netflix, Inc. $NFLX; Superwog's Debut Netflix Special 'Son of a Donkey' Garners Mixed Reviews Amid Global Streaming Launch"
2024-04-25,negative,549.4600219726562,564.7999877929688,566.5399780273438,545.7100219726562,3807100.0,"Aileen: Queen of the Serial Killers – Review | Netflix Documentary; See Claire Danes, Matthew Rhys in the teaser for new Netflix series ‘Beast in Me’"
2024-04-25,neutral,549.4600219726562,564.7999877929688,566.5399780273438,545.7100219726562,3807100.0,"Hantz Financial Services Inc. Decreases Holdings in Netflix, Inc. $NFLX; Netflix, Eureka to recreate Wonka’s Chocolate Factory down under for Golden Ticket format; In Video: Netflix releases trailer of ‘Baramulla’; World Investment Advisors Has $7.55 Million Stock Holdings in Netflix, Inc. $NFLX"
2024-04-25,positive,549.4600219726562,564.7999877929688,566.5399780273438,545.7100219726562,3807100.0,"Spire Wealth Management Trims Stock Position in Netflix, Inc. $NFLX; Baramulla Trailer Out: Manav Kaul Investigates Mysterious Disappearances In Kashmir In Netflix’s Gripping Supernatural Thriller; Daymark Wealth Partners LLC Increases Stake in Netflix, Inc. $NFLX; Superwog's Debut Netflix Special 'Son of a Donkey' Garners Mixed Reviews Amid Global Streaming Launch"
2024-04-26,negative,558.2100219726562,561.22998046875,562.9199829101562,553.1900024414062,4332600.0,"Aileen: Queen of the Serial Killers – Review | Netflix Documentary; See Claire Danes, Matthew Rhys in the teaser for new Netflix series ‘Beast in Me’"
2024-04-26,neutral,558.2100219726562,561.22998046875,562.9199829101562,553.1900024414062,4332600.0,"Hantz Financial Services Inc. Decreases Holdings in Netflix, Inc. $NFLX; Netflix, Eureka to recreate Wonka’s Chocolate Factory down under for Golden Ticket format; In Video: Netflix releases trailer of ‘Baramulla’; World Investment Advisors Has $7.55 Million Stock Holdings in Netflix, Inc. $NFLX"
2024-04-26,positive,558.2100219726562,561.22998046875,562.9199829101562,553.1900024414062,4332600.0,"Spire Wealth Management Trims Stock Position in Netflix, Inc. $NFLX; Baramulla Trailer Out: Manav Kaul Investigates Mysterious Disappearances In Kashmir In Netflix’s Gripping Supernatural Thriller; Daymark Wealth Partners LLC Increases Stake in Netflix, Inc. $NFLX; Superwog's Debut Netflix Special 'Son of a Donkey' Garners Mixed Reviews Amid Global Streaming Launch"
2024-04-29,negative,559.1799926757812,559.489990234375,559.6400146484375,554.239990234375,2508900.0,"Aileen: Queen of the Serial Killers – Review | Netflix Documentary; See Claire Danes, Matthew Rhys in the teaser for new Netflix series ‘Beast in Me’"
2024-04-29,neutral,559.1799926757812,559.489990234375,559.6400146484375,554.239990234375,2508900.0,"Hantz Financial Services Inc. Decreases Holdings in Netflix, Inc. $NFLX; Netflix, Eureka to recreate Wonka’s Chocolate Factory down under for Golden Ticket format; In Video: Netflix releases trailer of ‘Baramulla’; World Investment Advisors Has $7.55 Million Stock Holdings in Netflix, Inc. $NFLX"
2024-04-29,positive,559.1799926757812,559.489990234375,559.6400146484375,554.239990234375,2508900.0,"Spire Wealth Management Trims Stock Position in Netflix, Inc. $NFLX; Baramulla Trailer Out: Manav Kaul Investigates Mysterious Disappearances In Kashmir In Netflix’s Gripping Supernatural Thriller; Daymark Wealth Partners LLC Increases Stake in Netflix, Inc. $NFLX; Superwog's Debut Netflix Special 'Son of a Donkey' Garners Mixed Reviews Amid Global Streaming Launch"
2024-04-30,negative,560.0,550.6400146484375,560.0,549.3800048828125,3361500.0,"Aileen: Queen of the Serial Killers – Review | Netflix Documentary; See Claire Danes, Matthew Rhys in the teaser for new Netflix series ‘Beast in Me’"
2024-04-30,neutral,560.0,550.6400146484375,560.0,549.3800048828125,3361500.0,"Hantz Financial Services Inc. Decreases Holdings in Netflix, Inc. $NFLX; Netflix, Eureka to recreate Wonka’s Chocolate Factory down under for Golden Ticket format; In Video: Netflix releases trailer of ‘Baramulla’; World Investment Advisors Has $7.55 Million Stock Holdings in Netflix, Inc. $NFLX"
2024-04-30,positive,560.0,550.6400146484375,560.0,549.3800048828125,3361500.0,"Spire Wealth Management Trims Stock Position in Netflix, Inc. $NFLX; Baramulla Trailer Out: Manav Kaul Investigates Mysterious Disappearances In Kashmir In Netflix’s Gripping Supernatural Thriller; Daymark Wealth Partners LLC Increases Stake in Netflix, Inc. $NFLX; Superwog's Debut Netflix Special 'Son of a Donkey' Garners Mixed Reviews Amid Global Streaming Launch"
2024-05-01,negative,547.8400268554688,551.7100219726562,560.3900146484375,544.25,3473200.0,"Aileen: Queen of the Serial Killers – Review | Netflix Documentary; See Claire Danes, Matthew Rhys in the teaser for new Netflix series ‘Beast in Me’"
2024-05-01,neutral,547.8400268554688,551.7100219726562,560.3900146484375,544.25,3473200.0,"Hantz Financial Services Inc. Decreases Holdings in Netflix, Inc. $NFLX; Netflix, Eureka to recreate Wonka’s Chocolate Factory down under for Golden Ticket format; In Video: Netflix releases trailer of ‘Baramulla’; World Investment Advisors Has $7.55 Million Stock Holdings in Netflix, Inc. $NFLX"
2024-05-01,positive,547.8400268554688,551.7100219726562,560.3900146484375,544.25,3473200.0,"Spire Wealth Management Trims Stock Position in Netflix, Inc. $NFLX; Baramulla Trailer Out: Manav Kaul Investigates Mysterious Disappearances In Kashmir In Netflix’s Gripping Supernatural Thriller; Daymark Wealth Partners LLC Increases Stake in Netflix, Inc. $NFLX; Superwog's Debut Netflix Special 'Son of a Donkey' Garners Mixed Reviews Amid Global Streaming Launch"
2024-05-02,negative,556.02001953125,565.1500244140625,565.4600219726562,555.5900268554688,3068200.0,"Aileen: Queen of the Serial Killers – Review | Netflix Documentary; See Claire Danes, Matthew Rhys in the teaser for new Netflix series ‘Beast in Me’"
2024-05-02,neutral,556.02001953125,565.1500244140625,565.4600219726562,555.5900268554688,3068200.0,"Hantz Financial Services Inc. Decreases Holdings in Netflix, Inc. $NFLX; Netflix, Eureka to recreate Wonka’s Chocolate Factory down under for Golden Ticket format; In Video: Netflix releases trailer of ‘Baramulla’; World Investment Advisors Has $7.55 Million Stock Holdings in Netflix, Inc. $NFLX"
2024-05-02,positive,556.02001953125,565.1500244140625,565.4600219726562,555.5900268554688,3068200.0,"Spire Wealth Management Trims Stock Position in Netflix, Inc. $NFLX; Baramulla Trailer Out: Manav Kaul Investigates Mysterious Disappearances In Kashmir In Netflix’s Gripping Supernatural Thriller; Daymark Wealth Partners LLC Increases Stake in Netflix, Inc. $NFLX; Superwog's Debut Netflix Special 'Son of a Donkey' Garners Mixed Reviews Amid Global Streaming Launch"
2024-05-03,negative,566.0,579.3400268554688,580.260009765625,565.1599731445312,3307500.0,"Aileen: Queen of the Serial Killers – Review | Netflix Documentary; See Claire Danes, Matthew Rhys in the teaser for new Netflix series ‘Beast in Me’"
2024-05-03,neutral,566.0,579.3400268554688,580.260009765625,565.1599731445312,3307500.0,"Hantz Financial Services Inc. Decreases Holdings in Netflix, Inc. $NFLX; Netflix, Eureka to recreate Wonka’s Chocolate Factory down under for Golden Ticket format; In Video: Netflix releases trailer of ‘Baramulla’; World Investment Advisors Has $7.55 Million Stock Holdings in Netflix, Inc. $NFLX"
2024-05-03,positive,566.0,579.3400268554688,580.260009765625,565.1599731445312,3307500.0,"Spire Wealth Management Trims Stock Position in Netflix, Inc. $NFLX; Baramulla Trailer Out: Manav Kaul Investigates Mysterious Disappearances In Kashmir In Netflix’s Gripping Supernatural Thriller; Daymark Wealth Partners LLC Increases Stake in Netflix, Inc. $NFLX; Superwog's Debut Netflix Special 'Son of a Donkey' Garners Mixed Reviews Amid Global Streaming Launch"
2024-05-06,negative,581.8200073242188,596.969970703125,597.3400268554688,580.25,3686300.0,"Aileen: Queen of the Serial Killers – Review | Netflix Documentary; See Claire Danes, Matthew Rhys in the teaser for new Netflix series ‘Beast in Me’"
2024-05-06,neutral,581.8200073242188,596.969970703125,597.3400268554688,580.25,3686300.0,"Hantz Financial Services Inc. Decreases Holdings in Netflix, Inc. $NFLX; Netflix, Eureka to recreate Wonka’s Chocolate Factory down under for Golden Ticket format; In Video: Netflix releases trailer of ‘Baramulla’; World Investment Advisors Has $7.55 Million Stock Holdings in Netflix, Inc. $NFLX"
2024-05-06,positive,581.8200073242188,596.969970703125,597.3400268554688,580.25,3686300.0,"Spire Wealth Management Trims Stock Position in Netflix, Inc. $NFLX; Baramulla Trailer Out: Manav Kaul Investigates Mysterious Disappearances In Kashmir In Netflix’s Gripping Supernatural Thriller; Daymark Wealth Partners LLC Increases Stake in Netflix, Inc. $NFLX; Superwog's Debut Netflix Special 'Son of a Donkey' Garners Mixed Reviews Amid Global Streaming Launch"
2024-05-07,negative,596.280029296875,606.0,606.0499877929688,591.3200073242188,3614100.0,"Aileen: Queen of the Serial Killers – Review | Netflix Documentary; See Claire Danes, Matthew Rhys in the teaser for new Netflix series ‘Beast in Me’"
2024-05-07,neutral,596.280029296875,606.0,606.0499877929688,591.3200073242188,3614100.0,"Hantz Financial Services Inc. Decreases Holdings in Netflix, Inc. $NFLX; Netflix, Eureka to recreate Wonka’s Chocolate Factory down under for Golden Ticket format; In Video: Netflix releases trailer of ‘Baramulla’; World Investment Advisors Has $7.55 Million Stock Holdings in Netflix, Inc. $NFLX"
2024-05-07,positive,596.280029296875,606.0,606.0499877929688,591.3200073242188,3614100.0,"Spire Wealth Management Trims Stock Position in Netflix, Inc. $NFLX; Baramulla Trailer Out: Manav Kaul Investigates Mysterious Disappearances In Kashmir In Netflix’s Gripping Supernatural Thriller; Daymark Wealth Partners LLC Increases Stake in Netflix, Inc. $NFLX; Superwog's Debut Netflix Special 'Son of a Donkey' Garners Mixed Reviews Amid Global Streaming Launch"
2024-05-08,negative,601.6300048828125,609.469970703125,618.219970703125,601.6300048828125,3093900.0,"Aileen: Queen of the Serial Killers – Review | Netflix Documentary; See Claire Danes, Matthew Rhys in the teaser for new Netflix series ‘Beast in Me’"
2024-05-08,neutral,601.6300048828125,609.469970703125,618.219970703125,601.6300048828125,3093900.0,"Hantz Financial Services Inc. Decreases Holdings in Netflix, Inc. $NFLX; Netflix, Eureka to recreate Wonka’s Chocolate Factory down under for Golden Ticket format; In Video: Netflix releases trailer of ‘Baramulla’; World Investment Advisors Has $7.55 Million Stock Holdings in Netflix, Inc. $NFLX"
2024-05-08,positive,601.6300048828125,609.469970703125,618.219970703125,601.6300048828125,3093900.0,"Spire Wealth Management Trims Stock Position in Netflix, Inc. $NFLX; Baramulla Trailer Out: Manav Kaul Investigates Mysterious Disappearances In Kashmir In Netflix’s Gripping Supernatural Thriller; Daymark Wealth Partners LLC Increases Stake in Netflix, Inc. $NFLX; Superwog's Debut Netflix Special 'Son of a Donkey' Garners Mixed Reviews Amid Global Streaming Launch"
2024-05-09,negative,614.4000244140625,612.0900268554688,615.719970703125,605.75,2065400.0,"Aileen: Queen of the Serial Killers – Review | Netflix Documentary; See Claire Danes, Matthew Rhys in the teaser for new Netflix series ‘Beast in Me’"
2024-05-09,neutral,614.4000244140625,612.0900268554688,615.719970703125,605.75,2065400.0,"Hantz Financial Services Inc. Decreases Holdings in Netflix, Inc. $NFLX; Netflix, Eureka to recreate Wonka’s Chocolate Factory down under for Golden Ticket format; In Video: Netflix releases trailer of ‘Baramulla’; World Investment Advisors Has $7.55 Million Stock Holdings in Netflix, Inc. $NFLX"
2024-05-09,positive,614.4000244140625,612.0900268554688,615.719970703125,605.75,2065400.0,"Spire Wealth Management Trims Stock Position in Netflix, Inc. $NFLX; Baramulla Trailer Out: Manav Kaul Investigates Mysterious Disappearances In Kashmir In Netflix’s Gripping Supernatural Thriller; Daymark Wealth Partners LLC Increases Stake in Netflix, Inc. $NFLX; Superwog's Debut Netflix Special 'Son of a Donkey' Garners Mixed Reviews Amid Global Streaming Launch"
2024-05-10,negative,619.0,610.8699951171875,623.97998046875,605.0599975585938,2653600.0,"Aileen: Queen of the Serial Killers – Review | Netflix Documentary; See Claire Danes, Matthew Rhys in the teaser for new Netflix series ‘Beast in Me’"
2024-05-10,neutral,619.0,610.8699951171875,623.97998046875,605.0599975585938,2653600.0,"Amsterdam Empire Netflix Review: Why Famke Janssen’s Comeback Falls Flat; Red Chillies Opposes Sameer Wankhede’s Plea Against Netflix Series, Calls Defamation Suit ‘Wholly Misconceived’; Hantz Financial Services Inc. Decreases Holdings in Netflix, Inc. $NFLX; Netflix, Eureka to recreate Wonka’s Chocolate Factory down under for Golden Ticket format; In Video: Netflix releases trailer of ‘Baramulla’"
2024-05-10,positive,619.0,610.8699951171875,623.97998046875,605.0599975585938,2653600.0,"Spire Wealth Management Trims Stock Position in Netflix, Inc. $NFLX; Baramulla Trailer Out: Manav Kaul Investigates Mysterious Disappearances In Kashmir In Netflix’s Gripping Supernatural Thriller; Daymark Wealth Partners LLC Increases Stake in Netflix, Inc. $NFLX"
2024-05-13,negative,614.2999877929688,616.5900268554688,618.219970703125,606.8300170898438,2086200.0,"Aileen: Queen of the Serial Killers – Review | Netflix Documentary; See Claire Danes, Matthew Rhys in the teaser for new Netflix series ‘Beast in Me’"
2024-05-13,neutral,614.2999877929688,616.5900268554688,618.219970703125,606.8300170898438,2086200.0,"Amsterdam Empire Netflix Review: Why Famke Janssen’s Comeback Falls Flat; Red Chillies Opposes Sameer Wankhede’s Plea Against Netflix Series, Calls Defamation Suit ‘Wholly Misconceived’; Hantz Financial Services Inc. Decreases Holdings in Netflix, Inc. $NFLX; Netflix, Eureka to recreate Wonka’s Chocolate Factory down under for Golden Ticket format; In Video: Netflix releases trailer of ‘Baramulla’"
2024-05-13,positive,614.2999877929688,616.5900268554688,618.219970703125,606.8300170898438,2086200.0,"Spire Wealth Management Trims Stock Position in Netflix, Inc. $NFLX; Baramulla Trailer Out: Manav Kaul Investigates Mysterious Disappearances In Kashmir In Netflix’s Gripping Supernatural Thriller; Daymark Wealth Partners LLC Increases Stake in Netflix, Inc. $NFLX"
2024-05-14,negative,615.1699829101562,613.6599731445312,621.47998046875,608.4000244140625,2792400.0,"Aileen: Queen of the Serial Killers – Review | Netflix Documentary; See Claire Danes, Matthew Rhys in the teaser for new Netflix series ‘Beast in Me’"
2024-05-14,neutral,615.1699829101562,613.6599731445312,621.47998046875,608.4000244140625,2792400.0,"Amsterdam Empire Netflix Review: Why Famke Janssen’s Comeback Falls Flat; Red Chillies Opposes Sameer Wankhede’s Plea Against Netflix Series, Calls Defamation Suit ‘Wholly Misconceived’; Hantz Financial Services Inc. Decreases Holdings in Netflix, Inc. $NFLX; Netflix, Eureka to recreate Wonka’s Chocolate Factory down under for Golden Ticket format; In Video: Netflix releases trailer of ‘Baramulla’"
2024-05-14,positive,615.1699829101562,613.6599731445312,621.47998046875,608.4000244140625,2792400.0,"Spire Wealth Management Trims Stock Position in Netflix, Inc. $NFLX; Baramulla Trailer Out: Manav Kaul Investigates Mysterious Disappearances In Kashmir In Netflix’s Gripping Supernatural Thriller; Daymark Wealth Partners LLC Increases Stake in Netflix, Inc. $NFLX"
2024-05-15,negative,618.5700073242188,613.52001953125,624.0999755859375,609.0999755859375,5670600.0,"Aileen: Queen of the Serial Killers – Review | Netflix Documentary; See Claire Danes, Matthew Rhys in the teaser for new Netflix series ‘Beast in Me’"
2024-05-15,neutral,618.5700073242188,613.52001953125,624.0999755859375,609.0999755859375,5670600.0,"Amsterdam Empire Netflix Review: Why Famke Janssen’s Comeback Falls Flat; Red Chillies Opposes Sameer Wankhede’s Plea Against Netflix Series, Calls Defamation Suit ‘Wholly Misconceived’; Hantz Financial Services Inc. Decreases Holdings in Netflix, Inc. $NFLX; Netflix, Eureka to recreate Wonka’s Chocolate Factory down under for Golden Ticket format; In Video: Netflix releases trailer of ‘Baramulla’"
2024-05-15,positive,618.5700073242188,613.52001953125,624.0999755859375,609.0999755859375,5670600.0,"Spire Wealth Management Trims Stock Position in Netflix, Inc. $NFLX; Baramulla Trailer Out: Manav Kaul Investigates Mysterious Disappearances In Kashmir In Netflix’s Gripping Supernatural Thriller; Daymark Wealth Partners LLC Increases Stake in Netflix, Inc. $NFLX"
2024-05-16,negative,615.75,610.52001953125,618.3400268554688,609.0900268554688,3056400.0,"Aileen: Queen of the Serial Killers – Review | Netflix Documentary; See Claire Danes, Matthew Rhys in the teaser for new Netflix series ‘Beast in Me’"
2024-05-16,neutral,615.75,610.52001953125,618.3400268554688,609.0900268554688,3056400.0,"Amsterdam Empire Netflix Review: Why Famke Janssen’s Comeback Falls Flat; Red Chillies Opposes Sameer Wankhede’s Plea Against Netflix Series, Calls Defamation Suit ‘Wholly Misconceived’; Hantz Financial Services Inc. Decreases Holdings in Netflix, Inc. $NFLX; Netflix, Eureka to recreate Wonka’s Chocolate Factory down under for Golden Ticket format; In Video: Netflix releases trailer of ‘Baramulla’"
2024-05-16,positive,615.75,610.52001953125,618.3400268554688,609.0900268554688,3056400.0,"Spire Wealth Management Trims Stock Position in Netflix, Inc. $NFLX; Baramulla Trailer Out: Manav Kaul Investigates Mysterious Disappearances In Kashmir In Netflix’s Gripping Supernatural Thriller; Daymark Wealth Partners LLC Increases Stake in Netflix, Inc. $NFLX"
2024-05-17,negative,617.0,621.0999755859375,625.7899780273438,614.7100219726562,3782700.0,"Aileen: Queen of the Serial Killers – Review | Netflix Documentary; See Claire Danes, Matthew Rhys in the teaser for new Netflix series ‘Beast in Me’"
2024-05-17,neutral,617.0,621.0999755859375,625.7899780273438,614.7100219726562,3782700.0,"Amsterdam Empire Netflix Review: Why Famke Janssen’s Comeback Falls Flat; Red Chillies Opposes Sameer Wankhede’s Plea Against Netflix Series, Calls Defamation Suit ‘Wholly Misconceived’; Hantz Financial Services Inc. Decreases Holdings in Netflix, Inc. $NFLX; Netflix, Eureka to recreate Wonka’s Chocolate Factory down under for Golden Ticket format; In Video: Netflix releases trailer of ‘Baramulla’"
2024-05-17,positive,617.0,621.0999755859375,625.7899780273438,614.7100219726562,3782700.0,"Spire Wealth Management Trims Stock Position in Netflix, Inc. $NFLX; Baramulla Trailer Out: Manav Kaul Investigates Mysterious Disappearances In Kashmir In Netflix’s Gripping Supernatural Thriller; Daymark Wealth Partners LLC Increases Stake in Netflix, Inc. $NFLX"
2024-05-20,negative,620.4000244140625,640.8200073242188,644.3699951171875,619.52001953125,3857900.0,"Aileen: Queen of the Serial Killers – Review | Netflix Documentary; See Claire Danes, Matthew Rhys in the teaser for new Netflix series ‘Beast in Me’"
2024-05-20,neutral,620.4000244140625,640.8200073242188,644.3699951171875,619.52001953125,3857900.0,"Amsterdam Empire Netflix Review: Why Famke Janssen’s Comeback Falls Flat; Red Chillies Opposes Sameer Wankhede’s Plea Against Netflix Series, Calls Defamation Suit ‘Wholly Misconceived’; Hantz Financial Services Inc. Decreases Holdings in Netflix, Inc. $NFLX; Netflix, Eureka to recreate Wonka’s Chocolate Factory down under for Golden Ticket format; In Video: Netflix releases trailer of ‘Baramulla’"
2024-05-20,positive,620.4000244140625,640.8200073242188,644.3699951171875,619.52001953125,3857900.0,"Spire Wealth Management Trims Stock Position in Netflix, Inc. $NFLX; Baramulla Trailer Out: Manav Kaul Investigates Mysterious Disappearances In Kashmir In Netflix’s Gripping Supernatural Thriller; Daymark Wealth Partners LLC Increases Stake in Netflix, Inc. $NFLX"
2024-05-21,negative,636.760009765625,650.6099853515625,650.8800048828125,634.219970703125,2920200.0,"Aileen: Queen of the Serial Killers – Review | Netflix Documentary; See Claire Danes, Matthew Rhys in the teaser for new Netflix series ‘Beast in Me’"
2024-05-21,neutral,636.760009765625,650.6099853515625,650.8800048828125,634.219970703125,2920200.0,"Amsterdam Empire Netflix Review: Why Famke Janssen’s Comeback Falls Flat; Red Chillies Opposes Sameer Wankhede’s Plea Against Netflix Series, Calls Defamation Suit ‘Wholly Misconceived’; Hantz Financial Services Inc. Decreases Holdings in Netflix, Inc. $NFLX; Netflix, Eureka to recreate Wonka’s Chocolate Factory down under for Golden Ticket format; In Video: Netflix releases trailer of ‘Baramulla’"
2024-05-21,positive,636.760009765625,650.6099853515625,650.8800048828125,634.219970703125,2920200.0,"Spire Wealth Management Trims Stock Position in Netflix, Inc. $NFLX; Baramulla Trailer Out: Manav Kaul Investigates Mysterious Disappearances In Kashmir In Netflix’s Gripping Supernatural Thriller; Daymark Wealth Partners LLC Increases Stake in Netflix, Inc. $NFLX"
2024-05-22,negative,647.1400146484375,640.469970703125,649.25,638.1199951171875,2176200.0,"Aileen: Queen of the Serial Killers – Review | Netflix Documentary; See Claire Danes, Matthew Rhys in the teaser for new Netflix series ‘Beast in Me’"
2024-05-22,neutral,647.1400146484375,640.469970703125,649.25,638.1199951171875,2176200.0,"Amsterdam Empire Netflix Review: Why Famke Janssen’s Comeback Falls Flat; Red Chillies Opposes Sameer Wankhede’s Plea Against Netflix Series, Calls Defamation Suit ‘Wholly Misconceived’; Hantz Financial Services Inc. Decreases Holdings in Netflix, Inc. $NFLX; Netflix, Eureka to recreate Wonka’s Chocolate Factory down under for Golden Ticket format; In Video: Netflix releases trailer of ‘Baramulla’"
2024-05-22,positive,647.1400146484375,640.469970703125,649.25,638.1199951171875,2176200.0,"Spire Wealth Management Trims Stock Position in Netflix, Inc. $NFLX; Baramulla Trailer Out: Manav Kaul Investigates Mysterious Disappearances In Kashmir In Netflix’s Gripping Supernatural Thriller; Daymark Wealth Partners LLC Increases Stake in Netflix, Inc. $NFLX"
2024-05-23,negative,642.3400268554688,635.6699829101562,642.7100219726562,630.0,2313900.0,"Aileen: Queen of the Serial Killers – Review | Netflix Documentary; See Claire Danes, Matthew Rhys in the teaser for new Netflix series ‘Beast in Me’"
2024-05-23,neutral,642.3400268554688,635.6699829101562,642.7100219726562,630.0,2313900.0,"Amsterdam Empire Netflix Review: Why Famke Janssen’s Comeback Falls Flat; Red Chillies Opposes Sameer Wankhede’s Plea Against Netflix Series, Calls Defamation Suit ‘Wholly Misconceived’; Hantz Financial Services Inc. Decreases Holdings in Netflix, Inc. $NFLX; Netflix, Eureka to recreate Wonka’s Chocolate Factory down under for Golden Ticket format; In Video: Netflix releases trailer of ‘Baramulla’"
2024-05-23,positive,642.3400268554688,635.6699829101562,642.7100219726562,630.0,2313900.0,"Spire Wealth Management Trims Stock Position in Netflix, Inc. $NFLX; Baramulla Trailer Out: Manav Kaul Investigates Mysterious Disappearances In Kashmir In Netflix’s Gripping Supernatural Thriller; Daymark Wealth Partners LLC Increases Stake in Netflix, Inc. $NFLX"
2024-05-24,negative,639.4000244140625,646.75,652.0,637.5999755859375,2615300.0,The Witcher Season 4 Review: Netflix’s Fantasy Giant Loses Its Magic Without Henry Cavill; Aileen: Queen of the Serial Killers – Review | Netflix Documentary
2024-05-24,neutral,639.4000244140625,646.75,652.0,637.5999755859375,2615300.0,"Spy season 2: Ted Danson returns to Netflix in November 2025; Amsterdam Empire Netflix Review: Why Famke Janssen’s Comeback Falls Flat; Red Chillies Opposes Sameer Wankhede’s Plea Against Netflix Series, Calls Defamation Suit ‘Wholly Misconceived’; Hantz Financial Services Inc. Decreases Holdings in Netflix, Inc. $NFLX; Netflix, Eureka to recreate Wonka’s Chocolate Factory down under for Golden Ticket format; In Video: Netflix releases trailer of ‘Baramulla’"
2024-05-24,positive,639.4000244140625,646.75,652.0,637.5999755859375,2615300.0,"Spire Wealth Management Trims Stock Position in Netflix, Inc. $NFLX; Baramulla Trailer Out: Manav Kaul Investigates Mysterious Disappearances In Kashmir In Netflix’s Gripping Supernatural Thriller"
2024-05-28,negative,647.0499877929688,649.0,649.75,643.030029296875,2609500.0,The Witcher Season 4 Review: Netflix’s Fantasy Giant Loses Its Magic Without Henry Cavill; Aileen: Queen of the Serial Killers – Review | Netflix Documentary
2024-05-28,neutral,647.0499877929688,649.0,649.75,643.030029296875,2609500.0,"Spy season 2: Ted Danson returns to Netflix in November 2025; Amsterdam Empire Netflix Review: Why Famke Janssen’s Comeback Falls Flat; Red Chillies Opposes Sameer Wankhede’s Plea Against Netflix Series, Calls Defamation Suit ‘Wholly Misconceived’; Hantz Financial Services Inc. Decreases Holdings in Netflix, Inc. $NFLX; Netflix, Eureka to recreate Wonka’s Chocolate Factory down under for Golden Ticket format; In Video: Netflix releases trailer of ‘Baramulla’"
2024-05-28,positive,647.0499877929688,649.0,649.75,643.030029296875,2609500.0,"Spire Wealth Management Trims Stock Position in Netflix, Inc. $NFLX; Baramulla Trailer Out: Manav Kaul Investigates Mysterious Disappearances In Kashmir In Netflix’s Gripping Supernatural Thriller"
2024-05-29,negative,644.1300048828125,654.6199951171875,664.25,643.8900146484375,3695900.0,The Witcher Season 4 Review: Netflix’s Fantasy Giant Loses Its Magic Without Henry Cavill; Aileen: Queen of the Serial Killers – Review | Netflix Documentary
2024-05-29,neutral,644.1300048828125,654.6199951171875,664.25,643.8900146484375,3695900.0,"Spy season 2: Ted Danson returns to Netflix in November 2025; Amsterdam Empire Netflix Review: Why Famke Janssen’s Comeback Falls Flat; Red Chillies Opposes Sameer Wankhede’s Plea Against Netflix Series, Calls Defamation Suit ‘Wholly Misconceived’; Hantz Financial Services Inc. Decreases Holdings in Netflix, Inc. $NFLX; Netflix, Eureka to recreate Wonka’s Chocolate Factory down under for Golden Ticket format; In Video: Netflix releases trailer of ‘Baramulla’"
2024-05-29,positive,644.1300048828125,654.6199951171875,664.25,643.8900146484375,3695900.0,"Spire Wealth Management Trims Stock Position in Netflix, Inc. $NFLX; Baramulla Trailer Out: Manav Kaul Investigates Mysterious Disappearances In Kashmir In Netflix’s Gripping Supernatural Thriller"
2024-05-30,negative,653.52001953125,647.6599731445312,656.489990234375,644.72998046875,2388900.0,The Witcher Season 4 Review: Netflix’s Fantasy Giant Loses Its Magic Without Henry Cavill; Aileen: Queen of the Serial Killers – Review | Netflix Documentary
2024-05-30,neutral,653.52001953125,647.6599731445312,656.489990234375,644.72998046875,2388900.0,"Spy season 2: Ted Danson returns to Netflix in November 2025; Amsterdam Empire Netflix Review: Why Famke Janssen’s Comeback Falls Flat; Red Chillies Opposes Sameer Wankhede’s Plea Against Netflix Series, Calls Defamation Suit ‘Wholly Misconceived’; Hantz Financial Services Inc. Decreases Holdings in Netflix, Inc. $NFLX; Netflix, Eureka to recreate Wonka’s Chocolate Factory down under for Golden Ticket format; In Video: Netflix releases trailer of ‘Baramulla’"
2024-05-30,positive,653.52001953125,647.6599731445312,656.489990234375,644.72998046875,2388900.0,"Spire Wealth Management Trims Stock Position in Netflix, Inc. $NFLX; Baramulla Trailer Out: Manav Kaul Investigates Mysterious Disappearances In Kashmir In Netflix’s Gripping Supernatural Thriller"
2024-05-31,negative,644.010009765625,641.6199951171875,648.5800170898438,628.2999877929688,4071000.0,The Witcher Season 4 Review: Netflix’s Fantasy Giant Loses Its Magic Without Henry Cavill; Aileen: Queen of the Serial Killers – Review | Netflix Documentary
2024-05-31,neutral,644.010009765625,641.6199951171875,648.5800170898438,628.2999877929688,4071000.0,"Spy season 2: Ted Danson returns to Netflix in November 2025; Amsterdam Empire Netflix Review: Why Famke Janssen’s Comeback Falls Flat; Red Chillies Opposes Sameer Wankhede’s Plea Against Netflix Series, Calls Defamation Suit ‘Wholly Misconceived’; Hantz Financial Services Inc. Decreases Holdings in Netflix, Inc. $NFLX; Netflix, Eureka to recreate Wonka’s Chocolate Factory down under for Golden Ticket format; In Video: Netflix releases trailer of ‘Baramulla’"
2024-05-31,positive,644.010009765625,641.6199951171875,648.5800170898438,628.2999877929688,4071000.0,"Spire Wealth Management Trims Stock Position in Netflix, Inc. $NFLX; Baramulla Trailer Out: Manav Kaul Investigates Mysterious Disappearances In Kashmir In Netflix’s Gripping Supernatural Thriller"
2024-06-03,negative,645.219970703125,633.7899780273438,646.780029296875,627.27001953125,2323500.0,The Witcher Season 4 Review: Netflix’s Fantasy Giant Loses Its Magic Without Henry Cavill; Aileen: Queen of the Serial Killers – Review | Netflix Documentary
2024-06-03,neutral,645.219970703125,633.7899780273438,646.780029296875,627.27001953125,2323500.0,"Spy season 2: Ted Danson returns to Netflix in November 2025; Amsterdam Empire Netflix Review: Why Famke Janssen’s Comeback Falls Flat; Red Chillies Opposes Sameer Wankhede’s Plea Against Netflix Series, Calls Defamation Suit ‘Wholly Misconceived’; Hantz Financial Services Inc. Decreases Holdings in Netflix, Inc. $NFLX; Netflix, Eureka to recreate Wonka’s Chocolate Factory down under for Golden Ticket format; In Video: Netflix releases trailer of ‘Baramulla’"
2024-06-03,positive,645.219970703125,633.7899780273438,646.780029296875,627.27001953125,2323500.0,"Spire Wealth Management Trims Stock Position in Netflix, Inc. $NFLX; Baramulla Trailer Out: Manav Kaul Investigates Mysterious Disappearances In Kashmir In Netflix’s Gripping Supernatural Thriller"
2024-06-04,negative,633.780029296875,631.6199951171875,635.22998046875,626.4400024414062,3008200.0,The Witcher Season 4 Review: Netflix’s Fantasy Giant Loses Its Magic Without Henry Cavill; Aileen: Queen of the Serial Killers – Review | Netflix Documentary
2024-06-04,neutral,633.780029296875,631.6199951171875,635.22998046875,626.4400024414062,3008200.0,"Spy season 2: Ted Danson returns to Netflix in November 2025; Amsterdam Empire Netflix Review: Why Famke Janssen’s Comeback Falls Flat; Red Chillies Opposes Sameer Wankhede’s Plea Against Netflix Series, Calls Defamation Suit ‘Wholly Misconceived’; Hantz Financial Services Inc. Decreases Holdings in Netflix, Inc. $NFLX; Netflix, Eureka to recreate Wonka’s Chocolate Factory down under for Golden Ticket format; In Video: Netflix releases trailer of ‘Baramulla’"
2024-06-04,positive,633.780029296875,631.6199951171875,635.22998046875,626.4400024414062,3008200.0,"Spire Wealth Management Trims Stock Position in Netflix, Inc. $NFLX; Baramulla Trailer Out: Manav Kaul Investigates Mysterious Disappearances In Kashmir In Netflix’s Gripping Supernatural Thriller"
2024-06-05,negative,634.02001953125,650.27001953125,651.25,628.25,2682600.0,The Witcher Season 4 Review: Netflix’s Fantasy Giant Loses Its Magic Without Henry Cavill; Aileen: Queen of the Serial Killers – Review | Netflix Documentary
2024-06-05,neutral,634.02001953125,650.27001953125,651.25,628.25,2682600.0,"Spy season 2: Ted Danson returns to Netflix in November 2025; Amsterdam Empire Netflix Review: Why Famke Janssen’s Comeback Falls Flat; Red Chillies Opposes Sameer Wankhede’s Plea Against Netflix Series, Calls Defamation Suit ‘Wholly Misconceived’; Hantz Financial Services Inc. Decreases Holdings in Netflix, Inc. $NFLX; Netflix, Eureka to recreate Wonka’s Chocolate Factory down under for Golden Ticket format; In Video: Netflix releases trailer of ‘Baramulla’"
2024-06-05,positive,634.02001953125,650.27001953125,651.25,628.25,2682600.0,"Spire Wealth Management Trims Stock Position in Netflix, Inc. $NFLX; Baramulla Trailer Out: Manav Kaul Investigates Mysterious Disappearances In Kashmir In Netflix’s Gripping Supernatural Thriller"
2024-06-06,negative,644.8900146484375,648.52001953125,657.989990234375,644.239990234375,2466700.0,‘The Rats: A Witcher Tale’ Sneaks Onto Netflix: The Hidden Spin-Off You Almost Missed; The Witcher Season 4 Review: Netflix’s Fantasy Giant Loses Its Magic Without Henry Cavill; Baramulla Trailer Out: Manav Kaul Headlines Netflix's Horror Film In The Backdrop Of Kashmir; Watch; 'Incredible' Netflix crime drama set in Edinburgh has viewers on edge of seats
2024-06-06,neutral,644.8900146484375,648.52001953125,657.989990234375,644.239990234375,2466700.0,SRK’s Red Chillies Terms Sameer Wankhede’s Defamation Suit Over Netflix Series ‘Baseless’; Spy season 2: Ted Danson returns to Netflix in November 2025; The Witcher Season 4 release date and time in India: Cast and what to expect on Netflix; Amsterdam Empire Netflix Review: Why Famke Janssen’s Comeback Falls Flat
2024-06-06,positive,644.8900146484375,648.52001953125,657.989990234375,644.239990234375,2466700.0,"Netflix dropped a surprise Witcher movie that fills in the gaps from season 4's best storyline; Spire Wealth Management Trims Stock Position in Netflix, Inc. $NFLX"
2024-06-07,negative,649.3800048828125,641.469970703125,650.4000244140625,640.239990234375,1876600.0,‘The Rats: A Witcher Tale’ Sneaks Onto Netflix: The Hidden Spin-Off You Almost Missed; The Witcher Season 4 Review: Netflix’s Fantasy Giant Loses Its Magic Without Henry Cavill; Baramulla Trailer Out: Manav Kaul Headlines Netflix's Horror Film In The Backdrop Of Kashmir; Watch; 'Incredible' Netflix crime drama set in Edinburgh has viewers on edge of seats
2024-06-07,neutral,649.3800048828125,641.469970703125,650.4000244140625,640.239990234375,1876600.0,SRK’s Red Chillies Terms Sameer Wankhede’s Defamation Suit Over Netflix Series ‘Baseless’; Spy season 2: Ted Danson returns to Netflix in November 2025; The Witcher Season 4 release date and time in India: Cast and what to expect on Netflix; Amsterdam Empire Netflix Review: Why Famke Janssen’s Comeback Falls Flat
2024-06-07,positive,649.3800048828125,641.469970703125,650.4000244140625,640.239990234375,1876600.0,"Netflix dropped a surprise Witcher movie that fills in the gaps from season 4's best storyline; Spire Wealth Management Trims Stock Position in Netflix, Inc. $NFLX"
2024-06-10,negative,641.010009765625,644.5,644.7899780273438,635.5900268554688,2064400.0,‘The Rats: A Witcher Tale’ Sneaks Onto Netflix: The Hidden Spin-Off You Almost Missed; The Witcher Season 4 Review: Netflix’s Fantasy Giant Loses Its Magic Without Henry Cavill; Baramulla Trailer Out: Manav Kaul Headlines Netflix's Horror Film In The Backdrop Of Kashmir; Watch; 'Incredible' Netflix crime drama set in Edinburgh has viewers on edge of seats
2024-06-10,neutral,641.010009765625,644.5,644.7899780273438,635.5900268554688,2064400.0,SRK’s Red Chillies Terms Sameer Wankhede’s Defamation Suit Over Netflix Series ‘Baseless’; Spy season 2: Ted Danson returns to Netflix in November 2025; The Witcher Season 4 release date and time in India: Cast and what to expect on Netflix; Amsterdam Empire Netflix Review: Why Famke Janssen’s Comeback Falls Flat
2024-06-10,positive,641.010009765625,644.5,644.7899780273438,635.5900268554688,2064400.0,"Netflix dropped a surprise Witcher movie that fills in the gaps from season 4's best storyline; Spire Wealth Management Trims Stock Position in Netflix, Inc. $NFLX"
2024-06-11,negative,640.719970703125,648.5499877929688,650.1900024414062,640.52001953125,2167400.0,‘The Rats: A Witcher Tale’ Sneaks Onto Netflix: The Hidden Spin-Off You Almost Missed; The Witcher Season 4 Review: Netflix’s Fantasy Giant Loses Its Magic Without Henry Cavill; Baramulla Trailer Out: Manav Kaul Headlines Netflix's Horror Film In The Backdrop Of Kashmir; Watch; 'Incredible' Netflix crime drama set in Edinburgh has viewers on edge of seats
2024-06-11,neutral,640.719970703125,648.5499877929688,650.1900024414062,640.52001953125,2167400.0,SRK’s Red Chillies Terms Sameer Wankhede’s Defamation Suit Over Netflix Series ‘Baseless’; Spy season 2: Ted Danson returns to Netflix in November 2025; The Witcher Season 4 release date and time in India: Cast and what to expect on Netflix; Amsterdam Empire Netflix Review: Why Famke Janssen’s Comeback Falls Flat
2024-06-11,positive,640.719970703125,648.5499877929688,650.1900024414062,640.52001953125,2167400.0,"Netflix dropped a surprise Witcher movie that fills in the gaps from season 4's best storyline; Spire Wealth Management Trims Stock Position in Netflix, Inc. $NFLX"
2024-06-12,negative,652.2100219726562,650.0599975585938,655.780029296875,643.1099853515625,2094400.0,‘The Rats: A Witcher Tale’ Sneaks Onto Netflix: The Hidden Spin-Off You Almost Missed; The Witcher Season 4 Review: Netflix’s Fantasy Giant Loses Its Magic Without Henry Cavill; Baramulla Trailer Out: Manav Kaul Headlines Netflix's Horror Film In The Backdrop Of Kashmir; Watch; 'Incredible' Netflix crime drama set in Edinburgh has viewers on edge of seats
2024-06-12,neutral,652.2100219726562,650.0599975585938,655.780029296875,643.1099853515625,2094400.0,SRK’s Red Chillies Terms Sameer Wankhede’s Defamation Suit Over Netflix Series ‘Baseless’; Spy season 2: Ted Danson returns to Netflix in November 2025; The Witcher Season 4 release date and time in India: Cast and what to expect on Netflix; Amsterdam Empire Netflix Review: Why Famke Janssen’s Comeback Falls Flat
2024-06-12,positive,652.2100219726562,650.0599975585938,655.780029296875,643.1099853515625,2094400.0,"Netflix dropped a surprise Witcher movie that fills in the gaps from season 4's best storyline; Spire Wealth Management Trims Stock Position in Netflix, Inc. $NFLX"
2024-06-13,negative,644.0,653.260009765625,655.25,642.3499755859375,1863600.0,‘The Rats: A Witcher Tale’ Sneaks Onto Netflix: The Hidden Spin-Off You Almost Missed; The Witcher Season 4 Review: Netflix’s Fantasy Giant Loses Its Magic Without Henry Cavill; Baramulla Trailer Out: Manav Kaul Headlines Netflix's Horror Film In The Backdrop Of Kashmir; Watch; 'Incredible' Netflix crime drama set in Edinburgh has viewers on edge of seats
2024-06-13,neutral,644.0,653.260009765625,655.25,642.3499755859375,1863600.0,SRK’s Red Chillies Terms Sameer Wankhede’s Defamation Suit Over Netflix Series ‘Baseless’; Spy season 2: Ted Danson returns to Netflix in November 2025; The Witcher Season 4 release date and time in India: Cast and what to expect on Netflix; Amsterdam Empire Netflix Review: Why Famke Janssen’s Comeback Falls Flat
2024-06-13,positive,644.0,653.260009765625,655.25,642.3499755859375,1863600.0,"Netflix dropped a surprise Witcher movie that fills in the gaps from season 4's best storyline; Spire Wealth Management Trims Stock Position in Netflix, Inc. $NFLX"
2024-06-14,negative,655.0499877929688,669.3800048828125,675.5800170898438,652.6400146484375,4447100.0,‘The Rats: A Witcher Tale’ Sneaks Onto Netflix: The Hidden Spin-Off You Almost Missed; The Witcher Season 4 Review: Netflix’s Fantasy Giant Loses Its Magic Without Henry Cavill; Baramulla Trailer Out: Manav Kaul Headlines Netflix's Horror Film In The Backdrop Of Kashmir; Watch; 'Incredible' Netflix crime drama set in Edinburgh has viewers on edge of seats
2024-06-14,neutral,655.0499877929688,669.3800048828125,675.5800170898438,652.6400146484375,4447100.0,SRK’s Red Chillies Terms Sameer Wankhede’s Defamation Suit Over Netflix Series ‘Baseless’; Spy season 2: Ted Danson returns to Netflix in November 2025; The Witcher Season 4 release date and time in India: Cast and what to expect on Netflix; Amsterdam Empire Netflix Review: Why Famke Janssen’s Comeback Falls Flat
2024-06-14,positive,655.0499877929688,669.3800048828125,675.5800170898438,652.6400146484375,4447100.0,"Netflix dropped a surprise Witcher movie that fills in the gaps from season 4's best storyline; Spire Wealth Management Trims Stock Position in Netflix, Inc. $NFLX"
2024-06-17,negative,669.1099853515625,675.8300170898438,682.7100219726562,665.1099853515625,3631200.0,‘The Rats: A Witcher Tale’ Sneaks Onto Netflix: The Hidden Spin-Off You Almost Missed; The Witcher Season 4 Review: Netflix’s Fantasy Giant Loses Its Magic Without Henry Cavill; Baramulla Trailer Out: Manav Kaul Headlines Netflix's Horror Film In The Backdrop Of Kashmir; Watch; 'Incredible' Netflix crime drama set in Edinburgh has viewers on edge of seats
2024-06-17,neutral,669.1099853515625,675.8300170898438,682.7100219726562,665.1099853515625,3631200.0,SRK’s Red Chillies Terms Sameer Wankhede’s Defamation Suit Over Netflix Series ‘Baseless’; Spy season 2: Ted Danson returns to Netflix in November 2025; The Witcher Season 4 release date and time in India: Cast and what to expect on Netflix; Amsterdam Empire Netflix Review: Why Famke Janssen’s Comeback Falls Flat
2024-06-17,positive,669.1099853515625,675.8300170898438,682.7100219726562,665.1099853515625,3631200.0,"Netflix dropped a surprise Witcher movie that fills in the gaps from season 4's best storyline; Spire Wealth Management Trims Stock Position in Netflix, Inc. $NFLX"
2024-06-18,negative,675.6300048828125,685.6699829101562,687.0599975585938,674.6400146484375,2943800.0,‘The Rats: A Witcher Tale’ Sneaks Onto Netflix: The Hidden Spin-Off You Almost Missed; The Witcher Season 4 Review: Netflix’s Fantasy Giant Loses Its Magic Without Henry Cavill; Baramulla Trailer Out: Manav Kaul Headlines Netflix's Horror Film In The Backdrop Of Kashmir; Watch; 'Incredible' Netflix crime drama set in Edinburgh has viewers on edge of seats
2024-06-18,neutral,675.6300048828125,685.6699829101562,687.0599975585938,674.6400146484375,2943800.0,SRK’s Red Chillies Terms Sameer Wankhede’s Defamation Suit Over Netflix Series ‘Baseless’; Spy season 2: Ted Danson returns to Netflix in November 2025; The Witcher Season 4 release date and time in India: Cast and what to expect on Netflix; Amsterdam Empire Netflix Review: Why Famke Janssen’s Comeback Falls Flat
2024-06-18,positive,675.6300048828125,685.6699829101562,687.0599975585938,674.6400146484375,2943800.0,Adolescence director teams up with Hollywood favourite for a very different thriller series on Netflix; Netflix dropped a surprise Witcher movie that fills in the gaps from season 4's best storyline
2024-06-20,negative,681.7999877929688,679.030029296875,689.8800048828125,673.719970703125,2585100.0,‘The Rats: A Witcher Tale’ Sneaks Onto Netflix: The Hidden Spin-Off You Almost Missed; The Witcher Season 4 Review: Netflix’s Fantasy Giant Loses Its Magic Without Henry Cavill; Baramulla Trailer Out: Manav Kaul Headlines Netflix's Horror Film In The Backdrop Of Kashmir; Watch; 'Incredible' Netflix crime drama set in Edinburgh has viewers on edge of seats
2024-06-20,neutral,681.7999877929688,679.030029296875,689.8800048828125,673.719970703125,2585100.0,SRK’s Red Chillies Terms Sameer Wankhede’s Defamation Suit Over Netflix Series ‘Baseless’; Spy season 2: Ted Danson returns to Netflix in November 2025; The Witcher Season 4 release date and time in India: Cast and what to expect on Netflix; Amsterdam Empire Netflix Review: Why Famke Janssen’s Comeback Falls Flat
2024-06-20,positive,681.7999877929688,679.030029296875,689.8800048828125,673.719970703125,2585100.0,Adolescence director teams up with Hollywood favourite for a very different thriller series on Netflix; Netflix dropped a surprise Witcher movie that fills in the gaps from season 4's best storyline
2024-06-21,negative,683.260009765625,686.1199951171875,686.9000244140625,678.0999755859375,4506400.0,‘The Rats: A Witcher Tale’ Sneaks Onto Netflix: The Hidden Spin-Off You Almost Missed; The Witcher Season 4 Review: Netflix’s Fantasy Giant Loses Its Magic Without Henry Cavill; Baramulla Trailer Out: Manav Kaul Headlines Netflix's Horror Film In The Backdrop Of Kashmir; Watch; 'Incredible' Netflix crime drama set in Edinburgh has viewers on edge of seats
2024-06-21,neutral,683.260009765625,686.1199951171875,686.9000244140625,678.0999755859375,4506400.0,SRK’s Red Chillies Terms Sameer Wankhede’s Defamation Suit Over Netflix Series ‘Baseless’; Spy season 2: Ted Danson returns to Netflix in November 2025; The Witcher Season 4 release date and time in India: Cast and what to expect on Netflix; Amsterdam Empire Netflix Review: Why Famke Janssen’s Comeback Falls Flat
2024-06-21,positive,683.260009765625,686.1199951171875,686.9000244140625,678.0999755859375,4506400.0,Adolescence director teams up with Hollywood favourite for a very different thriller series on Netflix; Netflix dropped a surprise Witcher movie that fills in the gaps from season 4's best storyline
2024-06-24,negative,685.0,669.02001953125,685.5,664.5,3916300.0,‘The Rats: A Witcher Tale’ Sneaks Onto Netflix: The Hidden Spin-Off You Almost Missed; The Witcher Season 4 Review: Netflix’s Fantasy Giant Loses Its Magic Without Henry Cavill; Baramulla Trailer Out: Manav Kaul Headlines Netflix's Horror Film In The Backdrop Of Kashmir; Watch; 'Incredible' Netflix crime drama set in Edinburgh has viewers on edge of seats
2024-06-24,neutral,685.0,669.02001953125,685.5,664.5,3916300.0,SRK’s Red Chillies Terms Sameer Wankhede’s Defamation Suit Over Netflix Series ‘Baseless’; Spy season 2: Ted Danson returns to Netflix in November 2025; The Witcher Season 4 release date and time in India: Cast and what to expect on Netflix; Amsterdam Empire Netflix Review: Why Famke Janssen’s Comeback Falls Flat
2024-06-24,positive,685.0,669.02001953125,685.5,664.5,3916300.0,Adolescence director teams up with Hollywood favourite for a very different thriller series on Netflix; Netflix dropped a surprise Witcher movie that fills in the gaps from season 4's best storyline
2024-06-25,negative,673.4400024414062,672.4099731445312,673.6699829101562,662.2999877929688,2270600.0,‘The Rats: A Witcher Tale’ Sneaks Onto Netflix: The Hidden Spin-Off You Almost Missed; The Witcher Season 4 Review: Netflix’s Fantasy Giant Loses Its Magic Without Henry Cavill; Baramulla Trailer Out: Manav Kaul Headlines Netflix's Horror Film In The Backdrop Of Kashmir; Watch; 'Incredible' Netflix crime drama set in Edinburgh has viewers on edge of seats
2024-06-25,neutral,673.4400024414062,672.4099731445312,673.6699829101562,662.2999877929688,2270600.0,SRK’s Red Chillies Terms Sameer Wankhede’s Defamation Suit Over Netflix Series ‘Baseless’; Spy season 2: Ted Danson returns to Netflix in November 2025; The Witcher Season 4 release date and time in India: Cast and what to expect on Netflix; Amsterdam Empire Netflix Review: Why Famke Janssen’s Comeback Falls Flat
2024-06-25,positive,673.4400024414062,672.4099731445312,673.6699829101562,662.2999877929688,2270600.0,Adolescence director teams up with Hollywood favourite for a very different thriller series on Netflix; Netflix dropped a surprise Witcher movie that fills in the gaps from season 4's best storyline
2024-06-26,negative,672.4099731445312,677.6900024414062,682.9600219726562,670.02001953125,3545800.0,‘The Rats: A Witcher Tale’ Sneaks Onto Netflix: The Hidden Spin-Off You Almost Missed; The Witcher Season 4 Review: Netflix’s Fantasy Giant Loses Its Magic Without Henry Cavill; Baramulla Trailer Out: Manav Kaul Headlines Netflix's Horror Film In The Backdrop Of Kashmir; Watch; 'Incredible' Netflix crime drama set in Edinburgh has viewers on edge of seats
2024-06-26,neutral,672.4099731445312,677.6900024414062,682.9600219726562,670.02001953125,3545800.0,SRK’s Red Chillies Terms Sameer Wankhede’s Defamation Suit Over Netflix Series ‘Baseless’; Spy season 2: Ted Danson returns to Netflix in November 2025; The Witcher Season 4 release date and time in India: Cast and what to expect on Netflix; Amsterdam Empire Netflix Review: Why Famke Janssen’s Comeback Falls Flat
2024-06-26,positive,672.4099731445312,677.6900024414062,682.9600219726562,670.02001953125,3545800.0,Adolescence director teams up with Hollywood favourite for a very different thriller series on Netflix; Netflix dropped a surprise Witcher movie that fills in the gaps from season 4's best storyline
2024-06-27,negative,679.3499755859375,684.3400268554688,688.5700073242188,678.1400146484375,2404800.0,‘The Rats: A Witcher Tale’ Sneaks Onto Netflix: The Hidden Spin-Off You Almost Missed; The Witcher Season 4 Review: Netflix’s Fantasy Giant Loses Its Magic Without Henry Cavill; Baramulla Trailer Out: Manav Kaul Headlines Netflix's Horror Film In The Backdrop Of Kashmir; Watch; 'Incredible' Netflix crime drama set in Edinburgh has viewers on edge of seats
2024-06-27,neutral,679.3499755859375,684.3400268554688,688.5700073242188,678.1400146484375,2404800.0,SRK’s Red Chillies Terms Sameer Wankhede’s Defamation Suit Over Netflix Series ‘Baseless’; Spy season 2: Ted Danson returns to Netflix in November 2025; The Witcher Season 4 release date and time in India: Cast and what to expect on Netflix; Amsterdam Empire Netflix Review: Why Famke Janssen’s Comeback Falls Flat
2024-06-27,positive,679.3499755859375,684.3400268554688,688.5700073242188,678.1400146484375,2404800.0,Adolescence director teams up with Hollywood favourite for a very different thriller series on Netflix; Netflix dropped a surprise Witcher movie that fills in the gaps from season 4's best storyline
2024-06-28,negative,679.0,674.8800048828125,687.0,673.0800170898438,3412400.0,‘The Rats: A Witcher Tale’ Sneaks Onto Netflix: The Hidden Spin-Off You Almost Missed; The Witcher Season 4 Review: Netflix’s Fantasy Giant Loses Its Magic Without Henry Cavill; Baramulla Trailer Out: Manav Kaul Headlines Netflix's Horror Film In The Backdrop Of Kashmir; Watch; 'Incredible' Netflix crime drama set in Edinburgh has viewers on edge of seats
2024-06-28,neutral,679.0,674.8800048828125,687.0,673.0800170898438,3412400.0,SRK’s Red Chillies Terms Sameer Wankhede’s Defamation Suit Over Netflix Series ‘Baseless’; Spy season 2: Ted Danson returns to Netflix in November 2025; The Witcher Season 4 release date and time in India: Cast and what to expect on Netflix; Amsterdam Empire Netflix Review: Why Famke Janssen’s Comeback Falls Flat
2024-06-28,positive,679.0,674.8800048828125,687.0,673.0800170898438,3412400.0,Adolescence director teams up with Hollywood favourite for a very different thriller series on Netflix; Netflix dropped a surprise Witcher movie that fills in the gaps from season 4's best storyline
2024-07-01,negative,674.8900146484375,673.6099853515625,675.02001953125,663.780029296875,2212800.0,‘The Rats: A Witcher Tale’ Sneaks Onto Netflix: The Hidden Spin-Off You Almost Missed; The Witcher Season 4 Review: Netflix’s Fantasy Giant Loses Its Magic Without Henry Cavill; Baramulla Trailer Out: Manav Kaul Headlines Netflix's Horror Film In The Backdrop Of Kashmir; Watch; 'Incredible' Netflix crime drama set in Edinburgh has viewers on edge of seats
2024-07-01,neutral,674.8900146484375,673.6099853515625,675.02001953125,663.780029296875,2212800.0,SRK’s Red Chillies Terms Sameer Wankhede’s Defamation Suit Over Netflix Series ‘Baseless’; Spy season 2: Ted Danson returns to Netflix in November 2025; The Witcher Season 4 release date and time in India: Cast and what to expect on Netflix; Amsterdam Empire Netflix Review: Why Famke Janssen’s Comeback Falls Flat
2024-07-01,positive,674.8900146484375,673.6099853515625,675.02001953125,663.780029296875,2212800.0,Adolescence director teams up with Hollywood favourite for a very different thriller series on Netflix; Netflix dropped a surprise Witcher movie that fills in the gaps from season 4's best storyline
2024-07-02,negative,673.5399780273438,679.5800170898438,681.739990234375,670.0700073242188,2411400.0,‘The Rats: A Witcher Tale’ Sneaks Onto Netflix: The Hidden Spin-Off You Almost Missed; The Witcher Season 4 Review: Netflix’s Fantasy Giant Loses Its Magic Without Henry Cavill; Baramulla Trailer Out: Manav Kaul Headlines Netflix's Horror Film In The Backdrop Of Kashmir; Watch; 'Incredible' Netflix crime drama set in Edinburgh has viewers on edge of seats
2024-07-02,neutral,673.5399780273438,679.5800170898438,681.739990234375,670.0700073242188,2411400.0,SRK’s Red Chillies Terms Sameer Wankhede’s Defamation Suit Over Netflix Series ‘Baseless’; Spy season 2: Ted Danson returns to Netflix in November 2025; The Witcher Season 4 release date and time in India: Cast and what to expect on Netflix; Amsterdam Empire Netflix Review: Why Famke Janssen’s Comeback Falls Flat
2024-07-02,positive,673.5399780273438,679.5800170898438,681.739990234375,670.0700073242188,2411400.0,Adolescence director teams up with Hollywood favourite for a very different thriller series on Netflix; Netflix dropped a surprise Witcher movie that fills in the gaps from season 4's best storyline
2024-07-03,negative,677.47998046875,682.510009765625,683.75,675.5,1403500.0,‘The Rats: A Witcher Tale’ Sneaks Onto Netflix: The Hidden Spin-Off You Almost Missed; The Witcher Season 4 Review: Netflix’s Fantasy Giant Loses Its Magic Without Henry Cavill; Baramulla Trailer Out: Manav Kaul Headlines Netflix's Horror Film In The Backdrop Of Kashmir; Watch; 'Incredible' Netflix crime drama set in Edinburgh has viewers on edge of seats
2024-07-03,neutral,677.47998046875,682.510009765625,683.75,675.5,1403500.0,SRK’s Red Chillies Terms Sameer Wankhede’s Defamation Suit Over Netflix Series ‘Baseless’; Spy season 2: Ted Danson returns to Netflix in November 2025; The Witcher Season 4 release date and time in India: Cast and what to expect on Netflix; Amsterdam Empire Netflix Review: Why Famke Janssen’s Comeback Falls Flat
2024-07-03,positive,677.47998046875,682.510009765625,683.75,675.5,1403500.0,Adolescence director teams up with Hollywood favourite for a very different thriller series on Netflix; Netflix dropped a surprise Witcher movie that fills in the gaps from season 4's best storyline
2024-07-05,negative,682.510009765625,690.6500244140625,697.489990234375,677.22998046875,2659100.0,‘The Rats: A Witcher Tale’ Sneaks Onto Netflix: The Hidden Spin-Off You Almost Missed; The Witcher Season 4 Review: Netflix’s Fantasy Giant Loses Its Magic Without Henry Cavill; Baramulla Trailer Out: Manav Kaul Headlines Netflix's Horror Film In The Backdrop Of Kashmir; Watch
2024-07-05,neutral,682.510009765625,690.6500244140625,697.489990234375,677.22998046875,2659100.0,SRK’s Red Chillies Terms Sameer Wankhede’s Defamation Suit Over Netflix Series ‘Baseless’; Spy season 2: Ted Danson returns to Netflix in November 2025; The Witcher Season 4 release date and time in India: Cast and what to expect on Netflix; Amsterdam Empire Netflix Review: Why Famke Janssen’s Comeback Falls Flat
2024-07-05,positive,682.510009765625,690.6500244140625,697.489990234375,677.22998046875,2659100.0,Netflix adding new VOTING feature for live TV in major app upgrade & reveals two other benefits coming soon; Adolescence director teams up with Hollywood favourite for a very different thriller series on Netflix; Netflix dropped a surprise Witcher movie that fills in the gaps from season 4's best storyline
2024-07-08,negative,687.0,685.739990234375,688.8599853515625,681.489990234375,1930800.0,‘The Rats: A Witcher Tale’ Sneaks Onto Netflix: The Hidden Spin-Off You Almost Missed; The Witcher Season 4 Review: Netflix’s Fantasy Giant Loses Its Magic Without Henry Cavill; Baramulla Trailer Out: Manav Kaul Headlines Netflix's Horror Film In The Backdrop Of Kashmir; Watch
2024-07-08,neutral,687.0,685.739990234375,688.8599853515625,681.489990234375,1930800.0,SRK’s Red Chillies Terms Sameer Wankhede’s Defamation Suit Over Netflix Series ‘Baseless’; Spy season 2: Ted Danson returns to Netflix in November 2025; The Witcher Season 4 release date and time in India: Cast and what to expect on Netflix; Amsterdam Empire Netflix Review: Why Famke Janssen’s Comeback Falls Flat
2024-07-08,positive,687.0,685.739990234375,688.8599853515625,681.489990234375,1930800.0,Netflix adding new VOTING feature for live TV in major app upgrade & reveals two other benefits coming soon; Adolescence director teams up with Hollywood favourite for a very different thriller series on Netflix; Netflix dropped a surprise Witcher movie that fills in the gaps from season 4's best storyline
2024-07-09,negative,690.0,685.739990234375,695.27001953125,684.719970703125,2596100.0,‘The Rats: A Witcher Tale’ Sneaks Onto Netflix: The Hidden Spin-Off You Almost Missed; The Witcher Season 4 Review: Netflix’s Fantasy Giant Loses Its Magic Without Henry Cavill; Baramulla Trailer Out: Manav Kaul Headlines Netflix's Horror Film In The Backdrop Of Kashmir; Watch
2024-07-09,neutral,690.0,685.739990234375,695.27001953125,684.719970703125,2596100.0,SRK’s Red Chillies Terms Sameer Wankhede’s Defamation Suit Over Netflix Series ‘Baseless’; Spy season 2: Ted Danson returns to Netflix in November 2025; The Witcher Season 4 release date and time in India: Cast and what to expect on Netflix; Amsterdam Empire Netflix Review: Why Famke Janssen’s Comeback Falls Flat
2024-07-09,positive,690.0,685.739990234375,695.27001953125,684.719970703125,2596100.0,Netflix adding new VOTING feature for live TV in major app upgrade & reveals two other benefits coming soon; Adolescence director teams up with Hollywood favourite for a very different thriller series on Netflix; Netflix dropped a surprise Witcher movie that fills in the gaps from season 4's best storyline
2024-07-10,negative,685.02001953125,677.6500244140625,687.219970703125,673.1599731445312,2651900.0,‘The Rats: A Witcher Tale’ Sneaks Onto Netflix: The Hidden Spin-Off You Almost Missed; The Witcher Season 4 Review: Netflix’s Fantasy Giant Loses Its Magic Without Henry Cavill; Baramulla Trailer Out: Manav Kaul Headlines Netflix's Horror Film In The Backdrop Of Kashmir; Watch
2024-07-10,neutral,685.02001953125,677.6500244140625,687.219970703125,673.1599731445312,2651900.0,SRK’s Red Chillies Terms Sameer Wankhede’s Defamation Suit Over Netflix Series ‘Baseless’; Spy season 2: Ted Danson returns to Netflix in November 2025; The Witcher Season 4 release date and time in India: Cast and what to expect on Netflix; Amsterdam Empire Netflix Review: Why Famke Janssen’s Comeback Falls Flat
2024-07-10,positive,685.02001953125,677.6500244140625,687.219970703125,673.1599731445312,2651900.0,Netflix adding new VOTING feature for live TV in major app upgrade & reveals two other benefits coming soon; Adolescence director teams up with Hollywood favourite for a very different thriller series on Netflix; Netflix dropped a surprise Witcher movie that fills in the gaps from season 4's best storyline
2024-07-11,negative,672.489990234375,652.75,672.489990234375,647.4400024414062,5106600.0,‘The Rats: A Witcher Tale’ Sneaks Onto Netflix: The Hidden Spin-Off You Almost Missed; The Witcher Season 4 Review: Netflix’s Fantasy Giant Loses Its Magic Without Henry Cavill; Baramulla Trailer Out: Manav Kaul Headlines Netflix's Horror Film In The Backdrop Of Kashmir; Watch
2024-07-11,neutral,672.489990234375,652.75,672.489990234375,647.4400024414062,5106600.0,SRK’s Red Chillies Terms Sameer Wankhede’s Defamation Suit Over Netflix Series ‘Baseless’; Spy season 2: Ted Danson returns to Netflix in November 2025; The Witcher Season 4 release date and time in India: Cast and what to expect on Netflix; Amsterdam Empire Netflix Review: Why Famke Janssen’s Comeback Falls Flat
2024-07-11,positive,672.489990234375,652.75,672.489990234375,647.4400024414062,5106600.0,Netflix adding new VOTING feature for live TV in major app upgrade & reveals two other benefits coming soon; Adolescence director teams up with Hollywood favourite for a very different thriller series on Netflix; Netflix dropped a surprise Witcher movie that fills in the gaps from season 4's best storyline
2024-07-12,negative,652.75,647.5999755859375,655.9199829101562,643.7100219726562,3355200.0,‘The Rats: A Witcher Tale’ Sneaks Onto Netflix: The Hidden Spin-Off You Almost Missed; The Witcher Season 4 Review: Netflix’s Fantasy Giant Loses Its Magic Without Henry Cavill; Baramulla Trailer Out: Manav Kaul Headlines Netflix's Horror Film In The Backdrop Of Kashmir; Watch
2024-07-12,neutral,652.75,647.5999755859375,655.9199829101562,643.7100219726562,3355200.0,SRK’s Red Chillies Terms Sameer Wankhede’s Defamation Suit Over Netflix Series ‘Baseless’; Spy season 2: Ted Danson returns to Netflix in November 2025; The Witcher Season 4 release date and time in India: Cast and what to expect on Netflix; Amsterdam Empire Netflix Review: Why Famke Janssen’s Comeback Falls Flat
2024-07-12,positive,652.75,647.5999755859375,655.9199829101562,643.7100219726562,3355200.0,Netflix adding new VOTING feature for live TV in major app upgrade & reveals two other benefits coming soon; Adolescence director teams up with Hollywood favourite for a very different thriller series on Netflix; Netflix dropped a surprise Witcher movie that fills in the gaps from season 4's best storyline
2024-07-15,negative,647.5,656.4500122070312,667.5399780273438,646.6300048828125,3208800.0,‘The Rats: A Witcher Tale’ Sneaks Onto Netflix: The Hidden Spin-Off You Almost Missed; The Witcher Season 4 Review: Netflix’s Fantasy Giant Loses Its Magic Without Henry Cavill; Baramulla Trailer Out: Manav Kaul Headlines Netflix's Horror Film In The Backdrop Of Kashmir; Watch
2024-07-15,neutral,647.5,656.4500122070312,667.5399780273438,646.6300048828125,3208800.0,SRK’s Red Chillies Terms Sameer Wankhede’s Defamation Suit Over Netflix Series ‘Baseless’; Spy season 2: Ted Danson returns to Netflix in November 2025; The Witcher Season 4 release date and time in India: Cast and what to expect on Netflix; Amsterdam Empire Netflix Review: Why Famke Janssen’s Comeback Falls Flat
2024-07-15,positive,647.5,656.4500122070312,667.5399780273438,646.6300048828125,3208800.0,Netflix adding new VOTING feature for live TV in major app upgrade & reveals two other benefits coming soon; Adolescence director teams up with Hollywood favourite for a very different thriller series on Netflix; Netflix dropped a surprise Witcher movie that fills in the gaps from season 4's best storyline
2024-07-16,negative,661.7999877929688,656.3200073242188,663.6799926757812,649.1300048828125,2685700.0,‘The Rats: A Witcher Tale’ Sneaks Onto Netflix: The Hidden Spin-Off You Almost Missed; The Witcher Season 4 Review: Netflix’s Fantasy Giant Loses Its Magic Without Henry Cavill; Baramulla Trailer Out: Manav Kaul Headlines Netflix's Horror Film In The Backdrop Of Kashmir; Watch
2024-07-16,neutral,661.7999877929688,656.3200073242188,663.6799926757812,649.1300048828125,2685700.0,SRK’s Red Chillies Terms Sameer Wankhede’s Defamation Suit Over Netflix Series ‘Baseless’; Spy season 2: Ted Danson returns to Netflix in November 2025; The Witcher Season 4 release date and time in India: Cast and what to expect on Netflix; Amsterdam Empire Netflix Review: Why Famke Janssen’s Comeback Falls Flat
2024-07-16,positive,661.7999877929688,656.3200073242188,663.6799926757812,649.1300048828125,2685700.0,Netflix adding new VOTING feature for live TV in major app upgrade & reveals two other benefits coming soon; Adolescence director teams up with Hollywood favourite for a very different thriller series on Netflix; Netflix dropped a surprise Witcher movie that fills in the gaps from season 4's best storyline
2024-07-17,negative,650.0,647.4600219726562,650.4500122070312,639.469970703125,4017300.0,‘The Rats: A Witcher Tale’ Sneaks Onto Netflix: The Hidden Spin-Off You Almost Missed; The Witcher Season 4 Review: Netflix’s Fantasy Giant Loses Its Magic Without Henry Cavill; Baramulla Trailer Out: Manav Kaul Headlines Netflix's Horror Film In The Backdrop Of Kashmir; Watch
2024-07-17,neutral,650.0,647.4600219726562,650.4500122070312,639.469970703125,4017300.0,SRK’s Red Chillies Terms Sameer Wankhede’s Defamation Suit Over Netflix Series ‘Baseless’; Spy season 2: Ted Danson returns to Netflix in November 2025; The Witcher Season 4 release date and time in India: Cast and what to expect on Netflix; Amsterdam Empire Netflix Review: Why Famke Janssen’s Comeback Falls Flat
2024-07-17,positive,650.0,647.4600219726562,650.4500122070312,639.469970703125,4017300.0,Netflix adding new VOTING feature for live TV in major app upgrade & reveals two other benefits coming soon; Adolescence director teams up with Hollywood favourite for a very different thriller series on Netflix; Netflix dropped a surprise Witcher movie that fills in the gaps from season 4's best storyline
2024-07-18,negative,656.5999755859375,643.0399780273438,657.0399780273438,639.1699829101562,7575800.0,"Why Did Henry Cavill Leave ‘The Witcher’? Netflix’s Behind-the-Scenes Drama, Explained; ‘The Rats: A Witcher Tale’ Sneaks Onto Netflix: The Hidden Spin-Off You Almost Missed"
2024-07-18,neutral,656.5999755859375,643.0399780273438,657.0399780273438,639.1699829101562,7575800.0,"Noesis Capital Mangement Corp Makes New Investment in Netflix, Inc. $NFLX; Retirement Systems of Alabama Trims Stock Holdings in Netflix, Inc. $NFLX; 'Squid Game: The Experience let me step into one of Netflix's biggest shows'; Delhi HC asks Wankhede, Red Chillies, Netflix to file replies in defamation suit against series; SRK’s Red Chillies Terms Sameer Wankhede’s Defamation Suit Over Netflix Series ‘Baseless’"
2024-07-18,positive,656.5999755859375,643.0399780273438,657.0399780273438,639.1699829101562,7575800.0,Netflix adding new VOTING feature for live TV in major app upgrade & reveals two other benefits coming soon; Adolescence director teams up with Hollywood favourite for a very different thriller series on Netflix; Netflix dropped a surprise Witcher movie that fills in the gaps from season 4's best storyline
2024-07-19,negative,660.6400146484375,633.3400268554688,678.969970703125,629.1199951171875,9815600.0,"Why Did Henry Cavill Leave ‘The Witcher’? Netflix’s Behind-the-Scenes Drama, Explained; ‘The Rats: A Witcher Tale’ Sneaks Onto Netflix: The Hidden Spin-Off You Almost Missed"
2024-07-19,neutral,660.6400146484375,633.3400268554688,678.969970703125,629.1199951171875,9815600.0,"Noesis Capital Mangement Corp Makes New Investment in Netflix, Inc. $NFLX; Retirement Systems of Alabama Trims Stock Holdings in Netflix, Inc. $NFLX; 'Squid Game: The Experience let me step into one of Netflix's biggest shows'; Delhi HC asks Wankhede, Red Chillies, Netflix to file replies in defamation suit against series; SRK’s Red Chillies Terms Sameer Wankhede’s Defamation Suit Over Netflix Series ‘Baseless’"
2024-07-19,positive,660.6400146484375,633.3400268554688,678.969970703125,629.1199951171875,9815600.0,Netflix adding new VOTING feature for live TV in major app upgrade & reveals two other benefits coming soon; Adolescence director teams up with Hollywood favourite for a very different thriller series on Netflix; Netflix dropped a surprise Witcher movie that fills in the gaps from season 4's best storyline
2024-07-22,negative,639.5,647.5,656.2899780273438,632.5999755859375,5219100.0,"Why Did Henry Cavill Leave ‘The Witcher’? Netflix’s Behind-the-Scenes Drama, Explained; ‘The Rats: A Witcher Tale’ Sneaks Onto Netflix: The Hidden Spin-Off You Almost Missed"
2024-07-22,neutral,639.5,647.5,656.2899780273438,632.5999755859375,5219100.0,"Noesis Capital Mangement Corp Makes New Investment in Netflix, Inc. $NFLX; Retirement Systems of Alabama Trims Stock Holdings in Netflix, Inc. $NFLX; 'Squid Game: The Experience let me step into one of Netflix's biggest shows'; Delhi HC asks Wankhede, Red Chillies, Netflix to file replies in defamation suit against series; SRK’s Red Chillies Terms Sameer Wankhede’s Defamation Suit Over Netflix Series ‘Baseless’"
2024-07-22,positive,639.5,647.5,656.2899780273438,632.5999755859375,5219100.0,Netflix adding new VOTING feature for live TV in major app upgrade & reveals two other benefits coming soon; Adolescence director teams up with Hollywood favourite for a very different thriller series on Netflix; Netflix dropped a surprise Witcher movie that fills in the gaps from season 4's best storyline
2024-07-23,negative,647.5,642.760009765625,649.9099731445312,641.0,2463600.0,"Why Did Henry Cavill Leave ‘The Witcher’? Netflix’s Behind-the-Scenes Drama, Explained; ‘The Rats: A Witcher Tale’ Sneaks Onto Netflix: The Hidden Spin-Off You Almost Missed"
2024-07-23,neutral,647.5,642.760009765625,649.9099731445312,641.0,2463600.0,"Noesis Capital Mangement Corp Makes New Investment in Netflix, Inc. $NFLX; Retirement Systems of Alabama Trims Stock Holdings in Netflix, Inc. $NFLX; 'Squid Game: The Experience let me step into one of Netflix's biggest shows'; Delhi HC asks Wankhede, Red Chillies, Netflix to file replies in defamation suit against series; SRK’s Red Chillies Terms Sameer Wankhede’s Defamation Suit Over Netflix Series ‘Baseless’"
2024-07-23,positive,647.5,642.760009765625,649.9099731445312,641.0,2463600.0,Netflix adding new VOTING feature for live TV in major app upgrade & reveals two other benefits coming soon; Adolescence director teams up with Hollywood favourite for a very different thriller series on Netflix; Netflix dropped a surprise Witcher movie that fills in the gaps from season 4's best storyline
2024-07-24,negative,635.739990234375,635.989990234375,652.4199829101562,632.6699829101562,4888200.0,"Why Did Henry Cavill Leave ‘The Witcher’? Netflix’s Behind-the-Scenes Drama, Explained; ‘The Rats: A Witcher Tale’ Sneaks Onto Netflix: The Hidden Spin-Off You Almost Missed"
2024-07-24,neutral,635.739990234375,635.989990234375,652.4199829101562,632.6699829101562,4888200.0,"Noesis Capital Mangement Corp Makes New Investment in Netflix, Inc. $NFLX; Retirement Systems of Alabama Trims Stock Holdings in Netflix, Inc. $NFLX; 'Squid Game: The Experience let me step into one of Netflix's biggest shows'; Delhi HC asks Wankhede, Red Chillies, Netflix to file replies in defamation suit against series; SRK’s Red Chillies Terms Sameer Wankhede’s Defamation Suit Over Netflix Series ‘Baseless’"
2024-07-24,positive,635.739990234375,635.989990234375,652.4199829101562,632.6699829101562,4888200.0,Netflix adding new VOTING feature for live TV in major app upgrade & reveals two other benefits coming soon; Adolescence director teams up with Hollywood favourite for a very different thriller series on Netflix; Netflix dropped a surprise Witcher movie that fills in the gaps from season 4's best storyline
2024-07-25,negative,641.0,634.0900268554688,649.97998046875,621.7000122070312,4554500.0,"Why Did Henry Cavill Leave ‘The Witcher’? Netflix’s Behind-the-Scenes Drama, Explained; ‘The Rats: A Witcher Tale’ Sneaks Onto Netflix: The Hidden Spin-Off You Almost Missed"
2024-07-25,neutral,641.0,634.0900268554688,649.97998046875,621.7000122070312,4554500.0,"Noesis Capital Mangement Corp Makes New Investment in Netflix, Inc. $NFLX; Retirement Systems of Alabama Trims Stock Holdings in Netflix, Inc. $NFLX; 'Squid Game: The Experience let me step into one of Netflix's biggest shows'; Delhi HC asks Wankhede, Red Chillies, Netflix to file replies in defamation suit against series; SRK’s Red Chillies Terms Sameer Wankhede’s Defamation Suit Over Netflix Series ‘Baseless’"
2024-07-25,positive,641.0,634.0900268554688,649.97998046875,621.7000122070312,4554500.0,Netflix adding new VOTING feature for live TV in major app upgrade & reveals two other benefits coming soon; Adolescence director teams up with Hollywood favourite for a very different thriller series on Netflix; Netflix dropped a surprise Witcher movie that fills in the gaps from season 4's best storyline
2024-07-26,negative,645.0,631.3699951171875,646.989990234375,629.77001953125,3120700.0,"Why Did Henry Cavill Leave ‘The Witcher’? Netflix’s Behind-the-Scenes Drama, Explained; ‘The Rats: A Witcher Tale’ Sneaks Onto Netflix: The Hidden Spin-Off You Almost Missed"
2024-07-26,neutral,645.0,631.3699951171875,646.989990234375,629.77001953125,3120700.0,"Noesis Capital Mangement Corp Makes New Investment in Netflix, Inc. $NFLX; Retirement Systems of Alabama Trims Stock Holdings in Netflix, Inc. $NFLX; 'Squid Game: The Experience let me step into one of Netflix's biggest shows'; Delhi HC asks Wankhede, Red Chillies, Netflix to file replies in defamation suit against series; SRK’s Red Chillies Terms Sameer Wankhede’s Defamation Suit Over Netflix Series ‘Baseless’"
2024-07-26,positive,645.0,631.3699951171875,646.989990234375,629.77001953125,3120700.0,Netflix adding new VOTING feature for live TV in major app upgrade & reveals two other benefits coming soon; Adolescence director teams up with Hollywood favourite for a very different thriller series on Netflix; Netflix dropped a surprise Witcher movie that fills in the gaps from season 4's best storyline
2024-07-29,negative,634.6099853515625,626.9600219726562,634.6099853515625,623.9299926757812,2400500.0,"Why Did Henry Cavill Leave ‘The Witcher’? Netflix’s Behind-the-Scenes Drama, Explained; ‘The Rats: A Witcher Tale’ Sneaks Onto Netflix: The Hidden Spin-Off You Almost Missed"
2024-07-29,neutral,634.6099853515625,626.9600219726562,634.6099853515625,623.9299926757812,2400500.0,"Noesis Capital Mangement Corp Makes New Investment in Netflix, Inc. $NFLX; Retirement Systems of Alabama Trims Stock Holdings in Netflix, Inc. $NFLX; 'Squid Game: The Experience let me step into one of Netflix's biggest shows'; Delhi HC asks Wankhede, Red Chillies, Netflix to file replies in defamation suit against series; SRK’s Red Chillies Terms Sameer Wankhede’s Defamation Suit Over Netflix Series ‘Baseless’"
2024-07-29,positive,634.6099853515625,626.9600219726562,634.6099853515625,623.9299926757812,2400500.0,Netflix adding new VOTING feature for live TV in major app upgrade & reveals two other benefits coming soon; Adolescence director teams up with Hollywood favourite for a very different thriller series on Netflix; Netflix dropped a surprise Witcher movie that fills in the gaps from season 4's best storyline
