date,stock_open,stock_close,stock_high,stock_low,stock_volume,news_headlines
2022-10-31,295.1300048828125,291.8800048828125,297.6199951171875,289.5,7505100.0,"Netflix Reportedly Producing ‘Crash Bandicoot’ Animated Series; Netflix Confirms ‘ONE PIECE: Into the Grand Line’ Release Date with First Look at Drum Island; 'One Piece' Season 2 gets premiere date on Netflix; 'One Piece' Season 2 gets premiere date on Netflix; Opinion | I Spoil Netflix’s Nuclear War Movie; Netflix’s “One Piece” Returning For Second Season In March; Netflix Explores Floyd Mayweather vs. Manny Pacquiao Rematch; Netflix's Squid Game: The Challenge season 2 release date, cast and trailer; WWE RAW (10/20) Ranks No. 6 Worldwide On Netflix With 2.6 Million Global Views; 5 Movies to Watch Before They Leave Netflix"
2022-11-01,296.1700134277344,286.75,299.70001220703125,286.4200134277344,6916400.0,5 Movies to Watch Before They Leave Netflix; Netflix: Kathryn Bigelow’s ‘A House of Dynamite’ Tops Weekly Streaming Through Oct. 26; Spanish Thriller 'City of Shadows' Comes to Netflix December 2026; Netflix Reportedly Producing ‘Crash Bandicoot’ Animated Series; Netflix Confirms ‘ONE PIECE: Into the Grand Line’ Release Date with First Look at Drum Island; 'One Piece' Season 2 gets premiere date on Netflix; 'One Piece' Season 2 gets premiere date on Netflix; Opinion | I Spoil Netflix’s Nuclear War Movie; Netflix’s “One Piece” Returning For Second Season In March; Netflix Explores Floyd Mayweather vs. Manny Pacquiao Rematch
2022-11-02,286.3999938964844,273.0,287.3299865722656,272.8399963378906,10367600.0,5 Movies to Watch Before They Leave Netflix; Netflix: Kathryn Bigelow’s ‘A House of Dynamite’ Tops Weekly Streaming Through Oct. 26; Spanish Thriller 'City of Shadows' Comes to Netflix December 2026; Netflix Reportedly Producing ‘Crash Bandicoot’ Animated Series; Netflix Confirms ‘ONE PIECE: Into the Grand Line’ Release Date with First Look at Drum Island; 'One Piece' Season 2 gets premiere date on Netflix; 'One Piece' Season 2 gets premiere date on Netflix; Opinion | I Spoil Netflix’s Nuclear War Movie; Netflix’s “One Piece” Returning For Second Season In March; Netflix Explores Floyd Mayweather vs. Manny Pacquiao Rematch
2022-11-03,271.25,269.0599975585937,276.2900085449219,268.79998779296875,7057400.0,5 Movies to Watch Before They Leave Netflix; Netflix: Kathryn Bigelow’s ‘A House of Dynamite’ Tops Weekly Streaming Through Oct. 26; Spanish Thriller 'City of Shadows' Comes to Netflix December 2026; Netflix Reportedly Producing ‘Crash Bandicoot’ Animated Series; Netflix Confirms ‘ONE PIECE: Into the Grand Line’ Release Date with First Look at Drum Island; 'One Piece' Season 2 gets premiere date on Netflix; 'One Piece' Season 2 gets premiere date on Netflix; Opinion | I Spoil Netflix’s Nuclear War Movie; Netflix’s “One Piece” Returning For Second Season In March; Netflix Explores Floyd Mayweather vs. Manny Pacquiao Rematch
2022-11-04,272.0199890136719,260.7900085449219,274.9700012207031,255.32000732421875,11124700.0,5 Movies to Watch Before They Leave Netflix; Netflix: Kathryn Bigelow’s ‘A House of Dynamite’ Tops Weekly Streaming Through Oct. 26; Spanish Thriller 'City of Shadows' Comes to Netflix December 2026; Netflix Reportedly Producing ‘Crash Bandicoot’ Animated Series; Netflix Confirms ‘ONE PIECE: Into the Grand Line’ Release Date with First Look at Drum Island; 'One Piece' Season 2 gets premiere date on Netflix; 'One Piece' Season 2 gets premiere date on Netflix; Opinion | I Spoil Netflix’s Nuclear War Movie; Netflix’s “One Piece” Returning For Second Season In March; Netflix Explores Floyd Mayweather vs. Manny Pacquiao Rematch
2022-11-07,261.0599975585937,258.6000061035156,261.1499938964844,252.08999633789068,7927000.0,5 Movies to Watch Before They Leave Netflix; Netflix: Kathryn Bigelow’s ‘A House of Dynamite’ Tops Weekly Streaming Through Oct. 26; Spanish Thriller 'City of Shadows' Comes to Netflix December 2026; Netflix Reportedly Producing ‘Crash Bandicoot’ Animated Series; Netflix Confirms ‘ONE PIECE: Into the Grand Line’ Release Date with First Look at Drum Island; 'One Piece' Season 2 gets premiere date on Netflix; 'One Piece' Season 2 gets premiere date on Netflix; Opinion | I Spoil Netflix’s Nuclear War Movie; Netflix’s “One Piece” Returning For Second Season In March; Netflix Explores Floyd Mayweather vs. Manny Pacquiao Rematch
2022-11-08,259.9200134277344,263.4599914550781,266.0799865722656,256.8800048828125,7683800.0,5 Movies to Watch Before They Leave Netflix; Netflix: Kathryn Bigelow’s ‘A House of Dynamite’ Tops Weekly Streaming Through Oct. 26; Spanish Thriller 'City of Shadows' Comes to Netflix December 2026; Netflix Reportedly Producing ‘Crash Bandicoot’ Animated Series; Netflix Confirms ‘ONE PIECE: Into the Grand Line’ Release Date with First Look at Drum Island; 'One Piece' Season 2 gets premiere date on Netflix; 'One Piece' Season 2 gets premiere date on Netflix; Opinion | I Spoil Netflix’s Nuclear War Movie; Netflix’s “One Piece” Returning For Second Season In March; Netflix Explores Floyd Mayweather vs. Manny Pacquiao Rematch
2022-11-09,259.6600036621094,254.66000366210932,260.8999938964844,254.22000122070312,7266000.0,5 Movies to Watch Before They Leave Netflix; Netflix: Kathryn Bigelow’s ‘A House of Dynamite’ Tops Weekly Streaming Through Oct. 26; Spanish Thriller 'City of Shadows' Comes to Netflix December 2026; Netflix Reportedly Producing ‘Crash Bandicoot’ Animated Series; Netflix Confirms ‘ONE PIECE: Into the Grand Line’ Release Date with First Look at Drum Island; 'One Piece' Season 2 gets premiere date on Netflix; 'One Piece' Season 2 gets premiere date on Netflix; Opinion | I Spoil Netflix’s Nuclear War Movie; Netflix’s “One Piece” Returning For Second Season In March; Netflix Explores Floyd Mayweather vs. Manny Pacquiao Rematch
2022-11-10,265.989990234375,274.9700012207031,275.3599853515625,260.0899963378906,9667300.0,5 Movies to Watch Before They Leave Netflix; Netflix: Kathryn Bigelow’s ‘A House of Dynamite’ Tops Weekly Streaming Through Oct. 26; Spanish Thriller 'City of Shadows' Comes to Netflix December 2026; Netflix Reportedly Producing ‘Crash Bandicoot’ Animated Series; Netflix Confirms ‘ONE PIECE: Into the Grand Line’ Release Date with First Look at Drum Island; 'One Piece' Season 2 gets premiere date on Netflix; 'One Piece' Season 2 gets premiere date on Netflix; Opinion | I Spoil Netflix’s Nuclear War Movie; Netflix’s “One Piece” Returning For Second Season In March; Netflix Explores Floyd Mayweather vs. Manny Pacquiao Rematch
2022-11-11,274.4700012207031,290.1300048828125,290.6600036621094,271.5599975585937,9573800.0,5 Movies to Watch Before They Leave Netflix; Netflix: Kathryn Bigelow’s ‘A House of Dynamite’ Tops Weekly Streaming Through Oct. 26; Spanish Thriller 'City of Shadows' Comes to Netflix December 2026; Netflix Reportedly Producing ‘Crash Bandicoot’ Animated Series; Netflix Confirms ‘ONE PIECE: Into the Grand Line’ Release Date with First Look at Drum Island; 'One Piece' Season 2 gets premiere date on Netflix; 'One Piece' Season 2 gets premiere date on Netflix; Opinion | I Spoil Netflix’s Nuclear War Movie; Netflix’s “One Piece” Returning For Second Season In March; Netflix Explores Floyd Mayweather vs. Manny Pacquiao Rematch
2022-11-14,290.0,299.2699890136719,311.0,288.19000244140625,17978200.0,Netflix asks Who Killed the Montreal Expos? in new doc; 5 Movies to Watch Before They Leave Netflix; Netflix: Kathryn Bigelow’s ‘A House of Dynamite’ Tops Weekly Streaming Through Oct. 26; Spanish Thriller 'City of Shadows' Comes to Netflix December 2026; Netflix Reportedly Producing ‘Crash Bandicoot’ Animated Series; Netflix Confirms ‘ONE PIECE: Into the Grand Line’ Release Date with First Look at Drum Island; 'One Piece' Season 2 gets premiere date on Netflix; 'One Piece' Season 2 gets premiere date on Netflix; Opinion | I Spoil Netflix’s Nuclear War Movie; Netflix’s “One Piece” Returning For Second Season In March
2022-11-15,309.20001220703125,310.20001220703125,312.7099914550781,302.54998779296875,14626900.0,5 Movies to Watch Before They Leave Netflix; Netflix: Kathryn Bigelow’s ‘A House of Dynamite’ Tops Weekly Streaming Through Oct. 26; Spanish Thriller 'City of Shadows' Comes to Netflix December 2026; Netflix Reportedly Producing ‘Crash Bandicoot’ Animated Series; Netflix Confirms ‘ONE PIECE: Into the Grand Line’ Release Date with First Look at Drum Island; 'One Piece' Season 2 gets premiere date on Netflix; 'One Piece' Season 2 gets premiere date on Netflix; Opinion | I Spoil Netflix’s Nuclear War Movie; Netflix’s “One Piece” Returning For Second Season In March; Netflix Explores Floyd Mayweather vs. Manny Pacquiao Rematch
2022-11-16,309.94000244140625,306.0199890136719,310.489990234375,303.6099853515625,8038600.0,5 Movies to Watch Before They Leave Netflix; Netflix: Kathryn Bigelow’s ‘A House of Dynamite’ Tops Weekly Streaming Through Oct. 26; Spanish Thriller 'City of Shadows' Comes to Netflix December 2026; Netflix Reportedly Producing ‘Crash Bandicoot’ Animated Series; Netflix Confirms ‘ONE PIECE: Into the Grand Line’ Release Date with First Look at Drum Island; 'One Piece' Season 2 gets premiere date on Netflix; 'One Piece' Season 2 gets premiere date on Netflix; Opinion | I Spoil Netflix’s Nuclear War Movie; Netflix’s “One Piece” Returning For Second Season In March; Netflix Explores Floyd Mayweather vs. Manny Pacquiao Rematch
2022-11-17,294.7200012207031,295.2799987792969,299.82000732421875,291.0,9838200.0,5 Movies to Watch Before They Leave Netflix; Netflix: Kathryn Bigelow’s ‘A House of Dynamite’ Tops Weekly Streaming Through Oct. 26; Spanish Thriller 'City of Shadows' Comes to Netflix December 2026; Netflix Reportedly Producing ‘Crash Bandicoot’ Animated Series; Netflix Confirms ‘ONE PIECE: Into the Grand Line’ Release Date with First Look at Drum Island; 'One Piece' Season 2 gets premiere date on Netflix; 'One Piece' Season 2 gets premiere date on Netflix; Opinion | I Spoil Netflix’s Nuclear War Movie; Netflix’s “One Piece” Returning For Second Season In March; Netflix Explores Floyd Mayweather vs. Manny Pacquiao Rematch
2022-11-18,297.3299865722656,287.9800109863281,298.0,287.0,8400100.0,Netflix asks Who Killed the Montreal Expos? in new doc; 5 Movies to Watch Before They Leave Netflix; Netflix: Kathryn Bigelow’s ‘A House of Dynamite’ Tops Weekly Streaming Through Oct. 26; Spanish Thriller 'City of Shadows' Comes to Netflix December 2026; Netflix Reportedly Producing ‘Crash Bandicoot’ Animated Series; Netflix Confirms ‘ONE PIECE: Into the Grand Line’ Release Date with First Look at Drum Island; 'One Piece' Season 2 gets premiere date on Netflix; 'One Piece' Season 2 gets premiere date on Netflix; Opinion | I Spoil Netflix’s Nuclear War Movie; Netflix’s “One Piece” Returning For Second Season In March
2022-11-21,291.0,285.04998779296875,291.8699951171875,282.6600036621094,7256500.0,5 Movies to Watch Before They Leave Netflix; Netflix: Kathryn Bigelow’s ‘A House of Dynamite’ Tops Weekly Streaming Through Oct. 26; Spanish Thriller 'City of Shadows' Comes to Netflix December 2026; Netflix Reportedly Producing ‘Crash Bandicoot’ Animated Series; Netflix Confirms ‘ONE PIECE: Into the Grand Line’ Release Date with First Look at Drum Island; 'One Piece' Season 2 gets premiere date on Netflix; 'One Piece' Season 2 gets premiere date on Netflix; Opinion | I Spoil Netflix’s Nuclear War Movie; Netflix’s “One Piece” Returning For Second Season In March; Netflix Explores Floyd Mayweather vs. Manny Pacquiao Rematch
2022-11-22,284.989990234375,286.69000244140625,286.9800109863281,277.3399963378906,6245100.0,5 Movies to Watch Before They Leave Netflix; Netflix: Kathryn Bigelow’s ‘A House of Dynamite’ Tops Weekly Streaming Through Oct. 26; Spanish Thriller 'City of Shadows' Comes to Netflix December 2026; Netflix Reportedly Producing ‘Crash Bandicoot’ Animated Series; Netflix Confirms ‘ONE PIECE: Into the Grand Line’ Release Date with First Look at Drum Island; 'One Piece' Season 2 gets premiere date on Netflix; 'One Piece' Season 2 gets premiere date on Netflix; Opinion | I Spoil Netflix’s Nuclear War Movie; Netflix’s “One Piece” Returning For Second Season In March; Netflix Explores Floyd Mayweather vs. Manny Pacquiao Rematch
2022-11-23,285.9100036621094,291.5,292.4700012207031,283.760009765625,5919000.0,5 Movies to Watch Before They Leave Netflix; Netflix: Kathryn Bigelow’s ‘A House of Dynamite’ Tops Weekly Streaming Through Oct. 26; Spanish Thriller 'City of Shadows' Comes to Netflix December 2026; Netflix Reportedly Producing ‘Crash Bandicoot’ Animated Series; Netflix Confirms ‘ONE PIECE: Into the Grand Line’ Release Date with First Look at Drum Island; 'One Piece' Season 2 gets premiere date on Netflix; 'One Piece' Season 2 gets premiere date on Netflix; Opinion | I Spoil Netflix’s Nuclear War Movie; Netflix’s “One Piece” Returning For Second Season In March; Netflix Explores Floyd Mayweather vs. Manny Pacquiao Rematch
2022-11-25,289.0,285.5400085449219,289.2099914550781,284.1700134277344,3236000.0,5 Movies to Watch Before They Leave Netflix; Netflix: Kathryn Bigelow’s ‘A House of Dynamite’ Tops Weekly Streaming Through Oct. 26; Spanish Thriller 'City of Shadows' Comes to Netflix December 2026; Netflix Reportedly Producing ‘Crash Bandicoot’ Animated Series; Netflix Confirms ‘ONE PIECE: Into the Grand Line’ Release Date with First Look at Drum Island; 'One Piece' Season 2 gets premiere date on Netflix; 'One Piece' Season 2 gets premiere date on Netflix; Opinion | I Spoil Netflix’s Nuclear War Movie; Netflix’s “One Piece” Returning For Second Season In March; Netflix Explores Floyd Mayweather vs. Manny Pacquiao Rematch
2022-11-28,284.0,281.1700134277344,289.54998779296875,280.5299987792969,4703400.0,Netflix asks Who Killed the Montreal Expos? in new doc; 5 Movies to Watch Before They Leave Netflix; Netflix: Kathryn Bigelow’s ‘A House of Dynamite’ Tops Weekly Streaming Through Oct. 26; Spanish Thriller 'City of Shadows' Comes to Netflix December 2026; Netflix Reportedly Producing ‘Crash Bandicoot’ Animated Series; Netflix Confirms ‘ONE PIECE: Into the Grand Line’ Release Date with First Look at Drum Island; 'One Piece' Season 2 gets premiere date on Netflix; 'One Piece' Season 2 gets premiere date on Netflix; Opinion | I Spoil Netflix’s Nuclear War Movie; Netflix’s “One Piece” Returning For Second Season In March
2022-11-29,282.5,280.9599914550781,282.9599914550781,275.94000244140625,5786900.0,5 Movies to Watch Before They Leave Netflix; Netflix: Kathryn Bigelow’s ‘A House of Dynamite’ Tops Weekly Streaming Through Oct. 26; Spanish Thriller 'City of Shadows' Comes to Netflix December 2026; Netflix Reportedly Producing ‘Crash Bandicoot’ Animated Series; Netflix Confirms ‘ONE PIECE: Into the Grand Line’ Release Date with First Look at Drum Island; 'One Piece' Season 2 gets premiere date on Netflix; 'One Piece' Season 2 gets premiere date on Netflix; Opinion | I Spoil Netflix’s Nuclear War Movie; Netflix’s “One Piece” Returning For Second Season In March; Netflix Explores Floyd Mayweather vs. Manny Pacquiao Rematch
2022-11-30,281.3699951171875,305.5299987792969,308.260009765625,280.4100036621094,16070100.0,5 Movies to Watch Before They Leave Netflix; Netflix: Kathryn Bigelow’s ‘A House of Dynamite’ Tops Weekly Streaming Through Oct. 26; Spanish Thriller 'City of Shadows' Comes to Netflix December 2026; Netflix Reportedly Producing ‘Crash Bandicoot’ Animated Series; Netflix Confirms ‘ONE PIECE: Into the Grand Line’ Release Date with First Look at Drum Island; 'One Piece' Season 2 gets premiere date on Netflix; 'One Piece' Season 2 gets premiere date on Netflix; Opinion | I Spoil Netflix’s Nuclear War Movie; Netflix’s “One Piece” Returning For Second Season In March; Netflix Explores Floyd Mayweather vs. Manny Pacquiao Rematch
2022-12-01,303.989990234375,316.95001220703125,319.79998779296875,303.0299987792969,14664900.0,5 Movies to Watch Before They Leave Netflix; Netflix: Kathryn Bigelow’s ‘A House of Dynamite’ Tops Weekly Streaming Through Oct. 26; Spanish Thriller 'City of Shadows' Comes to Netflix December 2026; Netflix Reportedly Producing ‘Crash Bandicoot’ Animated Series; Netflix Confirms ‘ONE PIECE: Into the Grand Line’ Release Date with First Look at Drum Island; 'One Piece' Season 2 gets premiere date on Netflix; 'One Piece' Season 2 gets premiere date on Netflix; Opinion | I Spoil Netflix’s Nuclear War Movie; Netflix’s “One Piece” Returning For Second Season In March; Netflix Explores Floyd Mayweather vs. Manny Pacquiao Rematch
2022-12-02,310.489990234375,320.4100036621094,321.989990234375,310.0,12690600.0,5 Movies to Watch Before They Leave Netflix; Netflix: Kathryn Bigelow’s ‘A House of Dynamite’ Tops Weekly Streaming Through Oct. 26; Spanish Thriller 'City of Shadows' Comes to Netflix December 2026; Netflix Reportedly Producing ‘Crash Bandicoot’ Animated Series; Netflix Confirms ‘ONE PIECE: Into the Grand Line’ Release Date with First Look at Drum Island; 'One Piece' Season 2 gets premiere date on Netflix; 'One Piece' Season 2 gets premiere date on Netflix; Opinion | I Spoil Netflix’s Nuclear War Movie; Netflix’s “One Piece” Returning For Second Season In March; Netflix Explores Floyd Mayweather vs. Manny Pacquiao Rematch
2022-12-05,316.4599914550781,312.5899963378906,322.7699890136719,310.9200134277344,8423000.0,5 Movies to Watch Before They Leave Netflix; Netflix: Kathryn Bigelow’s ‘A House of Dynamite’ Tops Weekly Streaming Through Oct. 26; Spanish Thriller 'City of Shadows' Comes to Netflix December 2026; Netflix Reportedly Producing ‘Crash Bandicoot’ Animated Series; Netflix Confirms ‘ONE PIECE: Into the Grand Line’ Release Date with First Look at Drum Island; 'One Piece' Season 2 gets premiere date on Netflix; 'One Piece' Season 2 gets premiere date on Netflix; Opinion | I Spoil Netflix’s Nuclear War Movie; Netflix’s “One Piece” Returning For Second Season In March; Netflix Explores Floyd Mayweather vs. Manny Pacquiao Rematch
2022-12-06,311.0,305.5599975585937,313.2200012207031,303.1300048828125,7195400.0,5 Movies to Watch Before They Leave Netflix; Netflix: Kathryn Bigelow’s ‘A House of Dynamite’ Tops Weekly Streaming Through Oct. 26; Spanish Thriller 'City of Shadows' Comes to Netflix December 2026; Netflix Reportedly Producing ‘Crash Bandicoot’ Animated Series; Netflix Confirms ‘ONE PIECE: Into the Grand Line’ Release Date with First Look at Drum Island; 'One Piece' Season 2 gets premiere date on Netflix; 'One Piece' Season 2 gets premiere date on Netflix; Opinion | I Spoil Netflix’s Nuclear War Movie; Netflix’s “One Piece” Returning For Second Season In March; Netflix Explores Floyd Mayweather vs. Manny Pacquiao Rematch
2022-12-07,306.5,308.4200134277344,309.6099853515625,302.1000061035156,7821600.0,5 Movies to Watch Before They Leave Netflix; Netflix: Kathryn Bigelow’s ‘A House of Dynamite’ Tops Weekly Streaming Through Oct. 26; Spanish Thriller 'City of Shadows' Comes to Netflix December 2026; Netflix Reportedly Producing ‘Crash Bandicoot’ Animated Series; Netflix Confirms ‘ONE PIECE: Into the Grand Line’ Release Date with First Look at Drum Island; 'One Piece' Season 2 gets premiere date on Netflix; 'One Piece' Season 2 gets premiere date on Netflix; Opinion | I Spoil Netflix’s Nuclear War Movie; Netflix’s “One Piece” Returning For Second Season In March; Netflix Explores Floyd Mayweather vs. Manny Pacquiao Rematch
2022-12-08,309.1099853515625,310.260009765625,312.3800048828125,304.8099975585937,7205300.0,5 Movies to Watch Before They Leave Netflix; Netflix: Kathryn Bigelow’s ‘A House of Dynamite’ Tops Weekly Streaming Through Oct. 26; Spanish Thriller 'City of Shadows' Comes to Netflix December 2026; Netflix Reportedly Producing ‘Crash Bandicoot’ Animated Series; Netflix Confirms ‘ONE PIECE: Into the Grand Line’ Release Date with First Look at Drum Island; 'One Piece' Season 2 gets premiere date on Netflix; 'One Piece' Season 2 gets premiere date on Netflix; Opinion | I Spoil Netflix’s Nuclear War Movie; Netflix’s “One Piece” Returning For Second Season In March; Netflix Explores Floyd Mayweather vs. Manny Pacquiao Rematch
2022-12-09,321.45001220703125,320.010009765625,329.0,319.5199890136719,14364000.0,5 Movies to Watch Before They Leave Netflix; Netflix: Kathryn Bigelow’s ‘A House of Dynamite’ Tops Weekly Streaming Through Oct. 26; Spanish Thriller 'City of Shadows' Comes to Netflix December 2026; Netflix Reportedly Producing ‘Crash Bandicoot’ Animated Series; Netflix Confirms ‘ONE PIECE: Into the Grand Line’ Release Date with First Look at Drum Island; 'One Piece' Season 2 gets premiere date on Netflix; 'One Piece' Season 2 gets premiere date on Netflix; Opinion | I Spoil Netflix’s Nuclear War Movie; Netflix’s “One Piece” Returning For Second Season In March; Netflix Explores Floyd Mayweather vs. Manny Pacquiao Rematch
2022-12-12,320.0,315.17999267578125,323.17999267578125,308.8500061035156,10148600.0,5 Movies to Watch Before They Leave Netflix; Netflix: Kathryn Bigelow’s ‘A House of Dynamite’ Tops Weekly Streaming Through Oct. 26; Spanish Thriller 'City of Shadows' Comes to Netflix December 2026; Netflix Reportedly Producing ‘Crash Bandicoot’ Animated Series; Netflix Confirms ‘ONE PIECE: Into the Grand Line’ Release Date with First Look at Drum Island; 'One Piece' Season 2 gets premiere date on Netflix; 'One Piece' Season 2 gets premiere date on Netflix; Opinion | I Spoil Netflix’s Nuclear War Movie; Netflix’s “One Piece” Returning For Second Season In March; Netflix Explores Floyd Mayweather vs. Manny Pacquiao Rematch
2022-12-13,328.0,320.3399963378906,332.7200012207031,317.20001220703125,10756400.0,Netflix asks Who Killed the Montreal Expos? in new doc; 5 Movies to Watch Before They Leave Netflix; Netflix: Kathryn Bigelow’s ‘A House of Dynamite’ Tops Weekly Streaming Through Oct. 26; Spanish Thriller 'City of Shadows' Comes to Netflix December 2026; Netflix Reportedly Producing ‘Crash Bandicoot’ Animated Series; Netflix Confirms ‘ONE PIECE: Into the Grand Line’ Release Date with First Look at Drum Island; 'One Piece' Season 2 gets premiere date on Netflix; 'One Piece' Season 2 gets premiere date on Netflix; Opinion | I Spoil Netflix’s Nuclear War Movie; Netflix’s “One Piece” Returning For Second Season In March
2022-12-14,318.9700012207031,317.8299865722656,324.7099914550781,314.4200134277344,7543300.0,Netflix asks Who Killed the Montreal Expos? in new doc; 5 Movies to Watch Before They Leave Netflix; Netflix: Kathryn Bigelow’s ‘A House of Dynamite’ Tops Weekly Streaming Through Oct. 26; Spanish Thriller 'City of Shadows' Comes to Netflix December 2026; Netflix Reportedly Producing ‘Crash Bandicoot’ Animated Series; Netflix Confirms ‘ONE PIECE: Into the Grand Line’ Release Date with First Look at Drum Island; 'One Piece' Season 2 gets premiere date on Netflix; 'One Piece' Season 2 gets premiere date on Netflix; Opinion | I Spoil Netflix’s Nuclear War Movie; Netflix’s “One Piece” Returning For Second Season In March
2022-12-15,302.1199951171875,290.4100036621094,303.3900146484375,286.54998779296875,17724600.0,5 Movies to Watch Before They Leave Netflix; Netflix: Kathryn Bigelow’s ‘A House of Dynamite’ Tops Weekly Streaming Through Oct. 26; Spanish Thriller 'City of Shadows' Comes to Netflix December 2026; Netflix Reportedly Producing ‘Crash Bandicoot’ Animated Series; Netflix Confirms ‘ONE PIECE: Into the Grand Line’ Release Date with First Look at Drum Island; 'One Piece' Season 2 gets premiere date on Netflix; 'One Piece' Season 2 gets premiere date on Netflix; Opinion | I Spoil Netflix’s Nuclear War Movie; Netflix’s “One Piece” Returning For Second Season In March; Netflix Explores Floyd Mayweather vs. Manny Pacquiao Rematch
2022-12-16,288.760009765625,290.7099914550781,294.7200012207031,288.70001220703125,14080000.0,5 Movies to Watch Before They Leave Netflix; Netflix: Kathryn Bigelow’s ‘A House of Dynamite’ Tops Weekly Streaming Through Oct. 26; Spanish Thriller 'City of Shadows' Comes to Netflix December 2026; Netflix Reportedly Producing ‘Crash Bandicoot’ Animated Series; Netflix Confirms ‘ONE PIECE: Into the Grand Line’ Release Date with First Look at Drum Island; 'One Piece' Season 2 gets premiere date on Netflix; 'One Piece' Season 2 gets premiere date on Netflix; Opinion | I Spoil Netflix’s Nuclear War Movie; Netflix’s “One Piece” Returning For Second Season In March; Netflix Explores Floyd Mayweather vs. Manny Pacquiao Rematch
2022-12-19,289.7300109863281,288.29998779296875,292.25,286.1300048828125,6163700.0,"Netflix’s ‘Nightmares of Nature’ filmed in Alapaha; Netflix asks Who Killed the Montreal Expos? in new doc; 5 Movies to Watch Before They Leave Netflix; Netflix: Kathryn Bigelow’s ‘A House of Dynamite’ Tops Weekly Streaming Through Oct. 26; Spanish Thriller 'City of Shadows' Comes to Netflix December 2026; Netflix Reportedly Producing ‘Crash Bandicoot’ Animated Series; DON’T NOD Admits Lost Records: Bloom & Rage Missed Expectations, Signs Deal With Netflix to Create New Game Based on “A Major IP”; Netflix Confirms ‘ONE PIECE: Into the Grand Line’ Release Date with First Look at Drum Island; 'One Piece' Season 2 gets premiere date on Netflix; 'One Piece' Season 2 gets premiere date on Netflix"
2022-12-20,281.239990234375,288.19000244140625,289.2799987792969,280.8099975585937,6918100.0,5 Movies to Watch Before They Leave Netflix; Netflix: Kathryn Bigelow’s ‘A House of Dynamite’ Tops Weekly Streaming Through Oct. 26; Spanish Thriller 'City of Shadows' Comes to Netflix December 2026; Netflix Reportedly Producing ‘Crash Bandicoot’ Animated Series; Netflix Confirms ‘ONE PIECE: Into the Grand Line’ Release Date with First Look at Drum Island; 'One Piece' Season 2 gets premiere date on Netflix; 'One Piece' Season 2 gets premiere date on Netflix; Opinion | I Spoil Netflix’s Nuclear War Movie; Netflix’s “One Piece” Returning For Second Season In March; Netflix Explores Floyd Mayweather vs. Manny Pacquiao Rematch
2022-12-21,289.989990234375,297.9599914550781,300.6600036621094,286.5,6376200.0,5 Movies to Watch Before They Leave Netflix; Netflix: Kathryn Bigelow’s ‘A House of Dynamite’ Tops Weekly Streaming Through Oct. 26; Spanish Thriller 'City of Shadows' Comes to Netflix December 2026; Netflix Reportedly Producing ‘Crash Bandicoot’ Animated Series; Netflix Confirms ‘ONE PIECE: Into the Grand Line’ Release Date with First Look at Drum Island; 'One Piece' Season 2 gets premiere date on Netflix; 'One Piece' Season 2 gets premiere date on Netflix; Opinion | I Spoil Netflix’s Nuclear War Movie; Netflix’s “One Piece” Returning For Second Season In March; Netflix Explores Floyd Mayweather vs. Manny Pacquiao Rematch
2022-12-22,298.0899963378906,297.75,298.8800048828125,290.8099975585937,7856200.0,5 Movies to Watch Before They Leave Netflix; Netflix: Kathryn Bigelow’s ‘A House of Dynamite’ Tops Weekly Streaming Through Oct. 26; Spanish Thriller 'City of Shadows' Comes to Netflix December 2026; Netflix Reportedly Producing ‘Crash Bandicoot’ Animated Series; Netflix Confirms ‘ONE PIECE: Into the Grand Line’ Release Date with First Look at Drum Island; 'One Piece' Season 2 gets premiere date on Netflix; 'One Piece' Season 2 gets premiere date on Netflix; Opinion | I Spoil Netflix’s Nuclear War Movie; Netflix’s “One Piece” Returning For Second Season In March; Netflix Explores Floyd Mayweather vs. Manny Pacquiao Rematch
2022-12-23,296.17999267578125,294.9599914550781,298.4599914550781,291.9100036621094,4251100.0,5 Movies to Watch Before They Leave Netflix; Netflix: Kathryn Bigelow’s ‘A House of Dynamite’ Tops Weekly Streaming Through Oct. 26; Spanish Thriller 'City of Shadows' Comes to Netflix December 2026; Netflix Reportedly Producing ‘Crash Bandicoot’ Animated Series; Netflix Confirms ‘ONE PIECE: Into the Grand Line’ Release Date with First Look at Drum Island; 'One Piece' Season 2 gets premiere date on Netflix; 'One Piece' Season 2 gets premiere date on Netflix; Opinion | I Spoil Netflix’s Nuclear War Movie; Netflix’s “One Piece” Returning For Second Season In March; Netflix Explores Floyd Mayweather vs. Manny Pacquiao Rematch
2022-12-27,293.19000244140625,284.1700134277344,293.57000732421875,282.1300048828125,5778100.0,5 Movies to Watch Before They Leave Netflix; Netflix: Kathryn Bigelow’s ‘A House of Dynamite’ Tops Weekly Streaming Through Oct. 26; Spanish Thriller 'City of Shadows' Comes to Netflix December 2026; Netflix Reportedly Producing ‘Crash Bandicoot’ Animated Series; Netflix Confirms ‘ONE PIECE: Into the Grand Line’ Release Date with First Look at Drum Island; 'One Piece' Season 2 gets premiere date on Netflix; 'One Piece' Season 2 gets premiere date on Netflix; Opinion | I Spoil Netflix’s Nuclear War Movie; Netflix’s “One Piece” Returning For Second Season In March; Netflix Explores Floyd Mayweather vs. Manny Pacquiao Rematch
2022-12-28,281.9200134277344,276.8800048828125,285.19000244140625,273.4100036621094,5964400.0,5 Movies to Watch Before They Leave Netflix; Netflix: Kathryn Bigelow’s ‘A House of Dynamite’ Tops Weekly Streaming Through Oct. 26; Spanish Thriller 'City of Shadows' Comes to Netflix December 2026; Netflix Reportedly Producing ‘Crash Bandicoot’ Animated Series; Netflix Confirms ‘ONE PIECE: Into the Grand Line’ Release Date with First Look at Drum Island; 'One Piece' Season 2 gets premiere date on Netflix; 'One Piece' Season 2 gets premiere date on Netflix; Opinion | I Spoil Netflix’s Nuclear War Movie; Netflix’s “One Piece” Returning For Second Season In March; Netflix Explores Floyd Mayweather vs. Manny Pacquiao Rematch
2022-12-29,283.17999267578125,291.1199951171875,295.5,281.010009765625,9588500.0,5 Movies to Watch Before They Leave Netflix; Netflix: Kathryn Bigelow’s ‘A House of Dynamite’ Tops Weekly Streaming Through Oct. 26; Spanish Thriller 'City of Shadows' Comes to Netflix December 2026; Netflix Reportedly Producing ‘Crash Bandicoot’ Animated Series; Netflix Confirms ‘ONE PIECE: Into the Grand Line’ Release Date with First Look at Drum Island; 'One Piece' Season 2 gets premiere date on Netflix; 'One Piece' Season 2 gets premiere date on Netflix; Opinion | I Spoil Netflix’s Nuclear War Movie; Netflix’s “One Piece” Returning For Second Season In March; Netflix Explores Floyd Mayweather vs. Manny Pacquiao Rematch
2022-12-30,285.5299987792969,294.8800048828125,295.010009765625,283.2200012207031,7566900.0,"New on Netflix in November 2025 — here are the 5 best new shows and movies to stream; Netflix reaches settlement with ex-India legal head in gender bias lawsuit; When One Piece Season 2 Arrives on Netflix: Release Date Revealed; #SHOWBIZ: 'BoBoiBoy' No.1 on Netflix Malaysia, Indonesia, Singapore, Vietnam; Netflix Starts Real-Time Voting For Live Shows - And Other Content 10/28/2025; Netflix CTO confirms vertical video experiments ahead, says 'not competing with TikTok'; Netflix’s ‘Boots’ Climbs Charts with Gritty Gay Marine Story; Netflix Negotiates Theatrical Release for Brad Pitt Sequel Film; Netflix Real-Time Voting Brings Interactions to Live Shows, Starting with 'Star Search' Revival; Idli Kadai Movie Now Streaming in Netflix"
2023-01-03,298.0599975585937,294.95001220703125,298.3900146484375,288.70001220703125,6764000.0,"New on Netflix in November 2025 — here are the 5 best new shows and movies to stream; Netflix reaches settlement with ex-India legal head in gender bias lawsuit; When One Piece Season 2 Arrives on Netflix: Release Date Revealed; #SHOWBIZ: 'BoBoiBoy' No.1 on Netflix Malaysia, Indonesia, Singapore, Vietnam; Netflix Starts Real-Time Voting For Live Shows - And Other Content 10/28/2025; Netflix CTO confirms vertical video experiments ahead, says 'not competing with TikTok'; Netflix’s ‘Boots’ Climbs Charts with Gritty Gay Marine Story; Netflix Negotiates Theatrical Release for Brad Pitt Sequel Film; Netflix Real-Time Voting Brings Interactions to Live Shows, Starting with 'Star Search' Revival; Idli Kadai Movie Now Streaming in Netflix"
2023-01-04,298.239990234375,309.4100036621094,311.1400146484375,295.510009765625,9345100.0,"New on Netflix in November 2025 — here are the 5 best new shows and movies to stream; Netflix reaches settlement with ex-India legal head in gender bias lawsuit; When One Piece Season 2 Arrives on Netflix: Release Date Revealed; #SHOWBIZ: 'BoBoiBoy' No.1 on Netflix Malaysia, Indonesia, Singapore, Vietnam; Netflix Starts Real-Time Voting For Live Shows - And Other Content 10/28/2025; Netflix CTO confirms vertical video experiments ahead, says 'not competing with TikTok'; Netflix’s ‘Boots’ Climbs Charts with Gritty Gay Marine Story; Netflix Negotiates Theatrical Release for Brad Pitt Sequel Film; Netflix Real-Time Voting Brings Interactions to Live Shows, Starting with 'Star Search' Revival; Idli Kadai Movie Now Streaming in Netflix"
2023-01-05,307.0,309.70001220703125,314.17999267578125,304.54998779296875,8328400.0,"New on Netflix in November 2025 — here are the 5 best new shows and movies to stream; Netflix reaches settlement with ex-India legal head in gender bias lawsuit; When One Piece Season 2 Arrives on Netflix: Release Date Revealed; #SHOWBIZ: 'BoBoiBoy' No.1 on Netflix Malaysia, Indonesia, Singapore, Vietnam; Netflix Starts Real-Time Voting For Live Shows - And Other Content 10/28/2025; Netflix CTO confirms vertical video experiments ahead, says 'not competing with TikTok'; Netflix’s ‘Boots’ Climbs Charts with Gritty Gay Marine Story; Netflix Negotiates Theatrical Release for Brad Pitt Sequel Film; Netflix Real-Time Voting Brings Interactions to Live Shows, Starting with 'Star Search' Revival; Idli Kadai Movie Now Streaming in Netflix"
2023-01-06,311.57000732421875,315.54998779296875,316.7699890136719,303.69000244140625,8959800.0,"New on Netflix in November 2025 — here are the 5 best new shows and movies to stream; Netflix reaches settlement with ex-India legal head in gender bias lawsuit; When One Piece Season 2 Arrives on Netflix: Release Date Revealed; #SHOWBIZ: 'BoBoiBoy' No.1 on Netflix Malaysia, Indonesia, Singapore, Vietnam; Netflix Starts Real-Time Voting For Live Shows - And Other Content 10/28/2025; Netflix CTO confirms vertical video experiments ahead, says 'not competing with TikTok'; Netflix’s ‘Boots’ Climbs Charts with Gritty Gay Marine Story; Netflix Negotiates Theatrical Release for Brad Pitt Sequel Film; Netflix Real-Time Voting Brings Interactions to Live Shows, Starting with 'Star Search' Revival; Idli Kadai Movie Now Streaming in Netflix"
2023-01-09,316.8299865722656,315.1700134277344,321.70001220703125,313.2200012207031,6766600.0,"New on Netflix in November 2025 — here are the 5 best new shows and movies to stream; Netflix reaches settlement with ex-India legal head in gender bias lawsuit; When One Piece Season 2 Arrives on Netflix: Release Date Revealed; #SHOWBIZ: 'BoBoiBoy' No.1 on Netflix Malaysia, Indonesia, Singapore, Vietnam; Netflix Starts Real-Time Voting For Live Shows - And Other Content 10/28/2025; Netflix CTO confirms vertical video experiments ahead, says 'not competing with TikTok'; Netflix’s ‘Boots’ Climbs Charts with Gritty Gay Marine Story; Netflix Negotiates Theatrical Release for Brad Pitt Sequel Film; Netflix Real-Time Voting Brings Interactions to Live Shows, Starting with 'Star Search' Revival; Idli Kadai Movie Now Streaming in Netflix"
2023-01-10,311.07000732421875,327.5400085449219,329.3500061035156,311.07000732421875,13072300.0,"New on Netflix in November 2025 — here are the 5 best new shows and movies to stream; Netflix reaches settlement with ex-India legal head in gender bias lawsuit; When One Piece Season 2 Arrives on Netflix: Release Date Revealed; #SHOWBIZ: 'BoBoiBoy' No.1 on Netflix Malaysia, Indonesia, Singapore, Vietnam; Netflix Starts Real-Time Voting For Live Shows - And Other Content 10/28/2025; Netflix CTO confirms vertical video experiments ahead, says 'not competing with TikTok'; Netflix’s ‘Boots’ Climbs Charts with Gritty Gay Marine Story; Netflix Negotiates Theatrical Release for Brad Pitt Sequel Film; Netflix Real-Time Voting Brings Interactions to Live Shows, Starting with 'Star Search' Revival; Idli Kadai Movie Now Streaming in Netflix"
2023-01-11,326.5,327.260009765625,328.8800048828125,321.3500061035156,9579700.0,"New on Netflix in November 2025 — here are the 5 best new shows and movies to stream; Netflix reaches settlement with ex-India legal head in gender bias lawsuit; When One Piece Season 2 Arrives on Netflix: Release Date Revealed; #SHOWBIZ: 'BoBoiBoy' No.1 on Netflix Malaysia, Indonesia, Singapore, Vietnam; Netflix Starts Real-Time Voting For Live Shows - And Other Content 10/28/2025; Netflix CTO confirms vertical video experiments ahead, says 'not competing with TikTok'; Netflix’s ‘Boots’ Climbs Charts with Gritty Gay Marine Story; Netflix Negotiates Theatrical Release for Brad Pitt Sequel Film; Netflix Real-Time Voting Brings Interactions to Live Shows, Starting with 'Star Search' Revival; Idli Kadai Movie Now Streaming in Netflix"
2023-01-12,332.5,330.1300048828125,332.95001220703125,323.1400146484375,10856200.0,"New on Netflix in November 2025 — here are the 5 best new shows and movies to stream; Netflix reaches settlement with ex-India legal head in gender bias lawsuit; When One Piece Season 2 Arrives on Netflix: Release Date Revealed; #SHOWBIZ: 'BoBoiBoy' No.1 on Netflix Malaysia, Indonesia, Singapore, Vietnam; Netflix Starts Real-Time Voting For Live Shows - And Other Content 10/28/2025; Netflix CTO confirms vertical video experiments ahead, says 'not competing with TikTok'; Netflix’s ‘Boots’ Climbs Charts with Gritty Gay Marine Story; Netflix Negotiates Theatrical Release for Brad Pitt Sequel Film; Netflix Real-Time Voting Brings Interactions to Live Shows, Starting with 'Star Search' Revival; Idli Kadai Movie Now Streaming in Netflix"
2023-01-13,329.9700012207031,332.82000732421875,336.6499938964844,328.8900146484375,8286800.0,"New on Netflix in November 2025 — here are the 5 best new shows and movies to stream; Netflix reaches settlement with ex-India legal head in gender bias lawsuit; When One Piece Season 2 Arrives on Netflix: Release Date Revealed; #SHOWBIZ: 'BoBoiBoy' No.1 on Netflix Malaysia, Indonesia, Singapore, Vietnam; Netflix Starts Real-Time Voting For Live Shows - And Other Content 10/28/2025; Netflix CTO confirms vertical video experiments ahead, says 'not competing with TikTok'; Netflix’s ‘Boots’ Climbs Charts with Gritty Gay Marine Story; Netflix Negotiates Theatrical Release for Brad Pitt Sequel Film; Netflix Real-Time Voting Brings Interactions to Live Shows, Starting with 'Star Search' Revival; Idli Kadai Movie Now Streaming in Netflix"
2023-01-17,331.0799865722656,326.2200012207031,332.5,323.6000061035156,9247000.0,"New on Netflix in November 2025 — here are the 5 best new shows and movies to stream; Netflix reaches settlement with ex-India legal head in gender bias lawsuit; When One Piece Season 2 Arrives on Netflix: Release Date Revealed; #SHOWBIZ: 'BoBoiBoy' No.1 on Netflix Malaysia, Indonesia, Singapore, Vietnam; Netflix Starts Real-Time Voting For Live Shows - And Other Content 10/28/2025; Netflix CTO confirms vertical video experiments ahead, says 'not competing with TikTok'; Netflix’s ‘Boots’ Climbs Charts with Gritty Gay Marine Story; Netflix Negotiates Theatrical Release for Brad Pitt Sequel Film; Netflix Real-Time Voting Brings Interactions to Live Shows, Starting with 'Star Search' Revival; Idli Kadai Movie Now Streaming in Netflix"
2023-01-18,326.75,326.3299865722656,330.0799865722656,321.25,7814100.0,"See Stranger Things Season 5 before anyone else on Netflix — here's how; New on Netflix in November 2025 — here are the 5 best new shows and movies to stream; Netflix reaches settlement with ex-India legal head in gender bias lawsuit; When One Piece Season 2 Arrives on Netflix: Release Date Revealed; #SHOWBIZ: 'BoBoiBoy' No.1 on Netflix Malaysia, Indonesia, Singapore, Vietnam; Netflix Starts Real-Time Voting For Live Shows - And Other Content 10/28/2025; Netflix CTO confirms vertical video experiments ahead, says 'not competing with TikTok'; Netflix’s ‘Boots’ Climbs Charts with Gritty Gay Marine Story; Netflix Negotiates Theatrical Release for Brad Pitt Sequel Film; Netflix Real-Time Voting Brings Interactions to Live Shows, Starting with 'Star Search' Revival"
2023-01-19,322.57000732421875,315.7799987792969,324.8900146484375,313.3900146484375,18008200.0,"See Stranger Things Season 5 before anyone else on Netflix — here's how; New on Netflix in November 2025 — here are the 5 best new shows and movies to stream; Netflix reaches settlement with ex-India legal head in gender bias lawsuit; When One Piece Season 2 Arrives on Netflix: Release Date Revealed; #SHOWBIZ: 'BoBoiBoy' No.1 on Netflix Malaysia, Indonesia, Singapore, Vietnam; Netflix Starts Real-Time Voting For Live Shows - And Other Content 10/28/2025; Netflix CTO confirms vertical video experiments ahead, says 'not competing with TikTok'; Netflix’s ‘Boots’ Climbs Charts with Gritty Gay Marine Story; Netflix Negotiates Theatrical Release for Brad Pitt Sequel Film; Netflix Real-Time Voting Brings Interactions to Live Shows, Starting with 'Star Search' Revival"
2023-01-20,336.7900085449219,342.5,344.0,332.6300048828125,28430300.0,"See Stranger Things Season 5 before anyone else on Netflix — here's how; New on Netflix in November 2025 — here are the 5 best new shows and movies to stream; Netflix reaches settlement with ex-India legal head in gender bias lawsuit; When One Piece Season 2 Arrives on Netflix: Release Date Revealed; #SHOWBIZ: 'BoBoiBoy' No.1 on Netflix Malaysia, Indonesia, Singapore, Vietnam; Netflix Starts Real-Time Voting For Live Shows - And Other Content 10/28/2025; Netflix CTO confirms vertical video experiments ahead, says 'not competing with TikTok'; Netflix’s ‘Boots’ Climbs Charts with Gritty Gay Marine Story; Netflix Negotiates Theatrical Release for Brad Pitt Sequel Film; Netflix Real-Time Voting Brings Interactions to Live Shows, Starting with 'Star Search' Revival"
2023-01-23,341.7200012207031,357.4200134277344,362.25,340.6300048828125,15646900.0,"See Stranger Things Season 5 before anyone else on Netflix — here's how; New on Netflix in November 2025 — here are the 5 best new shows and movies to stream; Netflix reaches settlement with ex-India legal head in gender bias lawsuit; When One Piece Season 2 Arrives on Netflix: Release Date Revealed; #SHOWBIZ: 'BoBoiBoy' No.1 on Netflix Malaysia, Indonesia, Singapore, Vietnam; Netflix Starts Real-Time Voting For Live Shows - And Other Content 10/28/2025; Netflix CTO confirms vertical video experiments ahead, says 'not competing with TikTok'; Netflix’s ‘Boots’ Climbs Charts with Gritty Gay Marine Story; Netflix Negotiates Theatrical Release for Brad Pitt Sequel Film; Netflix Real-Time Voting Brings Interactions to Live Shows, Starting with 'Star Search' Revival"
2023-01-24,357.5299987792969,363.8299865722656,365.6499938964844,355.1400146484375,11796500.0,"New on Netflix in November 2025 — here are the 5 best new shows and movies to stream; Netflix reaches settlement with ex-India legal head in gender bias lawsuit; When One Piece Season 2 Arrives on Netflix: Release Date Revealed; #SHOWBIZ: 'BoBoiBoy' No.1 on Netflix Malaysia, Indonesia, Singapore, Vietnam; Netflix Starts Real-Time Voting For Live Shows - And Other Content 10/28/2025; Netflix CTO confirms vertical video experiments ahead, says 'not competing with TikTok'; Netflix’s ‘Boots’ Climbs Charts with Gritty Gay Marine Story; Netflix Negotiates Theatrical Release for Brad Pitt Sequel Film; Netflix Real-Time Voting Brings Interactions to Live Shows, Starting with 'Star Search' Revival; Idli Kadai Movie Now Streaming in Netflix"
2023-01-25,360.5700073242188,367.9599914550781,368.8999938964844,358.5,7766900.0,"New on Netflix in November 2025 — here are the 5 best new shows and movies to stream; Netflix reaches settlement with ex-India legal head in gender bias lawsuit; When One Piece Season 2 Arrives on Netflix: Release Date Revealed; #SHOWBIZ: 'BoBoiBoy' No.1 on Netflix Malaysia, Indonesia, Singapore, Vietnam; Netflix Starts Real-Time Voting For Live Shows - And Other Content 10/28/2025; Netflix CTO confirms vertical video experiments ahead, says 'not competing with TikTok'; Netflix’s ‘Boots’ Climbs Charts with Gritty Gay Marine Story; Netflix Negotiates Theatrical Release for Brad Pitt Sequel Film; Netflix Real-Time Voting Brings Interactions to Live Shows, Starting with 'Star Search' Revival; Idli Kadai Movie Now Streaming in Netflix"
2023-01-26,368.7699890136719,364.8699951171875,369.0199890136719,361.7000122070313,8256800.0,"New on Netflix in November 2025 — here are the 5 best new shows and movies to stream; Netflix reaches settlement with ex-India legal head in gender bias lawsuit; When One Piece Season 2 Arrives on Netflix: Release Date Revealed; #SHOWBIZ: 'BoBoiBoy' No.1 on Netflix Malaysia, Indonesia, Singapore, Vietnam; Netflix Starts Real-Time Voting For Live Shows - And Other Content 10/28/2025; Netflix CTO confirms vertical video experiments ahead, says 'not competing with TikTok'; Netflix’s ‘Boots’ Climbs Charts with Gritty Gay Marine Story; Netflix Negotiates Theatrical Release for Brad Pitt Sequel Film; Netflix Real-Time Voting Brings Interactions to Live Shows, Starting with 'Star Search' Revival; Idli Kadai Movie Now Streaming in Netflix"
2023-01-27,363.2000122070313,360.7699890136719,365.9200134277344,360.5899963378906,6703500.0,"See Stranger Things Season 5 before anyone else on Netflix — here's how; New on Netflix in November 2025 — here are the 5 best new shows and movies to stream; Netflix reaches settlement with ex-India legal head in gender bias lawsuit; When One Piece Season 2 Arrives on Netflix: Release Date Revealed; #SHOWBIZ: 'BoBoiBoy' No.1 on Netflix Malaysia, Indonesia, Singapore, Vietnam; Netflix Starts Real-Time Voting For Live Shows - And Other Content 10/28/2025; Netflix CTO confirms vertical video experiments ahead, says 'not competing with TikTok'; Netflix’s ‘Boots’ Climbs Charts with Gritty Gay Marine Story; Netflix Negotiates Theatrical Release for Brad Pitt Sequel Film; Netflix Real-Time Voting Brings Interactions to Live Shows, Starting with 'Star Search' Revival"
2023-01-30,358.44000244140625,353.1099853515625,360.9500122070313,352.8599853515625,5127600.0,"New on Netflix in November 2025 — here are the 5 best new shows and movies to stream; Netflix reaches settlement with ex-India legal head in gender bias lawsuit; When One Piece Season 2 Arrives on Netflix: Release Date Revealed; #SHOWBIZ: 'BoBoiBoy' No.1 on Netflix Malaysia, Indonesia, Singapore, Vietnam; Netflix Starts Real-Time Voting For Live Shows - And Other Content 10/28/2025; Netflix CTO confirms vertical video experiments ahead, says 'not competing with TikTok'; Netflix’s ‘Boots’ Climbs Charts with Gritty Gay Marine Story; Netflix Negotiates Theatrical Release for Brad Pitt Sequel Film; Netflix Real-Time Voting Brings Interactions to Live Shows, Starting with 'Star Search' Revival; Idli Kadai Movie Now Streaming in Netflix"
2023-01-31,349.9800109863281,353.8599853515625,355.95001220703125,348.7099914550781,5660700.0,"New on Netflix in November 2025 — here are the 5 best new shows and movies to stream; Netflix reaches settlement with ex-India legal head in gender bias lawsuit; When One Piece Season 2 Arrives on Netflix: Release Date Revealed; #SHOWBIZ: 'BoBoiBoy' No.1 on Netflix Malaysia, Indonesia, Singapore, Vietnam; Netflix Starts Real-Time Voting For Live Shows - And Other Content 10/28/2025; Netflix CTO confirms vertical video experiments ahead, says 'not competing with TikTok'; Netflix’s ‘Boots’ Climbs Charts with Gritty Gay Marine Story; Netflix Negotiates Theatrical Release for Brad Pitt Sequel Film; Netflix Real-Time Voting Brings Interactions to Live Shows, Starting with 'Star Search' Revival; Idli Kadai Movie Now Streaming in Netflix"
2023-02-01,353.8599853515625,361.989990234375,365.3900146484375,349.9100036621094,8005200.0,"See Stranger Things Season 5 before anyone else on Netflix — here's how; New on Netflix in November 2025 — here are the 5 best new shows and movies to stream; Netflix reaches settlement with ex-India legal head in gender bias lawsuit; When One Piece Season 2 Arrives on Netflix: Release Date Revealed; #SHOWBIZ: 'BoBoiBoy' No.1 on Netflix Malaysia, Indonesia, Singapore, Vietnam; Netflix Starts Real-Time Voting For Live Shows - And Other Content 10/28/2025; Netflix CTO confirms vertical video experiments ahead, says 'not competing with TikTok'; Netflix’s ‘Boots’ Climbs Charts with Gritty Gay Marine Story; Netflix Negotiates Theatrical Release for Brad Pitt Sequel Film; Netflix Real-Time Voting Brings Interactions to Live Shows, Starting with 'Star Search' Revival"
2023-02-02,365.1600036621094,366.8900146484375,368.3200073242188,358.42999267578125,7857000.0,"‘Intense’ Danish thriller shoots up Netflix top 10; Netflix’s Costly Fantasy Series Returns with Major Change in Just 3 Days; See Stranger Things Season 5 before anyone else on Netflix — here's how; New on Netflix in November 2025 — here are the 5 best new shows and movies to stream; Netflix reaches settlement with ex-India legal head in gender bias lawsuit; When One Piece Season 2 Arrives on Netflix: Release Date Revealed; #SHOWBIZ: 'BoBoiBoy' No.1 on Netflix Malaysia, Indonesia, Singapore, Vietnam; Netflix Starts Real-Time Voting For Live Shows - And Other Content 10/28/2025; Netflix CTO confirms vertical video experiments ahead, says 'not competing with TikTok'; Netflix’s ‘Boots’ Climbs Charts with Gritty Gay Marine Story"
2023-02-03,359.0799865722656,365.8999938964844,379.4299926757813,359.0,9402000.0,"‘Intense’ Danish thriller shoots up Netflix top 10; Netflix’s Costly Fantasy Series Returns with Major Change in Just 3 Days; See Stranger Things Season 5 before anyone else on Netflix — here's how; New on Netflix in November 2025 — here are the 5 best new shows and movies to stream; Netflix reaches settlement with ex-India legal head in gender bias lawsuit; When One Piece Season 2 Arrives on Netflix: Release Date Revealed; #SHOWBIZ: 'BoBoiBoy' No.1 on Netflix Malaysia, Indonesia, Singapore, Vietnam; Netflix Starts Real-Time Voting For Live Shows - And Other Content 10/28/2025; Netflix CTO confirms vertical video experiments ahead, says 'not competing with TikTok'; Netflix’s ‘Boots’ Climbs Charts with Gritty Gay Marine Story"
2023-02-06,363.6400146484375,361.4800109863281,368.4500122070313,360.6799926757813,4994900.0,"‘Intense’ Danish thriller shoots up Netflix top 10; Netflix’s Costly Fantasy Series Returns with Major Change in Just 3 Days; See Stranger Things Season 5 before anyone else on Netflix — here's how; New on Netflix in November 2025 — here are the 5 best new shows and movies to stream; Netflix reaches settlement with ex-India legal head in gender bias lawsuit; When One Piece Season 2 Arrives on Netflix: Release Date Revealed; #SHOWBIZ: 'BoBoiBoy' No.1 on Netflix Malaysia, Indonesia, Singapore, Vietnam; Netflix Starts Real-Time Voting For Live Shows - And Other Content 10/28/2025; Netflix CTO confirms vertical video experiments ahead, says 'not competing with TikTok'; Netflix’s ‘Boots’ Climbs Charts with Gritty Gay Marine Story"
2023-02-07,358.510009765625,362.9500122070313,364.1799926757813,354.17999267578125,6289400.0,"‘Intense’ Danish thriller shoots up Netflix top 10; Netflix’s Costly Fantasy Series Returns with Major Change in Just 3 Days; See Stranger Things Season 5 before anyone else on Netflix — here's how; New on Netflix in November 2025 — here are the 5 best new shows and movies to stream; Netflix reaches settlement with ex-India legal head in gender bias lawsuit; When One Piece Season 2 Arrives on Netflix: Release Date Revealed; #SHOWBIZ: 'BoBoiBoy' No.1 on Netflix Malaysia, Indonesia, Singapore, Vietnam; Netflix Starts Real-Time Voting For Live Shows - And Other Content 10/28/2025; Netflix CTO confirms vertical video experiments ahead, says 'not competing with TikTok'; Netflix’s ‘Boots’ Climbs Charts with Gritty Gay Marine Story"
2023-02-08,360.0199890136719,366.8299865722656,368.1900024414063,358.3099975585937,6253200.0,"‘Intense’ Danish thriller shoots up Netflix top 10; Netflix’s Costly Fantasy Series Returns with Major Change in Just 3 Days; See Stranger Things Season 5 before anyone else on Netflix — here's how; New on Netflix in November 2025 — here are the 5 best new shows and movies to stream; Netflix reaches settlement with ex-India legal head in gender bias lawsuit; When One Piece Season 2 Arrives on Netflix: Release Date Revealed; #SHOWBIZ: 'BoBoiBoy' No.1 on Netflix Malaysia, Indonesia, Singapore, Vietnam; Netflix Starts Real-Time Voting For Live Shows - And Other Content 10/28/2025; Netflix CTO confirms vertical video experiments ahead, says 'not competing with TikTok'; Netflix’s ‘Boots’ Climbs Charts with Gritty Gay Marine Story"
2023-02-09,372.4100036621094,362.5,373.8299865722656,361.739990234375,6901100.0,"‘Intense’ Danish thriller shoots up Netflix top 10; Netflix’s Costly Fantasy Series Returns with Major Change in Just 3 Days; See Stranger Things Season 5 before anyone else on Netflix — here's how; New on Netflix in November 2025 — here are the 5 best new shows and movies to stream; Netflix reaches settlement with ex-India legal head in gender bias lawsuit; When One Piece Season 2 Arrives on Netflix: Release Date Revealed; #SHOWBIZ: 'BoBoiBoy' No.1 on Netflix Malaysia, Indonesia, Singapore, Vietnam; Netflix Starts Real-Time Voting For Live Shows - And Other Content 10/28/2025; Netflix CTO confirms vertical video experiments ahead, says 'not competing with TikTok'; Netflix’s ‘Boots’ Climbs Charts with Gritty Gay Marine Story"
2023-02-10,359.1600036621094,347.3599853515625,362.1400146484375,347.1400146484375,7291100.0,"‘Intense’ Danish thriller shoots up Netflix top 10; Netflix’s Costly Fantasy Series Returns with Major Change in Just 3 Days; See Stranger Things Season 5 before anyone else on Netflix — here's how; New on Netflix in November 2025 — here are the 5 best new shows and movies to stream; Netflix reaches settlement with ex-India legal head in gender bias lawsuit; When One Piece Season 2 Arrives on Netflix: Release Date Revealed; #SHOWBIZ: 'BoBoiBoy' No.1 on Netflix Malaysia, Indonesia, Singapore, Vietnam; Netflix Starts Real-Time Voting For Live Shows - And Other Content 10/28/2025; Netflix CTO confirms vertical video experiments ahead, says 'not competing with TikTok'; Netflix’s ‘Boots’ Climbs Charts with Gritty Gay Marine Story"
2023-02-13,349.5,358.57000732421875,359.70001220703125,344.25,7134400.0,"‘Intense’ Danish thriller shoots up Netflix top 10; Netflix’s Costly Fantasy Series Returns with Major Change in Just 3 Days; See Stranger Things Season 5 before anyone else on Netflix — here's how; New on Netflix in November 2025 — here are the 5 best new shows and movies to stream; Netflix reaches settlement with ex-India legal head in gender bias lawsuit; When One Piece Season 2 Arrives on Netflix: Release Date Revealed; #SHOWBIZ: 'BoBoiBoy' No.1 on Netflix Malaysia, Indonesia, Singapore, Vietnam; Netflix Starts Real-Time Voting For Live Shows - And Other Content 10/28/2025; Netflix CTO confirms vertical video experiments ahead, says 'not competing with TikTok'; Netflix’s ‘Boots’ Climbs Charts with Gritty Gay Marine Story"
2023-02-14,357.54998779296875,359.9599914550781,363.75,353.3999938964844,4624800.0,"‘Intense’ Danish thriller shoots up Netflix top 10; Netflix’s Costly Fantasy Series Returns with Major Change in Just 3 Days; See Stranger Things Season 5 before anyone else on Netflix — here's how; New on Netflix in November 2025 — here are the 5 best new shows and movies to stream; Netflix reaches settlement with ex-India legal head in gender bias lawsuit; When One Piece Season 2 Arrives on Netflix: Release Date Revealed; #SHOWBIZ: 'BoBoiBoy' No.1 on Netflix Malaysia, Indonesia, Singapore, Vietnam; Netflix Starts Real-Time Voting For Live Shows - And Other Content 10/28/2025; Netflix CTO confirms vertical video experiments ahead, says 'not competing with TikTok'; Netflix’s ‘Boots’ Climbs Charts with Gritty Gay Marine Story"
2023-02-15,356.6300048828125,361.4200134277344,362.8800048828125,354.239990234375,3966000.0,"‘Intense’ Danish thriller shoots up Netflix top 10; Netflix’s Costly Fantasy Series Returns with Major Change in Just 3 Days; See Stranger Things Season 5 before anyone else on Netflix — here's how; New on Netflix in November 2025 — here are the 5 best new shows and movies to stream; Netflix reaches settlement with ex-India legal head in gender bias lawsuit; When One Piece Season 2 Arrives on Netflix: Release Date Revealed; #SHOWBIZ: 'BoBoiBoy' No.1 on Netflix Malaysia, Indonesia, Singapore, Vietnam; Netflix Starts Real-Time Voting For Live Shows - And Other Content 10/28/2025; Netflix CTO confirms vertical video experiments ahead, says 'not competing with TikTok'; Netflix’s ‘Boots’ Climbs Charts with Gritty Gay Marine Story"
2023-02-16,355.0,350.7099914550781,361.5,350.3099975585937,5215700.0,"‘Intense’ Danish thriller shoots up Netflix top 10; Netflix’s Costly Fantasy Series Returns with Major Change in Just 3 Days; See Stranger Things Season 5 before anyone else on Netflix — here's how; New on Netflix in November 2025 — here are the 5 best new shows and movies to stream; Netflix reaches settlement with ex-India legal head in gender bias lawsuit; When One Piece Season 2 Arrives on Netflix: Release Date Revealed; #SHOWBIZ: 'BoBoiBoy' No.1 on Netflix Malaysia, Indonesia, Singapore, Vietnam; Netflix Starts Real-Time Voting For Live Shows - And Other Content 10/28/2025; Netflix CTO confirms vertical video experiments ahead, says 'not competing with TikTok'; Netflix’s ‘Boots’ Climbs Charts with Gritty Gay Marine Story"
2023-02-17,347.9100036621094,347.9599914550781,349.0,342.44000244140625,5294700.0,"‘Intense’ Danish thriller shoots up Netflix top 10; Netflix’s Costly Fantasy Series Returns with Major Change in Just 3 Days; See Stranger Things Season 5 before anyone else on Netflix — here's how; New on Netflix in November 2025 — here are the 5 best new shows and movies to stream; Netflix reaches settlement with ex-India legal head in gender bias lawsuit; When One Piece Season 2 Arrives on Netflix: Release Date Revealed; #SHOWBIZ: 'BoBoiBoy' No.1 on Netflix Malaysia, Indonesia, Singapore, Vietnam; Netflix Starts Real-Time Voting For Live Shows - And Other Content 10/28/2025; Netflix CTO confirms vertical video experiments ahead, says 'not competing with TikTok'; Netflix’s ‘Boots’ Climbs Charts with Gritty Gay Marine Story"
2023-02-21,342.8500061035156,337.5,344.1300048828125,336.4200134277344,5710300.0,"‘Intense’ Danish thriller shoots up Netflix top 10; Netflix’s Costly Fantasy Series Returns with Major Change in Just 3 Days; See Stranger Things Season 5 before anyone else on Netflix — here's how; New on Netflix in November 2025 — here are the 5 best new shows and movies to stream; Netflix reaches settlement with ex-India legal head in gender bias lawsuit; When One Piece Season 2 Arrives on Netflix: Release Date Revealed; #SHOWBIZ: 'BoBoiBoy' No.1 on Netflix Malaysia, Indonesia, Singapore, Vietnam; Netflix Starts Real-Time Voting For Live Shows - And Other Content 10/28/2025; Netflix CTO confirms vertical video experiments ahead, says 'not competing with TikTok'; Netflix’s ‘Boots’ Climbs Charts with Gritty Gay Marine Story"
2023-02-22,337.5,334.8800048828125,341.9100036621094,332.82000732421875,4546200.0,"‘Intense’ Danish thriller shoots up Netflix top 10; Netflix’s Costly Fantasy Series Returns with Major Change in Just 3 Days; See Stranger Things Season 5 before anyone else on Netflix — here's how; New on Netflix in November 2025 — here are the 5 best new shows and movies to stream; Netflix reaches settlement with ex-India legal head in gender bias lawsuit; When One Piece Season 2 Arrives on Netflix: Release Date Revealed; #SHOWBIZ: 'BoBoiBoy' No.1 on Netflix Malaysia, Indonesia, Singapore, Vietnam; Netflix Starts Real-Time Voting For Live Shows - And Other Content 10/28/2025; Netflix CTO confirms vertical video experiments ahead, says 'not competing with TikTok'; Netflix’s ‘Boots’ Climbs Charts with Gritty Gay Marine Story"
2023-02-23,331.2300109863281,323.6499938964844,331.2799987792969,314.29998779296875,13238700.0,"‘Intense’ Danish thriller shoots up Netflix top 10; Netflix’s Costly Fantasy Series Returns with Major Change in Just 3 Days; See Stranger Things Season 5 before anyone else on Netflix — here's how; New on Netflix in November 2025 — here are the 5 best new shows and movies to stream; Netflix reaches settlement with ex-India legal head in gender bias lawsuit; When One Piece Season 2 Arrives on Netflix: Release Date Revealed; #SHOWBIZ: 'BoBoiBoy' No.1 on Netflix Malaysia, Indonesia, Singapore, Vietnam; Netflix Starts Real-Time Voting For Live Shows - And Other Content 10/28/2025; Netflix CTO confirms vertical video experiments ahead, says 'not competing with TikTok'; Netflix’s ‘Boots’ Climbs Charts with Gritty Gay Marine Story"
2023-02-24,319.29998779296875,317.1499938964844,321.5,314.5199890136719,6830700.0,"‘Intense’ Danish thriller shoots up Netflix top 10; Netflix’s Costly Fantasy Series Returns with Major Change in Just 3 Days; See Stranger Things Season 5 before anyone else on Netflix — here's how; New on Netflix in November 2025 — here are the 5 best new shows and movies to stream; Netflix reaches settlement with ex-India legal head in gender bias lawsuit; When One Piece Season 2 Arrives on Netflix: Release Date Revealed; #SHOWBIZ: 'BoBoiBoy' No.1 on Netflix Malaysia, Indonesia, Singapore, Vietnam; Netflix Starts Real-Time Voting For Live Shows - And Other Content 10/28/2025; Netflix CTO confirms vertical video experiments ahead, says 'not competing with TikTok'; Netflix’s ‘Boots’ Climbs Charts with Gritty Gay Marine Story"
2023-02-27,323.8699951171875,323.0299987792969,330.0,322.1199951171875,6142600.0,"‘Intense’ Danish thriller shoots up Netflix top 10; Netflix’s Costly Fantasy Series Returns with Major Change in Just 3 Days; See Stranger Things Season 5 before anyone else on Netflix — here's how; New on Netflix in November 2025 — here are the 5 best new shows and movies to stream; Netflix reaches settlement with ex-India legal head in gender bias lawsuit; When One Piece Season 2 Arrives on Netflix: Release Date Revealed; #SHOWBIZ: 'BoBoiBoy' No.1 on Netflix Malaysia, Indonesia, Singapore, Vietnam; Netflix Starts Real-Time Voting For Live Shows - And Other Content 10/28/2025; Netflix CTO confirms vertical video experiments ahead, says 'not competing with TikTok'; Netflix’s ‘Boots’ Climbs Charts with Gritty Gay Marine Story"
2023-02-28,323.70001220703125,322.1300048828125,327.6199951171875,321.1700134277344,3676100.0,"‘Intense’ Danish thriller shoots up Netflix top 10; Netflix’s Costly Fantasy Series Returns with Major Change in Just 3 Days; See Stranger Things Season 5 before anyone else on Netflix — here's how; New on Netflix in November 2025 — here are the 5 best new shows and movies to stream; Netflix reaches settlement with ex-India legal head in gender bias lawsuit; When One Piece Season 2 Arrives on Netflix: Release Date Revealed; #SHOWBIZ: 'BoBoiBoy' No.1 on Netflix Malaysia, Indonesia, Singapore, Vietnam; Netflix Starts Real-Time Voting For Live Shows - And Other Content 10/28/2025; Netflix CTO confirms vertical video experiments ahead, says 'not competing with TikTok'; Netflix’s ‘Boots’ Climbs Charts with Gritty Gay Marine Story"
2023-03-01,321.54998779296875,313.4800109863281,326.6000061035156,312.3599853515625,4911300.0,"‘Intense’ Danish thriller shoots up Netflix top 10; Netflix’s Costly Fantasy Series Returns with Major Change in Just 3 Days; See Stranger Things Season 5 before anyone else on Netflix — here's how; New on Netflix in November 2025 — here are the 5 best new shows and movies to stream; Netflix reaches settlement with ex-India legal head in gender bias lawsuit; When One Piece Season 2 Arrives on Netflix: Release Date Revealed; #SHOWBIZ: 'BoBoiBoy' No.1 on Netflix Malaysia, Indonesia, Singapore, Vietnam; Netflix Starts Real-Time Voting For Live Shows - And Other Content 10/28/2025; Netflix CTO confirms vertical video experiments ahead, says 'not competing with TikTok'; Netflix’s ‘Boots’ Climbs Charts with Gritty Gay Marine Story"
2023-03-02,310.9599914550781,311.8800048828125,315.57000732421875,310.3800048828125,4911000.0,"‘Intense’ Danish thriller shoots up Netflix top 10; Netflix’s Costly Fantasy Series Returns with Major Change in Just 3 Days; See Stranger Things Season 5 before anyone else on Netflix — here's how; New on Netflix in November 2025 — here are the 5 best new shows and movies to stream; Netflix reaches settlement with ex-India legal head in gender bias lawsuit; When One Piece Season 2 Arrives on Netflix: Release Date Revealed; #SHOWBIZ: 'BoBoiBoy' No.1 on Netflix Malaysia, Indonesia, Singapore, Vietnam; Netflix Starts Real-Time Voting For Live Shows - And Other Content 10/28/2025; Netflix CTO confirms vertical video experiments ahead, says 'not competing with TikTok'; Netflix’s ‘Boots’ Climbs Charts with Gritty Gay Marine Story"
2023-03-03,315.45001220703125,315.17999267578125,317.489990234375,310.82000732421875,5953300.0,"‘Intense’ Danish thriller shoots up Netflix top 10; Netflix’s Costly Fantasy Series Returns with Major Change in Just 3 Days; See Stranger Things Season 5 before anyone else on Netflix — here's how; New on Netflix in November 2025 — here are the 5 best new shows and movies to stream; Netflix reaches settlement with ex-India legal head in gender bias lawsuit; When One Piece Season 2 Arrives on Netflix: Release Date Revealed; #SHOWBIZ: 'BoBoiBoy' No.1 on Netflix Malaysia, Indonesia, Singapore, Vietnam; Netflix Starts Real-Time Voting For Live Shows - And Other Content 10/28/2025; Netflix CTO confirms vertical video experiments ahead, says 'not competing with TikTok'; Netflix’s ‘Boots’ Climbs Charts with Gritty Gay Marine Story"
2023-03-06,317.0,312.0299987792969,323.29998779296875,311.8399963378906,5660700.0,"‘Intense’ Danish thriller shoots up Netflix top 10; Netflix’s Costly Fantasy Series Returns with Major Change in Just 3 Days; See Stranger Things Season 5 before anyone else on Netflix — here's how; New on Netflix in November 2025 — here are the 5 best new shows and movies to stream; Netflix reaches settlement with ex-India legal head in gender bias lawsuit; When One Piece Season 2 Arrives on Netflix: Release Date Revealed; #SHOWBIZ: 'BoBoiBoy' No.1 on Netflix Malaysia, Indonesia, Singapore, Vietnam; Netflix Starts Real-Time Voting For Live Shows - And Other Content 10/28/2025; Netflix CTO confirms vertical video experiments ahead, says 'not competing with TikTok'; Netflix’s ‘Boots’ Climbs Charts with Gritty Gay Marine Story"
2023-03-07,312.67999267578125,308.4700012207031,314.29998779296875,306.6199951171875,4553100.0,"‘Intense’ Danish thriller shoots up Netflix top 10; Netflix’s Costly Fantasy Series Returns with Major Change in Just 3 Days; See Stranger Things Season 5 before anyone else on Netflix — here's how; New on Netflix in November 2025 — here are the 5 best new shows and movies to stream; Netflix reaches settlement with ex-India legal head in gender bias lawsuit; When One Piece Season 2 Arrives on Netflix: Release Date Revealed; #SHOWBIZ: 'BoBoiBoy' No.1 on Netflix Malaysia, Indonesia, Singapore, Vietnam; Netflix Starts Real-Time Voting For Live Shows - And Other Content 10/28/2025; Netflix CTO confirms vertical video experiments ahead, says 'not competing with TikTok'; Netflix’s ‘Boots’ Climbs Charts with Gritty Gay Marine Story"
2023-03-08,309.2900085449219,311.7900085449219,311.8299865722656,305.75,3479500.0,"‘Intense’ Danish thriller shoots up Netflix top 10; Netflix’s Costly Fantasy Series Returns with Major Change in Just 3 Days; See Stranger Things Season 5 before anyone else on Netflix — here's how; New on Netflix in November 2025 — here are the 5 best new shows and movies to stream; Netflix reaches settlement with ex-India legal head in gender bias lawsuit; When One Piece Season 2 Arrives on Netflix: Release Date Revealed; #SHOWBIZ: 'BoBoiBoy' No.1 on Netflix Malaysia, Indonesia, Singapore, Vietnam; Netflix Starts Real-Time Voting For Live Shows - And Other Content 10/28/2025; Netflix CTO confirms vertical video experiments ahead, says 'not competing with TikTok'; Netflix’s ‘Boots’ Climbs Charts with Gritty Gay Marine Story"
2023-03-09,312.0799865722656,297.7799987792969,312.510009765625,294.8800048828125,7443400.0,"‘Intense’ Danish thriller shoots up Netflix top 10; Netflix’s Costly Fantasy Series Returns with Major Change in Just 3 Days; See Stranger Things Season 5 before anyone else on Netflix — here's how; New on Netflix in November 2025 — here are the 5 best new shows and movies to stream; Netflix reaches settlement with ex-India legal head in gender bias lawsuit; When One Piece Season 2 Arrives on Netflix: Release Date Revealed; #SHOWBIZ: 'BoBoiBoy' No.1 on Netflix Malaysia, Indonesia, Singapore, Vietnam; Netflix Starts Real-Time Voting For Live Shows - And Other Content 10/28/2025; Netflix CTO confirms vertical video experiments ahead, says 'not competing with TikTok'; Netflix’s ‘Boots’ Climbs Charts with Gritty Gay Marine Story"
2023-03-10,297.8999938964844,292.760009765625,298.7900085449219,289.0,5759300.0,"‘Intense’ Danish thriller shoots up Netflix top 10; Netflix’s Costly Fantasy Series Returns with Major Change in Just 3 Days; See Stranger Things Season 5 before anyone else on Netflix — here's how; New on Netflix in November 2025 — here are the 5 best new shows and movies to stream; Netflix reaches settlement with ex-India legal head in gender bias lawsuit; When One Piece Season 2 Arrives on Netflix: Release Date Revealed; #SHOWBIZ: 'BoBoiBoy' No.1 on Netflix Malaysia, Indonesia, Singapore, Vietnam; Netflix Starts Real-Time Voting For Live Shows - And Other Content 10/28/2025; Netflix CTO confirms vertical video experiments ahead, says 'not competing with TikTok'; Netflix’s ‘Boots’ Climbs Charts with Gritty Gay Marine Story"
2023-03-13,287.3399963378906,293.510009765625,299.239990234375,285.3299865722656,6292400.0,"‘Intense’ Danish thriller shoots up Netflix top 10; Netflix’s Costly Fantasy Series Returns with Major Change in Just 3 Days; See Stranger Things Season 5 before anyone else on Netflix — here's how; New on Netflix in November 2025 — here are the 5 best new shows and movies to stream; Netflix reaches settlement with ex-India legal head in gender bias lawsuit; When One Piece Season 2 Arrives on Netflix: Release Date Revealed; #SHOWBIZ: 'BoBoiBoy' No.1 on Netflix Malaysia, Indonesia, Singapore, Vietnam; Netflix Starts Real-Time Voting For Live Shows - And Other Content 10/28/2025; Netflix CTO confirms vertical video experiments ahead, says 'not competing with TikTok'; Netflix’s ‘Boots’ Climbs Charts with Gritty Gay Marine Story"
2023-03-14,295.9700012207031,294.94000244140625,297.45001220703125,290.3099975585937,5956700.0,"‘Intense’ Danish thriller shoots up Netflix top 10; Netflix’s Costly Fantasy Series Returns with Major Change in Just 3 Days; See Stranger Things Season 5 before anyone else on Netflix — here's how; New on Netflix in November 2025 — here are the 5 best new shows and movies to stream; Netflix reaches settlement with ex-India legal head in gender bias lawsuit; When One Piece Season 2 Arrives on Netflix: Release Date Revealed; #SHOWBIZ: 'BoBoiBoy' No.1 on Netflix Malaysia, Indonesia, Singapore, Vietnam; Netflix Starts Real-Time Voting For Live Shows - And Other Content 10/28/2025; Netflix CTO confirms vertical video experiments ahead, says 'not competing with TikTok'; Netflix’s ‘Boots’ Climbs Charts with Gritty Gay Marine Story"
2023-03-15,292.510009765625,303.7900085449219,306.3099975585937,292.2799987792969,9215300.0,"‘Intense’ Danish thriller shoots up Netflix top 10; Netflix’s Costly Fantasy Series Returns with Major Change in Just 3 Days; See Stranger Things Season 5 before anyone else on Netflix — here's how; New on Netflix in November 2025 — here are the 5 best new shows and movies to stream; Netflix reaches settlement with ex-India legal head in gender bias lawsuit; When One Piece Season 2 Arrives on Netflix: Release Date Revealed; #SHOWBIZ: 'BoBoiBoy' No.1 on Netflix Malaysia, Indonesia, Singapore, Vietnam; Netflix Starts Real-Time Voting For Live Shows - And Other Content 10/28/2025; Netflix CTO confirms vertical video experiments ahead, says 'not competing with TikTok'; Netflix’s ‘Boots’ Climbs Charts with Gritty Gay Marine Story"
2023-03-16,304.75,310.0599975585937,316.6000061035156,301.7099914550781,7903700.0,"‘Intense’ Danish thriller shoots up Netflix top 10; Netflix’s Costly Fantasy Series Returns with Major Change in Just 3 Days; See Stranger Things Season 5 before anyone else on Netflix — here's how; New on Netflix in November 2025 — here are the 5 best new shows and movies to stream; Netflix reaches settlement with ex-India legal head in gender bias lawsuit; When One Piece Season 2 Arrives on Netflix: Release Date Revealed; #SHOWBIZ: 'BoBoiBoy' No.1 on Netflix Malaysia, Indonesia, Singapore, Vietnam; Netflix Starts Real-Time Voting For Live Shows - And Other Content 10/28/2025; Netflix CTO confirms vertical video experiments ahead, says 'not competing with TikTok'; Netflix’s ‘Boots’ Climbs Charts with Gritty Gay Marine Story"
2023-03-17,310.0599975585937,303.5,310.760009765625,300.0,6918800.0,"‘Intense’ Danish thriller shoots up Netflix top 10; Netflix’s Costly Fantasy Series Returns with Major Change in Just 3 Days; See Stranger Things Season 5 before anyone else on Netflix — here's how; New on Netflix in November 2025 — here are the 5 best new shows and movies to stream; Netflix reaches settlement with ex-India legal head in gender bias lawsuit; When One Piece Season 2 Arrives on Netflix: Release Date Revealed; #SHOWBIZ: 'BoBoiBoy' No.1 on Netflix Malaysia, Indonesia, Singapore, Vietnam; Netflix Starts Real-Time Voting For Live Shows - And Other Content 10/28/2025; Netflix CTO confirms vertical video experiments ahead, says 'not competing with TikTok'; Netflix’s ‘Boots’ Climbs Charts with Gritty Gay Marine Story"
2023-03-20,299.7900085449219,305.1300048828125,307.5,296.0,5113400.0,"New on Netflix in November 2025 — here are the 5 best new shows and movies to stream; ‘Intense’ Danish thriller shoots up Netflix top 10; Netflix’s Costly Fantasy Series Returns with Major Change in Just 3 Days; See Stranger Things Season 5 before anyone else on Netflix — here's how; Netflix reaches settlement with ex-India legal head in gender bias lawsuit; When One Piece Season 2 Arrives on Netflix: Release Date Revealed; #SHOWBIZ: 'BoBoiBoy' No.1 on Netflix Malaysia, Indonesia, Singapore, Vietnam; Netflix Starts Real-Time Voting For Live Shows - And Other Content 10/28/2025; Netflix CTO confirms vertical video experiments ahead, says 'not competing with TikTok'; Netflix’s ‘Boots’ Climbs Charts with Gritty Gay Marine Story"
2023-03-21,306.32000732421875,305.7900085449219,307.9200134277344,300.42999267578125,4886300.0,"New on Netflix in November 2025 — here are the 5 best new shows and movies to stream; ‘Intense’ Danish thriller shoots up Netflix top 10; Netflix’s Costly Fantasy Series Returns with Major Change in Just 3 Days; See Stranger Things Season 5 before anyone else on Netflix — here's how; Netflix reaches settlement with ex-India legal head in gender bias lawsuit; When One Piece Season 2 Arrives on Netflix: Release Date Revealed; #SHOWBIZ: 'BoBoiBoy' No.1 on Netflix Malaysia, Indonesia, Singapore, Vietnam; Netflix Starts Real-Time Voting For Live Shows - And Other Content 10/28/2025; Netflix CTO confirms vertical video experiments ahead, says 'not competing with TikTok'; Netflix’s ‘Boots’ Climbs Charts with Gritty Gay Marine Story"
2023-03-22,306.3099975585937,293.8999938964844,306.45001220703125,293.5400085449219,5808000.0,"New on Netflix in November 2025 — here are the 5 best new shows and movies to stream; ‘Intense’ Danish thriller shoots up Netflix top 10; Netflix’s Costly Fantasy Series Returns with Major Change in Just 3 Days; See Stranger Things Season 5 before anyone else on Netflix — here's how; Netflix reaches settlement with ex-India legal head in gender bias lawsuit; When One Piece Season 2 Arrives on Netflix: Release Date Revealed; #SHOWBIZ: 'BoBoiBoy' No.1 on Netflix Malaysia, Indonesia, Singapore, Vietnam; Netflix Starts Real-Time Voting For Live Shows - And Other Content 10/28/2025; Netflix CTO confirms vertical video experiments ahead, says 'not competing with TikTok'; Netflix’s ‘Boots’ Climbs Charts with Gritty Gay Marine Story"
2023-03-23,304.67999267578125,320.3699951171875,322.7799987792969,304.1400146484375,15653300.0,"New on Netflix in November 2025 — here are the 5 best new shows and movies to stream; ‘Intense’ Danish thriller shoots up Netflix top 10; Netflix’s Costly Fantasy Series Returns with Major Change in Just 3 Days; See Stranger Things Season 5 before anyone else on Netflix — here's how; Netflix reaches settlement with ex-India legal head in gender bias lawsuit; When One Piece Season 2 Arrives on Netflix: Release Date Revealed; #SHOWBIZ: 'BoBoiBoy' No.1 on Netflix Malaysia, Indonesia, Singapore, Vietnam; Netflix Starts Real-Time Voting For Live Shows - And Other Content 10/28/2025; Netflix CTO confirms vertical video experiments ahead, says 'not competing with TikTok'; Netflix’s ‘Boots’ Climbs Charts with Gritty Gay Marine Story"
2023-03-24,320.6300048828125,328.3900146484375,331.8299865722656,320.6300048828125,12991700.0,"New on Netflix in November 2025 — here are the 5 best new shows and movies to stream; ‘Intense’ Danish thriller shoots up Netflix top 10; Netflix’s Costly Fantasy Series Returns with Major Change in Just 3 Days; See Stranger Things Season 5 before anyone else on Netflix — here's how; Netflix reaches settlement with ex-India legal head in gender bias lawsuit; When One Piece Season 2 Arrives on Netflix: Release Date Revealed; #SHOWBIZ: 'BoBoiBoy' No.1 on Netflix Malaysia, Indonesia, Singapore, Vietnam; Netflix Starts Real-Time Voting For Live Shows - And Other Content 10/28/2025; Netflix CTO confirms vertical video experiments ahead, says 'not competing with TikTok'; Netflix’s ‘Boots’ Climbs Charts with Gritty Gay Marine Story"
2023-03-27,327.54998779296875,327.6600036621094,336.44000244140625,324.4100036621094,8625800.0,"New on Netflix in November 2025 — here are the 5 best new shows and movies to stream; ‘Intense’ Danish thriller shoots up Netflix top 10; Netflix’s Costly Fantasy Series Returns with Major Change in Just 3 Days; See Stranger Things Season 5 before anyone else on Netflix — here's how; Netflix reaches settlement with ex-India legal head in gender bias lawsuit; When One Piece Season 2 Arrives on Netflix: Release Date Revealed; #SHOWBIZ: 'BoBoiBoy' No.1 on Netflix Malaysia, Indonesia, Singapore, Vietnam; Netflix Starts Real-Time Voting For Live Shows - And Other Content 10/28/2025; Netflix CTO confirms vertical video experiments ahead, says 'not competing with TikTok'; Netflix’s ‘Boots’ Climbs Charts with Gritty Gay Marine Story"
2023-03-28,326.0599975585937,323.5199890136719,333.32000732421875,321.2799987792969,6489400.0,"New on Netflix in November 2025 — here are the 5 best new shows and movies to stream; ‘Intense’ Danish thriller shoots up Netflix top 10; Netflix’s Costly Fantasy Series Returns with Major Change in Just 3 Days; See Stranger Things Season 5 before anyone else on Netflix — here's how; Netflix reaches settlement with ex-India legal head in gender bias lawsuit; When One Piece Season 2 Arrives on Netflix: Release Date Revealed; #SHOWBIZ: 'BoBoiBoy' No.1 on Netflix Malaysia, Indonesia, Singapore, Vietnam; Netflix Starts Real-Time Voting For Live Shows - And Other Content 10/28/2025; Netflix CTO confirms vertical video experiments ahead, says 'not competing with TikTok'; Netflix’s ‘Boots’ Climbs Charts with Gritty Gay Marine Story"
2023-03-29,326.2900085449219,332.0299987792969,332.8500061035156,325.7300109863281,6287300.0,"New on Netflix in November 2025 — here are the 5 best new shows and movies to stream; ‘Intense’ Danish thriller shoots up Netflix top 10; Netflix’s Costly Fantasy Series Returns with Major Change in Just 3 Days; See Stranger Things Season 5 before anyone else on Netflix — here's how; Netflix reaches settlement with ex-India legal head in gender bias lawsuit; When One Piece Season 2 Arrives on Netflix: Release Date Revealed; #SHOWBIZ: 'BoBoiBoy' No.1 on Netflix Malaysia, Indonesia, Singapore, Vietnam; Netflix Starts Real-Time Voting For Live Shows - And Other Content 10/28/2025; Netflix CTO confirms vertical video experiments ahead, says 'not competing with TikTok'; Netflix’s ‘Boots’ Climbs Charts with Gritty Gay Marine Story"
2023-03-30,340.2699890136719,338.42999267578125,343.2900085449219,335.29998779296875,7131500.0,"New on Netflix in November 2025 — here are the 5 best new shows and movies to stream; ‘Intense’ Danish thriller shoots up Netflix top 10; Netflix’s Costly Fantasy Series Returns with Major Change in Just 3 Days; See Stranger Things Season 5 before anyone else on Netflix — here's how; Netflix reaches settlement with ex-India legal head in gender bias lawsuit; When One Piece Season 2 Arrives on Netflix: Release Date Revealed; #SHOWBIZ: 'BoBoiBoy' No.1 on Netflix Malaysia, Indonesia, Singapore, Vietnam; Netflix Starts Real-Time Voting For Live Shows - And Other Content 10/28/2025; Netflix CTO confirms vertical video experiments ahead, says 'not competing with TikTok'; Netflix’s ‘Boots’ Climbs Charts with Gritty Gay Marine Story"
2023-04-03,341.8299865722656,348.2799987792969,348.5799865722656,340.3999938964844,4413700.0,"Crash Bandicoot animated tv show apparently in the works at Netflix; Crash Bandicoot Is Returning to Netflix, But I Hope It’s Nothing Like His Last Appearance; New on Netflix in November 2025 — here are the 5 best new shows and movies to stream; ‘Intense’ Danish thriller shoots up Netflix top 10; Netflix’s Costly Fantasy Series Returns with Major Change in Just 3 Days; Bridgerton: Who Edwina Sharma marries in the books vs. the Netflix series; See Stranger Things Season 5 before anyone else on Netflix — here's how; Netflix reaches settlement with ex-India legal head in gender bias lawsuit; When One Piece Season 2 Arrives on Netflix: Release Date Revealed; #SHOWBIZ: 'BoBoiBoy' No.1 on Netflix Malaysia, Indonesia, Singapore, Vietnam"
2023-04-04,348.489990234375,346.75,349.79998779296875,343.95001220703125,3298100.0,"Crash Bandicoot animated tv show apparently in the works at Netflix; Crash Bandicoot Is Returning to Netflix, But I Hope It’s Nothing Like His Last Appearance; New on Netflix in November 2025 — here are the 5 best new shows and movies to stream; ‘Intense’ Danish thriller shoots up Netflix top 10; Netflix’s Costly Fantasy Series Returns with Major Change in Just 3 Days; Bridgerton: Who Edwina Sharma marries in the books vs. the Netflix series; See Stranger Things Season 5 before anyone else on Netflix — here's how; Netflix reaches settlement with ex-India legal head in gender bias lawsuit; When One Piece Season 2 Arrives on Netflix: Release Date Revealed; #SHOWBIZ: 'BoBoiBoy' No.1 on Netflix Malaysia, Indonesia, Singapore, Vietnam"
2023-04-05,345.29998779296875,342.3500061035156,345.42999267578125,336.25,4205500.0,"Crash Bandicoot animated tv show apparently in the works at Netflix; Crash Bandicoot Is Returning to Netflix, But I Hope It’s Nothing Like His Last Appearance; New on Netflix in November 2025 — here are the 5 best new shows and movies to stream; ‘Intense’ Danish thriller shoots up Netflix top 10; Netflix’s Costly Fantasy Series Returns with Major Change in Just 3 Days; Bridgerton: Who Edwina Sharma marries in the books vs. the Netflix series; See Stranger Things Season 5 before anyone else on Netflix — here's how; Netflix reaches settlement with ex-India legal head in gender bias lawsuit; When One Piece Season 2 Arrives on Netflix: Release Date Revealed; #SHOWBIZ: 'BoBoiBoy' No.1 on Netflix Malaysia, Indonesia, Singapore, Vietnam"
2023-04-06,339.3399963378906,339.3299865722656,340.4800109863281,332.6300048828125,4660500.0,"Crash Bandicoot animated tv show apparently in the works at Netflix; Crash Bandicoot Is Returning to Netflix, But I Hope It’s Nothing Like His Last Appearance; New on Netflix in November 2025 — here are the 5 best new shows and movies to stream; ‘Intense’ Danish thriller shoots up Netflix top 10; Netflix’s Costly Fantasy Series Returns with Major Change in Just 3 Days; Bridgerton: Who Edwina Sharma marries in the books vs. the Netflix series; See Stranger Things Season 5 before anyone else on Netflix — here's how; Netflix reaches settlement with ex-India legal head in gender bias lawsuit; When One Piece Season 2 Arrives on Netflix: Release Date Revealed; #SHOWBIZ: 'BoBoiBoy' No.1 on Netflix Malaysia, Indonesia, Singapore, Vietnam"
2023-04-10,335.2699890136719,338.989990234375,339.8800048828125,333.3599853515625,2657900.0,"Crash Bandicoot animated tv show apparently in the works at Netflix; Crash Bandicoot Is Returning to Netflix, But I Hope It’s Nothing Like His Last Appearance; New on Netflix in November 2025 — here are the 5 best new shows and movies to stream; ‘Intense’ Danish thriller shoots up Netflix top 10; Netflix’s Costly Fantasy Series Returns with Major Change in Just 3 Days; Bridgerton: Who Edwina Sharma marries in the books vs. the Netflix series; See Stranger Things Season 5 before anyone else on Netflix — here's how; Netflix reaches settlement with ex-India legal head in gender bias lawsuit; When One Piece Season 2 Arrives on Netflix: Release Date Revealed; #SHOWBIZ: 'BoBoiBoy' No.1 on Netflix Malaysia, Indonesia, Singapore, Vietnam"
2023-04-11,343.45001220703125,338.2099914550781,347.1400146484375,337.6400146484375,4044800.0,"Crash Bandicoot animated tv show apparently in the works at Netflix; Crash Bandicoot Is Returning to Netflix, But I Hope It’s Nothing Like His Last Appearance; New on Netflix in November 2025 — here are the 5 best new shows and movies to stream; ‘Intense’ Danish thriller shoots up Netflix top 10; Netflix’s Costly Fantasy Series Returns with Major Change in Just 3 Days; Bridgerton: Who Edwina Sharma marries in the books vs. the Netflix series; See Stranger Things Season 5 before anyone else on Netflix — here's how; Netflix reaches settlement with ex-India legal head in gender bias lawsuit; When One Piece Season 2 Arrives on Netflix: Release Date Revealed; #SHOWBIZ: 'BoBoiBoy' No.1 on Netflix Malaysia, Indonesia, Singapore, Vietnam"
2023-04-12,340.8099975585937,331.0299987792969,342.79998779296875,330.0400085449219,3965400.0,"Crash Bandicoot animated tv show apparently in the works at Netflix; Crash Bandicoot Is Returning to Netflix, But I Hope It’s Nothing Like His Last Appearance; New on Netflix in November 2025 — here are the 5 best new shows and movies to stream; ‘Intense’ Danish thriller shoots up Netflix top 10; Netflix’s Costly Fantasy Series Returns with Major Change in Just 3 Days; Bridgerton: Who Edwina Sharma marries in the books vs. the Netflix series; See Stranger Things Season 5 before anyone else on Netflix — here's how; Netflix reaches settlement with ex-India legal head in gender bias lawsuit; When One Piece Season 2 Arrives on Netflix: Release Date Revealed; #SHOWBIZ: 'BoBoiBoy' No.1 on Netflix Malaysia, Indonesia, Singapore, Vietnam"
2023-04-13,339.989990234375,346.19000244140625,346.42999267578125,338.75,7406400.0,"Crash Bandicoot animated tv show apparently in the works at Netflix; Crash Bandicoot Is Returning to Netflix, But I Hope It’s Nothing Like His Last Appearance; New on Netflix in November 2025 — here are the 5 best new shows and movies to stream; ‘Intense’ Danish thriller shoots up Netflix top 10; Netflix’s Costly Fantasy Series Returns with Major Change in Just 3 Days; Bridgerton: Who Edwina Sharma marries in the books vs. the Netflix series; See Stranger Things Season 5 before anyone else on Netflix — here's how; Netflix reaches settlement with ex-India legal head in gender bias lawsuit; When One Piece Season 2 Arrives on Netflix: Release Date Revealed; #SHOWBIZ: 'BoBoiBoy' No.1 on Netflix Malaysia, Indonesia, Singapore, Vietnam"
2023-04-14,342.94000244140625,338.6300048828125,344.8500061035156,336.4100036621094,5350500.0,"Crash Bandicoot animated tv show apparently in the works at Netflix; Crash Bandicoot Is Returning to Netflix, But I Hope It’s Nothing Like His Last Appearance; New on Netflix in November 2025 — here are the 5 best new shows and movies to stream; ‘Intense’ Danish thriller shoots up Netflix top 10; Netflix’s Costly Fantasy Series Returns with Major Change in Just 3 Days; Bridgerton: Who Edwina Sharma marries in the books vs. the Netflix series; See Stranger Things Season 5 before anyone else on Netflix — here's how; Netflix reaches settlement with ex-India legal head in gender bias lawsuit; When One Piece Season 2 Arrives on Netflix: Release Date Revealed; #SHOWBIZ: 'BoBoiBoy' No.1 on Netflix Malaysia, Indonesia, Singapore, Vietnam"
2023-04-17,338.0,332.7200012207031,338.3900146484375,327.5,6136000.0,"Crash Bandicoot animated tv show apparently in the works at Netflix; Crash Bandicoot Is Returning to Netflix, But I Hope It’s Nothing Like His Last Appearance; New on Netflix in November 2025 — here are the 5 best new shows and movies to stream; ‘Intense’ Danish thriller shoots up Netflix top 10; Netflix’s Costly Fantasy Series Returns with Major Change in Just 3 Days; Bridgerton: Who Edwina Sharma marries in the books vs. the Netflix series; See Stranger Things Season 5 before anyone else on Netflix — here's how; Netflix reaches settlement with ex-India legal head in gender bias lawsuit; When One Piece Season 2 Arrives on Netflix: Release Date Revealed; #SHOWBIZ: 'BoBoiBoy' No.1 on Netflix Malaysia, Indonesia, Singapore, Vietnam"
2023-04-18,335.0,333.70001220703125,337.19000244140625,330.5,17944500.0,"Crash Bandicoot animated tv show apparently in the works at Netflix; Crash Bandicoot Is Returning to Netflix, But I Hope It’s Nothing Like His Last Appearance; New on Netflix in November 2025 — here are the 5 best new shows and movies to stream; ‘Intense’ Danish thriller shoots up Netflix top 10; Netflix’s Costly Fantasy Series Returns with Major Change in Just 3 Days; Bridgerton: Who Edwina Sharma marries in the books vs. the Netflix series; See Stranger Things Season 5 before anyone else on Netflix — here's how; Netflix reaches settlement with ex-India legal head in gender bias lawsuit; When One Piece Season 2 Arrives on Netflix: Release Date Revealed; #SHOWBIZ: 'BoBoiBoy' No.1 on Netflix Malaysia, Indonesia, Singapore, Vietnam"
2023-04-19,324.2099914550781,323.1199951171875,325.75,316.1000061035156,22128300.0,"The Asset (Legenden, TV Series 2025) 'Netflix' Recap & Ending Explained: Can Ashley Ever Escape Miran’s World, or Is She Becoming the New Miran?; Crash Bandicoot animated tv show apparently in the works at Netflix; Crash Bandicoot Is Returning to Netflix, But I Hope It’s Nothing Like His Last Appearance; New on Netflix in November 2025 — here are the 5 best new shows and movies to stream; ‘Intense’ Danish thriller shoots up Netflix top 10; Netflix’s Costly Fantasy Series Returns with Major Change in Just 3 Days; Bridgerton: Who Edwina Sharma marries in the books vs. the Netflix series; See Stranger Things Season 5 before anyone else on Netflix — here's how; Netflix reaches settlement with ex-India legal head in gender bias lawsuit; When One Piece Season 2 Arrives on Netflix: Release Date Revealed"
2023-04-20,320.3900146484375,325.3500061035156,331.42999267578125,318.3299865722656,9947800.0,"The Asset (Legenden, TV Series 2025) 'Netflix' Recap & Ending Explained: Can Ashley Ever Escape Miran’s World, or Is She Becoming the New Miran?; Crash Bandicoot animated tv show apparently in the works at Netflix; Crash Bandicoot Is Returning to Netflix, But I Hope It’s Nothing Like His Last Appearance; New on Netflix in November 2025 — here are the 5 best new shows and movies to stream; ‘Intense’ Danish thriller shoots up Netflix top 10; Netflix’s Costly Fantasy Series Returns with Major Change in Just 3 Days; Bridgerton: Who Edwina Sharma marries in the books vs. the Netflix series; See Stranger Things Season 5 before anyone else on Netflix — here's how; Netflix reaches settlement with ex-India legal head in gender bias lawsuit; When One Piece Season 2 Arrives on Netflix: Release Date Revealed"
2023-04-21,323.0,327.9800109863281,328.2900085449219,319.5,6348000.0,"The Asset (Legenden, TV Series 2025) 'Netflix' Recap & Ending Explained: Can Ashley Ever Escape Miran’s World, or Is She Becoming the New Miran?; Crash Bandicoot animated tv show apparently in the works at Netflix; Crash Bandicoot Is Returning to Netflix, But I Hope It’s Nothing Like His Last Appearance; New on Netflix in November 2025 — here are the 5 best new shows and movies to stream; ‘Intense’ Danish thriller shoots up Netflix top 10; Netflix’s Costly Fantasy Series Returns with Major Change in Just 3 Days; Bridgerton: Who Edwina Sharma marries in the books vs. the Netflix series; See Stranger Things Season 5 before anyone else on Netflix — here's how; Netflix reaches settlement with ex-India legal head in gender bias lawsuit; When One Piece Season 2 Arrives on Netflix: Release Date Revealed"
2023-04-24,330.20001220703125,329.0199890136719,334.6600036621094,326.75,5586600.0,"The Asset (Legenden, TV Series 2025) 'Netflix' Recap & Ending Explained: Can Ashley Ever Escape Miran’s World, or Is She Becoming the New Miran?; Crash Bandicoot animated tv show apparently in the works at Netflix; Crash Bandicoot Is Returning to Netflix, But I Hope It’s Nothing Like His Last Appearance; New on Netflix in November 2025 — here are the 5 best new shows and movies to stream; ‘Intense’ Danish thriller shoots up Netflix top 10; Netflix’s Costly Fantasy Series Returns with Major Change in Just 3 Days; Bridgerton: Who Edwina Sharma marries in the books vs. the Netflix series; See Stranger Things Season 5 before anyone else on Netflix — here's how; Netflix reaches settlement with ex-India legal head in gender bias lawsuit; When One Piece Season 2 Arrives on Netflix: Release Date Revealed"
2023-04-25,328.5,322.54998779296875,328.6600036621094,321.1000061035156,5426600.0,"The Asset (Legenden, TV Series 2025) 'Netflix' Recap & Ending Explained: Can Ashley Ever Escape Miran’s World, or Is She Becoming the New Miran?; Crash Bandicoot animated tv show apparently in the works at Netflix; Crash Bandicoot Is Returning to Netflix, But I Hope It’s Nothing Like His Last Appearance; New on Netflix in November 2025 — here are the 5 best new shows and movies to stream; ‘Intense’ Danish thriller shoots up Netflix top 10; Netflix’s Costly Fantasy Series Returns with Major Change in Just 3 Days; Bridgerton: Who Edwina Sharma marries in the books vs. the Netflix series; See Stranger Things Season 5 before anyone else on Netflix — here's how; Netflix reaches settlement with ex-India legal head in gender bias lawsuit; When One Piece Season 2 Arrives on Netflix: Release Date Revealed"
2023-04-26,321.3599853515625,321.1499938964844,325.8999938964844,320.4700012207031,4623200.0,"The Asset (Legenden, TV Series 2025) 'Netflix' Recap & Ending Explained: Can Ashley Ever Escape Miran’s World, or Is She Becoming the New Miran?; Crash Bandicoot animated tv show apparently in the works at Netflix; Crash Bandicoot Is Returning to Netflix, But I Hope It’s Nothing Like His Last Appearance; New on Netflix in November 2025 — here are the 5 best new shows and movies to stream; ‘Intense’ Danish thriller shoots up Netflix top 10; Netflix’s Costly Fantasy Series Returns with Major Change in Just 3 Days; Bridgerton: Who Edwina Sharma marries in the books vs. the Netflix series; See Stranger Things Season 5 before anyone else on Netflix — here's how; Netflix reaches settlement with ex-India legal head in gender bias lawsuit; When One Piece Season 2 Arrives on Netflix: Release Date Revealed"
2023-04-27,324.29998779296875,325.8500061035156,327.45001220703125,317.44000244140625,5618800.0,"The Asset (Legenden, TV Series 2025) 'Netflix' Recap & Ending Explained: Can Ashley Ever Escape Miran’s World, or Is She Becoming the New Miran?; Crash Bandicoot animated tv show apparently in the works at Netflix; Crash Bandicoot Is Returning to Netflix, But I Hope It’s Nothing Like His Last Appearance; New on Netflix in November 2025 — here are the 5 best new shows and movies to stream; ‘Intense’ Danish thriller shoots up Netflix top 10; Netflix’s Costly Fantasy Series Returns with Major Change in Just 3 Days; Bridgerton: Who Edwina Sharma marries in the books vs. the Netflix series; See Stranger Things Season 5 before anyone else on Netflix — here's how; Netflix reaches settlement with ex-India legal head in gender bias lawsuit; When One Piece Season 2 Arrives on Netflix: Release Date Revealed"
2023-04-28,325.239990234375,329.92999267578125,330.8099975585937,324.0,4228400.0,"The Asset (Legenden, TV Series 2025) 'Netflix' Recap & Ending Explained: Can Ashley Ever Escape Miran’s World, or Is She Becoming the New Miran?; Crash Bandicoot animated tv show apparently in the works at Netflix; Crash Bandicoot Is Returning to Netflix, But I Hope It’s Nothing Like His Last Appearance; New on Netflix in November 2025 — here are the 5 best new shows and movies to stream; ‘Intense’ Danish thriller shoots up Netflix top 10; Netflix’s Costly Fantasy Series Returns with Major Change in Just 3 Days; Bridgerton: Who Edwina Sharma marries in the books vs. the Netflix series; See Stranger Things Season 5 before anyone else on Netflix — here's how; Netflix reaches settlement with ex-India legal head in gender bias lawsuit; When One Piece Season 2 Arrives on Netflix: Release Date Revealed"
2023-05-01,329.44000244140625,324.1199951171875,331.2300109863281,318.0899963378906,5341500.0,"The Asset (Legenden, TV Series 2025) 'Netflix' Recap & Ending Explained: Can Ashley Ever Escape Miran’s World, or Is She Becoming the New Miran?; Crash Bandicoot animated tv show apparently in the works at Netflix; Crash Bandicoot Is Returning to Netflix, But I Hope It’s Nothing Like His Last Appearance; New on Netflix in November 2025 — here are the 5 best new shows and movies to stream; ‘Intense’ Danish thriller shoots up Netflix top 10; Netflix’s Costly Fantasy Series Returns with Major Change in Just 3 Days; Bridgerton: Who Edwina Sharma marries in the books vs. the Netflix series; See Stranger Things Season 5 before anyone else on Netflix — here's how; Netflix reaches settlement with ex-India legal head in gender bias lawsuit; When One Piece Season 2 Arrives on Netflix: Release Date Revealed"
2023-05-02,325.0,317.54998779296875,326.07000732421875,315.6199951171875,4318600.0,"The Asset (Legenden, TV Series 2025) 'Netflix' Recap & Ending Explained: Can Ashley Ever Escape Miran’s World, or Is She Becoming the New Miran?; Crash Bandicoot animated tv show apparently in the works at Netflix; Crash Bandicoot Is Returning to Netflix, But I Hope It’s Nothing Like His Last Appearance; New on Netflix in November 2025 — here are the 5 best new shows and movies to stream; ‘Intense’ Danish thriller shoots up Netflix top 10; Netflix’s Costly Fantasy Series Returns with Major Change in Just 3 Days; Bridgerton: Who Edwina Sharma marries in the books vs. the Netflix series; See Stranger Things Season 5 before anyone else on Netflix — here's how; Netflix reaches settlement with ex-India legal head in gender bias lawsuit; When One Piece Season 2 Arrives on Netflix: Release Date Revealed"
2023-05-03,317.54998779296875,319.29998779296875,324.6199951171875,315.8500061035156,5064100.0,"The Asset (Legenden, TV Series 2025) 'Netflix' Recap & Ending Explained: Can Ashley Ever Escape Miran’s World, or Is She Becoming the New Miran?; Crash Bandicoot animated tv show apparently in the works at Netflix; Crash Bandicoot Is Returning to Netflix, But I Hope It’s Nothing Like His Last Appearance; New on Netflix in November 2025 — here are the 5 best new shows and movies to stream; ‘Intense’ Danish thriller shoots up Netflix top 10; Netflix’s Costly Fantasy Series Returns with Major Change in Just 3 Days; Bridgerton: Who Edwina Sharma marries in the books vs. the Netflix series; See Stranger Things Season 5 before anyone else on Netflix — here's how; Netflix reaches settlement with ex-India legal head in gender bias lawsuit; When One Piece Season 2 Arrives on Netflix: Release Date Revealed"
2023-05-04,319.010009765625,320.7799987792969,323.6099853515625,317.95001220703125,3879700.0,"The Asset (Legenden, TV Series 2025) 'Netflix' Recap & Ending Explained: Can Ashley Ever Escape Miran’s World, or Is She Becoming the New Miran?; Crash Bandicoot animated tv show apparently in the works at Netflix; Crash Bandicoot Is Returning to Netflix, But I Hope It’s Nothing Like His Last Appearance; New on Netflix in November 2025 — here are the 5 best new shows and movies to stream; ‘Intense’ Danish thriller shoots up Netflix top 10; Netflix’s Costly Fantasy Series Returns with Major Change in Just 3 Days; Bridgerton: Who Edwina Sharma marries in the books vs. the Netflix series; See Stranger Things Season 5 before anyone else on Netflix — here's how; Netflix reaches settlement with ex-India legal head in gender bias lawsuit; When One Piece Season 2 Arrives on Netflix: Release Date Revealed"
2023-05-05,323.6099853515625,322.760009765625,324.1499938964844,319.44000244140625,3990600.0,"The Asset (Legenden, TV Series 2025) 'Netflix' Recap & Ending Explained: Can Ashley Ever Escape Miran’s World, or Is She Becoming the New Miran?; Crash Bandicoot animated tv show apparently in the works at Netflix; Crash Bandicoot Is Returning to Netflix, But I Hope It’s Nothing Like His Last Appearance; New on Netflix in November 2025 — here are the 5 best new shows and movies to stream; ‘Intense’ Danish thriller shoots up Netflix top 10; Netflix’s Costly Fantasy Series Returns with Major Change in Just 3 Days; Bridgerton: Who Edwina Sharma marries in the books vs. the Netflix series; See Stranger Things Season 5 before anyone else on Netflix — here's how; Netflix reaches settlement with ex-India legal head in gender bias lawsuit; When One Piece Season 2 Arrives on Netflix: Release Date Revealed"
2023-05-08,322.989990234375,331.2099914550781,332.5599975585937,322.0299987792969,5488600.0,"The Asset (Legenden, TV Series 2025) 'Netflix' Recap & Ending Explained: Can Ashley Ever Escape Miran’s World, or Is She Becoming the New Miran?; Crash Bandicoot animated tv show apparently in the works at Netflix; Crash Bandicoot Is Returning to Netflix, But I Hope It’s Nothing Like His Last Appearance; New on Netflix in November 2025 — here are the 5 best new shows and movies to stream; ‘Intense’ Danish thriller shoots up Netflix top 10; Netflix’s Costly Fantasy Series Returns with Major Change in Just 3 Days; Bridgerton: Who Edwina Sharma marries in the books vs. the Netflix series; See Stranger Things Season 5 before anyone else on Netflix — here's how; Netflix reaches settlement with ex-India legal head in gender bias lawsuit; When One Piece Season 2 Arrives on Netflix: Release Date Revealed"
2023-05-09,330.6700134277344,332.1400146484375,336.32000732421875,329.739990234375,5544900.0,"The Asset (Legenden, TV Series 2025) 'Netflix' Recap & Ending Explained: Can Ashley Ever Escape Miran’s World, or Is She Becoming the New Miran?; Crash Bandicoot animated tv show apparently in the works at Netflix; Crash Bandicoot Is Returning to Netflix, But I Hope It’s Nothing Like His Last Appearance; New on Netflix in November 2025 — here are the 5 best new shows and movies to stream; ‘Intense’ Danish thriller shoots up Netflix top 10; Netflix’s Costly Fantasy Series Returns with Major Change in Just 3 Days; Bridgerton: Who Edwina Sharma marries in the books vs. the Netflix series; See Stranger Things Season 5 before anyone else on Netflix — here's how; Netflix reaches settlement with ex-India legal head in gender bias lawsuit; When One Piece Season 2 Arrives on Netflix: Release Date Revealed"
2023-05-10,335.2099914550781,335.4200134277344,337.1099853515625,329.510009765625,4289900.0,"The Asset (Legenden, TV Series 2025) 'Netflix' Recap & Ending Explained: Can Ashley Ever Escape Miran’s World, or Is She Becoming the New Miran?; Crash Bandicoot animated tv show apparently in the works at Netflix; Crash Bandicoot Is Returning to Netflix, But I Hope It’s Nothing Like His Last Appearance; New on Netflix in November 2025 — here are the 5 best new shows and movies to stream; ‘Intense’ Danish thriller shoots up Netflix top 10; Netflix’s Costly Fantasy Series Returns with Major Change in Just 3 Days; Bridgerton: Who Edwina Sharma marries in the books vs. the Netflix series; See Stranger Things Season 5 before anyone else on Netflix — here's how; Netflix reaches settlement with ex-India legal head in gender bias lawsuit; When One Piece Season 2 Arrives on Netflix: Release Date Revealed"
2023-05-11,334.9800109863281,344.760009765625,345.4700012207031,331.8399963378906,8033500.0,"The Asset (Legenden, TV Series 2025) 'Netflix' Recap & Ending Explained: Can Ashley Ever Escape Miran’s World, or Is She Becoming the New Miran?; Crash Bandicoot animated tv show apparently in the works at Netflix; Crash Bandicoot Is Returning to Netflix, But I Hope It’s Nothing Like His Last Appearance; New on Netflix in November 2025 — here are the 5 best new shows and movies to stream; ‘Intense’ Danish thriller shoots up Netflix top 10; Netflix’s Costly Fantasy Series Returns with Major Change in Just 3 Days; Bridgerton: Who Edwina Sharma marries in the books vs. the Netflix series; See Stranger Things Season 5 before anyone else on Netflix — here's how; Netflix reaches settlement with ex-India legal head in gender bias lawsuit; When One Piece Season 2 Arrives on Netflix: Release Date Revealed"
2023-05-12,344.760009765625,339.8900146484375,348.1700134277344,337.3599853515625,6082400.0,"The Asset (Legenden, TV Series 2025) 'Netflix' Recap & Ending Explained: Can Ashley Ever Escape Miran’s World, or Is She Becoming the New Miran?; Crash Bandicoot animated tv show apparently in the works at Netflix; Crash Bandicoot Is Returning to Netflix, But I Hope It’s Nothing Like His Last Appearance; New on Netflix in November 2025 — here are the 5 best new shows and movies to stream; ‘Intense’ Danish thriller shoots up Netflix top 10; Netflix’s Costly Fantasy Series Returns with Major Change in Just 3 Days; Bridgerton: Who Edwina Sharma marries in the books vs. the Netflix series; See Stranger Things Season 5 before anyone else on Netflix — here's how; Netflix reaches settlement with ex-India legal head in gender bias lawsuit; When One Piece Season 2 Arrives on Netflix: Release Date Revealed"
2023-05-15,340.6199951171875,335.8900146484375,341.8999938964844,335.5400085449219,3653000.0,"The Asset (Legenden, TV Series 2025) 'Netflix' Recap & Ending Explained: Can Ashley Ever Escape Miran’s World, or Is She Becoming the New Miran?; Crash Bandicoot animated tv show apparently in the works at Netflix; Crash Bandicoot Is Returning to Netflix, But I Hope It’s Nothing Like His Last Appearance; New on Netflix in November 2025 — here are the 5 best new shows and movies to stream; ‘Intense’ Danish thriller shoots up Netflix top 10; Netflix’s Costly Fantasy Series Returns with Major Change in Just 3 Days; Bridgerton: Who Edwina Sharma marries in the books vs. the Netflix series; See Stranger Things Season 5 before anyone else on Netflix — here's how; Netflix reaches settlement with ex-India legal head in gender bias lawsuit; When One Piece Season 2 Arrives on Netflix: Release Date Revealed"
2023-05-16,334.0,333.75,335.1700134277344,331.9100036621094,3332200.0,"The Asset (Legenden, TV Series 2025) 'Netflix' Recap & Ending Explained: Can Ashley Ever Escape Miran’s World, or Is She Becoming the New Miran?; Crash Bandicoot animated tv show apparently in the works at Netflix; Crash Bandicoot Is Returning to Netflix, But I Hope It’s Nothing Like His Last Appearance; New on Netflix in November 2025 — here are the 5 best new shows and movies to stream; ‘Intense’ Danish thriller shoots up Netflix top 10; Netflix’s Costly Fantasy Series Returns with Major Change in Just 3 Days; Bridgerton: Who Edwina Sharma marries in the books vs. the Netflix series; See Stranger Things Season 5 before anyone else on Netflix — here's how; Netflix reaches settlement with ex-India legal head in gender bias lawsuit; When One Piece Season 2 Arrives on Netflix: Release Date Revealed"
2023-05-17,331.760009765625,339.9599914550781,341.3800048828125,329.6199951171875,3958800.0,"The Asset (Legenden, TV Series 2025) 'Netflix' Recap & Ending Explained: Can Ashley Ever Escape Miran’s World, or Is She Becoming the New Miran?; Crash Bandicoot animated tv show apparently in the works at Netflix; Crash Bandicoot Is Returning to Netflix, But I Hope It’s Nothing Like His Last Appearance; New on Netflix in November 2025 — here are the 5 best new shows and movies to stream; ‘Intense’ Danish thriller shoots up Netflix top 10; Netflix’s Costly Fantasy Series Returns with Major Change in Just 3 Days; Bridgerton: Who Edwina Sharma marries in the books vs. the Netflix series; See Stranger Things Season 5 before anyone else on Netflix — here's how; Netflix reaches settlement with ex-India legal head in gender bias lawsuit; When One Piece Season 2 Arrives on Netflix: Release Date Revealed"
2023-05-18,347.25,371.2900085449219,375.8699951171875,346.3699951171875,20925200.0,"The Asset (Legenden, TV Series 2025) 'Netflix' Recap & Ending Explained: Can Ashley Ever Escape Miran’s World, or Is She Becoming the New Miran?; Crash Bandicoot animated tv show apparently in the works at Netflix; Crash Bandicoot Is Returning to Netflix, But I Hope It’s Nothing Like His Last Appearance; New on Netflix in November 2025 — here are the 5 best new shows and movies to stream; ‘Intense’ Danish thriller shoots up Netflix top 10; Netflix’s Costly Fantasy Series Returns with Major Change in Just 3 Days; Bridgerton: Who Edwina Sharma marries in the books vs. the Netflix series; See Stranger Things Season 5 before anyone else on Netflix — here's how; Netflix reaches settlement with ex-India legal head in gender bias lawsuit; When One Piece Season 2 Arrives on Netflix: Release Date Revealed"
2023-05-19,369.8599853515625,365.3599853515625,369.989990234375,363.80999755859375,7859700.0,"The Asset (Legenden, TV Series 2025) 'Netflix' Recap & Ending Explained: Can Ashley Ever Escape Miran’s World, or Is She Becoming the New Miran?; Crash Bandicoot animated tv show apparently in the works at Netflix; Crash Bandicoot Is Returning to Netflix, But I Hope It’s Nothing Like His Last Appearance; New on Netflix in November 2025 — here are the 5 best new shows and movies to stream; ‘Intense’ Danish thriller shoots up Netflix top 10; Netflix’s Costly Fantasy Series Returns with Major Change in Just 3 Days; Bridgerton: Who Edwina Sharma marries in the books vs. the Netflix series; See Stranger Things Season 5 before anyone else on Netflix — here's how; Netflix reaches settlement with ex-India legal head in gender bias lawsuit; When One Piece Season 2 Arrives on Netflix: Release Date Revealed"
2023-05-22,365.3599853515625,363.010009765625,372.010009765625,362.5,5406400.0,"The Asset (Legenden, TV Series 2025) 'Netflix' Recap & Ending Explained: Can Ashley Ever Escape Miran’s World, or Is She Becoming the New Miran?; Crash Bandicoot animated tv show apparently in the works at Netflix; Crash Bandicoot Is Returning to Netflix, But I Hope It’s Nothing Like His Last Appearance; New on Netflix in November 2025 — here are the 5 best new shows and movies to stream; ‘Intense’ Danish thriller shoots up Netflix top 10; Netflix’s Costly Fantasy Series Returns with Major Change in Just 3 Days; Bridgerton: Who Edwina Sharma marries in the books vs. the Netflix series; See Stranger Things Season 5 before anyone else on Netflix — here's how; Netflix reaches settlement with ex-India legal head in gender bias lawsuit; When One Piece Season 2 Arrives on Netflix: Release Date Revealed"
2023-05-23,360.239990234375,355.989990234375,364.1700134277344,354.3099975585937,6866100.0,"The Asset (Legenden, TV Series 2025) 'Netflix' Recap & Ending Explained: Can Ashley Ever Escape Miran’s World, or Is She Becoming the New Miran?; Crash Bandicoot animated tv show apparently in the works at Netflix; Crash Bandicoot Is Returning to Netflix, But I Hope It’s Nothing Like His Last Appearance; New on Netflix in November 2025 — here are the 5 best new shows and movies to stream; ‘Intense’ Danish thriller shoots up Netflix top 10; Netflix’s Costly Fantasy Series Returns with Major Change in Just 3 Days; Bridgerton: Who Edwina Sharma marries in the books vs. the Netflix series; See Stranger Things Season 5 before anyone else on Netflix — here's how; Netflix reaches settlement with ex-India legal head in gender bias lawsuit; When One Piece Season 2 Arrives on Netflix: Release Date Revealed"
2023-05-24,356.92999267578125,364.8500061035156,367.1499938964844,356.6300048828125,7973300.0,"The Asset (Legenden, TV Series 2025) 'Netflix' Recap & Ending Explained: Can Ashley Ever Escape Miran’s World, or Is She Becoming the New Miran?; Crash Bandicoot animated tv show apparently in the works at Netflix; Crash Bandicoot Is Returning to Netflix, But I Hope It’s Nothing Like His Last Appearance; New on Netflix in November 2025 — here are the 5 best new shows and movies to stream; ‘Intense’ Danish thriller shoots up Netflix top 10; Netflix’s Costly Fantasy Series Returns with Major Change in Just 3 Days; Bridgerton: Who Edwina Sharma marries in the books vs. the Netflix series; See Stranger Things Season 5 before anyone else on Netflix — here's how; Netflix reaches settlement with ex-India legal head in gender bias lawsuit; When One Piece Season 2 Arrives on Netflix: Release Date Revealed"
2023-05-25,359.6099853515625,359.0,367.4500122070313,357.4200134277344,6263100.0,"The Asset (Legenden, TV Series 2025) 'Netflix' Recap & Ending Explained: Can Ashley Ever Escape Miran’s World, or Is She Becoming the New Miran?; Crash Bandicoot animated tv show apparently in the works at Netflix; Crash Bandicoot Is Returning to Netflix, But I Hope It’s Nothing Like His Last Appearance; New on Netflix in November 2025 — here are the 5 best new shows and movies to stream; ‘Intense’ Danish thriller shoots up Netflix top 10; Netflix’s Costly Fantasy Series Returns with Major Change in Just 3 Days; Bridgerton: Who Edwina Sharma marries in the books vs. the Netflix series; See Stranger Things Season 5 before anyone else on Netflix — here's how; Netflix reaches settlement with ex-India legal head in gender bias lawsuit; When One Piece Season 2 Arrives on Netflix: Release Date Revealed"
2023-05-26,361.1000061035156,378.8800048828125,383.760009765625,356.0,9360400.0,"The Asset (Legenden, TV Series 2025) 'Netflix' Recap & Ending Explained: Can Ashley Ever Escape Miran’s World, or Is She Becoming the New Miran?; Crash Bandicoot animated tv show apparently in the works at Netflix; Crash Bandicoot Is Returning to Netflix, But I Hope It’s Nothing Like His Last Appearance; New on Netflix in November 2025 — here are the 5 best new shows and movies to stream; ‘Intense’ Danish thriller shoots up Netflix top 10; Netflix’s Costly Fantasy Series Returns with Major Change in Just 3 Days; Bridgerton: Who Edwina Sharma marries in the books vs. the Netflix series; See Stranger Things Season 5 before anyone else on Netflix — here's how; Netflix reaches settlement with ex-India legal head in gender bias lawsuit; When One Piece Season 2 Arrives on Netflix: Release Date Revealed"
2023-05-30,397.4800109863281,392.9800109863281,405.1099853515625,385.7900085449219,10865000.0,"The Asset (Legenden, TV Series 2025) 'Netflix' Recap & Ending Explained: Can Ashley Ever Escape Miran’s World, or Is She Becoming the New Miran?; Crash Bandicoot animated tv show apparently in the works at Netflix; Crash Bandicoot Is Returning to Netflix, But I Hope It’s Nothing Like His Last Appearance; New on Netflix in November 2025 — here are the 5 best new shows and movies to stream; ‘Intense’ Danish thriller shoots up Netflix top 10; Netflix’s Costly Fantasy Series Returns with Major Change in Just 3 Days; Bridgerton: Who Edwina Sharma marries in the books vs. the Netflix series; See Stranger Things Season 5 before anyone else on Netflix — here's how; Netflix reaches settlement with ex-India legal head in gender bias lawsuit; When One Piece Season 2 Arrives on Netflix: Release Date Revealed"
2023-05-31,391.8900146484375,395.2300109863281,396.260009765625,388.9100036621094,6988000.0,"The Asset (Legenden, TV Series 2025) 'Netflix' Recap & Ending Explained: Can Ashley Ever Escape Miran’s World, or Is She Becoming the New Miran?; Crash Bandicoot animated tv show apparently in the works at Netflix; Crash Bandicoot Is Returning to Netflix, But I Hope It’s Nothing Like His Last Appearance; New on Netflix in November 2025 — here are the 5 best new shows and movies to stream; ‘Intense’ Danish thriller shoots up Netflix top 10; Netflix’s Costly Fantasy Series Returns with Major Change in Just 3 Days; Bridgerton: Who Edwina Sharma marries in the books vs. the Netflix series; See Stranger Things Season 5 before anyone else on Netflix — here's how; Netflix reaches settlement with ex-India legal head in gender bias lawsuit; When One Piece Season 2 Arrives on Netflix: Release Date Revealed"
2023-06-01,397.4100036621094,403.1300048828125,407.5199890136719,393.0799865722656,7160100.0,"The Asset (Legenden, TV Series 2025) 'Netflix' Recap & Ending Explained: Can Ashley Ever Escape Miran’s World, or Is She Becoming the New Miran?; Crash Bandicoot animated tv show apparently in the works at Netflix; Crash Bandicoot Is Returning to Netflix, But I Hope It’s Nothing Like His Last Appearance; New on Netflix in November 2025 — here are the 5 best new shows and movies to stream; ‘Intense’ Danish thriller shoots up Netflix top 10; Netflix’s Costly Fantasy Series Returns with Major Change in Just 3 Days; Bridgerton: Who Edwina Sharma marries in the books vs. the Netflix series; See Stranger Things Season 5 before anyone else on Netflix — here's how; Netflix reaches settlement with ex-India legal head in gender bias lawsuit; When One Piece Season 2 Arrives on Netflix: Release Date Revealed"
2023-06-02,402.8900146484375,400.4700012207031,406.5799865722656,395.8999938964844,5902400.0,"The Asset (Legenden, TV Series 2025) 'Netflix' Recap & Ending Explained: Can Ashley Ever Escape Miran’s World, or Is She Becoming the New Miran?; Crash Bandicoot animated tv show apparently in the works at Netflix; Crash Bandicoot Is Returning to Netflix, But I Hope It’s Nothing Like His Last Appearance; New on Netflix in November 2025 — here are the 5 best new shows and movies to stream; ‘Intense’ Danish thriller shoots up Netflix top 10; Netflix’s Costly Fantasy Series Returns with Major Change in Just 3 Days; Bridgerton: Who Edwina Sharma marries in the books vs. the Netflix series; See Stranger Things Season 5 before anyone else on Netflix — here's how; Netflix reaches settlement with ex-India legal head in gender bias lawsuit; When One Piece Season 2 Arrives on Netflix: Release Date Revealed"
2023-06-05,400.4700012207031,403.5400085449219,413.8599853515625,400.1499938964844,7247400.0,"Netflix Releases ‘Physical: Asia’ Featuring Team Philippines Led By Manny Pacquiao; The Asset (Legenden, TV Series 2025) 'Netflix' Recap & Ending Explained: Can Ashley Ever Escape Miran’s World, or Is She Becoming the New Miran?; Crash Bandicoot animated tv show apparently in the works at Netflix; Crash Bandicoot Is Returning to Netflix, But I Hope It’s Nothing Like His Last Appearance; New on Netflix in November 2025 — here are the 5 best new shows and movies to stream; ‘Intense’ Danish thriller shoots up Netflix top 10; Netflix’s Costly Fantasy Series Returns with Major Change in Just 3 Days; Bridgerton: Who Edwina Sharma marries in the books vs. the Netflix series; See Stranger Things Season 5 before anyone else on Netflix — here's how; Netflix reaches settlement with ex-India legal head in gender bias lawsuit"
2023-06-06,405.0,399.2900085449219,405.1199951171875,396.9299926757813,4991500.0,"Netflix Releases ‘Physical: Asia’ Featuring Team Philippines Led By Manny Pacquiao; The Asset (Legenden, TV Series 2025) 'Netflix' Recap & Ending Explained: Can Ashley Ever Escape Miran’s World, or Is She Becoming the New Miran?; Crash Bandicoot animated tv show apparently in the works at Netflix; Crash Bandicoot Is Returning to Netflix, But I Hope It’s Nothing Like His Last Appearance; New on Netflix in November 2025 — here are the 5 best new shows and movies to stream; ‘Intense’ Danish thriller shoots up Netflix top 10; Netflix’s Costly Fantasy Series Returns with Major Change in Just 3 Days; Bridgerton: Who Edwina Sharma marries in the books vs. the Netflix series; See Stranger Things Season 5 before anyone else on Netflix — here's how; Netflix reaches settlement with ex-India legal head in gender bias lawsuit"
2023-06-07,410.42999267578136,399.7699890136719,418.95001220703136,399.2300109863281,11932400.0,"Netflix Releases ‘Physical: Asia’ Featuring Team Philippines Led By Manny Pacquiao; The Asset (Legenden, TV Series 2025) 'Netflix' Recap & Ending Explained: Can Ashley Ever Escape Miran’s World, or Is She Becoming the New Miran?; Crash Bandicoot animated tv show apparently in the works at Netflix; Crash Bandicoot Is Returning to Netflix, But I Hope It’s Nothing Like His Last Appearance; New on Netflix in November 2025 — here are the 5 best new shows and movies to stream; ‘Intense’ Danish thriller shoots up Netflix top 10; Netflix’s Costly Fantasy Series Returns with Major Change in Just 3 Days; Bridgerton: Who Edwina Sharma marries in the books vs. the Netflix series; See Stranger Things Season 5 before anyone else on Netflix — here's how; Netflix reaches settlement with ex-India legal head in gender bias lawsuit"
2023-06-08,399.7699890136719,409.3699951171875,409.5400085449219,396.3399963378906,5991100.0,"Netflix Releases ‘Physical: Asia’ Featuring Team Philippines Led By Manny Pacquiao; The Asset (Legenden, TV Series 2025) 'Netflix' Recap & Ending Explained: Can Ashley Ever Escape Miran’s World, or Is She Becoming the New Miran?; Crash Bandicoot animated tv show apparently in the works at Netflix; Crash Bandicoot Is Returning to Netflix, But I Hope It’s Nothing Like His Last Appearance; New on Netflix in November 2025 — here are the 5 best new shows and movies to stream; ‘Intense’ Danish thriller shoots up Netflix top 10; Netflix’s Costly Fantasy Series Returns with Major Change in Just 3 Days; Bridgerton: Who Edwina Sharma marries in the books vs. the Netflix series; See Stranger Things Season 5 before anyone else on Netflix — here's how; Netflix reaches settlement with ex-India legal head in gender bias lawsuit"
2023-06-09,424.5,420.0199890136719,425.8999938964844,414.760009765625,12363000.0,"Netflix Releases ‘Physical: Asia’ Featuring Team Philippines Led By Manny Pacquiao; The Asset (Legenden, TV Series 2025) 'Netflix' Recap & Ending Explained: Can Ashley Ever Escape Miran’s World, or Is She Becoming the New Miran?; Crash Bandicoot animated tv show apparently in the works at Netflix; Crash Bandicoot Is Returning to Netflix, But I Hope It’s Nothing Like His Last Appearance; New on Netflix in November 2025 — here are the 5 best new shows and movies to stream; ‘Intense’ Danish thriller shoots up Netflix top 10; Netflix’s Costly Fantasy Series Returns with Major Change in Just 3 Days; Bridgerton: Who Edwina Sharma marries in the books vs. the Netflix series; See Stranger Things Season 5 before anyone else on Netflix — here's how; Netflix reaches settlement with ex-India legal head in gender bias lawsuit"
2023-06-12,418.8299865722656,423.9700012207031,424.70001220703136,416.57000732421886,5959500.0,"Netflix Releases ‘Physical: Asia’ Featuring Team Philippines Led By Manny Pacquiao; The Asset (Legenden, TV Series 2025) 'Netflix' Recap & Ending Explained: Can Ashley Ever Escape Miran’s World, or Is She Becoming the New Miran?; Crash Bandicoot animated tv show apparently in the works at Netflix; Crash Bandicoot Is Returning to Netflix, But I Hope It’s Nothing Like His Last Appearance; New on Netflix in November 2025 — here are the 5 best new shows and movies to stream; ‘Intense’ Danish thriller shoots up Netflix top 10; Netflix’s Costly Fantasy Series Returns with Major Change in Just 3 Days; Bridgerton: Who Edwina Sharma marries in the books vs. the Netflix series; See Stranger Things Season 5 before anyone else on Netflix — here's how; Netflix reaches settlement with ex-India legal head in gender bias lawsuit"
2023-06-13,430.010009765625,435.7300109863281,437.2699890136719,428.3999938964844,7820500.0,"Netflix Releases ‘Physical: Asia’ Featuring Team Philippines Led By Manny Pacquiao; The Asset (Legenden, TV Series 2025) 'Netflix' Recap & Ending Explained: Can Ashley Ever Escape Miran’s World, or Is She Becoming the New Miran?; Crash Bandicoot animated tv show apparently in the works at Netflix; Crash Bandicoot Is Returning to Netflix, But I Hope It’s Nothing Like His Last Appearance; New on Netflix in November 2025 — here are the 5 best new shows and movies to stream; ‘Intense’ Danish thriller shoots up Netflix top 10; Netflix’s Costly Fantasy Series Returns with Major Change in Just 3 Days; Bridgerton: Who Edwina Sharma marries in the books vs. the Netflix series; See Stranger Things Season 5 before anyone else on Netflix — here's how; Netflix reaches settlement with ex-India legal head in gender bias lawsuit"
2023-06-14,434.989990234375,440.8599853515625,447.3299865722656,433.5,8413100.0,"Netflix Releases ‘Physical: Asia’ Featuring Team Philippines Led By Manny Pacquiao; The Asset (Legenden, TV Series 2025) 'Netflix' Recap & Ending Explained: Can Ashley Ever Escape Miran’s World, or Is She Becoming the New Miran?; Crash Bandicoot animated tv show apparently in the works at Netflix; Crash Bandicoot Is Returning to Netflix, But I Hope It’s Nothing Like His Last Appearance; New on Netflix in November 2025 — here are the 5 best new shows and movies to stream; ‘Intense’ Danish thriller shoots up Netflix top 10; Netflix’s Costly Fantasy Series Returns with Major Change in Just 3 Days; Bridgerton: Who Edwina Sharma marries in the books vs. the Netflix series; See Stranger Things Season 5 before anyone else on Netflix — here's how; Netflix reaches settlement with ex-India legal head in gender bias lawsuit"
2023-06-15,444.1000061035156,445.2699890136719,448.6499938964844,439.5,7099900.0,"Netflix Releases ‘Physical: Asia’ Featuring Team Philippines Led By Manny Pacquiao; The Asset (Legenden, TV Series 2025) 'Netflix' Recap & Ending Explained: Can Ashley Ever Escape Miran’s World, or Is She Becoming the New Miran?; Crash Bandicoot animated tv show apparently in the works at Netflix; Crash Bandicoot Is Returning to Netflix, But I Hope It’s Nothing Like His Last Appearance; New on Netflix in November 2025 — here are the 5 best new shows and movies to stream; ‘Intense’ Danish thriller shoots up Netflix top 10; Netflix’s Costly Fantasy Series Returns with Major Change in Just 3 Days; Bridgerton: Who Edwina Sharma marries in the books vs. the Netflix series; See Stranger Things Season 5 before anyone else on Netflix — here's how; Netflix reaches settlement with ex-India legal head in gender bias lawsuit"
2023-06-16,446.1499938964844,431.9599914550781,447.510009765625,430.8999938964844,8753700.0,"Netflix Releases ‘Physical: Asia’ Featuring Team Philippines Led By Manny Pacquiao; The Asset (Legenden, TV Series 2025) 'Netflix' Recap & Ending Explained: Can Ashley Ever Escape Miran’s World, or Is She Becoming the New Miran?; Crash Bandicoot animated tv show apparently in the works at Netflix; Crash Bandicoot Is Returning to Netflix, But I Hope It’s Nothing Like His Last Appearance; New on Netflix in November 2025 — here are the 5 best new shows and movies to stream; ‘Intense’ Danish thriller shoots up Netflix top 10; Netflix’s Costly Fantasy Series Returns with Major Change in Just 3 Days; Bridgerton: Who Edwina Sharma marries in the books vs. the Netflix series; See Stranger Things Season 5 before anyone else on Netflix — here's how; Netflix reaches settlement with ex-India legal head in gender bias lawsuit"
2023-06-20,430.17999267578136,434.70001220703136,440.0,430.0,4756000.0,"Netflix Releases ‘Physical: Asia’ Featuring Team Philippines Led By Manny Pacquiao; The Asset (Legenden, TV Series 2025) 'Netflix' Recap & Ending Explained: Can Ashley Ever Escape Miran’s World, or Is She Becoming the New Miran?; Crash Bandicoot animated tv show apparently in the works at Netflix; Crash Bandicoot Is Returning to Netflix, But I Hope It’s Nothing Like His Last Appearance; New on Netflix in November 2025 — here are the 5 best new shows and movies to stream; ‘Intense’ Danish thriller shoots up Netflix top 10; Netflix’s Costly Fantasy Series Returns with Major Change in Just 3 Days; Bridgerton: Who Edwina Sharma marries in the books vs. the Netflix series; See Stranger Things Season 5 before anyone else on Netflix — here's how; Netflix reaches settlement with ex-India legal head in gender bias lawsuit"
2023-06-21,432.6499938964844,424.45001220703136,434.54998779296886,422.5400085449219,5146400.0,"Netflix Releases ‘Physical: Asia’ Featuring Team Philippines Led By Manny Pacquiao; The Asset (Legenden, TV Series 2025) 'Netflix' Recap & Ending Explained: Can Ashley Ever Escape Miran’s World, or Is She Becoming the New Miran?; Crash Bandicoot animated tv show apparently in the works at Netflix; Crash Bandicoot Is Returning to Netflix, But I Hope It’s Nothing Like His Last Appearance; New on Netflix in November 2025 — here are the 5 best new shows and movies to stream; ‘Intense’ Danish thriller shoots up Netflix top 10; Netflix’s Costly Fantasy Series Returns with Major Change in Just 3 Days; Bridgerton: Who Edwina Sharma marries in the books vs. the Netflix series; See Stranger Things Season 5 before anyone else on Netflix — here's how; Netflix reaches settlement with ex-India legal head in gender bias lawsuit"
2023-06-22,422.92999267578136,422.4800109863281,424.7099914550781,418.67999267578136,4869500.0,"Netflix Releases ‘Physical: Asia’ Featuring Team Philippines Led By Manny Pacquiao; The Asset (Legenden, TV Series 2025) 'Netflix' Recap & Ending Explained: Can Ashley Ever Escape Miran’s World, or Is She Becoming the New Miran?; Crash Bandicoot animated tv show apparently in the works at Netflix; Crash Bandicoot Is Returning to Netflix, But I Hope It’s Nothing Like His Last Appearance; New on Netflix in November 2025 — here are the 5 best new shows and movies to stream; ‘Intense’ Danish thriller shoots up Netflix top 10; Netflix’s Costly Fantasy Series Returns with Major Change in Just 3 Days; Bridgerton: Who Edwina Sharma marries in the books vs. the Netflix series; See Stranger Things Season 5 before anyone else on Netflix — here's how; Netflix reaches settlement with ex-India legal head in gender bias lawsuit"
2023-06-23,418.5899963378906,424.0199890136719,425.82000732421886,417.7300109863281,8298600.0,"Netflix Releases ‘Physical: Asia’ Featuring Team Philippines Led By Manny Pacquiao; The Asset (Legenden, TV Series 2025) 'Netflix' Recap & Ending Explained: Can Ashley Ever Escape Miran’s World, or Is She Becoming the New Miran?; Crash Bandicoot animated tv show apparently in the works at Netflix; Crash Bandicoot Is Returning to Netflix, But I Hope It’s Nothing Like His Last Appearance; New on Netflix in November 2025 — here are the 5 best new shows and movies to stream; ‘Intense’ Danish thriller shoots up Netflix top 10; Netflix’s Costly Fantasy Series Returns with Major Change in Just 3 Days; Bridgerton: Who Edwina Sharma marries in the books vs. the Netflix series; See Stranger Things Season 5 before anyone else on Netflix — here's how; Netflix reaches settlement with ex-India legal head in gender bias lawsuit"
2023-06-26,422.44000244140636,415.94000244140636,430.9599914550781,414.8999938964844,4640000.0,"Netflix Releases ‘Physical: Asia’ Featuring Team Philippines Led By Manny Pacquiao; The Asset (Legenden, TV Series 2025) 'Netflix' Recap & Ending Explained: Can Ashley Ever Escape Miran’s World, or Is She Becoming the New Miran?; Crash Bandicoot animated tv show apparently in the works at Netflix; Crash Bandicoot Is Returning to Netflix, But I Hope It’s Nothing Like His Last Appearance; New on Netflix in November 2025 — here are the 5 best new shows and movies to stream; ‘Intense’ Danish thriller shoots up Netflix top 10; Netflix’s Costly Fantasy Series Returns with Major Change in Just 3 Days; Bridgerton: Who Edwina Sharma marries in the books vs. the Netflix series; See Stranger Things Season 5 before anyone else on Netflix — here's how; Netflix reaches settlement with ex-India legal head in gender bias lawsuit"
2023-06-27,417.3900146484375,417.0799865722656,420.8800048828125,411.5,4818100.0,"Netflix Releases ‘Physical: Asia’ Featuring Team Philippines Led By Manny Pacquiao; The Asset (Legenden, TV Series 2025) 'Netflix' Recap & Ending Explained: Can Ashley Ever Escape Miran’s World, or Is She Becoming the New Miran?; Crash Bandicoot animated tv show apparently in the works at Netflix; Crash Bandicoot Is Returning to Netflix, But I Hope It’s Nothing Like His Last Appearance; New on Netflix in November 2025 — here are the 5 best new shows and movies to stream; ‘Intense’ Danish thriller shoots up Netflix top 10; Netflix’s Costly Fantasy Series Returns with Major Change in Just 3 Days; Bridgerton: Who Edwina Sharma marries in the books vs. the Netflix series; See Stranger Things Season 5 before anyone else on Netflix — here's how; Netflix reaches settlement with ex-India legal head in gender bias lawsuit"
2023-06-28,423.1000061035156,429.8399963378906,437.2900085449219,422.8900146484375,8811300.0,"Netflix Releases ‘Physical: Asia’ Featuring Team Philippines Led By Manny Pacquiao; The Asset (Legenden, TV Series 2025) 'Netflix' Recap & Ending Explained: Can Ashley Ever Escape Miran’s World, or Is She Becoming the New Miran?; Crash Bandicoot animated tv show apparently in the works at Netflix; Crash Bandicoot Is Returning to Netflix, But I Hope It’s Nothing Like His Last Appearance; New on Netflix in November 2025 — here are the 5 best new shows and movies to stream; ‘Intense’ Danish thriller shoots up Netflix top 10; Netflix’s Costly Fantasy Series Returns with Major Change in Just 3 Days; Bridgerton: Who Edwina Sharma marries in the books vs. the Netflix series; See Stranger Things Season 5 before anyone else on Netflix — here's how; Netflix reaches settlement with ex-India legal head in gender bias lawsuit"
2023-06-29,434.3299865722656,428.239990234375,437.8500061035156,426.1499938964844,4932300.0,"Netflix Releases ‘Physical: Asia’ Featuring Team Philippines Led By Manny Pacquiao; The Asset (Legenden, TV Series 2025) 'Netflix' Recap & Ending Explained: Can Ashley Ever Escape Miran’s World, or Is She Becoming the New Miran?; Crash Bandicoot animated tv show apparently in the works at Netflix; Crash Bandicoot Is Returning to Netflix, But I Hope It’s Nothing Like His Last Appearance; New on Netflix in November 2025 — here are the 5 best new shows and movies to stream; ‘Intense’ Danish thriller shoots up Netflix top 10; Netflix’s Costly Fantasy Series Returns with Major Change in Just 3 Days; Bridgerton: Who Edwina Sharma marries in the books vs. the Netflix series; See Stranger Things Season 5 before anyone else on Netflix — here's how; Netflix reaches settlement with ex-India legal head in gender bias lawsuit"
2023-06-30,431.1000061035156,440.489990234375,444.1199951171875,431.1000061035156,7346400.0,"Netflix Releases ‘Physical: Asia’ Featuring Team Philippines Led By Manny Pacquiao; The Asset (Legenden, TV Series 2025) 'Netflix' Recap & Ending Explained: Can Ashley Ever Escape Miran’s World, or Is She Becoming the New Miran?; Crash Bandicoot animated tv show apparently in the works at Netflix; Crash Bandicoot Is Returning to Netflix, But I Hope It’s Nothing Like His Last Appearance; New on Netflix in November 2025 — here are the 5 best new shows and movies to stream; ‘Intense’ Danish thriller shoots up Netflix top 10; Netflix’s Costly Fantasy Series Returns with Major Change in Just 3 Days; Bridgerton: Who Edwina Sharma marries in the books vs. the Netflix series; See Stranger Things Season 5 before anyone else on Netflix — here's how; Netflix reaches settlement with ex-India legal head in gender bias lawsuit"
2023-07-03,439.760009765625,441.44000244140636,441.54998779296886,431.6199951171875,3733200.0,"Netflix Releases ‘Physical: Asia’ Featuring Team Philippines Led By Manny Pacquiao; The Asset (Legenden, TV Series 2025) 'Netflix' Recap & Ending Explained: Can Ashley Ever Escape Miran’s World, or Is She Becoming the New Miran?; Crash Bandicoot animated tv show apparently in the works at Netflix; Crash Bandicoot Is Returning to Netflix, But I Hope It’s Nothing Like His Last Appearance; New on Netflix in November 2025 — here are the 5 best new shows and movies to stream; ‘Intense’ Danish thriller shoots up Netflix top 10; Netflix’s Costly Fantasy Series Returns with Major Change in Just 3 Days; Bridgerton: Who Edwina Sharma marries in the books vs. the Netflix series; See Stranger Things Season 5 before anyone else on Netflix — here's how; Netflix reaches settlement with ex-India legal head in gender bias lawsuit"
2023-07-05,444.9100036621094,445.8999938964844,450.9700012207031,439.6199951171875,6869500.0,"Netflix Releases ‘Physical: Asia’ Featuring Team Philippines Led By Manny Pacquiao; The Asset (Legenden, TV Series 2025) 'Netflix' Recap & Ending Explained: Can Ashley Ever Escape Miran’s World, or Is She Becoming the New Miran?; Crash Bandicoot animated tv show apparently in the works at Netflix; Crash Bandicoot Is Returning to Netflix, But I Hope It’s Nothing Like His Last Appearance; New on Netflix in November 2025 — here are the 5 best new shows and movies to stream; ‘Intense’ Danish thriller shoots up Netflix top 10; Netflix’s Costly Fantasy Series Returns with Major Change in Just 3 Days; Bridgerton: Who Edwina Sharma marries in the books vs. the Netflix series; See Stranger Things Season 5 before anyone else on Netflix — here's how; Netflix reaches settlement with ex-India legal head in gender bias lawsuit"
2023-07-06,440.0,438.8399963378906,442.79998779296886,430.7200012207031,4938800.0,"Netflix Releases ‘Physical: Asia’ Featuring Team Philippines Led By Manny Pacquiao; The Asset (Legenden, TV Series 2025) 'Netflix' Recap & Ending Explained: Can Ashley Ever Escape Miran’s World, or Is She Becoming the New Miran?; Crash Bandicoot animated tv show apparently in the works at Netflix; Crash Bandicoot Is Returning to Netflix, But I Hope It’s Nothing Like His Last Appearance; New on Netflix in November 2025 — here are the 5 best new shows and movies to stream; ‘Intense’ Danish thriller shoots up Netflix top 10; Netflix’s Costly Fantasy Series Returns with Major Change in Just 3 Days; Bridgerton: Who Edwina Sharma marries in the books vs. the Netflix series; See Stranger Things Season 5 before anyone else on Netflix — here's how; Netflix reaches settlement with ex-India legal head in gender bias lawsuit"
2023-07-07,438.6000061035156,438.1000061035156,442.3299865722656,435.8399963378906,4165100.0,"Netflix Releases ‘Physical: Asia’ Featuring Team Philippines Led By Manny Pacquiao; The Asset (Legenden, TV Series 2025) 'Netflix' Recap & Ending Explained: Can Ashley Ever Escape Miran’s World, or Is She Becoming the New Miran?; Crash Bandicoot animated tv show apparently in the works at Netflix; Crash Bandicoot Is Returning to Netflix, But I Hope It’s Nothing Like His Last Appearance; New on Netflix in November 2025 — here are the 5 best new shows and movies to stream; ‘Intense’ Danish thriller shoots up Netflix top 10; Netflix’s Costly Fantasy Series Returns with Major Change in Just 3 Days; Bridgerton: Who Edwina Sharma marries in the books vs. the Netflix series; See Stranger Things Season 5 before anyone else on Netflix — here's how; Netflix reaches settlement with ex-India legal head in gender bias lawsuit"
2023-07-10,438.5199890136719,441.7099914550781,444.4100036621094,436.82000732421886,4251700.0,"Netflix Releases ‘Physical: Asia’ Featuring Team Philippines Led By Manny Pacquiao; The Asset (Legenden, TV Series 2025) 'Netflix' Recap & Ending Explained: Can Ashley Ever Escape Miran’s World, or Is She Becoming the New Miran?; Crash Bandicoot animated tv show apparently in the works at Netflix; Crash Bandicoot Is Returning to Netflix, But I Hope It’s Nothing Like His Last Appearance; New on Netflix in November 2025 — here are the 5 best new shows and movies to stream; ‘Intense’ Danish thriller shoots up Netflix top 10; Netflix’s Costly Fantasy Series Returns with Major Change in Just 3 Days; Bridgerton: Who Edwina Sharma marries in the books vs. the Netflix series; See Stranger Things Season 5 before anyone else on Netflix — here's how; Netflix reaches settlement with ex-India legal head in gender bias lawsuit"
2023-07-11,438.6499938964844,440.2099914550781,440.79998779296886,431.0400085449219,4569200.0,"Netflix Releases ‘Physical: Asia’ Featuring Team Philippines Led By Manny Pacquiao; The Asset (Legenden, TV Series 2025) 'Netflix' Recap & Ending Explained: Can Ashley Ever Escape Miran’s World, or Is She Becoming the New Miran?; Crash Bandicoot animated tv show apparently in the works at Netflix; Crash Bandicoot Is Returning to Netflix, But I Hope It’s Nothing Like His Last Appearance; New on Netflix in November 2025 — here are the 5 best new shows and movies to stream; ‘Intense’ Danish thriller shoots up Netflix top 10; Netflix’s Costly Fantasy Series Returns with Major Change in Just 3 Days; Bridgerton: Who Edwina Sharma marries in the books vs. the Netflix series; See Stranger Things Season 5 before anyone else on Netflix — here's how; Netflix reaches settlement with ex-India legal head in gender bias lawsuit"
2023-07-12,444.54998779296886,444.04998779296886,445.4100036621094,437.75,5731700.0,"Netflix Releases ‘Physical: Asia’ Featuring Team Philippines Led By Manny Pacquiao; The Asset (Legenden, TV Series 2025) 'Netflix' Recap & Ending Explained: Can Ashley Ever Escape Miran’s World, or Is She Becoming the New Miran?; Crash Bandicoot animated tv show apparently in the works at Netflix; Crash Bandicoot Is Returning to Netflix, But I Hope It’s Nothing Like His Last Appearance; New on Netflix in November 2025 — here are the 5 best new shows and movies to stream; ‘Intense’ Danish thriller shoots up Netflix top 10; Netflix’s Costly Fantasy Series Returns with Major Change in Just 3 Days; Bridgerton: Who Edwina Sharma marries in the books vs. the Netflix series; See Stranger Things Season 5 before anyone else on Netflix — here's how; Netflix reaches settlement with ex-India legal head in gender bias lawsuit"
2023-07-13,447.0,450.3800048828125,451.6700134277344,441.17999267578136,6157500.0,"Netflix Releases ‘Physical: Asia’ Featuring Team Philippines Led By Manny Pacquiao; The Asset (Legenden, TV Series 2025) 'Netflix' Recap & Ending Explained: Can Ashley Ever Escape Miran’s World, or Is She Becoming the New Miran?; Crash Bandicoot animated tv show apparently in the works at Netflix; Crash Bandicoot Is Returning to Netflix, But I Hope It’s Nothing Like His Last Appearance; New on Netflix in November 2025 — here are the 5 best new shows and movies to stream; ‘Intense’ Danish thriller shoots up Netflix top 10; Netflix’s Costly Fantasy Series Returns with Major Change in Just 3 Days; Bridgerton: Who Edwina Sharma marries in the books vs. the Netflix series; See Stranger Things Season 5 before anyone else on Netflix — here's how; Netflix reaches settlement with ex-India legal head in gender bias lawsuit"
2023-07-14,452.7900085449219,441.9100036621094,456.4800109863281,439.70001220703136,7195900.0,"Netflix Releases ‘Physical: Asia’ Featuring Team Philippines Led By Manny Pacquiao; The Asset (Legenden, TV Series 2025) 'Netflix' Recap & Ending Explained: Can Ashley Ever Escape Miran’s World, or Is She Becoming the New Miran?; Crash Bandicoot animated tv show apparently in the works at Netflix; Crash Bandicoot Is Returning to Netflix, But I Hope It’s Nothing Like His Last Appearance; New on Netflix in November 2025 — here are the 5 best new shows and movies to stream; ‘Intense’ Danish thriller shoots up Netflix top 10; Netflix’s Costly Fantasy Series Returns with Major Change in Just 3 Days; Bridgerton: Who Edwina Sharma marries in the books vs. the Netflix series; See Stranger Things Season 5 before anyone else on Netflix — here's how; Netflix reaches settlement with ex-India legal head in gender bias lawsuit"
2023-07-17,445.57000732421886,450.04998779296886,456.67999267578136,445.1099853515625,6891700.0,"Netflix Releases ‘Physical: Asia’ Featuring Team Philippines Led By Manny Pacquiao; The Asset (Legenden, TV Series 2025) 'Netflix' Recap & Ending Explained: Can Ashley Ever Escape Miran’s World, or Is She Becoming the New Miran?; Crash Bandicoot animated tv show apparently in the works at Netflix; Crash Bandicoot Is Returning to Netflix, But I Hope It’s Nothing Like His Last Appearance; New on Netflix in November 2025 — here are the 5 best new shows and movies to stream; ‘Intense’ Danish thriller shoots up Netflix top 10; Netflix’s Costly Fantasy Series Returns with Major Change in Just 3 Days; Bridgerton: Who Edwina Sharma marries in the books vs. the Netflix series; See Stranger Things Season 5 before anyone else on Netflix — here's how; Netflix reaches settlement with ex-India legal head in gender bias lawsuit"
2023-07-18,451.0,474.79998779296886,478.1499938964844,448.7799987792969,13041800.0,"A House of Dynamite Ending: What Really Happens in Kathryn Bigelow’s Netflix Thriller; Netflix Releases ‘Physical: Asia’ Featuring Team Philippines Led By Manny Pacquiao; The Asset (Legenden, TV Series 2025) 'Netflix' Recap & Ending Explained: Can Ashley Ever Escape Miran’s World, or Is She Becoming the New Miran?; Crash Bandicoot animated tv show apparently in the works at Netflix; Crash Bandicoot Is Returning to Netflix, But I Hope It’s Nothing Like His Last Appearance; New on Netflix in November 2025 — here are the 5 best new shows and movies to stream; ‘Intense’ Danish thriller shoots up Netflix top 10; Netflix’s Costly Fantasy Series Returns with Major Change in Just 3 Days; Bridgerton: Who Edwina Sharma marries in the books vs. the Netflix series; See Stranger Things Season 5 before anyone else on Netflix — here's how"
2023-07-19,476.8599853515625,477.5899963378906,485.0,470.0,20996500.0,"A House of Dynamite Ending: What Really Happens in Kathryn Bigelow’s Netflix Thriller; Netflix Releases ‘Physical: Asia’ Featuring Team Philippines Led By Manny Pacquiao; The Asset (Legenden, TV Series 2025) 'Netflix' Recap & Ending Explained: Can Ashley Ever Escape Miran’s World, or Is She Becoming the New Miran?; Crash Bandicoot animated tv show apparently in the works at Netflix; Crash Bandicoot Is Returning to Netflix, But I Hope It’s Nothing Like His Last Appearance; New on Netflix in November 2025 — here are the 5 best new shows and movies to stream; ‘Intense’ Danish thriller shoots up Netflix top 10; Netflix’s Costly Fantasy Series Returns with Major Change in Just 3 Days; Bridgerton: Who Edwina Sharma marries in the books vs. the Netflix series; See Stranger Things Season 5 before anyone else on Netflix — here's how"
2023-07-20,447.0,437.4200134277344,448.5,432.0,23989700.0,"A House of Dynamite Ending: What Really Happens in Kathryn Bigelow’s Netflix Thriller; Netflix Releases ‘Physical: Asia’ Featuring Team Philippines Led By Manny Pacquiao; The Asset (Legenden, TV Series 2025) 'Netflix' Recap & Ending Explained: Can Ashley Ever Escape Miran’s World, or Is She Becoming the New Miran?; Crash Bandicoot animated tv show apparently in the works at Netflix; Crash Bandicoot Is Returning to Netflix, But I Hope It’s Nothing Like His Last Appearance; New on Netflix in November 2025 — here are the 5 best new shows and movies to stream; ‘Intense’ Danish thriller shoots up Netflix top 10; Netflix’s Costly Fantasy Series Returns with Major Change in Just 3 Days; Bridgerton: Who Edwina Sharma marries in the books vs. the Netflix series; See Stranger Things Season 5 before anyone else on Netflix — here's how"
2023-07-21,437.3699951171875,427.5,438.239990234375,423.19000244140636,17340000.0,"A House of Dynamite Ending: What Really Happens in Kathryn Bigelow’s Netflix Thriller; Netflix Releases ‘Physical: Asia’ Featuring Team Philippines Led By Manny Pacquiao; The Asset (Legenden, TV Series 2025) 'Netflix' Recap & Ending Explained: Can Ashley Ever Escape Miran’s World, or Is She Becoming the New Miran?; Crash Bandicoot animated tv show apparently in the works at Netflix; Crash Bandicoot Is Returning to Netflix, But I Hope It’s Nothing Like His Last Appearance; New on Netflix in November 2025 — here are the 5 best new shows and movies to stream; ‘Intense’ Danish thriller shoots up Netflix top 10; Netflix’s Costly Fantasy Series Returns with Major Change in Just 3 Days; Bridgerton: Who Edwina Sharma marries in the books vs. the Netflix series; See Stranger Things Season 5 before anyone else on Netflix — here's how"
2023-07-24,425.0,428.3699951171875,428.6400146484375,419.19000244140636,8264400.0,"A House of Dynamite Ending: What Really Happens in Kathryn Bigelow’s Netflix Thriller; Netflix Releases ‘Physical: Asia’ Featuring Team Philippines Led By Manny Pacquiao; The Asset (Legenden, TV Series 2025) 'Netflix' Recap & Ending Explained: Can Ashley Ever Escape Miran’s World, or Is She Becoming the New Miran?; Crash Bandicoot animated tv show apparently in the works at Netflix; Crash Bandicoot Is Returning to Netflix, But I Hope It’s Nothing Like His Last Appearance; New on Netflix in November 2025 — here are the 5 best new shows and movies to stream; ‘Intense’ Danish thriller shoots up Netflix top 10; Netflix’s Costly Fantasy Series Returns with Major Change in Just 3 Days; Bridgerton: Who Edwina Sharma marries in the books vs. the Netflix series; See Stranger Things Season 5 before anyone else on Netflix — here's how"
2023-07-25,427.17999267578136,427.70001220703136,430.8800048828125,426.1300048828125,4859800.0,"A House of Dynamite Ending: What Really Happens in Kathryn Bigelow’s Netflix Thriller; Netflix Releases ‘Physical: Asia’ Featuring Team Philippines Led By Manny Pacquiao; The Asset (Legenden, TV Series 2025) 'Netflix' Recap & Ending Explained: Can Ashley Ever Escape Miran’s World, or Is She Becoming the New Miran?; Crash Bandicoot animated tv show apparently in the works at Netflix; Crash Bandicoot Is Returning to Netflix, But I Hope It’s Nothing Like His Last Appearance; New on Netflix in November 2025 — here are the 5 best new shows and movies to stream; ‘Intense’ Danish thriller shoots up Netflix top 10; Netflix’s Costly Fantasy Series Returns with Major Change in Just 3 Days; Bridgerton: Who Edwina Sharma marries in the books vs. the Netflix series; See Stranger Things Season 5 before anyone else on Netflix — here's how"
2023-07-26,424.20001220703136,422.6700134277344,425.260009765625,415.5899963378906,6009200.0,"A House of Dynamite Ending: What Really Happens in Kathryn Bigelow’s Netflix Thriller; Netflix Releases ‘Physical: Asia’ Featuring Team Philippines Led By Manny Pacquiao; The Asset (Legenden, TV Series 2025) 'Netflix' Recap & Ending Explained: Can Ashley Ever Escape Miran’s World, or Is She Becoming the New Miran?; Crash Bandicoot animated tv show apparently in the works at Netflix; Crash Bandicoot Is Returning to Netflix, But I Hope It’s Nothing Like His Last Appearance; New on Netflix in November 2025 — here are the 5 best new shows and movies to stream; ‘Intense’ Danish thriller shoots up Netflix top 10; Netflix’s Costly Fantasy Series Returns with Major Change in Just 3 Days; Bridgerton: Who Edwina Sharma marries in the books vs. the Netflix series; See Stranger Things Season 5 before anyone else on Netflix — here's how"
2023-07-27,426.8999938964844,413.1700134277344,427.5199890136719,411.8800048828125,6594500.0,"A House of Dynamite Ending: What Really Happens in Kathryn Bigelow’s Netflix Thriller; Netflix Releases ‘Physical: Asia’ Featuring Team Philippines Led By Manny Pacquiao; The Asset (Legenden, TV Series 2025) 'Netflix' Recap & Ending Explained: Can Ashley Ever Escape Miran’s World, or Is She Becoming the New Miran?; Crash Bandicoot animated tv show apparently in the works at Netflix; Crash Bandicoot Is Returning to Netflix, But I Hope It’s Nothing Like His Last Appearance; New on Netflix in November 2025 — here are the 5 best new shows and movies to stream; ‘Intense’ Danish thriller shoots up Netflix top 10; Netflix’s Costly Fantasy Series Returns with Major Change in Just 3 Days; Bridgerton: Who Edwina Sharma marries in the books vs. the Netflix series; See Stranger Things Season 5 before anyone else on Netflix — here's how"
2023-08-02,435.2300109863281,429.70001220703136,435.55999755859375,426.55999755859375,4912200.0,"ITAT deletes ₹445 cr TP adjustment on Netflix India; rejects revenue’s bid to treat it as content or tech; Netflix Documentary Ignites Three Major Leads in Amy Bradley Cold Case; What time is The Witcher season 4 released on Netflix?; Watch: Stranger Things Season 5 trailer goes viral after Netflix accidentally shares clip; Canal+ takes on Netflix in Africa with $3bn bet on satellite TV; 'Filthy and 2 hours sleep': What it's like on Netflix's most traumatic show; One Piece Season 2 Release Date Finally Confirmed: Netflix Sets Sail for Epic Grand Line Adventure; Movie With Will Smith’s Oscar Winning Role To Hit Netflix Soon; Netflix SA film ' Love and Wine' faces copycat criticism; Netflix reveals 5 new features coming to streaming app, including real-time voting and 'party games'"
2023-08-03,427.79998779296886,431.0,441.92999267578136,427.19000244140636,6243900.0,"ITAT deletes ₹445 cr TP adjustment on Netflix India; rejects revenue’s bid to treat it as content or tech; Netflix Documentary Ignites Three Major Leads in Amy Bradley Cold Case; What time is The Witcher season 4 released on Netflix?; Watch: Stranger Things Season 5 trailer goes viral after Netflix accidentally shares clip; Canal+ takes on Netflix in Africa with $3bn bet on satellite TV; 'Filthy and 2 hours sleep': What it's like on Netflix's most traumatic show; One Piece Season 2 Release Date Finally Confirmed: Netflix Sets Sail for Epic Grand Line Adventure; Movie With Will Smith’s Oscar Winning Role To Hit Netflix Soon; Netflix SA film ' Love and Wine' faces copycat criticism; Netflix reveals 5 new features coming to streaming app, including real-time voting and 'party games'"
2023-08-04,433.05999755859375,431.6000061035156,436.5,426.2699890136719,5441800.0,"ITAT deletes ₹445 cr TP adjustment on Netflix India; rejects revenue’s bid to treat it as content or tech; Netflix Documentary Ignites Three Major Leads in Amy Bradley Cold Case; What time is The Witcher season 4 released on Netflix?; Watch: Stranger Things Season 5 trailer goes viral after Netflix accidentally shares clip; Canal+ takes on Netflix in Africa with $3bn bet on satellite TV; 'Filthy and 2 hours sleep': What it's like on Netflix's most traumatic show; One Piece Season 2 Release Date Finally Confirmed: Netflix Sets Sail for Epic Grand Line Adventure; Movie With Will Smith’s Oscar Winning Role To Hit Netflix Soon; Netflix SA film ' Love and Wine' faces copycat criticism; Netflix reveals 5 new features coming to streaming app, including real-time voting and 'party games'"
2023-08-07,436.4599914550781,440.760009765625,441.1099853515625,428.9100036621094,4781300.0,"ITAT deletes ₹445 cr TP adjustment on Netflix India; rejects revenue’s bid to treat it as content or tech; Netflix Documentary Ignites Three Major Leads in Amy Bradley Cold Case; What time is The Witcher season 4 released on Netflix?; Watch: Stranger Things Season 5 trailer goes viral after Netflix accidentally shares clip; Canal+ takes on Netflix in Africa with $3bn bet on satellite TV; 'Filthy and 2 hours sleep': What it's like on Netflix's most traumatic show; One Piece Season 2 Release Date Finally Confirmed: Netflix Sets Sail for Epic Grand Line Adventure; Movie With Will Smith’s Oscar Winning Role To Hit Netflix Soon; Netflix SA film ' Love and Wine' faces copycat criticism; Netflix reveals 5 new features coming to streaming app, including real-time voting and 'party games'"
2023-08-08,440.3599853515625,438.29998779296886,443.57000732421886,435.1000061035156,3767200.0,"ITAT deletes ₹445 cr TP adjustment on Netflix India; rejects revenue’s bid to treat it as content or tech; Netflix Documentary Ignites Three Major Leads in Amy Bradley Cold Case; What time is The Witcher season 4 released on Netflix?; Watch: Stranger Things Season 5 trailer goes viral after Netflix accidentally shares clip; Canal+ takes on Netflix in Africa with $3bn bet on satellite TV; 'Filthy and 2 hours sleep': What it's like on Netflix's most traumatic show; One Piece Season 2 Release Date Finally Confirmed: Netflix Sets Sail for Epic Grand Line Adventure; Movie With Will Smith’s Oscar Winning Role To Hit Netflix Soon; Netflix SA film ' Love and Wine' faces copycat criticism; Netflix reveals 5 new features coming to streaming app, including real-time voting and 'party games'"
2023-08-09,439.739990234375,428.8999938964844,440.6199951171875,427.5899963378906,3846600.0,"ITAT deletes ₹445 cr TP adjustment on Netflix India; rejects revenue’s bid to treat it as content or tech; Netflix Documentary Ignites Three Major Leads in Amy Bradley Cold Case; What time is The Witcher season 4 released on Netflix?; Watch: Stranger Things Season 5 trailer goes viral after Netflix accidentally shares clip; Canal+ takes on Netflix in Africa with $3bn bet on satellite TV; 'Filthy and 2 hours sleep': What it's like on Netflix's most traumatic show; One Piece Season 2 Release Date Finally Confirmed: Netflix Sets Sail for Epic Grand Line Adventure; Movie With Will Smith’s Oscar Winning Role To Hit Netflix Soon; Netflix SA film ' Love and Wine' faces copycat criticism; Netflix reveals 5 new features coming to streaming app, including real-time voting and 'party games'"
2023-08-10,431.1199951171875,429.9800109863281,438.1199951171875,428.69000244140636,5467600.0,"ITAT deletes ₹445 cr TP adjustment on Netflix India; rejects revenue’s bid to treat it as content or tech; Netflix Documentary Ignites Three Major Leads in Amy Bradley Cold Case; What time is The Witcher season 4 released on Netflix?; Watch: Stranger Things Season 5 trailer goes viral after Netflix accidentally shares clip; Canal+ takes on Netflix in Africa with $3bn bet on satellite TV; 'Filthy and 2 hours sleep': What it's like on Netflix's most traumatic show; One Piece Season 2 Release Date Finally Confirmed: Netflix Sets Sail for Epic Grand Line Adventure; Movie With Will Smith’s Oscar Winning Role To Hit Netflix Soon; Netflix SA film ' Love and Wine' faces copycat criticism; Netflix reveals 5 new features coming to streaming app, including real-time voting and 'party games'"
2023-08-11,428.9800109863281,421.6600036621094,430.6300048828125,421.3299865722656,3927900.0,"ITAT deletes ₹445 cr TP adjustment on Netflix India; rejects revenue’s bid to treat it as content or tech; Netflix Documentary Ignites Three Major Leads in Amy Bradley Cold Case; What time is The Witcher season 4 released on Netflix?; Watch: Stranger Things Season 5 trailer goes viral after Netflix accidentally shares clip; Canal+ takes on Netflix in Africa with $3bn bet on satellite TV; 'Filthy and 2 hours sleep': What it's like on Netflix's most traumatic show; One Piece Season 2 Release Date Finally Confirmed: Netflix Sets Sail for Epic Grand Line Adventure; Movie With Will Smith’s Oscar Winning Role To Hit Netflix Soon; Netflix SA film ' Love and Wine' faces copycat criticism; Netflix reveals 5 new features coming to streaming app, including real-time voting and 'party games'"
2023-08-14,421.989990234375,427.7799987792969,428.8500061035156,418.7799987792969,3966000.0,"ITAT deletes ₹445 cr TP adjustment on Netflix India; rejects revenue’s bid to treat it as content or tech; Netflix Documentary Ignites Three Major Leads in Amy Bradley Cold Case; What time is The Witcher season 4 released on Netflix?; Watch: Stranger Things Season 5 trailer goes viral after Netflix accidentally shares clip; Canal+ takes on Netflix in Africa with $3bn bet on satellite TV; 'Filthy and 2 hours sleep': What it's like on Netflix's most traumatic show; One Piece Season 2 Release Date Finally Confirmed: Netflix Sets Sail for Epic Grand Line Adventure; Movie With Will Smith’s Oscar Winning Role To Hit Netflix Soon; Netflix SA film ' Love and Wine' faces copycat criticism; Netflix reveals 5 new features coming to streaming app, including real-time voting and 'party games'"
2023-08-15,424.4100036621094,423.70001220703136,429.1199951171875,421.0400085449219,3368000.0,"ITAT deletes ₹445 cr TP adjustment on Netflix India; rejects revenue’s bid to treat it as content or tech; Netflix Documentary Ignites Three Major Leads in Amy Bradley Cold Case; What time is The Witcher season 4 released on Netflix?; Watch: Stranger Things Season 5 trailer goes viral after Netflix accidentally shares clip; Canal+ takes on Netflix in Africa with $3bn bet on satellite TV; 'Filthy and 2 hours sleep': What it's like on Netflix's most traumatic show; One Piece Season 2 Release Date Finally Confirmed: Netflix Sets Sail for Epic Grand Line Adventure; Movie With Will Smith’s Oscar Winning Role To Hit Netflix Soon; Netflix SA film ' Love and Wine' faces copycat criticism; Netflix reveals 5 new features coming to streaming app, including real-time voting and 'party games'"
2023-08-16,423.7300109863281,415.45001220703136,424.510009765625,415.25,3967000.0,"ITAT deletes ₹445 cr TP adjustment on Netflix India; rejects revenue’s bid to treat it as content or tech; Netflix Documentary Ignites Three Major Leads in Amy Bradley Cold Case; What time is The Witcher season 4 released on Netflix?; Watch: Stranger Things Season 5 trailer goes viral after Netflix accidentally shares clip; Canal+ takes on Netflix in Africa with $3bn bet on satellite TV; 'Filthy and 2 hours sleep': What it's like on Netflix's most traumatic show; One Piece Season 2 Release Date Finally Confirmed: Netflix Sets Sail for Epic Grand Line Adventure; Movie With Will Smith’s Oscar Winning Role To Hit Netflix Soon; Netflix SA film ' Love and Wine' faces copycat criticism; Netflix reveals 5 new features coming to streaming app, including real-time voting and 'party games'"
2023-08-17,415.0,403.0,415.239990234375,401.5799865722656,6031500.0,"ITAT deletes ₹445 cr TP adjustment on Netflix India; rejects revenue’s bid to treat it as content or tech; Netflix Documentary Ignites Three Major Leads in Amy Bradley Cold Case; What time is The Witcher season 4 released on Netflix?; Watch: Stranger Things Season 5 trailer goes viral after Netflix accidentally shares clip; Canal+ takes on Netflix in Africa with $3bn bet on satellite TV; One Piece Season 2 Release Date Finally Confirmed: Netflix Sets Sail for Epic Grand Line Adventure; 'Filthy and 2 hours sleep': What it's like on Netflix's most traumatic show; Movie With Will Smith’s Oscar Winning Role To Hit Netflix Soon; Netflix SA film ' Love and Wine' faces copycat criticism; Netflix reveals 5 new features coming to streaming app, including real-time voting and 'party games'"
2023-08-18,399.3299865722656,404.5299987792969,406.5199890136719,398.1499938964844,4312200.0,"ITAT deletes ₹445 cr TP adjustment on Netflix India; rejects revenue’s bid to treat it as content or tech; Netflix Documentary Ignites Three Major Leads in Amy Bradley Cold Case; What time is The Witcher season 4 released on Netflix?; Watch: Stranger Things Season 5 trailer goes viral after Netflix accidentally shares clip; Canal+ takes on Netflix in Africa with $3bn bet on satellite TV; 'Filthy and 2 hours sleep': What it's like on Netflix's most traumatic show; One Piece Season 2 Release Date Finally Confirmed: Netflix Sets Sail for Epic Grand Line Adventure; Movie With Will Smith’s Oscar Winning Role To Hit Netflix Soon; Netflix SA film ' Love and Wine' faces copycat criticism; Netflix reveals 5 new features coming to streaming app, including real-time voting and 'party games'"
2023-08-21,402.2300109863281,408.2900085449219,409.6099853515625,399.5,3861600.0,"ITAT deletes ₹445 cr TP adjustment on Netflix India; rejects revenue’s bid to treat it as content or tech; Netflix Documentary Ignites Three Major Leads in Amy Bradley Cold Case; What time is The Witcher season 4 released on Netflix?; Watch: Stranger Things Season 5 trailer goes viral after Netflix accidentally shares clip; Canal+ takes on Netflix in Africa with $3bn bet on satellite TV; 'Filthy and 2 hours sleep': What it's like on Netflix's most traumatic show; One Piece Season 2 Release Date Finally Confirmed: Netflix Sets Sail for Epic Grand Line Adventure; Movie With Will Smith’s Oscar Winning Role To Hit Netflix Soon; Netflix SA film ' Love and Wine' faces copycat criticism; Netflix reveals 5 new features coming to streaming app, including real-time voting and 'party games'"
2023-08-22,409.0,413.1700134277344,415.739990234375,407.3999938964844,3599700.0,"ITAT deletes ₹445 cr TP adjustment on Netflix India; rejects revenue’s bid to treat it as content or tech; Netflix Documentary Ignites Three Major Leads in Amy Bradley Cold Case; What time is The Witcher season 4 released on Netflix?; Watch: Stranger Things Season 5 trailer goes viral after Netflix accidentally shares clip; Canal+ takes on Netflix in Africa with $3bn bet on satellite TV; 'Filthy and 2 hours sleep': What it's like on Netflix's most traumatic show; One Piece Season 2 Release Date Finally Confirmed: Netflix Sets Sail for Epic Grand Line Adventure; Movie With Will Smith’s Oscar Winning Role To Hit Netflix Soon; Netflix SA film ' Love and Wine' faces copycat criticism; Netflix reveals 5 new features coming to streaming app, including real-time voting and 'party games'"
2023-08-23,418.3999938964844,427.54998779296886,437.0199890136719,417.7099914550781,8174700.0,"ITAT deletes ₹445 cr TP adjustment on Netflix India; rejects revenue’s bid to treat it as content or tech; Netflix Documentary Ignites Three Major Leads in Amy Bradley Cold Case; What time is The Witcher season 4 released on Netflix?; Watch: Stranger Things Season 5 trailer goes viral after Netflix accidentally shares clip; Canal+ takes on Netflix in Africa with $3bn bet on satellite TV; 'Filthy and 2 hours sleep': What it's like on Netflix's most traumatic show; One Piece Season 2 Release Date Finally Confirmed: Netflix Sets Sail for Epic Grand Line Adventure; Movie With Will Smith’s Oscar Winning Role To Hit Netflix Soon; Netflix SA film ' Love and Wine' faces copycat criticism; Netflix reveals 5 new features coming to streaming app, including real-time voting and 'party games'"
2023-08-24,425.4100036621094,406.9299926757813,427.5899963378906,406.1700134277344,5687800.0,"ITAT deletes ₹445 cr TP adjustment on Netflix India; rejects revenue’s bid to treat it as content or tech; Netflix Documentary Ignites Three Major Leads in Amy Bradley Cold Case; What time is The Witcher season 4 released on Netflix?; Watch: Stranger Things Season 5 trailer goes viral after Netflix accidentally shares clip; Canal+ takes on Netflix in Africa with $3bn bet on satellite TV; 'Filthy and 2 hours sleep': What it's like on Netflix's most traumatic show; One Piece Season 2 Release Date Finally Confirmed: Netflix Sets Sail for Epic Grand Line Adventure; Movie With Will Smith’s Oscar Winning Role To Hit Netflix Soon; Netflix SA film ' Love and Wine' faces copycat criticism; Netflix reveals 5 new features coming to streaming app, including real-time voting and 'party games'"
2023-08-25,412.0,416.0299987792969,419.25,407.55999755859375,5390900.0,"ITAT deletes ₹445 cr TP adjustment on Netflix India; rejects revenue’s bid to treat it as content or tech; Netflix Documentary Ignites Three Major Leads in Amy Bradley Cold Case; What time is The Witcher season 4 released on Netflix?; Watch: Stranger Things Season 5 trailer goes viral after Netflix accidentally shares clip; Canal+ takes on Netflix in Africa with $3bn bet on satellite TV; 'Filthy and 2 hours sleep': What it's like on Netflix's most traumatic show; One Piece Season 2 Release Date Finally Confirmed: Netflix Sets Sail for Epic Grand Line Adventure; Movie With Will Smith’s Oscar Winning Role To Hit Netflix Soon; Netflix SA film ' Love and Wine' faces copycat criticism; Netflix reveals 5 new features coming to streaming app, including real-time voting and 'party games'"
2023-08-28,418.0400085449219,418.05999755859375,419.8299865722656,413.2699890136719,2928600.0,"ITAT deletes ₹445 cr TP adjustment on Netflix India; rejects revenue’s bid to treat it as content or tech; Netflix Documentary Ignites Three Major Leads in Amy Bradley Cold Case; What time is The Witcher season 4 released on Netflix?; Watch: Stranger Things Season 5 trailer goes viral after Netflix accidentally shares clip; Canal+ takes on Netflix in Africa with $3bn bet on satellite TV; 'Filthy and 2 hours sleep': What it's like on Netflix's most traumatic show; One Piece Season 2 Release Date Finally Confirmed: Netflix Sets Sail for Epic Grand Line Adventure; Movie With Will Smith’s Oscar Winning Role To Hit Netflix Soon; Netflix SA film ' Love and Wine' faces copycat criticism; Netflix reveals 5 new features coming to streaming app, including real-time voting and 'party games'"
2023-08-29,416.0,429.989990234375,432.1700134277344,414.5,4486700.0,"ITAT deletes ₹445 cr TP adjustment on Netflix India; rejects revenue’s bid to treat it as content or tech; Netflix Documentary Ignites Three Major Leads in Amy Bradley Cold Case; What time is The Witcher season 4 released on Netflix?; Watch: Stranger Things Season 5 trailer goes viral after Netflix accidentally shares clip; Canal+ takes on Netflix in Africa with $3bn bet on satellite TV; 'Filthy and 2 hours sleep': What it's like on Netflix's most traumatic show; One Piece Season 2 Release Date Finally Confirmed: Netflix Sets Sail for Epic Grand Line Adventure; Movie With Will Smith’s Oscar Winning Role To Hit Netflix Soon; Netflix SA film ' Love and Wine' faces copycat criticism; Netflix reveals 5 new features coming to streaming app, including real-time voting and 'party games'"
2023-08-30,430.8500061035156,434.6700134277344,438.1600036621094,428.3500061035156,3625400.0,"ITAT deletes ₹445 cr TP adjustment on Netflix India; rejects revenue’s bid to treat it as content or tech; Netflix Documentary Ignites Three Major Leads in Amy Bradley Cold Case; What time is The Witcher season 4 released on Netflix?; Watch: Stranger Things Season 5 trailer goes viral after Netflix accidentally shares clip; Canal+ takes on Netflix in Africa with $3bn bet on satellite TV; 'Filthy and 2 hours sleep': What it's like on Netflix's most traumatic show; One Piece Season 2 Release Date Finally Confirmed: Netflix Sets Sail for Epic Grand Line Adventure; Movie With Will Smith’s Oscar Winning Role To Hit Netflix Soon; Netflix SA film ' Love and Wine' faces copycat criticism; Netflix reveals 5 new features coming to streaming app, including real-time voting and 'party games'"
2023-08-31,431.2300109863281,433.67999267578136,437.1499938964844,431.2300109863281,3803000.0,"ITAT deletes ₹445 cr TP adjustment on Netflix India; rejects revenue’s bid to treat it as content or tech; Netflix Documentary Ignites Three Major Leads in Amy Bradley Cold Case; What time is The Witcher season 4 released on Netflix?; Watch: Stranger Things Season 5 trailer goes viral after Netflix accidentally shares clip; Canal+ takes on Netflix in Africa with $3bn bet on satellite TV; 'Filthy and 2 hours sleep': What it's like on Netflix's most traumatic show; One Piece Season 2 Release Date Finally Confirmed: Netflix Sets Sail for Epic Grand Line Adventure; Movie With Will Smith’s Oscar Winning Role To Hit Netflix Soon; Netflix SA film ' Love and Wine' faces copycat criticism; Netflix reveals 5 new features coming to streaming app, including real-time voting and 'party games'"
2023-09-01,437.7300109863281,439.8800048828125,445.5,435.92999267578136,4793400.0,"ITAT deletes ₹445 cr TP adjustment on Netflix India; rejects revenue’s bid to treat it as content or tech; Netflix Documentary Ignites Three Major Leads in Amy Bradley Cold Case; What time is The Witcher season 4 released on Netflix?; Watch: Stranger Things Season 5 trailer goes viral after Netflix accidentally shares clip; Canal+ takes on Netflix in Africa with $3bn bet on satellite TV; One Piece Season 2 Release Date Finally Confirmed: Netflix Sets Sail for Epic Grand Line Adventure; 'Filthy and 2 hours sleep': What it's like on Netflix's most traumatic show; Movie With Will Smith’s Oscar Winning Role To Hit Netflix Soon; Netflix SA film ' Love and Wine' faces copycat criticism; Netflix reveals 5 new features coming to streaming app, including real-time voting and 'party games'"
2023-09-05,438.3900146484375,448.67999267578136,453.45001220703136,438.0,6155900.0,"ITAT deletes ₹445 cr TP adjustment on Netflix India; rejects revenue’s bid to treat it as content or tech; Netflix Documentary Ignites Three Major Leads in Amy Bradley Cold Case; What time is The Witcher season 4 released on Netflix?; Watch: Stranger Things Season 5 trailer goes viral after Netflix accidentally shares clip; Canal+ takes on Netflix in Africa with $3bn bet on satellite TV; One Piece Season 2 Release Date Finally Confirmed: Netflix Sets Sail for Epic Grand Line Adventure; 'Filthy and 2 hours sleep': What it's like on Netflix's most traumatic show; Movie With Will Smith’s Oscar Winning Role To Hit Netflix Soon; Netflix SA film ' Love and Wine' faces copycat criticism; Netflix reveals 5 new features coming to streaming app, including real-time voting and 'party games'"
2023-09-06,448.6099853515625,445.760009765625,451.3900146484375,440.489990234375,3862300.0,"ITAT deletes ₹445 cr TP adjustment on Netflix India; rejects revenue’s bid to treat it as content or tech; Netflix Documentary Ignites Three Major Leads in Amy Bradley Cold Case; What time is The Witcher season 4 released on Netflix?; Watch: Stranger Things Season 5 trailer goes viral after Netflix accidentally shares clip; Canal+ takes on Netflix in Africa with $3bn bet on satellite TV; 'Filthy and 2 hours sleep': What it's like on Netflix's most traumatic show; One Piece Season 2 Release Date Finally Confirmed: Netflix Sets Sail for Epic Grand Line Adventure; Movie With Will Smith’s Oscar Winning Role To Hit Netflix Soon; Netflix SA film ' Love and Wine' faces copycat criticism; Netflix reveals 5 new features coming to streaming app, including real-time voting and 'party games'"
2023-09-07,441.1499938964844,443.1400146484375,444.6000061035156,436.70001220703136,2922700.0,"ITAT deletes ₹445 cr TP adjustment on Netflix India; rejects revenue’s bid to treat it as content or tech; Netflix Documentary Ignites Three Major Leads in Amy Bradley Cold Case; What time is The Witcher season 4 released on Netflix?; Watch: Stranger Things Season 5 trailer goes viral after Netflix accidentally shares clip; Canal+ takes on Netflix in Africa with $3bn bet on satellite TV; 'Filthy and 2 hours sleep': What it's like on Netflix's most traumatic show; One Piece Season 2 Release Date Finally Confirmed: Netflix Sets Sail for Epic Grand Line Adventure; Movie With Will Smith’s Oscar Winning Role To Hit Netflix Soon; Netflix SA film ' Love and Wine' faces copycat criticism; Netflix reveals 5 new features coming to streaming app, including real-time voting and 'party games'"
2023-09-08,443.55999755859375,442.79998779296886,446.80999755859375,438.8500061035156,2697500.0,"ITAT deletes ₹445 cr TP adjustment on Netflix India; rejects revenue’s bid to treat it as content or tech; Netflix Documentary Ignites Three Major Leads in Amy Bradley Cold Case; What time is The Witcher season 4 released on Netflix?; Watch: Stranger Things Season 5 trailer goes viral after Netflix accidentally shares clip; Canal+ takes on Netflix in Africa with $3bn bet on satellite TV; 'Filthy and 2 hours sleep': What it's like on Netflix's most traumatic show; One Piece Season 2 Release Date Finally Confirmed: Netflix Sets Sail for Epic Grand Line Adventure; Movie With Will Smith’s Oscar Winning Role To Hit Netflix Soon; Netflix SA film ' Love and Wine' faces copycat criticism; Netflix reveals 5 new features coming to streaming app, including real-time voting and 'party games'"
2023-09-11,443.07000732421886,445.3599853515625,449.8900146484375,442.75,2913800.0,"ITAT deletes ₹445 cr TP adjustment on Netflix India; rejects revenue’s bid to treat it as content or tech; Netflix Documentary Ignites Three Major Leads in Amy Bradley Cold Case; What time is The Witcher season 4 released on Netflix?; Acclaimed Movie That Won Will Smith an Oscar Is Coming to Netflix; Watch: Stranger Things Season 5 trailer goes viral after Netflix accidentally shares clip; Canal+ takes on Netflix in Africa with $3bn bet on satellite TV; 'Filthy and 2 hours sleep': What it's like on Netflix's most traumatic show; One Piece Season 2 Release Date Finally Confirmed: Netflix Sets Sail for Epic Grand Line Adventure; Netflix SA film ' Love and Wine' faces copycat criticism; Netflix reveals 5 new features coming to streaming app, including real-time voting and 'party games'"
2023-09-12,442.8500061035156,434.69000244140636,445.44000244140636,434.1199951171875,3124000.0,"ITAT deletes ₹445 cr TP adjustment on Netflix India; rejects revenue’s bid to treat it as content or tech; Netflix Documentary Ignites Three Major Leads in Amy Bradley Cold Case; What time is The Witcher season 4 released on Netflix?; Acclaimed Movie That Won Will Smith an Oscar Is Coming to Netflix; Watch: Stranger Things Season 5 trailer goes viral after Netflix accidentally shares clip; Canal+ takes on Netflix in Africa with $3bn bet on satellite TV; 'Filthy and 2 hours sleep': What it's like on Netflix's most traumatic show; One Piece Season 2 Release Date Finally Confirmed: Netflix Sets Sail for Epic Grand Line Adventure; Netflix SA film ' Love and Wine' faces copycat criticism; Netflix reveals 5 new features coming to streaming app, including real-time voting and 'party games'"
2023-09-13,435.5,412.239990234375,438.3999938964844,410.69000244140636,11843000.0,"ITAT deletes ₹445 cr TP adjustment on Netflix India; rejects revenue’s bid to treat it as content or tech; Netflix Documentary Ignites Three Major Leads in Amy Bradley Cold Case; What time is The Witcher season 4 released on Netflix?; Acclaimed Movie That Won Will Smith an Oscar Is Coming to Netflix; Watch: Stranger Things Season 5 trailer goes viral after Netflix accidentally shares clip; Canal+ takes on Netflix in Africa with $3bn bet on satellite TV; 'Filthy and 2 hours sleep': What it's like on Netflix's most traumatic show; One Piece Season 2 Release Date Finally Confirmed: Netflix Sets Sail for Epic Grand Line Adventure; Netflix SA film ' Love and Wine' faces copycat criticism; Netflix reveals 5 new features coming to streaming app, including real-time voting and 'party games'"
2023-09-14,410.3999938964844,400.489990234375,411.3900146484375,400.0,10709000.0,"ITAT deletes ₹445 cr TP adjustment on Netflix India; rejects revenue’s bid to treat it as content or tech; Netflix Documentary Ignites Three Major Leads in Amy Bradley Cold Case; What time is The Witcher season 4 released on Netflix?; Acclaimed Movie That Won Will Smith an Oscar Is Coming to Netflix; Watch: Stranger Things Season 5 trailer goes viral after Netflix accidentally shares clip; Canal+ takes on Netflix in Africa with $3bn bet on satellite TV; 'Filthy and 2 hours sleep': What it's like on Netflix's most traumatic show; One Piece Season 2 Release Date Finally Confirmed: Netflix Sets Sail for Epic Grand Line Adventure; Netflix SA film ' Love and Wine' faces copycat criticism; Netflix reveals 5 new features coming to streaming app, including real-time voting and 'party games'"
2023-09-15,401.0,396.9400024414063,404.7000122070313,395.0299987792969,9116700.0,"ITAT deletes ₹445 cr TP adjustment on Netflix India; rejects revenue’s bid to treat it as content or tech; Netflix Documentary Ignites Three Major Leads in Amy Bradley Cold Case; What time is The Witcher season 4 released on Netflix?; Acclaimed Movie That Won Will Smith an Oscar Is Coming to Netflix; Watch: Stranger Things Season 5 trailer goes viral after Netflix accidentally shares clip; Canal+ takes on Netflix in Africa with $3bn bet on satellite TV; 'Filthy and 2 hours sleep': What it's like on Netflix's most traumatic show; One Piece Season 2 Release Date Finally Confirmed: Netflix Sets Sail for Epic Grand Line Adventure; Netflix SA film ' Love and Wine' faces copycat criticism; Netflix reveals 5 new features coming to streaming app, including real-time voting and 'party games'"
2023-09-18,395.5,394.3999938964844,399.4700012207031,392.6000061035156,4704700.0,"ITAT deletes ₹445 cr TP adjustment on Netflix India; rejects revenue’s bid to treat it as content or tech; Netflix Documentary Ignites Three Major Leads in Amy Bradley Cold Case; What time is The Witcher season 4 released on Netflix?; Acclaimed Movie That Won Will Smith an Oscar Is Coming to Netflix; Watch: Stranger Things Season 5 trailer goes viral after Netflix accidentally shares clip; Canal+ takes on Netflix in Africa with $3bn bet on satellite TV; 'Filthy and 2 hours sleep': What it's like on Netflix's most traumatic show; One Piece Season 2 Release Date Finally Confirmed: Netflix Sets Sail for Epic Grand Line Adventure; Netflix SA film ' Love and Wine' faces copycat criticism; Netflix reveals 5 new features coming to streaming app, including real-time voting and 'party games'"
2023-09-19,392.8399963378906,396.2000122070313,398.2300109863281,390.25,4076800.0,"ITAT deletes ₹445 cr TP adjustment on Netflix India; rejects revenue’s bid to treat it as content or tech; Netflix Documentary Ignites Three Major Leads in Amy Bradley Cold Case; What time is The Witcher season 4 released on Netflix?; Acclaimed Movie That Won Will Smith an Oscar Is Coming to Netflix; Watch: Stranger Things Season 5 trailer goes viral after Netflix accidentally shares clip; Canal+ takes on Netflix in Africa with $3bn bet on satellite TV; 'Filthy and 2 hours sleep': What it's like on Netflix's most traumatic show; One Piece Season 2 Release Date Finally Confirmed: Netflix Sets Sail for Epic Grand Line Adventure; Netflix SA film ' Love and Wine' faces copycat criticism; Netflix reveals 5 new features coming to streaming app, including real-time voting and 'party games'"
2023-09-20,397.0499877929688,386.2999877929688,397.989990234375,386.1199951171875,3866600.0,"ITAT deletes ₹445 cr TP adjustment on Netflix India; rejects revenue’s bid to treat it as content or tech; Netflix Documentary Ignites Three Major Leads in Amy Bradley Cold Case; What time is The Witcher season 4 released on Netflix?; Acclaimed Movie That Won Will Smith an Oscar Is Coming to Netflix; Watch: Stranger Things Season 5 trailer goes viral after Netflix accidentally shares clip; Canal+ takes on Netflix in Africa with $3bn bet on satellite TV; 'Filthy and 2 hours sleep': What it's like on Netflix's most traumatic show; One Piece Season 2 Release Date Finally Confirmed: Netflix Sets Sail for Epic Grand Line Adventure; Netflix SA film ' Love and Wine' faces copycat criticism; Netflix reveals 5 new features coming to streaming app, including real-time voting and 'party games'"
2023-09-21,386.5,384.1499938964844,395.8999938964844,383.4200134277344,5547900.0,"ITAT deletes ₹445 cr TP adjustment on Netflix India; rejects revenue’s bid to treat it as content or tech; Netflix Documentary Ignites Three Major Leads in Amy Bradley Cold Case; What time is The Witcher season 4 released on Netflix?; Acclaimed Movie That Won Will Smith an Oscar Is Coming to Netflix; Watch: Stranger Things Season 5 trailer goes viral after Netflix accidentally shares clip; Canal+ takes on Netflix in Africa with $3bn bet on satellite TV; 'Filthy and 2 hours sleep': What it's like on Netflix's most traumatic show; One Piece Season 2 Release Date Finally Confirmed: Netflix Sets Sail for Epic Grand Line Adventure; Netflix SA film ' Love and Wine' faces copycat criticism; Netflix reveals 5 new features coming to streaming app, including real-time voting and 'party games'"
2023-09-22,385.0,379.80999755859375,386.8800048828125,378.3599853515625,3692800.0,"ITAT deletes ₹445 cr TP adjustment on Netflix India; rejects revenue’s bid to treat it as content or tech; Netflix Documentary Ignites Three Major Leads in Amy Bradley Cold Case; What time is The Witcher season 4 released on Netflix?; Acclaimed Movie That Won Will Smith an Oscar Is Coming to Netflix; Watch: Stranger Things Season 5 trailer goes viral after Netflix accidentally shares clip; Canal+ takes on Netflix in Africa with $3bn bet on satellite TV; 'Filthy and 2 hours sleep': What it's like on Netflix's most traumatic show; One Piece Season 2 Release Date Finally Confirmed: Netflix Sets Sail for Epic Grand Line Adventure; Netflix SA film ' Love and Wine' faces copycat criticism; Netflix reveals 5 new features coming to streaming app, including real-time voting and 'party games'"
2023-09-25,382.8999938964844,384.7999877929688,386.6199951171875,380.80999755859375,3757300.0,"ITAT deletes ₹445 cr TP adjustment on Netflix India; rejects revenue’s bid to treat it as content or tech; Netflix Documentary Ignites Three Major Leads in Amy Bradley Cold Case; What time is The Witcher season 4 released on Netflix?; Acclaimed Movie That Won Will Smith an Oscar Is Coming to Netflix; Watch: Stranger Things Season 5 trailer goes viral after Netflix accidentally shares clip; Canal+ takes on Netflix in Africa with $3bn bet on satellite TV; 'Filthy and 2 hours sleep': What it's like on Netflix's most traumatic show; One Piece Season 2 Release Date Finally Confirmed: Netflix Sets Sail for Epic Grand Line Adventure; Netflix SA film ' Love and Wine' faces copycat criticism; Netflix reveals 5 new features coming to streaming app, including real-time voting and 'party games'"
2023-09-26,382.8800048828125,379.25,384.55999755859375,377.3599853515625,4089400.0,"ITAT deletes ₹445 cr TP adjustment on Netflix India; rejects revenue’s bid to treat it as content or tech; Netflix Documentary Ignites Three Major Leads in Amy Bradley Cold Case; What time is The Witcher season 4 released on Netflix?; Acclaimed Movie That Won Will Smith an Oscar Is Coming to Netflix; Watch: Stranger Things Season 5 trailer goes viral after Netflix accidentally shares clip; Canal+ takes on Netflix in Africa with $3bn bet on satellite TV; 'Filthy and 2 hours sleep': What it's like on Netflix's most traumatic show; One Piece Season 2 Release Date Finally Confirmed: Netflix Sets Sail for Epic Grand Line Adventure; Netflix SA film ' Love and Wine' faces copycat criticism; Netflix reveals 5 new features coming to streaming app, including real-time voting and 'party games'"
2023-09-27,382.3999938964844,377.5899963378906,384.2200012207031,376.25,3843500.0,"ITAT deletes ₹445 cr TP adjustment on Netflix India; rejects revenue’s bid to treat it as content or tech; Netflix Documentary Ignites Three Major Leads in Amy Bradley Cold Case; What time is The Witcher season 4 released on Netflix?; Acclaimed Movie That Won Will Smith an Oscar Is Coming to Netflix; Watch: Stranger Things Season 5 trailer goes viral after Netflix accidentally shares clip; Canal+ takes on Netflix in Africa with $3bn bet on satellite TV; 'Filthy and 2 hours sleep': What it's like on Netflix's most traumatic show; One Piece Season 2 Release Date Finally Confirmed: Netflix Sets Sail for Epic Grand Line Adventure; Netflix SA film ' Love and Wine' faces copycat criticism; Netflix reveals 5 new features coming to streaming app, including real-time voting and 'party games'"
2023-09-28,375.6000061035156,376.3599853515625,378.9599914550781,371.1000061035156,4369900.0,"ITAT deletes ₹445 cr TP adjustment on Netflix India; rejects revenue’s bid to treat it as content or tech; Netflix Documentary Ignites Three Major Leads in Amy Bradley Cold Case; What time is The Witcher season 4 released on Netflix?; Acclaimed Movie That Won Will Smith an Oscar Is Coming to Netflix; Watch: Stranger Things Season 5 trailer goes viral after Netflix accidentally shares clip; Canal+ takes on Netflix in Africa with $3bn bet on satellite TV; 'Filthy and 2 hours sleep': What it's like on Netflix's most traumatic show; One Piece Season 2 Release Date Finally Confirmed: Netflix Sets Sail for Epic Grand Line Adventure; Netflix SA film ' Love and Wine' faces copycat criticism; Netflix reveals 5 new features coming to streaming app, including real-time voting and 'party games'"
2023-09-29,380.0,377.6000061035156,382.5799865722656,375.3500061035156,4205300.0,"ITAT deletes ₹445 cr TP adjustment on Netflix India; rejects revenue’s bid to treat it as content or tech; Netflix Documentary Ignites Three Major Leads in Amy Bradley Cold Case; What time is The Witcher season 4 released on Netflix?; Acclaimed Movie That Won Will Smith an Oscar Is Coming to Netflix; Watch: Stranger Things Season 5 trailer goes viral after Netflix accidentally shares clip; Canal+ takes on Netflix in Africa with $3bn bet on satellite TV; 'Filthy and 2 hours sleep': What it's like on Netflix's most traumatic show; One Piece Season 2 Release Date Finally Confirmed: Netflix Sets Sail for Epic Grand Line Adventure; Netflix SA film ' Love and Wine' faces copycat criticism; Netflix reveals 5 new features coming to streaming app, including real-time voting and 'party games'"
2023-10-02,377.4800109863281,380.3299865722656,384.80999755859375,376.7999877929688,3102100.0,"ITAT deletes ₹445 cr TP adjustment on Netflix India; rejects revenue’s bid to treat it as content or tech; Netflix Documentary Ignites Three Major Leads in Amy Bradley Cold Case; What time is The Witcher season 4 released on Netflix?; Acclaimed Movie That Won Will Smith an Oscar Is Coming to Netflix; Watch: Stranger Things Season 5 trailer goes viral after Netflix accidentally shares clip; Canal+ takes on Netflix in Africa with $3bn bet on satellite TV; 'Filthy and 2 hours sleep': What it's like on Netflix's most traumatic show; One Piece Season 2 Release Date Finally Confirmed: Netflix Sets Sail for Epic Grand Line Adventure; Netflix SA film ' Love and Wine' faces copycat criticism; Netflix reveals 5 new features coming to streaming app, including real-time voting and 'party games'"
2023-10-03,377.1099853515625,376.75,394.8999938964844,372.8500061035156,8878100.0,"ITAT deletes ₹445 cr TP adjustment on Netflix India; rejects revenue’s bid to treat it as content or tech; Netflix Documentary Ignites Three Major Leads in Amy Bradley Cold Case; What time is The Witcher season 4 released on Netflix?; Acclaimed Movie That Won Will Smith an Oscar Is Coming to Netflix; Watch: Stranger Things Season 5 trailer goes viral after Netflix accidentally shares clip; Canal+ takes on Netflix in Africa with $3bn bet on satellite TV; 'Filthy and 2 hours sleep': What it's like on Netflix's most traumatic show; One Piece Season 2 Release Date Finally Confirmed: Netflix Sets Sail for Epic Grand Line Adventure; Netflix SA film ' Love and Wine' faces copycat criticism; Netflix reveals 5 new features coming to streaming app, including real-time voting and 'party games'"
2023-10-05,378.010009765625,372.5899963378906,378.6000061035156,367.239990234375,5034800.0,"ITAT deletes ₹445 cr TP adjustment on Netflix India; rejects revenue’s bid to treat it as content or tech; Netflix Documentary Ignites Three Major Leads in Amy Bradley Cold Case; What time is The Witcher season 4 released on Netflix?; Acclaimed Movie That Won Will Smith an Oscar Is Coming to Netflix; Watch: Stranger Things Season 5 trailer goes viral after Netflix accidentally shares clip; Canal+ takes on Netflix in Africa with $3bn bet on satellite TV; 'Filthy and 2 hours sleep': What it's like on Netflix's most traumatic show; One Piece Season 2 Release Date Finally Confirmed: Netflix Sets Sail for Epic Grand Line Adventure; Netflix SA film ' Love and Wine' faces copycat criticism; Netflix reveals 5 new features coming to streaming app, including real-time voting and 'party games'"
2023-10-06,368.4299926757813,381.510009765625,382.5199890136719,367.7699890136719,4778100.0,"ITAT deletes ₹445 cr TP adjustment on Netflix India; rejects revenue’s bid to treat it as content or tech; Netflix Documentary Ignites Three Major Leads in Amy Bradley Cold Case; What time is The Witcher season 4 released on Netflix?; Acclaimed Movie That Won Will Smith an Oscar Is Coming to Netflix; Watch: Stranger Things Season 5 trailer goes viral after Netflix accidentally shares clip; Canal+ takes on Netflix in Africa with $3bn bet on satellite TV; 'Filthy and 2 hours sleep': What it's like on Netflix's most traumatic show; One Piece Season 2 Release Date Finally Confirmed: Netflix Sets Sail for Epic Grand Line Adventure; Netflix SA film ' Love and Wine' faces copycat criticism; Netflix reveals 5 new features coming to streaming app, including real-time voting and 'party games'"
2023-10-09,378.0499877929688,385.9500122070313,387.1700134277344,377.760009765625,3299800.0,"ITAT deletes ₹445 cr TP adjustment on Netflix India; rejects revenue’s bid to treat it as content or tech; Netflix Documentary Ignites Three Major Leads in Amy Bradley Cold Case; What time is The Witcher season 4 released on Netflix?; Acclaimed Movie That Won Will Smith an Oscar Is Coming to Netflix; Watch: Stranger Things Season 5 trailer goes viral after Netflix accidentally shares clip; Canal+ takes on Netflix in Africa with $3bn bet on satellite TV; 'Filthy and 2 hours sleep': What it's like on Netflix's most traumatic show; One Piece Season 2 Release Date Finally Confirmed: Netflix Sets Sail for Epic Grand Line Adventure; Netflix SA film ' Love and Wine' faces copycat criticism; Netflix reveals 5 new features coming to streaming app, including real-time voting and 'party games'"
2023-10-10,385.5799865722656,373.3200073242188,388.7000122070313,372.25,7288900.0,"ITAT deletes ₹445 cr TP adjustment on Netflix India; rejects revenue’s bid to treat it as content or tech; Netflix Documentary Ignites Three Major Leads in Amy Bradley Cold Case; What time is The Witcher season 4 released on Netflix?; Acclaimed Movie That Won Will Smith an Oscar Is Coming to Netflix; Watch: Stranger Things Season 5 trailer goes viral after Netflix accidentally shares clip; Canal+ takes on Netflix in Africa with $3bn bet on satellite TV; 'Filthy and 2 hours sleep': What it's like on Netflix's most traumatic show; One Piece Season 2 Release Date Finally Confirmed: Netflix Sets Sail for Epic Grand Line Adventure; Netflix SA film ' Love and Wine' faces copycat criticism; Netflix reveals 5 new features coming to streaming app, including real-time voting and 'party games'"
2023-10-11,372.7799987792969,365.9299926757813,377.80999755859375,365.3399963378906,9151400.0,"ITAT deletes ₹445 cr TP adjustment on Netflix India; rejects revenue’s bid to treat it as content or tech; Netflix Documentary Ignites Three Major Leads in Amy Bradley Cold Case; What time is The Witcher season 4 released on Netflix?; Acclaimed Movie That Won Will Smith an Oscar Is Coming to Netflix; Watch: Stranger Things Season 5 trailer goes viral after Netflix accidentally shares clip; Canal+ takes on Netflix in Africa with $3bn bet on satellite TV; 'Filthy and 2 hours sleep': What it's like on Netflix's most traumatic show; One Piece Season 2 Release Date Finally Confirmed: Netflix Sets Sail for Epic Grand Line Adventure; Netflix SA film ' Love and Wine' faces copycat criticism; Netflix reveals 5 new features coming to streaming app, including real-time voting and 'party games'"
2023-10-12,366.4800109863281,361.2000122070313,368.8299865722656,359.04998779296875,7376100.0,"ITAT deletes ₹445 cr TP adjustment on Netflix India; rejects revenue’s bid to treat it as content or tech; Netflix Documentary Ignites Three Major Leads in Amy Bradley Cold Case; What time is The Witcher season 4 released on Netflix?; Acclaimed Movie That Won Will Smith an Oscar Is Coming to Netflix; Watch: Stranger Things Season 5 trailer goes viral after Netflix accidentally shares clip; Canal+ takes on Netflix in Africa with $3bn bet on satellite TV; 'Filthy and 2 hours sleep': What it's like on Netflix's most traumatic show; One Piece Season 2 Release Date Finally Confirmed: Netflix Sets Sail for Epic Grand Line Adventure; Netflix SA film ' Love and Wine' faces copycat criticism; Netflix reveals 5 new features coming to streaming app, including real-time voting and 'party games'"
2023-10-13,355.6400146484375,355.67999267578125,358.92999267578125,352.04998779296875,6312600.0,"ITAT deletes ₹445 cr TP adjustment on Netflix India; rejects revenue’s bid to treat it as content or tech; Netflix Documentary Ignites Three Major Leads in Amy Bradley Cold Case; What time is The Witcher season 4 released on Netflix?; Acclaimed Movie That Won Will Smith an Oscar Is Coming to Netflix; Watch: Stranger Things Season 5 trailer goes viral after Netflix accidentally shares clip; Canal+ takes on Netflix in Africa with $3bn bet on satellite TV; 'Filthy and 2 hours sleep': What it's like on Netflix's most traumatic show; One Piece Season 2 Release Date Finally Confirmed: Netflix Sets Sail for Epic Grand Line Adventure; Netflix SA film ' Love and Wine' faces copycat criticism; Netflix reveals 5 new features coming to streaming app, including real-time voting and 'party games'"
2023-10-16,356.2099914550781,360.8200073242188,363.0799865722656,354.7699890136719,5128900.0,"ITAT deletes ₹445 cr TP adjustment on Netflix India; rejects revenue’s bid to treat it as content or tech; Netflix Documentary Ignites Three Major Leads in Amy Bradley Cold Case; What time is The Witcher season 4 released on Netflix?; Acclaimed Movie That Won Will Smith an Oscar Is Coming to Netflix; Watch: Stranger Things Season 5 trailer goes viral after Netflix accidentally shares clip; Canal+ takes on Netflix in Africa with $3bn bet on satellite TV; 'Filthy and 2 hours sleep': What it's like on Netflix's most traumatic show; One Piece Season 2 Release Date Finally Confirmed: Netflix Sets Sail for Epic Grand Line Adventure; Netflix SA film ' Love and Wine' faces copycat criticism; Netflix reveals 5 new features coming to streaming app, including real-time voting and 'party games'"
2023-10-17,361.1000061035156,355.7200012207031,362.7000122070313,353.8900146484375,5908400.0,"ITAT deletes ₹445 cr TP adjustment on Netflix India; rejects revenue’s bid to treat it as content or tech; Netflix Documentary Ignites Three Major Leads in Amy Bradley Cold Case; What time is The Witcher season 4 released on Netflix?; Acclaimed Movie That Won Will Smith an Oscar Is Coming to Netflix; Watch: Stranger Things Season 5 trailer goes viral after Netflix accidentally shares clip; Canal+ takes on Netflix in Africa with $3bn bet on satellite TV; 'Filthy and 2 hours sleep': What it's like on Netflix's most traumatic show; One Piece Season 2 Release Date Finally Confirmed: Netflix Sets Sail for Epic Grand Line Adventure; Netflix SA film ' Love and Wine' faces copycat criticism; Netflix reveals 5 new features coming to streaming app, including real-time voting and 'party games'"
2023-10-18,351.0,346.19000244140625,354.7900085449219,344.7300109863281,11429600.0,Kantara 2 OTT Price: How Amazon Prime Outbid Netflix To Bag Rishab Shetty Film; ITAT deletes ₹445 cr TP adjustment on Netflix India; rejects revenue’s bid to treat it as content or tech; Netflix Documentary Ignites Three Major Leads in Amy Bradley Cold Case; What time is The Witcher season 4 released on Netflix?; Acclaimed Movie That Won Will Smith an Oscar Is Coming to Netflix; Watch: Stranger Things Season 5 trailer goes viral after Netflix accidentally shares clip; Canal+ takes on Netflix in Africa with $3bn bet on satellite TV; 'Filthy and 2 hours sleep': What it's like on Netflix's most traumatic show; One Piece Season 2 Release Date Finally Confirmed: Netflix Sets Sail for Epic Grand Line Adventure; Netflix SA film ' Love and Wine' faces copycat criticism
2023-10-19,404.739990234375,401.7699890136719,408.9500122070313,392.260009765625,28074400.0,"ITAT deletes ₹445 cr TP adjustment on Netflix India; rejects revenue’s bid to treat it as content or tech; Netflix Documentary Ignites Three Major Leads in Amy Bradley Cold Case; What time is The Witcher season 4 released on Netflix?; Acclaimed Movie That Won Will Smith an Oscar Is Coming to Netflix; Watch: Stranger Things Season 5 trailer goes viral after Netflix accidentally shares clip; Canal+ takes on Netflix in Africa with $3bn bet on satellite TV; 'Filthy and 2 hours sleep': What it's like on Netflix's most traumatic show; One Piece Season 2 Release Date Finally Confirmed: Netflix Sets Sail for Epic Grand Line Adventure; Netflix SA film ' Love and Wine' faces copycat criticism; Netflix reveals 5 new features coming to streaming app, including real-time voting and 'party games'"
2023-10-20,405.6300048828125,400.9599914550781,410.6400146484375,398.010009765625,12782900.0,"ITAT deletes ₹445 cr TP adjustment on Netflix India; rejects revenue’s bid to treat it as content or tech; Netflix Documentary Ignites Three Major Leads in Amy Bradley Cold Case; What time is The Witcher season 4 released on Netflix?; Acclaimed Movie That Won Will Smith an Oscar Is Coming to Netflix; Watch: Stranger Things Season 5 trailer goes viral after Netflix accidentally shares clip; Canal+ takes on Netflix in Africa with $3bn bet on satellite TV; 'Filthy and 2 hours sleep': What it's like on Netflix's most traumatic show; One Piece Season 2 Release Date Finally Confirmed: Netflix Sets Sail for Epic Grand Line Adventure; Netflix SA film ' Love and Wine' faces copycat criticism; Netflix reveals 5 new features coming to streaming app, including real-time voting and 'party games'"
2023-10-23,403.3200073242188,406.8399963378906,407.5400085449219,398.5199890136719,7390000.0,Kantara 2 OTT Price: How Amazon Prime Outbid Netflix To Bag Rishab Shetty Film; ITAT deletes ₹445 cr TP adjustment on Netflix India; rejects revenue’s bid to treat it as content or tech; Netflix Documentary Ignites Three Major Leads in Amy Bradley Cold Case; What time is The Witcher season 4 released on Netflix?; Acclaimed Movie That Won Will Smith an Oscar Is Coming to Netflix; Watch: Stranger Things Season 5 trailer goes viral after Netflix accidentally shares clip; Canal+ takes on Netflix in Africa with $3bn bet on satellite TV; 'Filthy and 2 hours sleep': What it's like on Netflix's most traumatic show; One Piece Season 2 Release Date Finally Confirmed: Netflix Sets Sail for Epic Grand Line Adventure; Netflix SA film ' Love and Wine' faces copycat criticism
2023-10-24,409.67999267578136,413.7300109863281,416.69000244140636,408.3900146484375,6459200.0,"ITAT deletes ₹445 cr TP adjustment on Netflix India; rejects revenue’s bid to treat it as content or tech; Netflix Documentary Ignites Three Major Leads in Amy Bradley Cold Case; What time is The Witcher season 4 released on Netflix?; Acclaimed Movie That Won Will Smith an Oscar Is Coming to Netflix; Watch: Stranger Things Season 5 trailer goes viral after Netflix accidentally shares clip; Canal+ takes on Netflix in Africa with $3bn bet on satellite TV; 'Filthy and 2 hours sleep': What it's like on Netflix's most traumatic show; One Piece Season 2 Release Date Finally Confirmed: Netflix Sets Sail for Epic Grand Line Adventure; Netflix SA film ' Love and Wine' faces copycat criticism; Netflix reveals 5 new features coming to streaming app, including real-time voting and 'party games'"
2023-10-25,416.0199890136719,411.25,418.8399963378906,410.1099853515625,6299600.0,"ITAT deletes ₹445 cr TP adjustment on Netflix India; rejects revenue’s bid to treat it as content or tech; Netflix Documentary Ignites Three Major Leads in Amy Bradley Cold Case; What time is The Witcher season 4 released on Netflix?; Acclaimed Movie That Won Will Smith an Oscar Is Coming to Netflix; Watch: Stranger Things Season 5 trailer goes viral after Netflix accidentally shares clip; Canal+ takes on Netflix in Africa with $3bn bet on satellite TV; 'Filthy and 2 hours sleep': What it's like on Netflix's most traumatic show; One Piece Season 2 Release Date Finally Confirmed: Netflix Sets Sail for Epic Grand Line Adventure; Netflix SA film ' Love and Wine' faces copycat criticism; Netflix reveals 5 new features coming to streaming app, including real-time voting and 'party games'"
2023-10-26,411.4200134277344,403.5400085449219,417.30999755859375,401.5400085449219,6849700.0,"ITAT deletes ₹445 cr TP adjustment on Netflix India; rejects revenue’s bid to treat it as content or tech; Netflix Documentary Ignites Three Major Leads in Amy Bradley Cold Case; What time is The Witcher season 4 released on Netflix?; Acclaimed Movie That Won Will Smith an Oscar Is Coming to Netflix; Watch: Stranger Things Season 5 trailer goes viral after Netflix accidentally shares clip; Canal+ takes on Netflix in Africa with $3bn bet on satellite TV; 'Filthy and 2 hours sleep': What it's like on Netflix's most traumatic show; One Piece Season 2 Release Date Finally Confirmed: Netflix Sets Sail for Epic Grand Line Adventure; Netflix SA film ' Love and Wine' faces copycat criticism; Netflix reveals 5 new features coming to streaming app, including real-time voting and 'party games'"
2023-10-27,406.4200134277344,397.8699951171875,410.2099914550781,395.6199951171875,4997600.0,"ITAT deletes ₹445 cr TP adjustment on Netflix India; rejects revenue’s bid to treat it as content or tech; Netflix Documentary Ignites Three Major Leads in Amy Bradley Cold Case; What time is The Witcher season 4 released on Netflix?; Acclaimed Movie That Won Will Smith an Oscar Is Coming to Netflix; Watch: Stranger Things Season 5 trailer goes viral after Netflix accidentally shares clip; Canal+ takes on Netflix in Africa with $3bn bet on satellite TV; 'Filthy and 2 hours sleep': What it's like on Netflix's most traumatic show; One Piece Season 2 Release Date Finally Confirmed: Netflix Sets Sail for Epic Grand Line Adventure; Netflix SA film ' Love and Wine' faces copycat criticism; Netflix reveals 5 new features coming to streaming app, including real-time voting and 'party games'"
2023-10-30,402.3500061035156,410.0799865722656,412.82000732421886,399.4100036621094,5317100.0,"ITAT deletes ₹445 cr TP adjustment on Netflix India; rejects revenue’s bid to treat it as content or tech; Netflix Documentary Ignites Three Major Leads in Amy Bradley Cold Case; What time is The Witcher season 4 released on Netflix?; Acclaimed Movie That Won Will Smith an Oscar Is Coming to Netflix; Watch: Stranger Things Season 5 trailer goes viral after Netflix accidentally shares clip; Canal+ takes on Netflix in Africa with $3bn bet on satellite TV; 'Filthy and 2 hours sleep': What it's like on Netflix's most traumatic show; One Piece Season 2 Release Date Finally Confirmed: Netflix Sets Sail for Epic Grand Line Adventure; Netflix SA film ' Love and Wine' faces copycat criticism; Netflix reveals 5 new features coming to streaming app, including real-time voting and 'party games'"
2023-10-31,409.239990234375,411.69000244140636,412.5199890136719,404.6300048828125,3877600.0,Kantara 2 OTT Price: How Amazon Prime Outbid Netflix To Bag Rishab Shetty Film; ITAT deletes ₹445 cr TP adjustment on Netflix India; rejects revenue’s bid to treat it as content or tech; Netflix Documentary Ignites Three Major Leads in Amy Bradley Cold Case; What time is The Witcher season 4 released on Netflix?; Watch: Stranger Things Season 5 trailer goes viral after Netflix accidentally shares clip; Canal+ takes on Netflix in Africa with $3bn bet on satellite TV; 'Filthy and 2 hours sleep': What it's like on Netflix's most traumatic show; One Piece Season 2 Release Date Finally Confirmed: Netflix Sets Sail for Epic Grand Line Adventure; Movie With Will Smith’s Oscar Winning Role To Hit Netflix Soon; Netflix SA film ' Love and Wine' faces copycat criticism
2023-11-01,414.7699890136719,420.19000244140636,420.6000061035156,414.17999267578136,4806100.0,Kantara 2 OTT Price: How Amazon Prime Outbid Netflix To Bag Rishab Shetty Film; ITAT deletes ₹445 cr TP adjustment on Netflix India; rejects revenue’s bid to treat it as content or tech; Netflix Documentary Ignites Three Major Leads in Amy Bradley Cold Case; What time is The Witcher season 4 released on Netflix?; Watch: Stranger Things Season 5 trailer goes viral after Netflix accidentally shares clip; Canal+ takes on Netflix in Africa with $3bn bet on satellite TV; 'Filthy and 2 hours sleep': What it's like on Netflix's most traumatic show; One Piece Season 2 Release Date Finally Confirmed: Netflix Sets Sail for Epic Grand Line Adventure; Movie With Will Smith’s Oscar Winning Role To Hit Netflix Soon; Netflix SA film ' Love and Wine' faces copycat criticism
2023-11-02,421.1700134277344,424.7099914550781,426.69000244140636,417.1000061035156,4476000.0,Kantara 2 OTT Price: How Amazon Prime Outbid Netflix To Bag Rishab Shetty Film; ITAT deletes ₹445 cr TP adjustment on Netflix India; rejects revenue’s bid to treat it as content or tech; Netflix Documentary Ignites Three Major Leads in Amy Bradley Cold Case; What time is The Witcher season 4 released on Netflix?; Watch: Stranger Things Season 5 trailer goes viral after Netflix accidentally shares clip; Canal+ takes on Netflix in Africa with $3bn bet on satellite TV; 'Filthy and 2 hours sleep': What it's like on Netflix's most traumatic show; One Piece Season 2 Release Date Finally Confirmed: Netflix Sets Sail for Epic Grand Line Adventure; Movie With Will Smith’s Oscar Winning Role To Hit Netflix Soon; Netflix SA film ' Love and Wine' faces copycat criticism
2023-11-03,428.760009765625,432.3599853515625,434.82000732421886,425.5299987792969,3667100.0,Kantara 2 OTT Price: How Amazon Prime Outbid Netflix To Bag Rishab Shetty Film; ITAT deletes ₹445 cr TP adjustment on Netflix India; rejects revenue’s bid to treat it as content or tech; Netflix Documentary Ignites Three Major Leads in Amy Bradley Cold Case; What time is The Witcher season 4 released on Netflix?; Watch: Stranger Things Season 5 trailer goes viral after Netflix accidentally shares clip; Canal+ takes on Netflix in Africa with $3bn bet on satellite TV; 'Filthy and 2 hours sleep': What it's like on Netflix's most traumatic show; One Piece Season 2 Release Date Finally Confirmed: Netflix Sets Sail for Epic Grand Line Adventure; Movie With Will Smith’s Oscar Winning Role To Hit Netflix Soon; Netflix SA film ' Love and Wine' faces copycat criticism
2023-11-06,434.3800048828125,434.739990234375,435.0299987792969,429.6099853515625,3003200.0,Kantara 2 OTT Price: How Amazon Prime Outbid Netflix To Bag Rishab Shetty Film; ITAT deletes ₹445 cr TP adjustment on Netflix India; rejects revenue’s bid to treat it as content or tech; Netflix Documentary Ignites Three Major Leads in Amy Bradley Cold Case; What time is The Witcher season 4 released on Netflix?; Watch: Stranger Things Season 5 trailer goes viral after Netflix accidentally shares clip; Canal+ takes on Netflix in Africa with $3bn bet on satellite TV; 'Filthy and 2 hours sleep': What it's like on Netflix's most traumatic show; One Piece Season 2 Release Date Finally Confirmed: Netflix Sets Sail for Epic Grand Line Adventure; Movie With Will Smith’s Oscar Winning Role To Hit Netflix Soon; Netflix SA film ' Love and Wine' faces copycat criticism
2023-11-07,436.17999267578136,434.6099853515625,437.6400146484375,431.0,3291100.0,The Ballad of a Small Player (2025) 'Netflix' Movie Ending Explained: What Happened to Dao Ming?; Kantara 2 OTT Price: How Amazon Prime Outbid Netflix To Bag Rishab Shetty Film; ITAT deletes ₹445 cr TP adjustment on Netflix India; rejects revenue’s bid to treat it as content or tech; Netflix Documentary Ignites Three Major Leads in Amy Bradley Cold Case; What time is The Witcher season 4 released on Netflix?; Watch: Stranger Things Season 5 trailer goes viral after Netflix accidentally shares clip; Canal+ takes on Netflix in Africa with $3bn bet on satellite TV; 'Filthy and 2 hours sleep': What it's like on Netflix's most traumatic show; One Piece Season 2 Release Date Finally Confirmed: Netflix Sets Sail for Epic Grand Line Adventure; Movie With Will Smith’s Oscar Winning Role To Hit Netflix Soon
2023-11-08,435.0,436.6499938964844,438.07000732421886,433.67999267578136,2356800.0,Kantara 2 OTT Price: How Amazon Prime Outbid Netflix To Bag Rishab Shetty Film; ITAT deletes ₹445 cr TP adjustment on Netflix India; rejects revenue’s bid to treat it as content or tech; Netflix Documentary Ignites Three Major Leads in Amy Bradley Cold Case; What time is The Witcher season 4 released on Netflix?; Watch: Stranger Things Season 5 trailer goes viral after Netflix accidentally shares clip; Canal+ takes on Netflix in Africa with $3bn bet on satellite TV; 'Filthy and 2 hours sleep': What it's like on Netflix's most traumatic show; One Piece Season 2 Release Date Finally Confirmed: Netflix Sets Sail for Epic Grand Line Adventure; Movie With Will Smith’s Oscar Winning Role To Hit Netflix Soon; Netflix SA film ' Love and Wine' faces copycat criticism
2023-11-09,438.0299987792969,435.1499938964844,440.3800048828125,434.3500061035156,2735500.0,Kantara 2 OTT Price: How Amazon Prime Outbid Netflix To Bag Rishab Shetty Film; ITAT deletes ₹445 cr TP adjustment on Netflix India; rejects revenue’s bid to treat it as content or tech; Netflix Documentary Ignites Three Major Leads in Amy Bradley Cold Case; What time is The Witcher season 4 released on Netflix?; Watch: Stranger Things Season 5 trailer goes viral after Netflix accidentally shares clip; Canal+ takes on Netflix in Africa with $3bn bet on satellite TV; 'Filthy and 2 hours sleep': What it's like on Netflix's most traumatic show; One Piece Season 2 Release Date Finally Confirmed: Netflix Sets Sail for Epic Grand Line Adventure; Movie With Will Smith’s Oscar Winning Role To Hit Netflix Soon; Netflix SA film ' Love and Wine' faces copycat criticism
2023-11-10,437.4800109863281,447.239990234375,447.4800109863281,435.510009765625,4440600.0,Kantara 2 OTT Price: How Amazon Prime Outbid Netflix To Bag Rishab Shetty Film; ITAT deletes ₹445 cr TP adjustment on Netflix India; rejects revenue’s bid to treat it as content or tech; Netflix Documentary Ignites Three Major Leads in Amy Bradley Cold Case; What time is The Witcher season 4 released on Netflix?; Watch: Stranger Things Season 5 trailer goes viral after Netflix accidentally shares clip; Canal+ takes on Netflix in Africa with $3bn bet on satellite TV; 'Filthy and 2 hours sleep': What it's like on Netflix's most traumatic show; One Piece Season 2 Release Date Finally Confirmed: Netflix Sets Sail for Epic Grand Line Adventure; Movie With Will Smith’s Oscar Winning Role To Hit Netflix Soon; Netflix SA film ' Love and Wine' faces copycat criticism
2023-11-13,447.25,444.6199951171875,448.42999267578136,442.6000061035156,2896100.0,"Kantara 2 OTT Price: How Amazon Prime Outbid Netflix To Bag Rishab Shetty Film; ITAT deletes ₹445 cr TP adjustment on Netflix India; rejects revenue’s bid to treat it as content or tech; Netflix Documentary Ignites Three Major Leads in Amy Bradley Cold Case; What time is The Witcher season 4 released on Netflix?; Watch: Stranger Things Season 5 trailer goes viral after Netflix accidentally shares clip; Canal+ takes on Netflix in Africa with $3bn bet on satellite TV; 'Filthy and 2 hours sleep': What it's like on Netflix's most traumatic show; One Piece Season 2 Release Date Finally Confirmed: Netflix Sets Sail for Epic Grand Line Adventure; Movie With Will Smith’s Oscar Winning Role To Hit Netflix Soon; Netflix SA film ' Love and Wine' faces copycat criticism; Netflix Is Losing One of My Favorite Action Movies of the Last 10 Years; Prime Video acquires 'Kantara: Chapter 1' for ₹110cr; beats Netflix; Rebecca Ferguson Spooked by ‘A House of Dynamite’ Detail in Netflix’s Hit Film!; Netflix’s The Witcher season 4 review: a dark, dazzling return to the continent; Why OG Failed to Repeat Theater Magic on OTT?; Stranger Things Season 5 New Trailer: Netflix Deletes Trailer After Teasing Fans; 8 Most Controversial Movies on Netflix; OTT: Nani’s HIT 3 Takes Netflix by Storm, Outshines OG and Devara!; Delhi HC to Hear Sameer Wankhede’s Defamation Suit Against Netflix's ‘Ba***ds of Bollywood’ on Nov 10; Netflix Leans Into Success of 'KPop Demon Hunters' With New Hasbro and Mattel Partnerships. Is It Enough to Excite Investors?"
2023-11-14,448.7799987792969,448.6499938964844,454.0799865722656,445.6400146484375,4060900.0,"Kantara 2 OTT Price: How Amazon Prime Outbid Netflix To Bag Rishab Shetty Film; ITAT deletes ₹445 cr TP adjustment on Netflix India; rejects revenue’s bid to treat it as content or tech; Netflix Documentary Ignites Three Major Leads in Amy Bradley Cold Case; What time is The Witcher season 4 released on Netflix?; Watch: Stranger Things Season 5 trailer goes viral after Netflix accidentally shares clip; Canal+ takes on Netflix in Africa with $3bn bet on satellite TV; 'Filthy and 2 hours sleep': What it's like on Netflix's most traumatic show; One Piece Season 2 Release Date Finally Confirmed: Netflix Sets Sail for Epic Grand Line Adventure; Movie With Will Smith’s Oscar Winning Role To Hit Netflix Soon; Netflix SA film ' Love and Wine' faces copycat criticism; Netflix Is Losing One of My Favorite Action Movies of the Last 10 Years; Prime Video acquires 'Kantara: Chapter 1' for ₹110cr; beats Netflix; Rebecca Ferguson Spooked by ‘A House of Dynamite’ Detail in Netflix’s Hit Film!; Netflix’s The Witcher season 4 review: a dark, dazzling return to the continent; Why OG Failed to Repeat Theater Magic on OTT?; Stranger Things Season 5 New Trailer: Netflix Deletes Trailer After Teasing Fans; 8 Most Controversial Movies on Netflix; OTT: Nani’s HIT 3 Takes Netflix by Storm, Outshines OG and Devara!; Delhi HC to Hear Sameer Wankhede’s Defamation Suit Against Netflix's ‘Ba***ds of Bollywood’ on Nov 10; Netflix Leans Into Success of 'KPop Demon Hunters' With New Hasbro and Mattel Partnerships. Is It Enough to Excite Investors?"
2023-11-15,452.80999755859375,461.94000244140636,462.75,452.45001220703136,5035300.0,"Kantara 2 OTT Price: How Amazon Prime Outbid Netflix To Bag Rishab Shetty Film; ITAT deletes ₹445 cr TP adjustment on Netflix India; rejects revenue’s bid to treat it as content or tech; Netflix Documentary Ignites Three Major Leads in Amy Bradley Cold Case; What time is The Witcher season 4 released on Netflix?; Watch: Stranger Things Season 5 trailer goes viral after Netflix accidentally shares clip; Canal+ takes on Netflix in Africa with $3bn bet on satellite TV; 'Filthy and 2 hours sleep': What it's like on Netflix's most traumatic show; One Piece Season 2 Release Date Finally Confirmed: Netflix Sets Sail for Epic Grand Line Adventure; Movie With Will Smith’s Oscar Winning Role To Hit Netflix Soon; Netflix SA film ' Love and Wine' faces copycat criticism; Netflix’s Nobody Wants This Filming Locations (2025-); Netflix Is Losing One of My Favorite Action Movies of the Last 10 Years; Prime Video acquires 'Kantara: Chapter 1' for ₹110cr; beats Netflix; Rebecca Ferguson Spooked by ‘A House of Dynamite’ Detail in Netflix’s Hit Film!; Netflix’s The Witcher season 4 review: a dark, dazzling return to the continent; Why OG Failed to Repeat Theater Magic on OTT?; Stranger Things Season 5 New Trailer: Netflix Deletes Trailer After Teasing Fans; 8 Most Controversial Movies on Netflix; OTT: Nani’s HIT 3 Takes Netflix by Storm, Outshines OG and Devara!; Delhi HC to Hear Sameer Wankhede’s Defamation Suit Against Netflix's ‘Ba***ds of Bollywood’ on Nov 10"
2023-11-16,463.0,466.95001220703136,467.2799987792969,459.6499938964844,3656000.0,"The Ballad of a Small Player (2025) 'Netflix' Movie Ending Explained: What Happened to Dao Ming?; Kantara 2 OTT Price: How Amazon Prime Outbid Netflix To Bag Rishab Shetty Film; ITAT deletes ₹445 cr TP adjustment on Netflix India; rejects revenue’s bid to treat it as content or tech; Netflix Documentary Ignites Three Major Leads in Amy Bradley Cold Case; What time is The Witcher season 4 released on Netflix?; Watch: Stranger Things Season 5 trailer goes viral after Netflix accidentally shares clip; Canal+ takes on Netflix in Africa with $3bn bet on satellite TV; 'Filthy and 2 hours sleep': What it's like on Netflix's most traumatic show; One Piece Season 2 Release Date Finally Confirmed: Netflix Sets Sail for Epic Grand Line Adventure; Movie With Will Smith’s Oscar Winning Role To Hit Netflix Soon; Netflix’s Nobody Wants This Filming Locations (2025-); Netflix Is Losing One of My Favorite Action Movies of the Last 10 Years; Prime Video acquires 'Kantara: Chapter 1' for ₹110cr; beats Netflix; Rebecca Ferguson Spooked by ‘A House of Dynamite’ Detail in Netflix’s Hit Film!; Netflix’s The Witcher season 4 review: a dark, dazzling return to the continent; Why OG Failed to Repeat Theater Magic on OTT?; Stranger Things Season 5 New Trailer: Netflix Deletes Trailer After Teasing Fans; 8 Most Controversial Movies on Netflix; OTT: Nani’s HIT 3 Takes Netflix by Storm, Outshines OG and Devara!; Delhi HC to Hear Sameer Wankhede’s Defamation Suit Against Netflix's ‘Ba***ds of Bollywood’ on Nov 10"
2023-11-17,466.95001220703136,465.9100036621094,467.6499938964844,462.760009765625,2798500.0,"Kantara 2 OTT Price: How Amazon Prime Outbid Netflix To Bag Rishab Shetty Film; ITAT deletes ₹445 cr TP adjustment on Netflix India; rejects revenue’s bid to treat it as content or tech; Netflix Documentary Ignites Three Major Leads in Amy Bradley Cold Case; What time is The Witcher season 4 released on Netflix?; Watch: Stranger Things Season 5 trailer goes viral after Netflix accidentally shares clip; Canal+ takes on Netflix in Africa with $3bn bet on satellite TV; 'Filthy and 2 hours sleep': What it's like on Netflix's most traumatic show; One Piece Season 2 Release Date Finally Confirmed: Netflix Sets Sail for Epic Grand Line Adventure; Movie With Will Smith’s Oscar Winning Role To Hit Netflix Soon; Netflix SA film ' Love and Wine' faces copycat criticism; Netflix’s Nobody Wants This Filming Locations (2025-); Netflix Is Losing One of My Favorite Action Movies of the Last 10 Years; Prime Video acquires 'Kantara: Chapter 1' for ₹110cr; beats Netflix; Rebecca Ferguson Spooked by ‘A House of Dynamite’ Detail in Netflix’s Hit Film!; Netflix’s The Witcher season 4 review: a dark, dazzling return to the continent; Why OG Failed to Repeat Theater Magic on OTT?; Stranger Things Season 5 New Trailer: Netflix Deletes Trailer After Teasing Fans; 8 Most Controversial Movies on Netflix; OTT: Nani’s HIT 3 Takes Netflix by Storm, Outshines OG and Devara!; Delhi HC to Hear Sameer Wankhede’s Defamation Suit Against Netflix's ‘Ba***ds of Bollywood’ on Nov 10"
2023-11-20,465.3999938964844,474.4700012207031,476.760009765625,465.3999938964844,3617600.0,"Kantara 2 OTT Price: How Amazon Prime Outbid Netflix To Bag Rishab Shetty Film; ITAT deletes ₹445 cr TP adjustment on Netflix India; rejects revenue’s bid to treat it as content or tech; Netflix Documentary Ignites Three Major Leads in Amy Bradley Cold Case; What time is The Witcher season 4 released on Netflix?; Watch: Stranger Things Season 5 trailer goes viral after Netflix accidentally shares clip; Canal+ takes on Netflix in Africa with $3bn bet on satellite TV; 'Filthy and 2 hours sleep': What it's like on Netflix's most traumatic show; One Piece Season 2 Release Date Finally Confirmed: Netflix Sets Sail for Epic Grand Line Adventure; Movie With Will Smith’s Oscar Winning Role To Hit Netflix Soon; Netflix SA film ' Love and Wine' faces copycat criticism; Netflix’s Nobody Wants This Filming Locations (2025-); Netflix Is Losing One of My Favorite Action Movies of the Last 10 Years; Prime Video acquires 'Kantara: Chapter 1' for ₹110cr; beats Netflix; Rebecca Ferguson Spooked by ‘A House of Dynamite’ Detail in Netflix’s Hit Film!; Netflix’s The Witcher season 4 review: a dark, dazzling return to the continent; Why OG Failed to Repeat Theater Magic on OTT?; Stranger Things Season 5 New Trailer: Netflix Deletes Trailer After Teasing Fans; 8 Most Controversial Movies on Netflix; OTT: Nani’s HIT 3 Takes Netflix by Storm, Outshines OG and Devara!; Delhi HC to Hear Sameer Wankhede’s Defamation Suit Against Netflix's ‘Ba***ds of Bollywood’ on Nov 10"
2023-11-21,472.6300048828125,474.95001220703136,477.0199890136719,471.2099914550781,2997700.0,"Kantara 2 OTT Price: How Amazon Prime Outbid Netflix To Bag Rishab Shetty Film; ITAT deletes ₹445 cr TP adjustment on Netflix India; rejects revenue’s bid to treat it as content or tech; Netflix Documentary Ignites Three Major Leads in Amy Bradley Cold Case; What time is The Witcher season 4 released on Netflix?; Watch: Stranger Things Season 5 trailer goes viral after Netflix accidentally shares clip; Canal+ takes on Netflix in Africa with $3bn bet on satellite TV; 'Filthy and 2 hours sleep': What it's like on Netflix's most traumatic show; One Piece Season 2 Release Date Finally Confirmed: Netflix Sets Sail for Epic Grand Line Adventure; Movie With Will Smith’s Oscar Winning Role To Hit Netflix Soon; Netflix SA film ' Love and Wine' faces copycat criticism; Netflix’s Nobody Wants This Filming Locations (2025-); Netflix Is Losing One of My Favorite Action Movies of the Last 10 Years; Prime Video acquires 'Kantara: Chapter 1' for ₹110cr; beats Netflix; Rebecca Ferguson Spooked by ‘A House of Dynamite’ Detail in Netflix’s Hit Film!; Netflix’s The Witcher season 4 review: a dark, dazzling return to the continent; Why OG Failed to Repeat Theater Magic on OTT?; Stranger Things Season 5 New Trailer: Netflix Deletes Trailer After Teasing Fans; 8 Most Controversial Movies on Netflix; OTT: Nani’s HIT 3 Takes Netflix by Storm, Outshines OG and Devara!; Delhi HC to Hear Sameer Wankhede’s Defamation Suit Against Netflix's ‘Ba***ds of Bollywood’ on Nov 10"
2023-11-22,476.79998779296886,478.0,482.70001220703136,476.55999755859375,2841600.0,"Kantara 2 OTT Price: How Amazon Prime Outbid Netflix To Bag Rishab Shetty Film; ITAT deletes ₹445 cr TP adjustment on Netflix India; rejects revenue’s bid to treat it as content or tech; Netflix Documentary Ignites Three Major Leads in Amy Bradley Cold Case; What time is The Witcher season 4 released on Netflix?; Watch: Stranger Things Season 5 trailer goes viral after Netflix accidentally shares clip; Canal+ takes on Netflix in Africa with $3bn bet on satellite TV; 'Filthy and 2 hours sleep': What it's like on Netflix's most traumatic show; One Piece Season 2 Release Date Finally Confirmed: Netflix Sets Sail for Epic Grand Line Adventure; Movie With Will Smith’s Oscar Winning Role To Hit Netflix Soon; Netflix SA film ' Love and Wine' faces copycat criticism; Netflix’s Nobody Wants This Filming Locations (2025-); Netflix Is Losing One of My Favorite Action Movies of the Last 10 Years; Prime Video acquires 'Kantara: Chapter 1' for ₹110cr; beats Netflix; Rebecca Ferguson Spooked by ‘A House of Dynamite’ Detail in Netflix’s Hit Film!; Netflix’s The Witcher season 4 review: a dark, dazzling return to the continent; Why OG Failed to Repeat Theater Magic on OTT?; Stranger Things Season 5 New Trailer: Netflix Deletes Trailer After Teasing Fans; 8 Most Controversial Movies on Netflix; OTT: Nani’s HIT 3 Takes Netflix by Storm, Outshines OG and Devara!; Delhi HC to Hear Sameer Wankhede’s Defamation Suit Against Netflix's ‘Ba***ds of Bollywood’ on Nov 10"
2023-11-29,479.0,477.19000244140636,480.989990234375,474.489990234375,2855500.0,"Netflix’s Nobody Wants This Filming Locations (2025-); Netflix Is Losing One of My Favorite Action Movies of the Last 10 Years; Prime Video acquires 'Kantara: Chapter 1' for ₹110cr; beats Netflix; Rebecca Ferguson Spooked by ‘A House of Dynamite’ Detail in Netflix’s Hit Film!; Netflix’s The Witcher season 4 review: a dark, dazzling return to the continent; Why OG Failed to Repeat Theater Magic on OTT?; Stranger Things Season 5 New Trailer: Netflix Deletes Trailer After Teasing Fans; 8 Most Controversial Movies on Netflix; OTT: Nani’s HIT 3 Takes Netflix by Storm, Outshines OG and Devara!; Delhi HC to Hear Sameer Wankhede’s Defamation Suit Against Netflix's ‘Ba***ds of Bollywood’ on Nov 10"
2023-11-30,475.30999755859375,473.9700012207031,478.5899963378906,470.4200134277344,4287300.0,"Netflix’s Nobody Wants This Filming Locations (2025-); Netflix Is Losing One of My Favorite Action Movies of the Last 10 Years; Prime Video acquires 'Kantara: Chapter 1' for ₹110cr; beats Netflix; Rebecca Ferguson Spooked by ‘A House of Dynamite’ Detail in Netflix’s Hit Film!; Netflix’s The Witcher season 4 review: a dark, dazzling return to the continent; Why OG Failed to Repeat Theater Magic on OTT?; Stranger Things Season 5 New Trailer: Netflix Deletes Trailer After Teasing Fans; 8 Most Controversial Movies on Netflix; OTT: Nani’s HIT 3 Takes Netflix by Storm, Outshines OG and Devara!; Delhi HC to Hear Sameer Wankhede’s Defamation Suit Against Netflix's ‘Ba***ds of Bollywood’ on Nov 10"
2023-12-01,473.1700134277344,465.739990234375,475.2300109863281,464.6000061035156,4341500.0,"Netflix’s Nobody Wants This Filming Locations (2025-); Netflix Is Losing One of My Favorite Action Movies of the Last 10 Years; Prime Video acquires 'Kantara: Chapter 1' for ₹110cr; beats Netflix; Rebecca Ferguson Spooked by ‘A House of Dynamite’ Detail in Netflix’s Hit Film!; Netflix’s The Witcher season 4 review: a dark, dazzling return to the continent; Why OG Failed to Repeat Theater Magic on OTT?; Stranger Things Season 5 New Trailer: Netflix Deletes Trailer After Teasing Fans; 8 Most Controversial Movies on Netflix; OTT: Nani’s HIT 3 Takes Netflix by Storm, Outshines OG and Devara!; Delhi HC to Hear Sameer Wankhede’s Defamation Suit Against Netflix's ‘Ba***ds of Bollywood’ on Nov 10"
2023-12-04,460.989990234375,453.8999938964844,461.20001220703136,451.20001220703136,5157700.0,"Netflix’s Nobody Wants This Filming Locations (2025-); Netflix Is Losing One of My Favorite Action Movies of the Last 10 Years; Prime Video acquires 'Kantara: Chapter 1' for ₹110cr; beats Netflix; Rebecca Ferguson Spooked by ‘A House of Dynamite’ Detail in Netflix’s Hit Film!; Netflix’s The Witcher season 4 review: a dark, dazzling return to the continent; Why OG Failed to Repeat Theater Magic on OTT?; Stranger Things Season 5 New Trailer: Netflix Deletes Trailer After Teasing Fans; 8 Most Controversial Movies on Netflix; OTT: Nani’s HIT 3 Takes Netflix by Storm, Outshines OG and Devara!; Delhi HC to Hear Sameer Wankhede’s Defamation Suit Against Netflix's ‘Ba***ds of Bollywood’ on Nov 10"
2023-12-05,450.70001220703136,455.1499938964844,456.3900146484375,449.5799865722656,3380700.0,"Netflix’s Nobody Wants This Filming Locations (2025-); Netflix Is Losing One of My Favorite Action Movies of the Last 10 Years; Prime Video acquires 'Kantara: Chapter 1' for ₹110cr; beats Netflix; Rebecca Ferguson Spooked by ‘A House of Dynamite’ Detail in Netflix’s Hit Film!; Netflix’s The Witcher season 4 review: a dark, dazzling return to the continent; Why OG Failed to Repeat Theater Magic on OTT?; Stranger Things Season 5 New Trailer: Netflix Deletes Trailer After Teasing Fans; 8 Most Controversial Movies on Netflix; OTT: Nani’s HIT 3 Takes Netflix by Storm, Outshines OG and Devara!; Delhi HC to Hear Sameer Wankhede’s Defamation Suit Against Netflix's ‘Ba***ds of Bollywood’ on Nov 10"
2023-12-06,460.0,446.7300109863281,460.5,445.7300109863281,4178800.0,"Netflix’s Nobody Wants This Filming Locations (2025-); Netflix Is Losing One of My Favorite Action Movies of the Last 10 Years; Prime Video acquires 'Kantara: Chapter 1' for ₹110cr; beats Netflix; Rebecca Ferguson Spooked by ‘A House of Dynamite’ Detail in Netflix’s Hit Film!; Netflix’s The Witcher season 4 review: a dark, dazzling return to the continent; Why OG Failed to Repeat Theater Magic on OTT?; Stranger Things Season 5 New Trailer: Netflix Deletes Trailer After Teasing Fans; 8 Most Controversial Movies on Netflix; OTT: Nani’s HIT 3 Takes Netflix by Storm, Outshines OG and Devara!; Delhi HC to Hear Sameer Wankhede’s Defamation Suit Against Netflix's ‘Ba***ds of Bollywood’ on Nov 10"
2023-12-07,450.8500061035156,452.0,452.8900146484375,448.32000732421886,3506700.0,"Netflix’s Nobody Wants This Filming Locations (2025-); Netflix Is Losing One of My Favorite Action Movies of the Last 10 Years; Prime Video acquires 'Kantara: Chapter 1' for ₹110cr; beats Netflix; Rebecca Ferguson Spooked by ‘A House of Dynamite’ Detail in Netflix’s Hit Film!; Netflix’s The Witcher season 4 review: a dark, dazzling return to the continent; Why OG Failed to Repeat Theater Magic on OTT?; Stranger Things Season 5 New Trailer: Netflix Deletes Trailer After Teasing Fans; 8 Most Controversial Movies on Netflix; OTT: Nani’s HIT 3 Takes Netflix by Storm, Outshines OG and Devara!; Delhi HC to Hear Sameer Wankhede’s Defamation Suit Against Netflix's ‘Ba***ds of Bollywood’ on Nov 10"
2023-12-08,450.760009765625,453.760009765625,455.5,450.760009765625,3458400.0,"Netflix’s Nobody Wants This Filming Locations (2025-); Netflix Is Losing One of My Favorite Action Movies of the Last 10 Years; Prime Video acquires 'Kantara: Chapter 1' for ₹110cr; beats Netflix; Rebecca Ferguson Spooked by ‘A House of Dynamite’ Detail in Netflix’s Hit Film!; Netflix’s The Witcher season 4 review: a dark, dazzling return to the continent; Why OG Failed to Repeat Theater Magic on OTT?; Stranger Things Season 5 New Trailer: Netflix Deletes Trailer After Teasing Fans; 8 Most Controversial Movies on Netflix; OTT: Nani’s HIT 3 Takes Netflix by Storm, Outshines OG and Devara!; Delhi HC to Hear Sameer Wankhede’s Defamation Suit Against Netflix's ‘Ba***ds of Bollywood’ on Nov 10"
2023-12-11,459.3599853515625,459.8900146484375,470.6499938964844,457.2099914550781,4929700.0,"Netflix’s Nobody Wants This Filming Locations (2025-); Netflix Is Losing One of My Favorite Action Movies of the Last 10 Years; Prime Video acquires 'Kantara: Chapter 1' for ₹110cr; beats Netflix; Rebecca Ferguson Spooked by ‘A House of Dynamite’ Detail in Netflix’s Hit Film!; Netflix’s The Witcher season 4 review: a dark, dazzling return to the continent; Why OG Failed to Repeat Theater Magic on OTT?; Stranger Things Season 5 New Trailer: Netflix Deletes Trailer After Teasing Fans; 8 Most Controversial Movies on Netflix; OTT: Nani’s HIT 3 Takes Netflix by Storm, Outshines OG and Devara!; Delhi HC to Hear Sameer Wankhede’s Defamation Suit Against Netflix's ‘Ba***ds of Bollywood’ on Nov 10"
2023-12-12,465.2300109863281,463.0,465.6099853515625,459.20001220703136,3302700.0,"Netflix’s Nobody Wants This Filming Locations (2025-); Netflix Is Losing One of My Favorite Action Movies of the Last 10 Years; Prime Video acquires 'Kantara: Chapter 1' for ₹110cr; beats Netflix; Rebecca Ferguson Spooked by ‘A House of Dynamite’ Detail in Netflix’s Hit Film!; Netflix’s The Witcher season 4 review: a dark, dazzling return to the continent; Why OG Failed to Repeat Theater Magic on OTT?; Stranger Things Season 5 New Trailer: Netflix Deletes Trailer After Teasing Fans; 8 Most Controversial Movies on Netflix; OTT: Nani’s HIT 3 Takes Netflix by Storm, Outshines OG and Devara!; Delhi HC to Hear Sameer Wankhede’s Defamation Suit Against Netflix's ‘Ba***ds of Bollywood’ on Nov 10"
2023-12-13,461.9800109863281,479.9800109863281,481.25,461.9800109863281,5820200.0,"Netflix’s Nobody Wants This Filming Locations (2025-); Netflix Is Losing One of My Favorite Action Movies of the Last 10 Years; Prime Video acquires 'Kantara: Chapter 1' for ₹110cr; beats Netflix; Rebecca Ferguson Spooked by ‘A House of Dynamite’ Detail in Netflix’s Hit Film!; Netflix’s The Witcher season 4 review: a dark, dazzling return to the continent; Why OG Failed to Repeat Theater Magic on OTT?; Stranger Things Season 5 New Trailer: Netflix Deletes Trailer After Teasing Fans; 8 Most Controversial Movies on Netflix; OTT: Nani’s HIT 3 Takes Netflix by Storm, Outshines OG and Devara!; Delhi HC to Hear Sameer Wankhede’s Defamation Suit Against Netflix's ‘Ba***ds of Bollywood’ on Nov 10"
2023-12-14,480.3599853515625,469.8299865722656,480.760009765625,464.760009765625,5176400.0,"Netflix Leans Into Success of 'KPop Demon Hunters' With New Hasbro and Mattel Partnerships. Is It Enough to Excite Investors?; Geneseo haunting returns to spotlight in Netflix docuseries; Netflix’s Nobody Wants This Filming Locations (2025-); Netflix Is Losing One of My Favorite Action Movies of the Last 10 Years; Prime Video acquires 'Kantara: Chapter 1' for ₹110cr; beats Netflix; Rebecca Ferguson Spooked by ‘A House of Dynamite’ Detail in Netflix’s Hit Film!; Netflix’s The Witcher season 4 review: a dark, dazzling return to the continent; Why OG Failed to Repeat Theater Magic on OTT?; Stranger Things Season 5 New Trailer: Netflix Deletes Trailer After Teasing Fans; 8 Most Controversial Movies on Netflix"
2023-12-15,467.29998779296886,472.05999755859375,473.0,467.29998779296886,7841000.0,"Netflix Leans Into Success of 'KPop Demon Hunters' With New Hasbro and Mattel Partnerships. Is It Enough to Excite Investors?; Geneseo haunting returns to spotlight in Netflix docuseries; Netflix’s Nobody Wants This Filming Locations (2025-); Netflix Is Losing One of My Favorite Action Movies of the Last 10 Years; Prime Video acquires 'Kantara: Chapter 1' for ₹110cr; beats Netflix; Rebecca Ferguson Spooked by ‘A House of Dynamite’ Detail in Netflix’s Hit Film!; Netflix’s The Witcher season 4 review: a dark, dazzling return to the continent; Why OG Failed to Repeat Theater Magic on OTT?; Stranger Things Season 5 New Trailer: Netflix Deletes Trailer After Teasing Fans; 8 Most Controversial Movies on Netflix"
2023-12-18,476.29998779296886,486.1199951171875,492.0400085449219,475.1000061035156,6410700.0,"Netflix Leans Into Success of 'KPop Demon Hunters' With New Hasbro and Mattel Partnerships. Is It Enough to Excite Investors?; Geneseo haunting returns to spotlight in Netflix docuseries; Netflix’s Nobody Wants This Filming Locations (2025-); Netflix Is Losing One of My Favorite Action Movies of the Last 10 Years; Prime Video acquires 'Kantara: Chapter 1' for ₹110cr; beats Netflix; Rebecca Ferguson Spooked by ‘A House of Dynamite’ Detail in Netflix’s Hit Film!; Netflix’s The Witcher season 4 review: a dark, dazzling return to the continent; Why OG Failed to Repeat Theater Magic on OTT?; Stranger Things Season 5 New Trailer: Netflix Deletes Trailer After Teasing Fans; 8 Most Controversial Movies on Netflix"
2023-12-19,488.3999938964844,495.0199890136719,496.1400146484375,484.05999755859375,3849000.0,"Netflix Leans Into Success of 'KPop Demon Hunters' With New Hasbro and Mattel Partnerships. Is It Enough to Excite Investors?; Geneseo haunting returns to spotlight in Netflix docuseries; Netflix’s Nobody Wants This Filming Locations (2025-); Netflix Is Losing One of My Favorite Action Movies of the Last 10 Years; Prime Video acquires 'Kantara: Chapter 1' for ₹110cr; beats Netflix; Rebecca Ferguson Spooked by ‘A House of Dynamite’ Detail in Netflix’s Hit Film!; Netflix’s The Witcher season 4 review: a dark, dazzling return to the continent; Why OG Failed to Repeat Theater Magic on OTT?; Stranger Things Season 5 New Trailer: Netflix Deletes Trailer After Teasing Fans; 8 Most Controversial Movies on Netflix"
2023-12-20,492.0,489.2699890136719,500.8900146484375,488.3900146484375,4563700.0,"Netflix Leans Into Success of 'KPop Demon Hunters' With New Hasbro and Mattel Partnerships. Is It Enough to Excite Investors?; Geneseo haunting returns to spotlight in Netflix docuseries; Netflix’s Nobody Wants This Filming Locations (2025-); Netflix Is Losing One of My Favorite Action Movies of the Last 10 Years; Prime Video acquires 'Kantara: Chapter 1' for ₹110cr; beats Netflix; Rebecca Ferguson Spooked by ‘A House of Dynamite’ Detail in Netflix’s Hit Film!; Netflix’s The Witcher season 4 review: a dark, dazzling return to the continent; Why OG Failed to Repeat Theater Magic on OTT?; Stranger Things Season 5 New Trailer: Netflix Deletes Trailer After Teasing Fans; 8 Most Controversial Movies on Netflix"
2023-12-21,492.6600036621094,491.6099853515625,494.3999938964844,486.7699890136719,2756200.0,"Netflix Leans Into Success of 'KPop Demon Hunters' With New Hasbro and Mattel Partnerships. Is It Enough to Excite Investors?; Geneseo haunting returns to spotlight in Netflix docuseries; Netflix’s Nobody Wants This Filming Locations (2025-); Netflix Is Losing One of My Favorite Action Movies of the Last 10 Years; Prime Video acquires 'Kantara: Chapter 1' for ₹110cr; beats Netflix; Rebecca Ferguson Spooked by ‘A House of Dynamite’ Detail in Netflix’s Hit Film!; Netflix’s The Witcher season 4 review: a dark, dazzling return to the continent; Why OG Failed to Repeat Theater Magic on OTT?; Stranger Things Season 5 New Trailer: Netflix Deletes Trailer After Teasing Fans; 8 Most Controversial Movies on Netflix"
2023-12-22,494.0,486.760009765625,496.0199890136719,485.45001220703136,2702700.0,"Netflix Leans Into Success of 'KPop Demon Hunters' With New Hasbro and Mattel Partnerships. Is It Enough to Excite Investors?; Geneseo haunting returns to spotlight in Netflix docuseries; Netflix’s Nobody Wants This Filming Locations (2025-); Netflix Is Losing One of My Favorite Action Movies of the Last 10 Years; Prime Video acquires 'Kantara: Chapter 1' for ₹110cr; beats Netflix; Rebecca Ferguson Spooked by ‘A House of Dynamite’ Detail in Netflix’s Hit Film!; Netflix’s The Witcher season 4 review: a dark, dazzling return to the continent; Why OG Failed to Repeat Theater Magic on OTT?; Stranger Things Season 5 New Trailer: Netflix Deletes Trailer After Teasing Fans; 8 Most Controversial Movies on Netflix"
2023-12-26,489.3900146484375,491.19000244140636,491.4800109863281,486.3800048828125,2034500.0,"Netflix Leans Into Success of 'KPop Demon Hunters' With New Hasbro and Mattel Partnerships. Is It Enough to Excite Investors?; Geneseo haunting returns to spotlight in Netflix docuseries; Netflix’s Nobody Wants This Filming Locations (2025-); Netflix Is Losing One of My Favorite Action Movies of the Last 10 Years; Prime Video acquires 'Kantara: Chapter 1' for ₹110cr; beats Netflix; Rebecca Ferguson Spooked by ‘A House of Dynamite’ Detail in Netflix’s Hit Film!; Netflix’s The Witcher season 4 review: a dark, dazzling return to the continent; Why OG Failed to Repeat Theater Magic on OTT?; Stranger Things Season 5 New Trailer: Netflix Deletes Trailer After Teasing Fans; 8 Most Controversial Movies on Netflix"
2023-12-27,491.239990234375,491.7900085449219,494.0199890136719,489.25,2561300.0,"Netflix Leans Into Success of 'KPop Demon Hunters' With New Hasbro and Mattel Partnerships. Is It Enough to Excite Investors?; Geneseo haunting returns to spotlight in Netflix docuseries; Netflix’s Nobody Wants This Filming Locations (2025-); Netflix Is Losing One of My Favorite Action Movies of the Last 10 Years; Prime Video acquires 'Kantara: Chapter 1' for ₹110cr; beats Netflix; Rebecca Ferguson Spooked by ‘A House of Dynamite’ Detail in Netflix’s Hit Film!; Netflix’s The Witcher season 4 review: a dark, dazzling return to the continent; Why OG Failed to Repeat Theater Magic on OTT?; Stranger Things Season 5 New Trailer: Netflix Deletes Trailer After Teasing Fans; 8 Most Controversial Movies on Netflix"
2023-12-28,492.0,490.510009765625,492.8900146484375,489.07000732421886,1710500.0,"Stranger Things new trailer leaked by Netflix; Netflix Baramulla trailer: Manav Kaul leads a supernatural mystery set in Kashmir; Join Stranger Things for One Last Adventure with These Global Fan Events; Netflix Leans Into Success of 'KPop Demon Hunters' With New Hasbro and Mattel Partnerships. Is It Enough to Excite Investors?; Geneseo haunting returns to spotlight in Netflix docuseries; Netflix’s Nobody Wants This Filming Locations (2025-); Netflix Is Losing One of My Favorite Action Movies of the Last 10 Years; Prime Video acquires 'Kantara: Chapter 1' for ₹110cr; beats Netflix; Rebecca Ferguson Spooked by ‘A House of Dynamite’ Detail in Netflix’s Hit Film!; Netflix’s The Witcher season 4 review: a dark, dazzling return to the continent"
2023-12-29,490.3699951171875,486.8800048828125,492.2300109863281,481.94000244140636,2740600.0,"Stranger Things new trailer leaked by Netflix; Netflix Baramulla trailer: Manav Kaul leads a supernatural mystery set in Kashmir; Join Stranger Things for One Last Adventure with These Global Fan Events; Netflix Leans Into Success of 'KPop Demon Hunters' With New Hasbro and Mattel Partnerships. Is It Enough to Excite Investors?; Geneseo haunting returns to spotlight in Netflix docuseries; Netflix’s Nobody Wants This Filming Locations (2025-); Netflix Is Losing One of My Favorite Action Movies of the Last 10 Years; Prime Video acquires 'Kantara: Chapter 1' for ₹110cr; beats Netflix; Rebecca Ferguson Spooked by ‘A House of Dynamite’ Detail in Netflix’s Hit Film!; Netflix’s The Witcher season 4 review: a dark, dazzling return to the continent"
2024-01-02,483.19000244140636,468.5,484.6499938964844,461.8599853515625,5049400.0,"Stranger Things new trailer leaked by Netflix; Netflix Baramulla trailer: Manav Kaul leads a supernatural mystery set in Kashmir; Join Stranger Things for One Last Adventure with These Global Fan Events; Netflix Leans Into Success of 'KPop Demon Hunters' With New Hasbro and Mattel Partnerships. Is It Enough to Excite Investors?; Geneseo haunting returns to spotlight in Netflix docuseries; Netflix’s Nobody Wants This Filming Locations (2025-); Netflix Is Losing One of My Favorite Action Movies of the Last 10 Years; Prime Video acquires 'Kantara: Chapter 1' for ₹110cr; beats Netflix; Rebecca Ferguson Spooked by ‘A House of Dynamite’ Detail in Netflix’s Hit Film!; Netflix’s The Witcher season 4 review: a dark, dazzling return to the continent"
2024-01-03,467.32000732421886,470.260009765625,475.04998779296886,465.7699890136719,3443700.0,"Stranger Things new trailer leaked by Netflix; Netflix Baramulla trailer: Manav Kaul leads a supernatural mystery set in Kashmir; Join Stranger Things for One Last Adventure with These Global Fan Events; Netflix Leans Into Success of 'KPop Demon Hunters' With New Hasbro and Mattel Partnerships. Is It Enough to Excite Investors?; Geneseo haunting returns to spotlight in Netflix docuseries; Netflix’s Nobody Wants This Filming Locations (2025-); Netflix Is Losing One of My Favorite Action Movies of the Last 10 Years; Prime Video acquires 'Kantara: Chapter 1' for ₹110cr; beats Netflix; Rebecca Ferguson Spooked by ‘A House of Dynamite’ Detail in Netflix’s Hit Film!; Netflix’s The Witcher season 4 review: a dark, dazzling return to the continent"
2024-01-04,472.9800109863281,474.6700134277344,480.739990234375,466.5299987792969,3636500.0,"Stranger Things new trailer leaked by Netflix; Netflix Baramulla trailer: Manav Kaul leads a supernatural mystery set in Kashmir; Join Stranger Things for One Last Adventure with These Global Fan Events; Netflix Leans Into Success of 'KPop Demon Hunters' With New Hasbro and Mattel Partnerships. Is It Enough to Excite Investors?; Geneseo haunting returns to spotlight in Netflix docuseries; Netflix’s Nobody Wants This Filming Locations (2025-); Netflix Is Losing One of My Favorite Action Movies of the Last 10 Years; Prime Video acquires 'Kantara: Chapter 1' for ₹110cr; beats Netflix; Rebecca Ferguson Spooked by ‘A House of Dynamite’ Detail in Netflix’s Hit Film!; Netflix’s The Witcher season 4 review: a dark, dazzling return to the continent"
2024-01-05,476.5,474.05999755859375,479.54998779296886,471.79998779296886,2631300.0,"Stranger Things new trailer leaked by Netflix; Netflix Baramulla trailer: Manav Kaul leads a supernatural mystery set in Kashmir; Join Stranger Things for One Last Adventure with These Global Fan Events; Netflix Leans Into Success of 'KPop Demon Hunters' With New Hasbro and Mattel Partnerships. Is It Enough to Excite Investors?; Geneseo haunting returns to spotlight in Netflix docuseries; Netflix’s Nobody Wants This Filming Locations (2025-); Netflix Is Losing One of My Favorite Action Movies of the Last 10 Years; Prime Video acquires 'Kantara: Chapter 1' for ₹110cr; beats Netflix; Rebecca Ferguson Spooked by ‘A House of Dynamite’ Detail in Netflix’s Hit Film!; Netflix’s The Witcher season 4 review: a dark, dazzling return to the continent"
2024-01-08,473.8900146484375,485.0299987792969,485.239990234375,473.6499938964844,3675800.0,"Netflix’s ‘10DANCE’ live-action: Cast, plot, release date & all you need to know about BL manga film starring Keita Machida & Ryoma Takeuchi; Stranger Things new trailer leaked by Netflix; Netflix Baramulla trailer: Manav Kaul leads a supernatural mystery set in Kashmir; Join Stranger Things for One Last Adventure with These Global Fan Events; Netflix Leans Into Success of 'KPop Demon Hunters' With New Hasbro and Mattel Partnerships. Is It Enough to Excite Investors?; Geneseo haunting returns to spotlight in Netflix docuseries; Geneseo haunting returns to spotlight in Netflix docuseries; Netflix’s Nobody Wants This Filming Locations (2025-); Netflix Is Losing One of My Favorite Action Movies of the Last 10 Years; Prime Video acquires 'Kantara: Chapter 1' for ₹110cr; beats Netflix"
2024-01-09,475.5299987792969,482.0899963378906,485.0899963378906,473.79998779296886,3526800.0,"Netflix’s ‘10DANCE’ live-action: Cast, plot, release date & all you need to know about BL manga film starring Keita Machida & Ryoma Takeuchi; Stranger Things new trailer leaked by Netflix; Netflix Baramulla trailer: Manav Kaul leads a supernatural mystery set in Kashmir; Join Stranger Things for One Last Adventure with These Global Fan Events; Netflix Leans Into Success of 'KPop Demon Hunters' With New Hasbro and Mattel Partnerships. Is It Enough to Excite Investors?; Geneseo haunting returns to spotlight in Netflix docuseries; Geneseo haunting returns to spotlight in Netflix docuseries; Netflix’s Nobody Wants This Filming Locations (2025-); Netflix Is Losing One of My Favorite Action Movies of the Last 10 Years; Prime Video acquires 'Kantara: Chapter 1' for ₹110cr; beats Netflix"
2024-01-10,481.6000061035156,478.3299865722656,487.0,472.95001220703136,4342400.0,"Netflix’s ‘10DANCE’ live-action: Cast, plot, release date & all you need to know about BL manga film starring Keita Machida & Ryoma Takeuchi; Stranger Things new trailer leaked by Netflix; Netflix Baramulla trailer: Manav Kaul leads a supernatural mystery set in Kashmir; Join Stranger Things for One Last Adventure with These Global Fan Events; Netflix Leans Into Success of 'KPop Demon Hunters' With New Hasbro and Mattel Partnerships. Is It Enough to Excite Investors?; Geneseo haunting returns to spotlight in Netflix docuseries; Geneseo haunting returns to spotlight in Netflix docuseries; Netflix’s Nobody Wants This Filming Locations (2025-); Netflix Is Losing One of My Favorite Action Movies of the Last 10 Years; Prime Video acquires 'Kantara: Chapter 1' for ₹110cr; beats Netflix"
2024-01-11,492.5400085449219,492.2300109863281,503.4100036621094,483.82000732421886,7993300.0,"Netflix’s ‘10DANCE’ live-action: Cast, plot, release date & all you need to know about BL manga film starring Keita Machida & Ryoma Takeuchi; Stranger Things new trailer leaked by Netflix; Netflix Baramulla trailer: Manav Kaul leads a supernatural mystery set in Kashmir; Join Stranger Things for One Last Adventure with These Global Fan Events; Netflix Leans Into Success of 'KPop Demon Hunters' With New Hasbro and Mattel Partnerships. Is It Enough to Excite Investors?; Geneseo haunting returns to spotlight in Netflix docuseries; Geneseo haunting returns to spotlight in Netflix docuseries; Netflix’s Nobody Wants This Filming Locations (2025-); Netflix Is Losing One of My Favorite Action Movies of the Last 10 Years; Prime Video acquires 'Kantara: Chapter 1' for ₹110cr; beats Netflix"
2024-01-12,500.510009765625,492.1600036621094,500.7900085449219,490.6099853515625,5003700.0,"Netflix’s ‘10DANCE’ live-action: Cast, plot, release date & all you need to know about BL manga film starring Keita Machida & Ryoma Takeuchi; Stranger Things new trailer leaked by Netflix; Netflix Baramulla trailer: Manav Kaul leads a supernatural mystery set in Kashmir; Join Stranger Things for One Last Adventure with These Global Fan Events; Netflix Leans Into Success of 'KPop Demon Hunters' With New Hasbro and Mattel Partnerships. Is It Enough to Excite Investors?; Geneseo haunting returns to spotlight in Netflix docuseries; Geneseo haunting returns to spotlight in Netflix docuseries; Netflix’s Nobody Wants This Filming Locations (2025-); Netflix Is Losing One of My Favorite Action Movies of the Last 10 Years; Prime Video acquires 'Kantara: Chapter 1' for ₹110cr; beats Netflix"
2024-01-16,490.0,481.239990234375,494.1499938964844,478.0199890136719,4679000.0,"Netflix’s ‘10DANCE’ live-action: Cast, plot, release date & all you need to know about BL manga film starring Keita Machida & Ryoma Takeuchi; Stranger Things new trailer leaked by Netflix; Netflix Baramulla trailer: Manav Kaul leads a supernatural mystery set in Kashmir; Join Stranger Things for One Last Adventure with These Global Fan Events; Netflix Leans Into Success of 'KPop Demon Hunters' With New Hasbro and Mattel Partnerships. Is It Enough to Excite Investors?; Geneseo haunting returns to spotlight in Netflix docuseries; Geneseo haunting returns to spotlight in Netflix docuseries; Netflix’s Nobody Wants This Filming Locations (2025-); Netflix Is Losing One of My Favorite Action Movies of the Last 10 Years; Prime Video acquires 'Kantara: Chapter 1' for ₹110cr; beats Netflix"
2024-01-17,484.5,480.3299865722656,486.2099914550781,475.260009765625,4894600.0,"Netflix’s ‘10DANCE’ live-action: Cast, plot, release date & all you need to know about BL manga film starring Keita Machida & Ryoma Takeuchi; Stranger Things new trailer leaked by Netflix; Netflix Baramulla trailer: Manav Kaul leads a supernatural mystery set in Kashmir; Join Stranger Things for One Last Adventure with These Global Fan Events; Netflix Leans Into Success of 'KPop Demon Hunters' With New Hasbro and Mattel Partnerships. Is It Enough to Excite Investors?; Geneseo haunting returns to spotlight in Netflix docuseries; Geneseo haunting returns to spotlight in Netflix docuseries; Netflix’s Nobody Wants This Filming Locations (2025-); Netflix Is Losing One of My Favorite Action Movies of the Last 10 Years; Prime Video acquires 'Kantara: Chapter 1' for ₹110cr; beats Netflix"
2024-01-18,480.0299987792969,485.30999755859375,485.7699890136719,478.0199890136719,4054400.0,"Netflix’s ‘10DANCE’ live-action: Cast, plot, release date & all you need to know about BL manga film starring Keita Machida & Ryoma Takeuchi; Stranger Things new trailer leaked by Netflix; Netflix Baramulla trailer: Manav Kaul leads a supernatural mystery set in Kashmir; Join Stranger Things for One Last Adventure with These Global Fan Events; Netflix Leans Into Success of 'KPop Demon Hunters' With New Hasbro and Mattel Partnerships. Is It Enough to Excite Investors?; Geneseo haunting returns to spotlight in Netflix docuseries; Geneseo haunting returns to spotlight in Netflix docuseries; Netflix’s Nobody Wants This Filming Locations (2025-); Netflix Is Losing One of My Favorite Action Movies of the Last 10 Years; Prime Video acquires 'Kantara: Chapter 1' for ₹110cr; beats Netflix"
2024-01-19,484.9800109863281,482.95001220703136,485.6700134277344,476.05999755859375,5672400.0,"13 Best Football Movies and Shows on Netflix; Netflix’s ‘10DANCE’ live-action: Cast, plot, release date & all you need to know about BL manga film starring Keita Machida & Ryoma Takeuchi; Stranger Things new trailer leaked by Netflix; Netflix Baramulla trailer: Manav Kaul leads a supernatural mystery set in Kashmir; Join Stranger Things for One Last Adventure with These Global Fan Events; Netflix Leans Into Success of 'KPop Demon Hunters' With New Hasbro and Mattel Partnerships. Is It Enough to Excite Investors?; Geneseo haunting returns to spotlight in Netflix docuseries; Geneseo haunting returns to spotlight in Netflix docuseries; Netflix’s Nobody Wants This Filming Locations (2025-); Netflix Is Losing One of My Favorite Action Movies of the Last 10 Years"
2024-01-22,487.54998779296886,485.7099914550781,489.79998779296886,479.8999938964844,5212300.0,"13 Best Football Movies and Shows on Netflix; Netflix’s ‘10DANCE’ live-action: Cast, plot, release date & all you need to know about BL manga film starring Keita Machida & Ryoma Takeuchi; Stranger Things new trailer leaked by Netflix; Netflix Baramulla trailer: Manav Kaul leads a supernatural mystery set in Kashmir; Join Stranger Things for One Last Adventure with These Global Fan Events; Netflix Leans Into Success of 'KPop Demon Hunters' With New Hasbro and Mattel Partnerships. Is It Enough to Excite Investors?; Geneseo haunting returns to spotlight in Netflix docuseries; Geneseo haunting returns to spotlight in Netflix docuseries; Netflix’s Nobody Wants This Filming Locations (2025-); Netflix Is Losing One of My Favorite Action Movies of the Last 10 Years"
2024-01-23,492.0,492.19000244140636,498.9599914550781,481.3999938964844,15506000.0,"13 Best Football Movies and Shows on Netflix; Netflix’s ‘10DANCE’ live-action: Cast, plot, release date & all you need to know about BL manga film starring Keita Machida & Ryoma Takeuchi; Stranger Things new trailer leaked by Netflix; Netflix Baramulla trailer: Manav Kaul leads a supernatural mystery set in Kashmir; Join Stranger Things for One Last Adventure with These Global Fan Events; Netflix Leans Into Success of 'KPop Demon Hunters' With New Hasbro and Mattel Partnerships. Is It Enough to Excite Investors?; Geneseo haunting returns to spotlight in Netflix docuseries; Geneseo haunting returns to spotlight in Netflix docuseries; Netflix’s Nobody Wants This Filming Locations (2025-); Netflix Is Losing One of My Favorite Action Movies of the Last 10 Years"
2024-01-24,537.75,544.8699951171875,562.5,537.0700073242188,26432800.0,"13 Best Football Movies and Shows on Netflix; Netflix’s ‘10DANCE’ live-action: Cast, plot, release date & all you need to know about BL manga film starring Keita Machida & Ryoma Takeuchi; Stranger Things new trailer leaked by Netflix; Netflix Baramulla trailer: Manav Kaul leads a supernatural mystery set in Kashmir; Join Stranger Things for One Last Adventure with These Global Fan Events; Netflix Leans Into Success of 'KPop Demon Hunters' With New Hasbro and Mattel Partnerships. Is It Enough to Excite Investors?; Geneseo haunting returns to spotlight in Netflix docuseries; Geneseo haunting returns to spotlight in Netflix docuseries; Netflix’s Nobody Wants This Filming Locations (2025-); Netflix Is Losing One of My Favorite Action Movies of the Last 10 Years"
2024-01-25,551.9500122070312,562.0,563.4600219726562,548.4600219726562,9451900.0,"13 Best Football Movies and Shows on Netflix; Netflix’s ‘10DANCE’ live-action: Cast, plot, release date & all you need to know about BL manga film starring Keita Machida & Ryoma Takeuchi; Stranger Things new trailer leaked by Netflix; Netflix Baramulla trailer: Manav Kaul leads a supernatural mystery set in Kashmir; Join Stranger Things for One Last Adventure with These Global Fan Events; Netflix Leans Into Success of 'KPop Demon Hunters' With New Hasbro and Mattel Partnerships. Is It Enough to Excite Investors?; Geneseo haunting returns to spotlight in Netflix docuseries; Geneseo haunting returns to spotlight in Netflix docuseries; Netflix’s Nobody Wants This Filming Locations (2025-); Netflix Is Losing One of My Favorite Action Movies of the Last 10 Years"
2024-01-26,561.8099975585938,570.4199829101562,579.6400146484375,558.4299926757812,12770600.0,"13 Best Football Movies and Shows on Netflix; Netflix’s ‘10DANCE’ live-action: Cast, plot, release date & all you need to know about BL manga film starring Keita Machida & Ryoma Takeuchi; Stranger Things new trailer leaked by Netflix; Netflix Baramulla trailer: Manav Kaul leads a supernatural mystery set in Kashmir; Join Stranger Things for One Last Adventure with These Global Fan Events; Netflix Leans Into Success of 'KPop Demon Hunters' With New Hasbro and Mattel Partnerships. Is It Enough to Excite Investors?; Geneseo haunting returns to spotlight in Netflix docuseries; Geneseo haunting returns to spotlight in Netflix docuseries; Netflix’s Nobody Wants This Filming Locations (2025-); Netflix Is Losing One of My Favorite Action Movies of the Last 10 Years"
2024-01-29,571.3499755859375,575.7899780273438,578.5499877929688,562.6799926757812,6905400.0,"13 Best Football Movies and Shows on Netflix; Netflix’s ‘10DANCE’ live-action: Cast, plot, release date & all you need to know about BL manga film starring Keita Machida & Ryoma Takeuchi; Stranger Things new trailer leaked by Netflix; Netflix Baramulla trailer: Manav Kaul leads a supernatural mystery set in Kashmir; Join Stranger Things for One Last Adventure with These Global Fan Events; Netflix Leans Into Success of 'KPop Demon Hunters' With New Hasbro and Mattel Partnerships. Is It Enough to Excite Investors?; Geneseo haunting returns to spotlight in Netflix docuseries; Geneseo haunting returns to spotlight in Netflix docuseries; Netflix’s Nobody Wants This Filming Locations (2025-); Netflix Is Losing One of My Favorite Action Movies of the Last 10 Years"
2024-01-30,567.3200073242188,562.8499755859375,570.8800048828125,560.8200073242188,6181800.0,"13 Best Football Movies and Shows on Netflix; Netflix’s ‘10DANCE’ live-action: Cast, plot, release date & all you need to know about BL manga film starring Keita Machida & Ryoma Takeuchi; Stranger Things new trailer leaked by Netflix; Netflix Baramulla trailer: Manav Kaul leads a supernatural mystery set in Kashmir; Join Stranger Things for One Last Adventure with These Global Fan Events; Netflix Leans Into Success of 'KPop Demon Hunters' With New Hasbro and Mattel Partnerships. Is It Enough to Excite Investors?; Geneseo haunting returns to spotlight in Netflix docuseries; Geneseo haunting returns to spotlight in Netflix docuseries; Netflix’s Nobody Wants This Filming Locations (2025-); Netflix Is Losing One of My Favorite Action Movies of the Last 10 Years"
2024-01-31,562.8499755859375,564.1099853515625,572.1500244140625,562.0399780273438,4857600.0,"13 Best Football Movies and Shows on Netflix; Divya Khossla and Neil Nitin Mukesh’s ‘Ek Chatur Naar’ gears up for Netflix premiere on November 7; Netflix’s ‘10DANCE’ live-action: Cast, plot, release date & all you need to know about BL manga film starring Keita Machida & Ryoma Takeuchi; Stranger Things new trailer leaked by Netflix; Netflix Baramulla trailer: Manav Kaul leads a supernatural mystery set in Kashmir; Join Stranger Things for One Last Adventure with These Global Fan Events; Netflix Leans Into Success of 'KPop Demon Hunters' With New Hasbro and Mattel Partnerships. Is It Enough to Excite Investors?; Geneseo haunting returns to spotlight in Netflix docuseries; Geneseo haunting returns to spotlight in Netflix docuseries; Netflix’s Nobody Wants This Filming Locations (2025-)"
2024-02-01,567.02001953125,567.510009765625,572.6599731445312,563.8300170898438,3174000.0,"13 Best Football Movies and Shows on Netflix; Divya Khossla and Neil Nitin Mukesh’s ‘Ek Chatur Naar’ gears up for Netflix premiere on November 7; Netflix’s ‘10DANCE’ live-action: Cast, plot, release date & all you need to know about BL manga film starring Keita Machida & Ryoma Takeuchi; Stranger Things new trailer leaked by Netflix; Netflix Baramulla trailer: Manav Kaul leads a supernatural mystery set in Kashmir; Join Stranger Things for One Last Adventure with These Global Fan Events; Netflix Leans Into Success of 'KPop Demon Hunters' With New Hasbro and Mattel Partnerships. Is It Enough to Excite Investors?; Geneseo haunting returns to spotlight in Netflix docuseries; Geneseo haunting returns to spotlight in Netflix docuseries; Netflix’s Nobody Wants This Filming Locations (2025-)"
2024-02-02,564.52001953125,564.6400146484375,567.7999877929688,562.3699951171875,4032800.0,"13 Best Football Movies and Shows on Netflix; Divya Khossla and Neil Nitin Mukesh’s ‘Ek Chatur Naar’ gears up for Netflix premiere on November 7; Netflix’s ‘10DANCE’ live-action: Cast, plot, release date & all you need to know about BL manga film starring Keita Machida & Ryoma Takeuchi; Stranger Things new trailer leaked by Netflix; Netflix Baramulla trailer: Manav Kaul leads a supernatural mystery set in Kashmir; Join Stranger Things for One Last Adventure with These Global Fan Events; Netflix Leans Into Success of 'KPop Demon Hunters' With New Hasbro and Mattel Partnerships. Is It Enough to Excite Investors?; Geneseo haunting returns to spotlight in Netflix docuseries; Geneseo haunting returns to spotlight in Netflix docuseries; Netflix’s Nobody Wants This Filming Locations (2025-)"
2024-02-05,562.469970703125,562.0599975585938,575.75,557.2000122070312,4143100.0,"13 Best Football Movies and Shows on Netflix; Divya Khossla and Neil Nitin Mukesh’s ‘Ek Chatur Naar’ gears up for Netflix premiere on November 7; Netflix’s ‘10DANCE’ live-action: Cast, plot, release date & all you need to know about BL manga film starring Keita Machida & Ryoma Takeuchi; Stranger Things new trailer leaked by Netflix; Netflix Baramulla trailer: Manav Kaul leads a supernatural mystery set in Kashmir; Join Stranger Things for One Last Adventure with These Global Fan Events; Netflix Leans Into Success of 'KPop Demon Hunters' With New Hasbro and Mattel Partnerships. Is It Enough to Excite Investors?; Geneseo haunting returns to spotlight in Netflix docuseries; Geneseo haunting returns to spotlight in Netflix docuseries; Netflix’s Nobody Wants This Filming Locations (2025-)"
2024-02-06,564.1199951171875,555.8800048828125,566.3400268554688,554.3699951171875,2840300.0,"13 Best Football Movies and Shows on Netflix; Divya Khossla and Neil Nitin Mukesh’s ‘Ek Chatur Naar’ gears up for Netflix premiere on November 7; Netflix’s ‘10DANCE’ live-action: Cast, plot, release date & all you need to know about BL manga film starring Keita Machida & Ryoma Takeuchi; Stranger Things new trailer leaked by Netflix; Netflix Baramulla trailer: Manav Kaul leads a supernatural mystery set in Kashmir; Join Stranger Things for One Last Adventure with These Global Fan Events; Netflix Leans Into Success of 'KPop Demon Hunters' With New Hasbro and Mattel Partnerships. Is It Enough to Excite Investors?; Geneseo haunting returns to spotlight in Netflix docuseries; Geneseo haunting returns to spotlight in Netflix docuseries; Netflix’s Nobody Wants This Filming Locations (2025-)"
2024-02-07,558.1599731445312,559.2999877929688,567.7999877929688,554.97998046875,4373600.0,"13 Best Football Movies and Shows on Netflix; Divya Khossla and Neil Nitin Mukesh’s ‘Ek Chatur Naar’ gears up for Netflix premiere on November 7; Netflix’s ‘10DANCE’ live-action: Cast, plot, release date & all you need to know about BL manga film starring Keita Machida & Ryoma Takeuchi; Stranger Things new trailer leaked by Netflix; Netflix Baramulla trailer: Manav Kaul leads a supernatural mystery set in Kashmir; Join Stranger Things for One Last Adventure with These Global Fan Events; Netflix Leans Into Success of 'KPop Demon Hunters' With New Hasbro and Mattel Partnerships. Is It Enough to Excite Investors?; Geneseo haunting returns to spotlight in Netflix docuseries; Geneseo haunting returns to spotlight in Netflix docuseries; Netflix’s Nobody Wants This Filming Locations (2025-)"
2024-02-08,560.5499877929688,558.530029296875,563.7000122070312,555.739990234375,3175500.0,"13 Best Football Movies and Shows on Netflix; Divya Khossla and Neil Nitin Mukesh’s ‘Ek Chatur Naar’ gears up for Netflix premiere on November 7; Netflix’s ‘10DANCE’ live-action: Cast, plot, release date & all you need to know about BL manga film starring Keita Machida & Ryoma Takeuchi; Stranger Things new trailer leaked by Netflix; Netflix Baramulla trailer: Manav Kaul leads a supernatural mystery set in Kashmir; Join Stranger Things for One Last Adventure with These Global Fan Events; Netflix Leans Into Success of 'KPop Demon Hunters' With New Hasbro and Mattel Partnerships. Is It Enough to Excite Investors?; Geneseo haunting returns to spotlight in Netflix docuseries; Geneseo haunting returns to spotlight in Netflix docuseries; Netflix’s Nobody Wants This Filming Locations (2025-)"
2024-02-09,565.0,561.3200073242188,566.0,558.0999755859375,3055700.0,"13 Best Football Movies and Shows on Netflix; Divya Khossla and Neil Nitin Mukesh’s ‘Ek Chatur Naar’ gears up for Netflix premiere on November 7; Netflix’s ‘10DANCE’ live-action: Cast, plot, release date & all you need to know about BL manga film starring Keita Machida & Ryoma Takeuchi; Stranger Things new trailer leaked by Netflix; Netflix Baramulla trailer: Manav Kaul leads a supernatural mystery set in Kashmir; Join Stranger Things for One Last Adventure with These Global Fan Events; Netflix Leans Into Success of 'KPop Demon Hunters' With New Hasbro and Mattel Partnerships. Is It Enough to Excite Investors?; Geneseo haunting returns to spotlight in Netflix docuseries; Geneseo haunting returns to spotlight in Netflix docuseries; Netflix’s Nobody Wants This Filming Locations (2025-)"
2024-02-12,560.3599853515625,557.8499755859375,568.4400024414062,557.0,3608500.0,"13 Best Football Movies and Shows on Netflix; Divya Khossla and Neil Nitin Mukesh’s ‘Ek Chatur Naar’ gears up for Netflix premiere on November 7; Netflix’s ‘10DANCE’ live-action: Cast, plot, release date & all you need to know about BL manga film starring Keita Machida & Ryoma Takeuchi; Stranger Things new trailer leaked by Netflix; Netflix Baramulla trailer: Manav Kaul leads a supernatural mystery set in Kashmir; Join Stranger Things for One Last Adventure with These Global Fan Events; Netflix Leans Into Success of 'KPop Demon Hunters' With New Hasbro and Mattel Partnerships. Is It Enough to Excite Investors?; Geneseo haunting returns to spotlight in Netflix docuseries; Geneseo haunting returns to spotlight in Netflix docuseries; Netflix’s Nobody Wants This Filming Locations (2025-)"
2024-02-13,550.7999877929688,554.52001953125,559.2000122070312,549.0,3511500.0,"13 Best Football Movies and Shows on Netflix; Divya Khossla and Neil Nitin Mukesh’s ‘Ek Chatur Naar’ gears up for Netflix premiere on November 7; Netflix’s ‘10DANCE’ live-action: Cast, plot, release date & all you need to know about BL manga film starring Keita Machida & Ryoma Takeuchi; Stranger Things new trailer leaked by Netflix; Netflix Baramulla trailer: Manav Kaul leads a supernatural mystery set in Kashmir; Join Stranger Things for One Last Adventure with These Global Fan Events; Netflix Leans Into Success of 'KPop Demon Hunters' With New Hasbro and Mattel Partnerships. Is It Enough to Excite Investors?; Geneseo haunting returns to spotlight in Netflix docuseries; Geneseo haunting returns to spotlight in Netflix docuseries; Netflix’s Nobody Wants This Filming Locations (2025-)"
2024-02-14,567.260009765625,579.3300170898438,581.25,564.3400268554688,5634200.0,"Netflix Confirms Stranger Things Season 5 Release Schedule Following Accidental Trailer Leak and Announcement of Worldwide Fan Events; Adam Driver to lead Netflix psychological thriller series Rabbit, Rabbit; Netflix Documentary 'Aileen: Queen of the Serial Killers' Revisits the Case of Notorious Female Serial Killer Aileen Wuornos; 13 Best Football Movies and Shows on Netflix; Divya Khossla and Neil Nitin Mukesh’s ‘Ek Chatur Naar’ gears up for Netflix premiere on November 7; Netflix’s ‘10DANCE’ live-action: Cast, plot, release date & all you need to know about BL manga film starring Keita Machida & Ryoma Takeuchi; Stranger Things new trailer leaked by Netflix; Netflix Baramulla trailer: Manav Kaul leads a supernatural mystery set in Kashmir; Join Stranger Things for One Last Adventure with These Global Fan Events; Netflix Leans Into Success of 'KPop Demon Hunters' With New Hasbro and Mattel Partnerships. Is It Enough to Excite Investors?"
2024-02-15,581.9099731445312,593.4600219726562,593.77001953125,580.3200073242188,5220900.0,"Netflix Confirms Stranger Things Season 5 Release Schedule Following Accidental Trailer Leak and Announcement of Worldwide Fan Events; Adam Driver to lead Netflix psychological thriller series Rabbit, Rabbit; Netflix Documentary 'Aileen: Queen of the Serial Killers' Revisits the Case of Notorious Female Serial Killer Aileen Wuornos; 13 Best Football Movies and Shows on Netflix; Divya Khossla and Neil Nitin Mukesh’s ‘Ek Chatur Naar’ gears up for Netflix premiere on November 7; Netflix’s ‘10DANCE’ live-action: Cast, plot, release date & all you need to know about BL manga film starring Keita Machida & Ryoma Takeuchi; Stranger Things new trailer leaked by Netflix; Netflix Baramulla trailer: Manav Kaul leads a supernatural mystery set in Kashmir; Join Stranger Things for One Last Adventure with These Global Fan Events; Netflix Leans Into Success of 'KPop Demon Hunters' With New Hasbro and Mattel Partnerships. Is It Enough to Excite Investors?"
2024-02-16,596.9500122070312,583.9500122070312,597.0,577.4600219726562,4325700.0,"Netflix Confirms Stranger Things Season 5 Release Schedule Following Accidental Trailer Leak and Announcement of Worldwide Fan Events; Adam Driver to lead Netflix psychological thriller series Rabbit, Rabbit; Netflix Documentary 'Aileen: Queen of the Serial Killers' Revisits the Case of Notorious Female Serial Killer Aileen Wuornos; 13 Best Football Movies and Shows on Netflix; Divya Khossla and Neil Nitin Mukesh’s ‘Ek Chatur Naar’ gears up for Netflix premiere on November 7; Netflix’s ‘10DANCE’ live-action: Cast, plot, release date & all you need to know about BL manga film starring Keita Machida & Ryoma Takeuchi; Stranger Things new trailer leaked by Netflix; Netflix Baramulla trailer: Manav Kaul leads a supernatural mystery set in Kashmir; Join Stranger Things for One Last Adventure with These Global Fan Events; Geneseo haunting returns to spotlight in Netflix docuseries"
2024-02-20,580.1799926757812,575.1300048828125,586.0,569.6599731445312,3124200.0,"Netflix Confirms Stranger Things Season 5 Release Schedule Following Accidental Trailer Leak and Announcement of Worldwide Fan Events; Adam Driver to lead Netflix psychological thriller series Rabbit, Rabbit; Netflix Documentary 'Aileen: Queen of the Serial Killers' Revisits the Case of Notorious Female Serial Killer Aileen Wuornos; 13 Best Football Movies and Shows on Netflix; Divya Khossla and Neil Nitin Mukesh’s ‘Ek Chatur Naar’ gears up for Netflix premiere on November 7; Netflix’s ‘10DANCE’ live-action: Cast, plot, release date & all you need to know about BL manga film starring Keita Machida & Ryoma Takeuchi; Stranger Things new trailer leaked by Netflix; Netflix Baramulla trailer: Manav Kaul leads a supernatural mystery set in Kashmir; Join Stranger Things for One Last Adventure with These Global Fan Events; Netflix Leans Into Success of 'KPop Demon Hunters' With New Hasbro and Mattel Partnerships. Is It Enough to Excite Investors?"
2024-02-21,573.510009765625,573.3499755859375,575.780029296875,567.3200073242188,2270600.0,"Netflix Confirms Stranger Things Season 5 Release Schedule Following Accidental Trailer Leak and Announcement of Worldwide Fan Events; Adam Driver to lead Netflix psychological thriller series Rabbit, Rabbit; Netflix Documentary 'Aileen: Queen of the Serial Killers' Revisits the Case of Notorious Female Serial Killer Aileen Wuornos; 13 Best Football Movies and Shows on Netflix; Divya Khossla and Neil Nitin Mukesh’s ‘Ek Chatur Naar’ gears up for Netflix premiere on November 7; Netflix’s ‘10DANCE’ live-action: Cast, plot, release date & all you need to know about BL manga film starring Keita Machida & Ryoma Takeuchi; Stranger Things new trailer leaked by Netflix; Netflix Baramulla trailer: Manav Kaul leads a supernatural mystery set in Kashmir; Join Stranger Things for One Last Adventure with These Global Fan Events; Netflix Leans Into Success of 'KPop Demon Hunters' With New Hasbro and Mattel Partnerships. Is It Enough to Excite Investors?"
2024-02-22,582.75,588.469970703125,590.8499755859375,578.8900146484375,3526600.0,"Netflix Confirms Stranger Things Season 5 Release Schedule Following Accidental Trailer Leak and Announcement of Worldwide Fan Events; Adam Driver to lead Netflix psychological thriller series Rabbit, Rabbit; Netflix Documentary 'Aileen: Queen of the Serial Killers' Revisits the Case of Notorious Female Serial Killer Aileen Wuornos; 13 Best Football Movies and Shows on Netflix; Divya Khossla and Neil Nitin Mukesh’s ‘Ek Chatur Naar’ gears up for Netflix premiere on November 7; Netflix’s ‘10DANCE’ live-action: Cast, plot, release date & all you need to know about BL manga film starring Keita Machida & Ryoma Takeuchi; Stranger Things new trailer leaked by Netflix; Netflix Baramulla trailer: Manav Kaul leads a supernatural mystery set in Kashmir; Join Stranger Things for One Last Adventure with These Global Fan Events; Netflix Leans Into Success of 'KPop Demon Hunters' With New Hasbro and Mattel Partnerships. Is It Enough to Excite Investors?"
2024-02-23,586.4000244140625,583.5599975585938,592.4299926757812,579.8200073242188,2568900.0,"Netflix Confirms Stranger Things Season 5 Release Schedule Following Accidental Trailer Leak and Announcement of Worldwide Fan Events; Adam Driver to lead Netflix psychological thriller series Rabbit, Rabbit; Netflix Documentary 'Aileen: Queen of the Serial Killers' Revisits the Case of Notorious Female Serial Killer Aileen Wuornos; 13 Best Football Movies and Shows on Netflix; Divya Khossla and Neil Nitin Mukesh’s ‘Ek Chatur Naar’ gears up for Netflix premiere on November 7; Netflix’s ‘10DANCE’ live-action: Cast, plot, release date & all you need to know about BL manga film starring Keita Machida & Ryoma Takeuchi; Stranger Things new trailer leaked by Netflix; Netflix Baramulla trailer: Manav Kaul leads a supernatural mystery set in Kashmir; Join Stranger Things for One Last Adventure with These Global Fan Events; Netflix Leans Into Success of 'KPop Demon Hunters' With New Hasbro and Mattel Partnerships. Is It Enough to Excite Investors?"
2024-02-26,583.5599975585938,587.6500244140625,590.75,583.27001953125,2393700.0,"Netflix Confirms Stranger Things Season 5 Release Schedule Following Accidental Trailer Leak and Announcement of Worldwide Fan Events; Adam Driver to lead Netflix psychological thriller series Rabbit, Rabbit; Netflix Documentary 'Aileen: Queen of the Serial Killers' Revisits the Case of Notorious Female Serial Killer Aileen Wuornos; 13 Best Football Movies and Shows on Netflix; Divya Khossla and Neil Nitin Mukesh’s ‘Ek Chatur Naar’ gears up for Netflix premiere on November 7; Netflix’s ‘10DANCE’ live-action: Cast, plot, release date & all you need to know about BL manga film starring Keita Machida & Ryoma Takeuchi; Stranger Things new trailer leaked by Netflix; Netflix Baramulla trailer: Manav Kaul leads a supernatural mystery set in Kashmir; Join Stranger Things for One Last Adventure with These Global Fan Events; Netflix Leans Into Success of 'KPop Demon Hunters' With New Hasbro and Mattel Partnerships. Is It Enough to Excite Investors?"
2024-02-27,595.0,601.6699829101562,605.3599853515625,592.3300170898438,4489400.0,"Netflix Confirms Stranger Things Season 5 Release Schedule Following Accidental Trailer Leak and Announcement of Worldwide Fan Events; Adam Driver to lead Netflix psychological thriller series Rabbit, Rabbit; Netflix Documentary 'Aileen: Queen of the Serial Killers' Revisits the Case of Notorious Female Serial Killer Aileen Wuornos; 13 Best Football Movies and Shows on Netflix; Divya Khossla and Neil Nitin Mukesh’s ‘Ek Chatur Naar’ gears up for Netflix premiere on November 7; Netflix’s ‘10DANCE’ live-action: Cast, plot, release date & all you need to know about BL manga film starring Keita Machida & Ryoma Takeuchi; Stranger Things new trailer leaked by Netflix; Netflix Baramulla trailer: Manav Kaul leads a supernatural mystery set in Kashmir; Join Stranger Things for One Last Adventure with These Global Fan Events; Netflix Leans Into Success of 'KPop Demon Hunters' With New Hasbro and Mattel Partnerships. Is It Enough to Excite Investors?"
2024-02-28,595.7899780273438,596.47998046875,598.1699829101562,590.010009765625,2605200.0,"In Netflix's 'Baramulla', Manav Kaul is a cop investigating child disappearances in Kashmir; Netflix Confirms Stranger Things Season 5 Release Schedule Following Accidental Trailer Leak and Announcement of Worldwide Fan Events; Meghan Markle Onto Next Project Amid Strained Netflix Deal — Source; Adam Driver to lead Netflix psychological thriller series Rabbit, Rabbit; Netflix Documentary 'Aileen: Queen of the Serial Killers' Revisits the Case of Notorious Female Serial Killer Aileen Wuornos; 13 Best Football Movies and Shows on Netflix; Divya Khossla and Neil Nitin Mukesh’s ‘Ek Chatur Naar’ gears up for Netflix premiere on November 7; Netflix’s ‘10DANCE’ live-action: Cast, plot, release date & all you need to know about BL manga film starring Keita Machida & Ryoma Takeuchi; Stranger Things new trailer leaked by Netflix; Netflix Baramulla trailer: Manav Kaul leads a supernatural mystery set in Kashmir"
2024-02-29,604.25,602.9199829101562,604.52001953125,595.1599731445312,3572100.0,"In Netflix's 'Baramulla', Manav Kaul is a cop investigating child disappearances in Kashmir; Netflix Confirms Stranger Things Season 5 Release Schedule Following Accidental Trailer Leak and Announcement of Worldwide Fan Events; Meghan Markle Onto Next Project Amid Strained Netflix Deal — Source; Adam Driver to lead Netflix psychological thriller series Rabbit, Rabbit; Netflix Documentary 'Aileen: Queen of the Serial Killers' Revisits the Case of Notorious Female Serial Killer Aileen Wuornos; 13 Best Football Movies and Shows on Netflix; Divya Khossla and Neil Nitin Mukesh’s ‘Ek Chatur Naar’ gears up for Netflix premiere on November 7; Netflix’s ‘10DANCE’ live-action: Cast, plot, release date & all you need to know about BL manga film starring Keita Machida & Ryoma Takeuchi; Stranger Things new trailer leaked by Netflix; Netflix Baramulla trailer: Manav Kaul leads a supernatural mystery set in Kashmir"
2024-03-01,599.8099975585938,619.3400268554688,620.280029296875,599.5,4270300.0,"In Netflix's 'Baramulla', Manav Kaul is a cop investigating child disappearances in Kashmir; Netflix Confirms Stranger Things Season 5 Release Schedule Following Accidental Trailer Leak and Announcement of Worldwide Fan Events; Meghan Markle Onto Next Project Amid Strained Netflix Deal — Source; Adam Driver to lead Netflix psychological thriller series Rabbit, Rabbit; Netflix Documentary 'Aileen: Queen of the Serial Killers' Revisits the Case of Notorious Female Serial Killer Aileen Wuornos; 13 Best Football Movies and Shows on Netflix; Divya Khossla and Neil Nitin Mukesh’s ‘Ek Chatur Naar’ gears up for Netflix premiere on November 7; Netflix’s ‘10DANCE’ live-action: Cast, plot, release date & all you need to know about BL manga film starring Keita Machida & Ryoma Takeuchi; Stranger Things new trailer leaked by Netflix; Netflix Baramulla trailer: Manav Kaul leads a supernatural mystery set in Kashmir"
2024-03-04,621.5599975585938,615.8300170898438,624.4199829101562,615.0800170898438,3020300.0,"In Netflix's 'Baramulla', Manav Kaul is a cop investigating child disappearances in Kashmir; Netflix Confirms Stranger Things Season 5 Release Schedule Following Accidental Trailer Leak and Announcement of Worldwide Fan Events; Meghan Markle Onto Next Project Amid Strained Netflix Deal — Source; Adam Driver to lead Netflix psychological thriller series Rabbit, Rabbit; Netflix Documentary 'Aileen: Queen of the Serial Killers' Revisits the Case of Notorious Female Serial Killer Aileen Wuornos; 13 Best Football Movies and Shows on Netflix; Divya Khossla and Neil Nitin Mukesh’s ‘Ek Chatur Naar’ gears up for Netflix premiere on November 7; Netflix’s ‘10DANCE’ live-action: Cast, plot, release date & all you need to know about BL manga film starring Keita Machida & Ryoma Takeuchi; Stranger Things new trailer leaked by Netflix; Netflix Baramulla trailer: Manav Kaul leads a supernatural mystery set in Kashmir"
2024-03-05,610.0999755859375,598.5,610.9099731445312,592.0,3849600.0,"In Netflix's 'Baramulla', Manav Kaul is a cop investigating child disappearances in Kashmir; Netflix Confirms Stranger Things Season 5 Release Schedule Following Accidental Trailer Leak and Announcement of Worldwide Fan Events; Meghan Markle Onto Next Project Amid Strained Netflix Deal — Source; Adam Driver to lead Netflix psychological thriller series Rabbit, Rabbit; Netflix Documentary 'Aileen: Queen of the Serial Killers' Revisits the Case of Notorious Female Serial Killer Aileen Wuornos; 13 Best Football Movies and Shows on Netflix; Divya Khossla and Neil Nitin Mukesh’s ‘Ek Chatur Naar’ gears up for Netflix premiere on November 7; Netflix’s ‘10DANCE’ live-action: Cast, plot, release date & all you need to know about BL manga film starring Keita Machida & Ryoma Takeuchi; Stranger Things new trailer leaked by Netflix; Netflix Baramulla trailer: Manav Kaul leads a supernatural mystery set in Kashmir"
2024-03-06,602.989990234375,597.6900024414062,607.9299926757812,593.5599975585938,2469600.0,"In Netflix's 'Baramulla', Manav Kaul is a cop investigating child disappearances in Kashmir; Netflix Confirms Stranger Things Season 5 Release Schedule Following Accidental Trailer Leak and Announcement of Worldwide Fan Events; Meghan Markle Onto Next Project Amid Strained Netflix Deal — Source; Adam Driver to lead Netflix psychological thriller series Rabbit, Rabbit; Netflix Documentary 'Aileen: Queen of the Serial Killers' Revisits the Case of Notorious Female Serial Killer Aileen Wuornos; 13 Best Football Movies and Shows on Netflix; Divya Khossla and Neil Nitin Mukesh’s ‘Ek Chatur Naar’ gears up for Netflix premiere on November 7; Netflix’s ‘10DANCE’ live-action: Cast, plot, release date & all you need to know about BL manga film starring Keita Machida & Ryoma Takeuchi; Stranger Things new trailer leaked by Netflix; Netflix Baramulla trailer: Manav Kaul leads a supernatural mystery set in Kashmir"
2024-03-07,599.3400268554688,608.510009765625,610.530029296875,595.9000244140625,2742800.0,"In Netflix's 'Baramulla', Manav Kaul is a cop investigating child disappearances in Kashmir; Netflix Confirms Stranger Things Season 5 Release Schedule Following Accidental Trailer Leak and Announcement of Worldwide Fan Events; Meghan Markle Onto Next Project Amid Strained Netflix Deal — Source; Adam Driver to lead Netflix psychological thriller series Rabbit, Rabbit; Netflix Documentary 'Aileen: Queen of the Serial Killers' Revisits the Case of Notorious Female Serial Killer Aileen Wuornos; 13 Best Football Movies and Shows on Netflix; Divya Khossla and Neil Nitin Mukesh’s ‘Ek Chatur Naar’ gears up for Netflix premiere on November 7; Netflix’s ‘10DANCE’ live-action: Cast, plot, release date & all you need to know about BL manga film starring Keita Machida & Ryoma Takeuchi; Stranger Things new trailer leaked by Netflix; Netflix Baramulla trailer: Manav Kaul leads a supernatural mystery set in Kashmir"
2024-03-08,608.27001953125,604.8200073242188,616.0900268554688,600.8400268554688,2777200.0,"In Netflix's 'Baramulla', Manav Kaul is a cop investigating child disappearances in Kashmir; Netflix Confirms Stranger Things Season 5 Release Schedule Following Accidental Trailer Leak and Announcement of Worldwide Fan Events; Meghan Markle Onto Next Project Amid Strained Netflix Deal — Source; Adam Driver to lead Netflix psychological thriller series Rabbit, Rabbit; Netflix Documentary 'Aileen: Queen of the Serial Killers' Revisits the Case of Notorious Female Serial Killer Aileen Wuornos; 13 Best Football Movies and Shows on Netflix; Divya Khossla and Neil Nitin Mukesh’s ‘Ek Chatur Naar’ gears up for Netflix premiere on November 7; Netflix’s ‘10DANCE’ live-action: Cast, plot, release date & all you need to know about BL manga film starring Keita Machida & Ryoma Takeuchi; Stranger Things new trailer leaked by Netflix; Netflix Baramulla trailer: Manav Kaul leads a supernatural mystery set in Kashmir"
2024-03-11,608.0800170898438,600.9299926757812,611.0,600.3699951171875,2500900.0,"In Netflix's 'Baramulla', Manav Kaul is a cop investigating child disappearances in Kashmir; Netflix Confirms Stranger Things Season 5 Release Schedule Following Accidental Trailer Leak and Announcement of Worldwide Fan Events; Meghan Markle Onto Next Project Amid Strained Netflix Deal — Source; Adam Driver to lead Netflix psychological thriller series Rabbit, Rabbit; Netflix Documentary 'Aileen: Queen of the Serial Killers' Revisits the Case of Notorious Female Serial Killer Aileen Wuornos; 13 Best Football Movies and Shows on Netflix; Divya Khossla and Neil Nitin Mukesh’s ‘Ek Chatur Naar’ gears up for Netflix premiere on November 7; Netflix’s ‘10DANCE’ live-action: Cast, plot, release date & all you need to know about BL manga film starring Keita Machida & Ryoma Takeuchi; Stranger Things new trailer leaked by Netflix; Netflix Baramulla trailer: Manav Kaul leads a supernatural mystery set in Kashmir"
2024-03-12,600.2100219726562,611.0800170898438,615.2999877929688,596.27001953125,2821600.0,"‘Stranger Things 5’ Trailer Accidentally Leaked by Netflix? Fans Go Wild After Brief Appearance Online; In Netflix's 'Baramulla', Manav Kaul is a cop investigating child disappearances in Kashmir; Netflix Confirms Stranger Things Season 5 Release Schedule Following Accidental Trailer Leak and Announcement of Worldwide Fan Events; Meghan Markle Onto Next Project Amid Strained Netflix Deal — Source; Adam Driver to lead Netflix psychological thriller series Rabbit, Rabbit; Netflix Documentary 'Aileen: Queen of the Serial Killers' Revisits the Case of Notorious Female Serial Killer Aileen Wuornos; 13 Best Football Movies and Shows on Netflix; Divya Khossla and Neil Nitin Mukesh’s ‘Ek Chatur Naar’ gears up for Netflix premiere on November 7; Netflix’s ‘10DANCE’ live-action: Cast, plot, release date & all you need to know about BL manga film starring Keita Machida & Ryoma Takeuchi; Stranger Things new trailer leaked by Netflix"
2024-03-13,613.3699951171875,609.4500122070312,614.8499755859375,607.2100219726562,2192100.0,"‘Stranger Things 5’ Trailer Accidentally Leaked by Netflix? Fans Go Wild After Brief Appearance Online; In Netflix's 'Baramulla', Manav Kaul is a cop investigating child disappearances in Kashmir; Netflix Confirms Stranger Things Season 5 Release Schedule Following Accidental Trailer Leak and Announcement of Worldwide Fan Events; Meghan Markle Onto Next Project Amid Strained Netflix Deal — Source; Adam Driver to lead Netflix psychological thriller series Rabbit, Rabbit; Netflix Documentary 'Aileen: Queen of the Serial Killers' Revisits the Case of Notorious Female Serial Killer Aileen Wuornos; 13 Best Football Movies and Shows on Netflix; Divya Khossla and Neil Nitin Mukesh’s ‘Ek Chatur Naar’ gears up for Netflix premiere on November 7; Netflix’s ‘10DANCE’ live-action: Cast, plot, release date & all you need to know about BL manga film starring Keita Machida & Ryoma Takeuchi; Stranger Things new trailer leaked by Netflix"
2024-03-14,615.0,613.010009765625,620.7999877929688,607.3499755859375,3120500.0,"‘Stranger Things 5’ Trailer Accidentally Leaked by Netflix? Fans Go Wild After Brief Appearance Online; In Netflix's 'Baramulla', Manav Kaul is a cop investigating child disappearances in Kashmir; Netflix Confirms Stranger Things Season 5 Release Schedule Following Accidental Trailer Leak and Announcement of Worldwide Fan Events; Meghan Markle Onto Next Project Amid Strained Netflix Deal — Source; Adam Driver to lead Netflix psychological thriller series Rabbit, Rabbit; Netflix Documentary 'Aileen: Queen of the Serial Killers' Revisits the Case of Notorious Female Serial Killer Aileen Wuornos; 13 Best Football Movies and Shows on Netflix; Divya Khossla and Neil Nitin Mukesh’s ‘Ek Chatur Naar’ gears up for Netflix premiere on November 7; Netflix’s ‘10DANCE’ live-action: Cast, plot, release date & all you need to know about BL manga film starring Keita Machida & Ryoma Takeuchi; Stranger Things new trailer leaked by Netflix"
2024-03-15,622.9199829101562,605.8800048828125,622.9199829101562,603.8200073242188,6671600.0,"‘Stranger Things 5’ Trailer Accidentally Leaked by Netflix? Fans Go Wild After Brief Appearance Online; In Netflix's 'Baramulla', Manav Kaul is a cop investigating child disappearances in Kashmir; Netflix Confirms Stranger Things Season 5 Release Schedule Following Accidental Trailer Leak and Announcement of Worldwide Fan Events; Meghan Markle Onto Next Project Amid Strained Netflix Deal — Source; Adam Driver to lead Netflix psychological thriller series Rabbit, Rabbit; Netflix Documentary 'Aileen: Queen of the Serial Killers' Revisits the Case of Notorious Female Serial Killer Aileen Wuornos; 13 Best Football Movies and Shows on Netflix; Divya Khossla and Neil Nitin Mukesh’s ‘Ek Chatur Naar’ gears up for Netflix premiere on November 7; Netflix’s ‘10DANCE’ live-action: Cast, plot, release date & all you need to know about BL manga film starring Keita Machida & Ryoma Takeuchi; Stranger Things new trailer leaked by Netflix"
2024-03-18,613.5599975585938,618.3900146484375,627.4099731445312,610.4500122070312,3344200.0,"‘Stranger Things 5’ Trailer Accidentally Leaked by Netflix? Fans Go Wild After Brief Appearance Online; In Netflix's 'Baramulla', Manav Kaul is a cop investigating child disappearances in Kashmir; Netflix Confirms Stranger Things Season 5 Release Schedule Following Accidental Trailer Leak and Announcement of Worldwide Fan Events; Meghan Markle Onto Next Project Amid Strained Netflix Deal — Source; Adam Driver to lead Netflix psychological thriller series Rabbit, Rabbit; Netflix Documentary 'Aileen: Queen of the Serial Killers' Revisits the Case of Notorious Female Serial Killer Aileen Wuornos; 13 Best Football Movies and Shows on Netflix; Divya Khossla and Neil Nitin Mukesh’s ‘Ek Chatur Naar’ gears up for Netflix premiere on November 7; Netflix’s ‘10DANCE’ live-action: Cast, plot, release date & all you need to know about BL manga film starring Keita Machida & Ryoma Takeuchi; Stranger Things new trailer leaked by Netflix"
2024-03-19,615.6199951171875,620.739990234375,621.280029296875,608.0,2142600.0,"‘Stranger Things 5’ Trailer Accidentally Leaked by Netflix? Fans Go Wild After Brief Appearance Online; In Netflix's 'Baramulla', Manav Kaul is a cop investigating child disappearances in Kashmir; Netflix Confirms Stranger Things Season 5 Release Schedule Following Accidental Trailer Leak and Announcement of Worldwide Fan Events; Meghan Markle Onto Next Project Amid Strained Netflix Deal — Source; Adam Driver to lead Netflix psychological thriller series Rabbit, Rabbit; Netflix Documentary 'Aileen: Queen of the Serial Killers' Revisits the Case of Notorious Female Serial Killer Aileen Wuornos; 13 Best Football Movies and Shows on Netflix; Divya Khossla and Neil Nitin Mukesh’s ‘Ek Chatur Naar’ gears up for Netflix premiere on November 7; Netflix’s ‘10DANCE’ live-action: Cast, plot, release date & all you need to know about BL manga film starring Keita Machida & Ryoma Takeuchi; Stranger Things new trailer leaked by Netflix"
2024-03-20,619.9500122070312,627.6900024414062,629.510009765625,618.3400268554688,2639500.0,"‘Stranger Things 5’ Trailer Accidentally Leaked by Netflix? Fans Go Wild After Brief Appearance Online; In Netflix's 'Baramulla', Manav Kaul is a cop investigating child disappearances in Kashmir; Netflix Confirms Stranger Things Season 5 Release Schedule Following Accidental Trailer Leak and Announcement of Worldwide Fan Events; Meghan Markle Onto Next Project Amid Strained Netflix Deal — Source; Adam Driver to lead Netflix psychological thriller series Rabbit, Rabbit; Netflix Documentary 'Aileen: Queen of the Serial Killers' Revisits the Case of Notorious Female Serial Killer Aileen Wuornos; 13 Best Football Movies and Shows on Netflix; Divya Khossla and Neil Nitin Mukesh’s ‘Ek Chatur Naar’ gears up for Netflix premiere on November 7; Netflix’s ‘10DANCE’ live-action: Cast, plot, release date & all you need to know about BL manga film starring Keita Machida & Ryoma Takeuchi; Stranger Things new trailer leaked by Netflix"
2024-03-21,630.6500244140625,622.7100219726562,634.3599853515625,622.3300170898438,2507700.0,"‘Stranger Things 5’ Trailer Accidentally Leaked by Netflix? Fans Go Wild After Brief Appearance Online; In Netflix's 'Baramulla', Manav Kaul is a cop investigating child disappearances in Kashmir; Netflix Confirms Stranger Things Season 5 Release Schedule Following Accidental Trailer Leak and Announcement of Worldwide Fan Events; Meghan Markle Onto Next Project Amid Strained Netflix Deal — Source; Adam Driver to lead Netflix psychological thriller series Rabbit, Rabbit; Netflix Documentary 'Aileen: Queen of the Serial Killers' Revisits the Case of Notorious Female Serial Killer Aileen Wuornos; 13 Best Football Movies and Shows on Netflix; Divya Khossla and Neil Nitin Mukesh’s ‘Ek Chatur Naar’ gears up for Netflix premiere on November 7; Netflix’s ‘10DANCE’ live-action: Cast, plot, release date & all you need to know about BL manga film starring Keita Machida & Ryoma Takeuchi; Stranger Things new trailer leaked by Netflix"
2024-03-22,624.1599731445312,628.010009765625,629.0499877929688,621.0,2135700.0,"‘Stranger Things 5’ Trailer Accidentally Leaked by Netflix? Fans Go Wild After Brief Appearance Online; In Netflix's 'Baramulla', Manav Kaul is a cop investigating child disappearances in Kashmir; Netflix Confirms Stranger Things Season 5 Release Schedule Following Accidental Trailer Leak and Announcement of Worldwide Fan Events; Meghan Markle Onto Next Project Amid Strained Netflix Deal — Source; Adam Driver to lead Netflix psychological thriller series Rabbit, Rabbit; Netflix Documentary 'Aileen: Queen of the Serial Killers' Revisits the Case of Notorious Female Serial Killer Aileen Wuornos; 13 Best Football Movies and Shows on Netflix; Divya Khossla and Neil Nitin Mukesh’s ‘Ek Chatur Naar’ gears up for Netflix premiere on November 7; Netflix’s ‘10DANCE’ live-action: Cast, plot, release date & all you need to know about BL manga film starring Keita Machida & Ryoma Takeuchi; Stranger Things new trailer leaked by Netflix"
2024-03-25,627.9000244140625,627.4600219726562,630.4600219726562,623.1599731445312,1803300.0,"Netflix's The Witcher Season 4 Debuts Amid Divided Critical Reception to Liam Hemsworth's Geralt Portrayal; How much money will the Physical: 100 Asia winner take home? Here’s the whopping amount on the Netflix show; Netflix Unveils Baramulla Trailer: Manav Kaul Fronts a Chilling Supernatural Thriller Set in Kashmir; Netflix revisits Aileen Wuornos story in chilling true-crime documentary Queen of Serial Killers; ‘Stranger Things 5’ Trailer Accidentally Leaked by Netflix? Fans Go Wild After Brief Appearance Online; In Netflix's 'Baramulla', Manav Kaul is a cop investigating child disappearances in Kashmir; Netflix Confirms Stranger Things Season 5 Release Schedule Following Accidental Trailer Leak and Announcement of Worldwide Fan Events; Meghan Markle Onto Next Project Amid Strained Netflix Deal — Source; Adam Driver to lead Netflix psychological thriller series Rabbit, Rabbit; Lee Ho‑jeong joins Netflix drama As You Stood By, sparks fiery chemistry with Lee Yu‑mi and Jang Seung‑jo - CHOSUNBIZ"
2024-03-26,625.2000122070312,629.239990234375,634.3900146484375,619.1799926757812,2804500.0,"Netflix's The Witcher Season 4 Debuts Amid Divided Critical Reception to Liam Hemsworth's Geralt Portrayal; How much money will the Physical: 100 Asia winner take home? Here’s the whopping amount on the Netflix show; Netflix Unveils Baramulla Trailer: Manav Kaul Fronts a Chilling Supernatural Thriller Set in Kashmir; Netflix revisits Aileen Wuornos story in chilling true-crime documentary Queen of Serial Killers; ‘Stranger Things 5’ Trailer Accidentally Leaked by Netflix? Fans Go Wild After Brief Appearance Online; In Netflix's 'Baramulla', Manav Kaul is a cop investigating child disappearances in Kashmir; Netflix Confirms Stranger Things Season 5 Release Schedule Following Accidental Trailer Leak and Announcement of Worldwide Fan Events; Meghan Markle Onto Next Project Amid Strained Netflix Deal — Source; Adam Driver to lead Netflix psychological thriller series Rabbit, Rabbit; Lee Ho‑jeong joins Netflix drama As You Stood By, sparks fiery chemistry with Lee Yu‑mi and Jang Seung‑jo - CHOSUNBIZ"
2024-03-27,629.010009765625,613.530029296875,631.3499755859375,610.72998046875,2628300.0,"Netflix's The Witcher Season 4 Debuts Amid Divided Critical Reception to Liam Hemsworth's Geralt Portrayal; How much money will the Physical: 100 Asia winner take home? Here’s the whopping amount on the Netflix show; Netflix Unveils Baramulla Trailer: Manav Kaul Fronts a Chilling Supernatural Thriller Set in Kashmir; Netflix revisits Aileen Wuornos story in chilling true-crime documentary Queen of Serial Killers; ‘Stranger Things 5’ Trailer Accidentally Leaked by Netflix? Fans Go Wild After Brief Appearance Online; In Netflix's 'Baramulla', Manav Kaul is a cop investigating child disappearances in Kashmir; Netflix Confirms Stranger Things Season 5 Release Schedule Following Accidental Trailer Leak and Announcement of Worldwide Fan Events; Meghan Markle Onto Next Project Amid Strained Netflix Deal — Source; Adam Driver to lead Netflix psychological thriller series Rabbit, Rabbit; Lee Ho‑jeong joins Netflix drama As You Stood By, sparks fiery chemistry with Lee Yu‑mi and Jang Seung‑jo - CHOSUNBIZ"
2024-03-28,614.989990234375,607.3300170898438,615.0,601.5900268554688,3708800.0,"Netflix's The Witcher Season 4 Debuts Amid Divided Critical Reception to Liam Hemsworth's Geralt Portrayal; How much money will the Physical: 100 Asia winner take home? Here’s the whopping amount on the Netflix show; Netflix Unveils Baramulla Trailer: Manav Kaul Fronts a Chilling Supernatural Thriller Set in Kashmir; Netflix revisits Aileen Wuornos story in chilling true-crime documentary Queen of Serial Killers; ‘Stranger Things 5’ Trailer Accidentally Leaked by Netflix? Fans Go Wild After Brief Appearance Online; In Netflix's 'Baramulla', Manav Kaul is a cop investigating child disappearances in Kashmir; Netflix Confirms Stranger Things Season 5 Release Schedule Following Accidental Trailer Leak and Announcement of Worldwide Fan Events; Meghan Markle Onto Next Project Amid Strained Netflix Deal — Source; Adam Driver to lead Netflix psychological thriller series Rabbit, Rabbit; Lee Ho‑jeong joins Netflix drama As You Stood By, sparks fiery chemistry with Lee Yu‑mi and Jang Seung‑jo - CHOSUNBIZ"
2024-04-01,608.0,614.3099975585938,615.1099853515625,605.5700073242188,2115900.0,"Netflix's The Witcher Season 4 Debuts Amid Divided Critical Reception to Liam Hemsworth's Geralt Portrayal; How much money will the Physical: 100 Asia winner take home? Here’s the whopping amount on the Netflix show; Netflix Unveils Baramulla Trailer: Manav Kaul Fronts a Chilling Supernatural Thriller Set in Kashmir; Netflix revisits Aileen Wuornos story in chilling true-crime documentary Queen of Serial Killers; ‘Stranger Things 5’ Trailer Accidentally Leaked by Netflix? Fans Go Wild After Brief Appearance Online; In Netflix's 'Baramulla', Manav Kaul is a cop investigating child disappearances in Kashmir; Netflix Confirms Stranger Things Season 5 Release Schedule Following Accidental Trailer Leak and Announcement of Worldwide Fan Events; Meghan Markle Onto Next Project Amid Strained Netflix Deal — Source; Adam Driver to lead Netflix psychological thriller series Rabbit, Rabbit; Lee Ho‑jeong joins Netflix drama As You Stood By, sparks fiery chemistry with Lee Yu‑mi and Jang Seung‑jo - CHOSUNBIZ"
2024-04-02,611.0,614.2100219726562,615.030029296875,605.510009765625,2029200.0,"Netflix's The Witcher Season 4 Debuts Amid Divided Critical Reception to Liam Hemsworth's Geralt Portrayal; How much money will the Physical: 100 Asia winner take home? Here’s the whopping amount on the Netflix show; Netflix Unveils Baramulla Trailer: Manav Kaul Fronts a Chilling Supernatural Thriller Set in Kashmir; Netflix revisits Aileen Wuornos story in chilling true-crime documentary Queen of Serial Killers; ‘Stranger Things 5’ Trailer Accidentally Leaked by Netflix? Fans Go Wild After Brief Appearance Online; In Netflix's 'Baramulla', Manav Kaul is a cop investigating child disappearances in Kashmir; Netflix Confirms Stranger Things Season 5 Release Schedule Following Accidental Trailer Leak and Announcement of Worldwide Fan Events; Meghan Markle Onto Next Project Amid Strained Netflix Deal — Source; Adam Driver to lead Netflix psychological thriller series Rabbit, Rabbit; Lee Ho‑jeong joins Netflix drama As You Stood By, sparks fiery chemistry with Lee Yu‑mi and Jang Seung‑jo - CHOSUNBIZ"
2024-04-03,612.75,630.0800170898438,630.4099731445312,611.5,2931200.0,"Netflix's The Witcher Season 4 Debuts Amid Divided Critical Reception to Liam Hemsworth's Geralt Portrayal; How much money will the Physical: 100 Asia winner take home? Here’s the whopping amount on the Netflix show; Netflix Unveils Baramulla Trailer: Manav Kaul Fronts a Chilling Supernatural Thriller Set in Kashmir; Netflix revisits Aileen Wuornos story in chilling true-crime documentary Queen of Serial Killers; ‘Stranger Things 5’ Trailer Accidentally Leaked by Netflix? Fans Go Wild After Brief Appearance Online; In Netflix's 'Baramulla', Manav Kaul is a cop investigating child disappearances in Kashmir; Netflix Confirms Stranger Things Season 5 Release Schedule Following Accidental Trailer Leak and Announcement of Worldwide Fan Events; Meghan Markle Onto Next Project Amid Strained Netflix Deal — Source; Adam Driver to lead Netflix psychological thriller series Rabbit, Rabbit; Lee Ho‑jeong joins Netflix drama As You Stood By, sparks fiery chemistry with Lee Yu‑mi and Jang Seung‑jo - CHOSUNBIZ"
2024-04-05,624.9199829101562,636.1799926757812,637.9099731445312,622.7100219726562,3378800.0,"Friday OTT Releases (October 31, 2025): Lokah Chapter 1 Chandra And 4 New Movies And Series To Stream On Netflix, Prime Video, Zee5, And More; Netflix, Eureka to recreate Wonka’s Chocolate Factory down under for Golden Ticket format; Baramulla Trailer Out: Manav Kaul Investigates Mysterious Disappearances In Kashmir In Netflix’s Gripping Supernatural Thriller; Aileen: Queen of the Serial Killers – Review | Netflix Documentary; In Video: Netflix releases trailer of ‘Baramulla’; See Claire Danes, Matthew Rhys in the teaser for new Netflix series ‘Beast in Me’; Daymark Wealth Partners LLC Increases Stake in Netflix, Inc. $NFLX; World Investment Advisors Has $7.55 Million Stock Holdings in Netflix, Inc. $NFLX; Superwog's Debut Netflix Special 'Son of a Donkey' Garners Mixed Reviews Amid Global Streaming Launch; Stranger Things season 5 final trailer has leaked online – and Netflix fans are very worried about the fate of one of its most important characters"
2024-04-08,636.3900146484375,628.4099731445312,639.0,628.1099853515625,2145700.0,"Friday OTT Releases (October 31, 2025): Lokah Chapter 1 Chandra And 4 New Movies And Series To Stream On Netflix, Prime Video, Zee5, And More; Netflix, Eureka to recreate Wonka’s Chocolate Factory down under for Golden Ticket format; Baramulla Trailer Out: Manav Kaul Investigates Mysterious Disappearances In Kashmir In Netflix’s Gripping Supernatural Thriller; Aileen: Queen of the Serial Killers – Review | Netflix Documentary; In Video: Netflix releases trailer of ‘Baramulla’; See Claire Danes, Matthew Rhys in the teaser for new Netflix series ‘Beast in Me’; Daymark Wealth Partners LLC Increases Stake in Netflix, Inc. $NFLX; World Investment Advisors Has $7.55 Million Stock Holdings in Netflix, Inc. $NFLX; Superwog's Debut Netflix Special 'Son of a Donkey' Garners Mixed Reviews Amid Global Streaming Launch; Stranger Things season 5 final trailer has leaked online – and Netflix fans are very worried about the fate of one of its most important characters"
2024-04-09,631.989990234375,618.2000122070312,631.989990234375,615.6300048828125,2143600.0,"Netflix, Eureka to recreate Wonka’s Chocolate Factory down under for Golden Ticket format; Baramulla Trailer Out: Manav Kaul Investigates Mysterious Disappearances In Kashmir In Netflix’s Gripping Supernatural Thriller; Aileen: Queen of the Serial Killers – Review | Netflix Documentary; In Video: Netflix releases trailer of ‘Baramulla’; See Claire Danes, Matthew Rhys in the teaser for new Netflix series ‘Beast in Me’; Daymark Wealth Partners LLC Increases Stake in Netflix, Inc. $NFLX; World Investment Advisors Has $7.55 Million Stock Holdings in Netflix, Inc. $NFLX; Superwog's Debut Netflix Special 'Son of a Donkey' Garners Mixed Reviews Amid Global Streaming Launch; Stranger Things season 5 final trailer has leaked online – and Netflix fans are very worried about the fate of one of its most important characters; After Earnings, Is Netflix Stock a Buy, a Sell, or Fairly Valued?"
2024-04-10,610.969970703125,618.5800170898438,620.1400146484375,609.3400268554688,2806200.0,"Friday OTT Releases (October 31, 2025): Lokah Chapter 1 Chandra And 4 New Movies And Series To Stream On Netflix, Prime Video, Zee5, And More; Netflix, Eureka to recreate Wonka’s Chocolate Factory down under for Golden Ticket format; Baramulla Trailer Out: Manav Kaul Investigates Mysterious Disappearances In Kashmir In Netflix’s Gripping Supernatural Thriller; Aileen: Queen of the Serial Killers – Review | Netflix Documentary; In Video: Netflix releases trailer of ‘Baramulla’; See Claire Danes, Matthew Rhys in the teaser for new Netflix series ‘Beast in Me’; Daymark Wealth Partners LLC Increases Stake in Netflix, Inc. $NFLX; World Investment Advisors Has $7.55 Million Stock Holdings in Netflix, Inc. $NFLX; Superwog's Debut Netflix Special 'Son of a Donkey' Garners Mixed Reviews Amid Global Streaming Launch; Stranger Things season 5 final trailer has leaked online – and Netflix fans are very worried about the fate of one of its most important characters"
2024-04-11,624.4199829101562,628.780029296875,631.6599731445312,617.239990234375,2662700.0,"Friday OTT Releases (October 31, 2025): Lokah Chapter 1 Chandra And 4 New Movies And Series To Stream On Netflix, Prime Video, Zee5, And More; Netflix, Eureka to recreate Wonka’s Chocolate Factory down under for Golden Ticket format; Baramulla Trailer Out: Manav Kaul Investigates Mysterious Disappearances In Kashmir In Netflix’s Gripping Supernatural Thriller; Aileen: Queen of the Serial Killers – Review | Netflix Documentary; In Video: Netflix releases trailer of ‘Baramulla’; See Claire Danes, Matthew Rhys in the teaser for new Netflix series ‘Beast in Me’; Daymark Wealth Partners LLC Increases Stake in Netflix, Inc. $NFLX; World Investment Advisors Has $7.55 Million Stock Holdings in Netflix, Inc. $NFLX; Superwog's Debut Netflix Special 'Son of a Donkey' Garners Mixed Reviews Amid Global Streaming Launch; Stranger Things season 5 final trailer has leaked online – and Netflix fans are very worried about the fate of one of its most important characters"
2024-04-12,628.22998046875,622.8300170898438,633.1199951171875,618.9199829101562,2959300.0,"Friday OTT Releases (October 31, 2025): Lokah Chapter 1 Chandra And 4 New Movies And Series To Stream On Netflix, Prime Video, Zee5, And More; Netflix, Eureka to recreate Wonka’s Chocolate Factory down under for Golden Ticket format; Baramulla Trailer Out: Manav Kaul Investigates Mysterious Disappearances In Kashmir In Netflix’s Gripping Supernatural Thriller; Aileen: Queen of the Serial Killers – Review | Netflix Documentary; In Video: Netflix releases trailer of ‘Baramulla’; See Claire Danes, Matthew Rhys in the teaser for new Netflix series ‘Beast in Me’; Daymark Wealth Partners LLC Increases Stake in Netflix, Inc. $NFLX; World Investment Advisors Has $7.55 Million Stock Holdings in Netflix, Inc. $NFLX; Superwog's Debut Netflix Special 'Son of a Donkey' Garners Mixed Reviews Amid Global Streaming Launch; Stranger Things season 5 final trailer has leaked online – and Netflix fans are very worried about the fate of one of its most important characters"
2024-04-15,630.1699829101562,607.1500244140625,630.1699829101562,603.8699951171875,3085400.0,"Friday OTT Releases (October 31, 2025): Lokah Chapter 1 Chandra And 4 New Movies And Series To Stream On Netflix, Prime Video, Zee5, And More; Netflix, Eureka to recreate Wonka’s Chocolate Factory down under for Golden Ticket format; Baramulla Trailer Out: Manav Kaul Investigates Mysterious Disappearances In Kashmir In Netflix’s Gripping Supernatural Thriller; Aileen: Queen of the Serial Killers – Review | Netflix Documentary; In Video: Netflix releases trailer of ‘Baramulla’; See Claire Danes, Matthew Rhys in the teaser for new Netflix series ‘Beast in Me’; Daymark Wealth Partners LLC Increases Stake in Netflix, Inc. $NFLX; World Investment Advisors Has $7.55 Million Stock Holdings in Netflix, Inc. $NFLX; Superwog's Debut Netflix Special 'Son of a Donkey' Garners Mixed Reviews Amid Global Streaming Launch; Stranger Things season 5 final trailer has leaked online – and Netflix fans are very worried about the fate of one of its most important characters"
2024-04-17,620.969970703125,613.6900024414062,620.969970703125,607.7100219726562,3312200.0,"Friday OTT Releases (October 31, 2025): Lokah Chapter 1 Chandra And 4 New Movies And Series To Stream On Netflix, Prime Video, Zee5, And More; Netflix, Eureka to recreate Wonka’s Chocolate Factory down under for Golden Ticket format; Baramulla Trailer Out: Manav Kaul Investigates Mysterious Disappearances In Kashmir In Netflix’s Gripping Supernatural Thriller; Aileen: Queen of the Serial Killers – Review | Netflix Documentary; In Video: Netflix releases trailer of ‘Baramulla’; See Claire Danes, Matthew Rhys in the teaser for new Netflix series ‘Beast in Me’; Daymark Wealth Partners LLC Increases Stake in Netflix, Inc. $NFLX; World Investment Advisors Has $7.55 Million Stock Holdings in Netflix, Inc. $NFLX; Superwog's Debut Netflix Special 'Son of a Donkey' Garners Mixed Reviews Amid Global Streaming Launch; Stranger Things season 5 final trailer has leaked online – and Netflix fans are very worried about the fate of one of its most important characters"
2024-04-18,612.0999755859375,610.5599975585938,621.3300170898438,605.4299926757812,8468400.0,"Spire Wealth Management Trims Stock Position in Netflix, Inc. $NFLX; Hantz Financial Services Inc. Decreases Holdings in Netflix, Inc. $NFLX; Netflix, Eureka to recreate Wonka’s Chocolate Factory down under for Golden Ticket format; Baramulla Trailer Out: Manav Kaul Investigates Mysterious Disappearances In Kashmir In Netflix’s Gripping Supernatural Thriller; Aileen: Queen of the Serial Killers – Review | Netflix Documentary; In Video: Netflix releases trailer of ‘Baramulla’; See Claire Danes, Matthew Rhys in the teaser for new Netflix series ‘Beast in Me’; Daymark Wealth Partners LLC Increases Stake in Netflix, Inc. $NFLX; World Investment Advisors Has $7.55 Million Stock Holdings in Netflix, Inc. $NFLX; Superwog's Debut Netflix Special 'Son of a Donkey' Garners Mixed Reviews Amid Global Streaming Launch"
2024-04-19,567.8800048828125,555.0399780273438,579.0,552.1599731445312,16449700.0,"Spire Wealth Management Trims Stock Position in Netflix, Inc. $NFLX; Hantz Financial Services Inc. Decreases Holdings in Netflix, Inc. $NFLX; Netflix, Eureka to recreate Wonka’s Chocolate Factory down under for Golden Ticket format; Baramulla Trailer Out: Manav Kaul Investigates Mysterious Disappearances In Kashmir In Netflix’s Gripping Supernatural Thriller; Aileen: Queen of the Serial Killers – Review | Netflix Documentary; In Video: Netflix releases trailer of ‘Baramulla’; See Claire Danes, Matthew Rhys in the teaser for new Netflix series ‘Beast in Me’; Daymark Wealth Partners LLC Increases Stake in Netflix, Inc. $NFLX; World Investment Advisors Has $7.55 Million Stock Holdings in Netflix, Inc. $NFLX; Superwog's Debut Netflix Special 'Son of a Donkey' Garners Mixed Reviews Amid Global Streaming Launch"
2024-04-22,550.6599731445312,554.5999755859375,558.6099853515625,542.010009765625,8597700.0,"Spire Wealth Management Trims Stock Position in Netflix, Inc. $NFLX; Hantz Financial Services Inc. Decreases Holdings in Netflix, Inc. $NFLX; Netflix, Eureka to recreate Wonka’s Chocolate Factory down under for Golden Ticket format; Baramulla Trailer Out: Manav Kaul Investigates Mysterious Disappearances In Kashmir In Netflix’s Gripping Supernatural Thriller; Aileen: Queen of the Serial Killers – Review | Netflix Documentary; In Video: Netflix releases trailer of ‘Baramulla’; See Claire Danes, Matthew Rhys in the teaser for new Netflix series ‘Beast in Me’; Daymark Wealth Partners LLC Increases Stake in Netflix, Inc. $NFLX; World Investment Advisors Has $7.55 Million Stock Holdings in Netflix, Inc. $NFLX; Superwog's Debut Netflix Special 'Son of a Donkey' Garners Mixed Reviews Amid Global Streaming Launch"
2024-04-23,556.489990234375,577.75,579.2100219726562,555.280029296875,4975500.0,"Spire Wealth Management Trims Stock Position in Netflix, Inc. $NFLX; Hantz Financial Services Inc. Decreases Holdings in Netflix, Inc. $NFLX; Netflix, Eureka to recreate Wonka’s Chocolate Factory down under for Golden Ticket format; Baramulla Trailer Out: Manav Kaul Investigates Mysterious Disappearances In Kashmir In Netflix’s Gripping Supernatural Thriller; Aileen: Queen of the Serial Killers – Review | Netflix Documentary; In Video: Netflix releases trailer of ‘Baramulla’; See Claire Danes, Matthew Rhys in the teaser for new Netflix series ‘Beast in Me’; Daymark Wealth Partners LLC Increases Stake in Netflix, Inc. $NFLX; World Investment Advisors Has $7.55 Million Stock Holdings in Netflix, Inc. $NFLX; Superwog's Debut Netflix Special 'Son of a Donkey' Garners Mixed Reviews Amid Global Streaming Launch"
2024-04-24,574.3099975585938,555.1199951171875,576.9099731445312,551.2999877929688,5355300.0,"Spire Wealth Management Trims Stock Position in Netflix, Inc. $NFLX; Hantz Financial Services Inc. Decreases Holdings in Netflix, Inc. $NFLX; Netflix, Eureka to recreate Wonka’s Chocolate Factory down under for Golden Ticket format; Baramulla Trailer Out: Manav Kaul Investigates Mysterious Disappearances In Kashmir In Netflix’s Gripping Supernatural Thriller; Aileen: Queen of the Serial Killers – Review | Netflix Documentary; In Video: Netflix releases trailer of ‘Baramulla’; See Claire Danes, Matthew Rhys in the teaser for new Netflix series ‘Beast in Me’; Daymark Wealth Partners LLC Increases Stake in Netflix, Inc. $NFLX; World Investment Advisors Has $7.55 Million Stock Holdings in Netflix, Inc. $NFLX; Superwog's Debut Netflix Special 'Son of a Donkey' Garners Mixed Reviews Amid Global Streaming Launch"
2024-04-25,549.4600219726562,564.7999877929688,566.5399780273438,545.7100219726562,3807100.0,"Spire Wealth Management Trims Stock Position in Netflix, Inc. $NFLX; Hantz Financial Services Inc. Decreases Holdings in Netflix, Inc. $NFLX; Netflix, Eureka to recreate Wonka’s Chocolate Factory down under for Golden Ticket format; Baramulla Trailer Out: Manav Kaul Investigates Mysterious Disappearances In Kashmir In Netflix’s Gripping Supernatural Thriller; Aileen: Queen of the Serial Killers – Review | Netflix Documentary; In Video: Netflix releases trailer of ‘Baramulla’; See Claire Danes, Matthew Rhys in the teaser for new Netflix series ‘Beast in Me’; Daymark Wealth Partners LLC Increases Stake in Netflix, Inc. $NFLX; World Investment Advisors Has $7.55 Million Stock Holdings in Netflix, Inc. $NFLX; Superwog's Debut Netflix Special 'Son of a Donkey' Garners Mixed Reviews Amid Global Streaming Launch"
2024-04-26,558.2100219726562,561.22998046875,562.9199829101562,553.1900024414062,4332600.0,"Spire Wealth Management Trims Stock Position in Netflix, Inc. $NFLX; Hantz Financial Services Inc. Decreases Holdings in Netflix, Inc. $NFLX; Netflix, Eureka to recreate Wonka’s Chocolate Factory down under for Golden Ticket format; Baramulla Trailer Out: Manav Kaul Investigates Mysterious Disappearances In Kashmir In Netflix’s Gripping Supernatural Thriller; Aileen: Queen of the Serial Killers – Review | Netflix Documentary; In Video: Netflix releases trailer of ‘Baramulla’; See Claire Danes, Matthew Rhys in the teaser for new Netflix series ‘Beast in Me’; Daymark Wealth Partners LLC Increases Stake in Netflix, Inc. $NFLX; World Investment Advisors Has $7.55 Million Stock Holdings in Netflix, Inc. $NFLX; Superwog's Debut Netflix Special 'Son of a Donkey' Garners Mixed Reviews Amid Global Streaming Launch"
2024-04-29,559.1799926757812,559.489990234375,559.6400146484375,554.239990234375,2508900.0,"Spire Wealth Management Trims Stock Position in Netflix, Inc. $NFLX; Hantz Financial Services Inc. Decreases Holdings in Netflix, Inc. $NFLX; Netflix, Eureka to recreate Wonka’s Chocolate Factory down under for Golden Ticket format; Baramulla Trailer Out: Manav Kaul Investigates Mysterious Disappearances In Kashmir In Netflix’s Gripping Supernatural Thriller; Aileen: Queen of the Serial Killers – Review | Netflix Documentary; In Video: Netflix releases trailer of ‘Baramulla’; See Claire Danes, Matthew Rhys in the teaser for new Netflix series ‘Beast in Me’; Daymark Wealth Partners LLC Increases Stake in Netflix, Inc. $NFLX; World Investment Advisors Has $7.55 Million Stock Holdings in Netflix, Inc. $NFLX; Superwog's Debut Netflix Special 'Son of a Donkey' Garners Mixed Reviews Amid Global Streaming Launch"
2024-04-30,560.0,550.6400146484375,560.0,549.3800048828125,3361500.0,"Spire Wealth Management Trims Stock Position in Netflix, Inc. $NFLX; Hantz Financial Services Inc. Decreases Holdings in Netflix, Inc. $NFLX; Netflix, Eureka to recreate Wonka’s Chocolate Factory down under for Golden Ticket format; Baramulla Trailer Out: Manav Kaul Investigates Mysterious Disappearances In Kashmir In Netflix’s Gripping Supernatural Thriller; Aileen: Queen of the Serial Killers – Review | Netflix Documentary; In Video: Netflix releases trailer of ‘Baramulla’; See Claire Danes, Matthew Rhys in the teaser for new Netflix series ‘Beast in Me’; Daymark Wealth Partners LLC Increases Stake in Netflix, Inc. $NFLX; World Investment Advisors Has $7.55 Million Stock Holdings in Netflix, Inc. $NFLX; Superwog's Debut Netflix Special 'Son of a Donkey' Garners Mixed Reviews Amid Global Streaming Launch"
2024-05-01,547.8400268554688,551.7100219726562,560.3900146484375,544.25,3473200.0,"Spire Wealth Management Trims Stock Position in Netflix, Inc. $NFLX; Hantz Financial Services Inc. Decreases Holdings in Netflix, Inc. $NFLX; Netflix, Eureka to recreate Wonka’s Chocolate Factory down under for Golden Ticket format; Baramulla Trailer Out: Manav Kaul Investigates Mysterious Disappearances In Kashmir In Netflix’s Gripping Supernatural Thriller; Aileen: Queen of the Serial Killers – Review | Netflix Documentary; In Video: Netflix releases trailer of ‘Baramulla’; See Claire Danes, Matthew Rhys in the teaser for new Netflix series ‘Beast in Me’; Daymark Wealth Partners LLC Increases Stake in Netflix, Inc. $NFLX; World Investment Advisors Has $7.55 Million Stock Holdings in Netflix, Inc. $NFLX; Superwog's Debut Netflix Special 'Son of a Donkey' Garners Mixed Reviews Amid Global Streaming Launch"
2024-05-02,556.02001953125,565.1500244140625,565.4600219726562,555.5900268554688,3068200.0,"Spire Wealth Management Trims Stock Position in Netflix, Inc. $NFLX; Hantz Financial Services Inc. Decreases Holdings in Netflix, Inc. $NFLX; Netflix, Eureka to recreate Wonka’s Chocolate Factory down under for Golden Ticket format; Baramulla Trailer Out: Manav Kaul Investigates Mysterious Disappearances In Kashmir In Netflix’s Gripping Supernatural Thriller; Aileen: Queen of the Serial Killers – Review | Netflix Documentary; In Video: Netflix releases trailer of ‘Baramulla’; See Claire Danes, Matthew Rhys in the teaser for new Netflix series ‘Beast in Me’; Daymark Wealth Partners LLC Increases Stake in Netflix, Inc. $NFLX; World Investment Advisors Has $7.55 Million Stock Holdings in Netflix, Inc. $NFLX; Superwog's Debut Netflix Special 'Son of a Donkey' Garners Mixed Reviews Amid Global Streaming Launch"
2024-05-03,566.0,579.3400268554688,580.260009765625,565.1599731445312,3307500.0,"Spire Wealth Management Trims Stock Position in Netflix, Inc. $NFLX; Hantz Financial Services Inc. Decreases Holdings in Netflix, Inc. $NFLX; Netflix, Eureka to recreate Wonka’s Chocolate Factory down under for Golden Ticket format; Baramulla Trailer Out: Manav Kaul Investigates Mysterious Disappearances In Kashmir In Netflix’s Gripping Supernatural Thriller; Aileen: Queen of the Serial Killers – Review | Netflix Documentary; In Video: Netflix releases trailer of ‘Baramulla’; See Claire Danes, Matthew Rhys in the teaser for new Netflix series ‘Beast in Me’; Daymark Wealth Partners LLC Increases Stake in Netflix, Inc. $NFLX; World Investment Advisors Has $7.55 Million Stock Holdings in Netflix, Inc. $NFLX; Superwog's Debut Netflix Special 'Son of a Donkey' Garners Mixed Reviews Amid Global Streaming Launch"
2024-05-06,581.8200073242188,596.969970703125,597.3400268554688,580.25,3686300.0,"Spire Wealth Management Trims Stock Position in Netflix, Inc. $NFLX; Hantz Financial Services Inc. Decreases Holdings in Netflix, Inc. $NFLX; Netflix, Eureka to recreate Wonka’s Chocolate Factory down under for Golden Ticket format; Baramulla Trailer Out: Manav Kaul Investigates Mysterious Disappearances In Kashmir In Netflix’s Gripping Supernatural Thriller; Aileen: Queen of the Serial Killers – Review | Netflix Documentary; In Video: Netflix releases trailer of ‘Baramulla’; See Claire Danes, Matthew Rhys in the teaser for new Netflix series ‘Beast in Me’; Daymark Wealth Partners LLC Increases Stake in Netflix, Inc. $NFLX; World Investment Advisors Has $7.55 Million Stock Holdings in Netflix, Inc. $NFLX; Superwog's Debut Netflix Special 'Son of a Donkey' Garners Mixed Reviews Amid Global Streaming Launch"
2024-05-07,596.280029296875,606.0,606.0499877929688,591.3200073242188,3614100.0,"Spire Wealth Management Trims Stock Position in Netflix, Inc. $NFLX; Hantz Financial Services Inc. Decreases Holdings in Netflix, Inc. $NFLX; Netflix, Eureka to recreate Wonka’s Chocolate Factory down under for Golden Ticket format; Baramulla Trailer Out: Manav Kaul Investigates Mysterious Disappearances In Kashmir In Netflix’s Gripping Supernatural Thriller; Aileen: Queen of the Serial Killers – Review | Netflix Documentary; In Video: Netflix releases trailer of ‘Baramulla’; See Claire Danes, Matthew Rhys in the teaser for new Netflix series ‘Beast in Me’; Daymark Wealth Partners LLC Increases Stake in Netflix, Inc. $NFLX; World Investment Advisors Has $7.55 Million Stock Holdings in Netflix, Inc. $NFLX; Superwog's Debut Netflix Special 'Son of a Donkey' Garners Mixed Reviews Amid Global Streaming Launch"
2024-05-08,601.6300048828125,609.469970703125,618.219970703125,601.6300048828125,3093900.0,"Spire Wealth Management Trims Stock Position in Netflix, Inc. $NFLX; Hantz Financial Services Inc. Decreases Holdings in Netflix, Inc. $NFLX; Netflix, Eureka to recreate Wonka’s Chocolate Factory down under for Golden Ticket format; Baramulla Trailer Out: Manav Kaul Investigates Mysterious Disappearances In Kashmir In Netflix’s Gripping Supernatural Thriller; Aileen: Queen of the Serial Killers – Review | Netflix Documentary; In Video: Netflix releases trailer of ‘Baramulla’; See Claire Danes, Matthew Rhys in the teaser for new Netflix series ‘Beast in Me’; Daymark Wealth Partners LLC Increases Stake in Netflix, Inc. $NFLX; World Investment Advisors Has $7.55 Million Stock Holdings in Netflix, Inc. $NFLX; Superwog's Debut Netflix Special 'Son of a Donkey' Garners Mixed Reviews Amid Global Streaming Launch"
2024-05-09,614.4000244140625,612.0900268554688,615.719970703125,605.75,2065400.0,"Spire Wealth Management Trims Stock Position in Netflix, Inc. $NFLX; Hantz Financial Services Inc. Decreases Holdings in Netflix, Inc. $NFLX; Netflix, Eureka to recreate Wonka’s Chocolate Factory down under for Golden Ticket format; Baramulla Trailer Out: Manav Kaul Investigates Mysterious Disappearances In Kashmir In Netflix’s Gripping Supernatural Thriller; Aileen: Queen of the Serial Killers – Review | Netflix Documentary; In Video: Netflix releases trailer of ‘Baramulla’; See Claire Danes, Matthew Rhys in the teaser for new Netflix series ‘Beast in Me’; Daymark Wealth Partners LLC Increases Stake in Netflix, Inc. $NFLX; World Investment Advisors Has $7.55 Million Stock Holdings in Netflix, Inc. $NFLX; Superwog's Debut Netflix Special 'Son of a Donkey' Garners Mixed Reviews Amid Global Streaming Launch"
2024-05-10,619.0,610.8699951171875,623.97998046875,605.0599975585938,2653600.0,"Amsterdam Empire Netflix Review: Why Famke Janssen’s Comeback Falls Flat; Spire Wealth Management Trims Stock Position in Netflix, Inc. $NFLX; Red Chillies Opposes Sameer Wankhede’s Plea Against Netflix Series, Calls Defamation Suit ‘Wholly Misconceived’; Hantz Financial Services Inc. Decreases Holdings in Netflix, Inc. $NFLX; Netflix, Eureka to recreate Wonka’s Chocolate Factory down under for Golden Ticket format; Baramulla Trailer Out: Manav Kaul Investigates Mysterious Disappearances In Kashmir In Netflix’s Gripping Supernatural Thriller; Aileen: Queen of the Serial Killers – Review | Netflix Documentary; In Video: Netflix releases trailer of ‘Baramulla’; See Claire Danes, Matthew Rhys in the teaser for new Netflix series ‘Beast in Me’; Daymark Wealth Partners LLC Increases Stake in Netflix, Inc. $NFLX"
2024-05-13,614.2999877929688,616.5900268554688,618.219970703125,606.8300170898438,2086200.0,"Amsterdam Empire Netflix Review: Why Famke Janssen’s Comeback Falls Flat; Spire Wealth Management Trims Stock Position in Netflix, Inc. $NFLX; Red Chillies Opposes Sameer Wankhede’s Plea Against Netflix Series, Calls Defamation Suit ‘Wholly Misconceived’; Hantz Financial Services Inc. Decreases Holdings in Netflix, Inc. $NFLX; Netflix, Eureka to recreate Wonka’s Chocolate Factory down under for Golden Ticket format; Baramulla Trailer Out: Manav Kaul Investigates Mysterious Disappearances In Kashmir In Netflix’s Gripping Supernatural Thriller; Aileen: Queen of the Serial Killers – Review | Netflix Documentary; In Video: Netflix releases trailer of ‘Baramulla’; See Claire Danes, Matthew Rhys in the teaser for new Netflix series ‘Beast in Me’; Daymark Wealth Partners LLC Increases Stake in Netflix, Inc. $NFLX"
2024-05-14,615.1699829101562,613.6599731445312,621.47998046875,608.4000244140625,2792400.0,"Amsterdam Empire Netflix Review: Why Famke Janssen’s Comeback Falls Flat; Spire Wealth Management Trims Stock Position in Netflix, Inc. $NFLX; Red Chillies Opposes Sameer Wankhede’s Plea Against Netflix Series, Calls Defamation Suit ‘Wholly Misconceived’; Hantz Financial Services Inc. Decreases Holdings in Netflix, Inc. $NFLX; Netflix, Eureka to recreate Wonka’s Chocolate Factory down under for Golden Ticket format; Baramulla Trailer Out: Manav Kaul Investigates Mysterious Disappearances In Kashmir In Netflix’s Gripping Supernatural Thriller; Aileen: Queen of the Serial Killers – Review | Netflix Documentary; In Video: Netflix releases trailer of ‘Baramulla’; See Claire Danes, Matthew Rhys in the teaser for new Netflix series ‘Beast in Me’; Daymark Wealth Partners LLC Increases Stake in Netflix, Inc. $NFLX"
2024-05-15,618.5700073242188,613.52001953125,624.0999755859375,609.0999755859375,5670600.0,"Amsterdam Empire Netflix Review: Why Famke Janssen’s Comeback Falls Flat; Spire Wealth Management Trims Stock Position in Netflix, Inc. $NFLX; Red Chillies Opposes Sameer Wankhede’s Plea Against Netflix Series, Calls Defamation Suit ‘Wholly Misconceived’; Hantz Financial Services Inc. Decreases Holdings in Netflix, Inc. $NFLX; Netflix, Eureka to recreate Wonka’s Chocolate Factory down under for Golden Ticket format; Baramulla Trailer Out: Manav Kaul Investigates Mysterious Disappearances In Kashmir In Netflix’s Gripping Supernatural Thriller; Aileen: Queen of the Serial Killers – Review | Netflix Documentary; In Video: Netflix releases trailer of ‘Baramulla’; See Claire Danes, Matthew Rhys in the teaser for new Netflix series ‘Beast in Me’; Daymark Wealth Partners LLC Increases Stake in Netflix, Inc. $NFLX"
2024-05-16,615.75,610.52001953125,618.3400268554688,609.0900268554688,3056400.0,"Amsterdam Empire Netflix Review: Why Famke Janssen’s Comeback Falls Flat; Spire Wealth Management Trims Stock Position in Netflix, Inc. $NFLX; Red Chillies Opposes Sameer Wankhede’s Plea Against Netflix Series, Calls Defamation Suit ‘Wholly Misconceived’; Hantz Financial Services Inc. Decreases Holdings in Netflix, Inc. $NFLX; Netflix, Eureka to recreate Wonka’s Chocolate Factory down under for Golden Ticket format; Baramulla Trailer Out: Manav Kaul Investigates Mysterious Disappearances In Kashmir In Netflix’s Gripping Supernatural Thriller; Aileen: Queen of the Serial Killers – Review | Netflix Documentary; In Video: Netflix releases trailer of ‘Baramulla’; See Claire Danes, Matthew Rhys in the teaser for new Netflix series ‘Beast in Me’; Daymark Wealth Partners LLC Increases Stake in Netflix, Inc. $NFLX"
2024-05-17,617.0,621.0999755859375,625.7899780273438,614.7100219726562,3782700.0,"Amsterdam Empire Netflix Review: Why Famke Janssen’s Comeback Falls Flat; Spire Wealth Management Trims Stock Position in Netflix, Inc. $NFLX; Red Chillies Opposes Sameer Wankhede’s Plea Against Netflix Series, Calls Defamation Suit ‘Wholly Misconceived’; Hantz Financial Services Inc. Decreases Holdings in Netflix, Inc. $NFLX; Netflix, Eureka to recreate Wonka’s Chocolate Factory down under for Golden Ticket format; Baramulla Trailer Out: Manav Kaul Investigates Mysterious Disappearances In Kashmir In Netflix’s Gripping Supernatural Thriller; Aileen: Queen of the Serial Killers – Review | Netflix Documentary; In Video: Netflix releases trailer of ‘Baramulla’; See Claire Danes, Matthew Rhys in the teaser for new Netflix series ‘Beast in Me’; Daymark Wealth Partners LLC Increases Stake in Netflix, Inc. $NFLX"
2024-05-20,620.4000244140625,640.8200073242188,644.3699951171875,619.52001953125,3857900.0,"Amsterdam Empire Netflix Review: Why Famke Janssen’s Comeback Falls Flat; Spire Wealth Management Trims Stock Position in Netflix, Inc. $NFLX; Red Chillies Opposes Sameer Wankhede’s Plea Against Netflix Series, Calls Defamation Suit ‘Wholly Misconceived’; Hantz Financial Services Inc. Decreases Holdings in Netflix, Inc. $NFLX; Netflix, Eureka to recreate Wonka’s Chocolate Factory down under for Golden Ticket format; Baramulla Trailer Out: Manav Kaul Investigates Mysterious Disappearances In Kashmir In Netflix’s Gripping Supernatural Thriller; Aileen: Queen of the Serial Killers – Review | Netflix Documentary; In Video: Netflix releases trailer of ‘Baramulla’; See Claire Danes, Matthew Rhys in the teaser for new Netflix series ‘Beast in Me’; Daymark Wealth Partners LLC Increases Stake in Netflix, Inc. $NFLX"
2024-05-21,636.760009765625,650.6099853515625,650.8800048828125,634.219970703125,2920200.0,"Amsterdam Empire Netflix Review: Why Famke Janssen’s Comeback Falls Flat; Spire Wealth Management Trims Stock Position in Netflix, Inc. $NFLX; Red Chillies Opposes Sameer Wankhede’s Plea Against Netflix Series, Calls Defamation Suit ‘Wholly Misconceived’; Hantz Financial Services Inc. Decreases Holdings in Netflix, Inc. $NFLX; Netflix, Eureka to recreate Wonka’s Chocolate Factory down under for Golden Ticket format; Baramulla Trailer Out: Manav Kaul Investigates Mysterious Disappearances In Kashmir In Netflix’s Gripping Supernatural Thriller; Aileen: Queen of the Serial Killers – Review | Netflix Documentary; In Video: Netflix releases trailer of ‘Baramulla’; See Claire Danes, Matthew Rhys in the teaser for new Netflix series ‘Beast in Me’; Daymark Wealth Partners LLC Increases Stake in Netflix, Inc. $NFLX"
2024-05-22,647.1400146484375,640.469970703125,649.25,638.1199951171875,2176200.0,"Amsterdam Empire Netflix Review: Why Famke Janssen’s Comeback Falls Flat; Spire Wealth Management Trims Stock Position in Netflix, Inc. $NFLX; Red Chillies Opposes Sameer Wankhede’s Plea Against Netflix Series, Calls Defamation Suit ‘Wholly Misconceived’; Hantz Financial Services Inc. Decreases Holdings in Netflix, Inc. $NFLX; Netflix, Eureka to recreate Wonka’s Chocolate Factory down under for Golden Ticket format; Baramulla Trailer Out: Manav Kaul Investigates Mysterious Disappearances In Kashmir In Netflix’s Gripping Supernatural Thriller; Aileen: Queen of the Serial Killers – Review | Netflix Documentary; In Video: Netflix releases trailer of ‘Baramulla’; See Claire Danes, Matthew Rhys in the teaser for new Netflix series ‘Beast in Me’; Daymark Wealth Partners LLC Increases Stake in Netflix, Inc. $NFLX"
2024-05-23,642.3400268554688,635.6699829101562,642.7100219726562,630.0,2313900.0,"Amsterdam Empire Netflix Review: Why Famke Janssen’s Comeback Falls Flat; Spire Wealth Management Trims Stock Position in Netflix, Inc. $NFLX; Red Chillies Opposes Sameer Wankhede’s Plea Against Netflix Series, Calls Defamation Suit ‘Wholly Misconceived’; Hantz Financial Services Inc. Decreases Holdings in Netflix, Inc. $NFLX; Netflix, Eureka to recreate Wonka’s Chocolate Factory down under for Golden Ticket format; Baramulla Trailer Out: Manav Kaul Investigates Mysterious Disappearances In Kashmir In Netflix’s Gripping Supernatural Thriller; Aileen: Queen of the Serial Killers – Review | Netflix Documentary; In Video: Netflix releases trailer of ‘Baramulla’; See Claire Danes, Matthew Rhys in the teaser for new Netflix series ‘Beast in Me’; Daymark Wealth Partners LLC Increases Stake in Netflix, Inc. $NFLX"
2024-05-24,639.4000244140625,646.75,652.0,637.5999755859375,2615300.0,"Spy season 2: Ted Danson returns to Netflix in November 2025; The Witcher Season 4 Review: Netflix’s Fantasy Giant Loses Its Magic Without Henry Cavill; Amsterdam Empire Netflix Review: Why Famke Janssen’s Comeback Falls Flat; Spire Wealth Management Trims Stock Position in Netflix, Inc. $NFLX; Red Chillies Opposes Sameer Wankhede’s Plea Against Netflix Series, Calls Defamation Suit ‘Wholly Misconceived’; Hantz Financial Services Inc. Decreases Holdings in Netflix, Inc. $NFLX; Netflix, Eureka to recreate Wonka’s Chocolate Factory down under for Golden Ticket format; Baramulla Trailer Out: Manav Kaul Investigates Mysterious Disappearances In Kashmir In Netflix’s Gripping Supernatural Thriller; Aileen: Queen of the Serial Killers – Review | Netflix Documentary; In Video: Netflix releases trailer of ‘Baramulla’"
2024-05-28,647.0499877929688,649.0,649.75,643.030029296875,2609500.0,"Spy season 2: Ted Danson returns to Netflix in November 2025; The Witcher Season 4 Review: Netflix’s Fantasy Giant Loses Its Magic Without Henry Cavill; Amsterdam Empire Netflix Review: Why Famke Janssen’s Comeback Falls Flat; Spire Wealth Management Trims Stock Position in Netflix, Inc. $NFLX; Red Chillies Opposes Sameer Wankhede’s Plea Against Netflix Series, Calls Defamation Suit ‘Wholly Misconceived’; Hantz Financial Services Inc. Decreases Holdings in Netflix, Inc. $NFLX; Netflix, Eureka to recreate Wonka’s Chocolate Factory down under for Golden Ticket format; Baramulla Trailer Out: Manav Kaul Investigates Mysterious Disappearances In Kashmir In Netflix’s Gripping Supernatural Thriller; Aileen: Queen of the Serial Killers – Review | Netflix Documentary; In Video: Netflix releases trailer of ‘Baramulla’"
2024-05-29,644.1300048828125,654.6199951171875,664.25,643.8900146484375,3695900.0,"Spy season 2: Ted Danson returns to Netflix in November 2025; The Witcher Season 4 Review: Netflix’s Fantasy Giant Loses Its Magic Without Henry Cavill; Amsterdam Empire Netflix Review: Why Famke Janssen’s Comeback Falls Flat; Spire Wealth Management Trims Stock Position in Netflix, Inc. $NFLX; Red Chillies Opposes Sameer Wankhede’s Plea Against Netflix Series, Calls Defamation Suit ‘Wholly Misconceived’; Hantz Financial Services Inc. Decreases Holdings in Netflix, Inc. $NFLX; Netflix, Eureka to recreate Wonka’s Chocolate Factory down under for Golden Ticket format; Baramulla Trailer Out: Manav Kaul Investigates Mysterious Disappearances In Kashmir In Netflix’s Gripping Supernatural Thriller; Aileen: Queen of the Serial Killers – Review | Netflix Documentary; In Video: Netflix releases trailer of ‘Baramulla’"
2024-05-30,653.52001953125,647.6599731445312,656.489990234375,644.72998046875,2388900.0,"Spy season 2: Ted Danson returns to Netflix in November 2025; The Witcher Season 4 Review: Netflix’s Fantasy Giant Loses Its Magic Without Henry Cavill; Amsterdam Empire Netflix Review: Why Famke Janssen’s Comeback Falls Flat; Spire Wealth Management Trims Stock Position in Netflix, Inc. $NFLX; Red Chillies Opposes Sameer Wankhede’s Plea Against Netflix Series, Calls Defamation Suit ‘Wholly Misconceived’; Hantz Financial Services Inc. Decreases Holdings in Netflix, Inc. $NFLX; Netflix, Eureka to recreate Wonka’s Chocolate Factory down under for Golden Ticket format; Baramulla Trailer Out: Manav Kaul Investigates Mysterious Disappearances In Kashmir In Netflix’s Gripping Supernatural Thriller; Aileen: Queen of the Serial Killers – Review | Netflix Documentary; In Video: Netflix releases trailer of ‘Baramulla’"
2024-05-31,644.010009765625,641.6199951171875,648.5800170898438,628.2999877929688,4071000.0,"Spy season 2: Ted Danson returns to Netflix in November 2025; The Witcher Season 4 Review: Netflix’s Fantasy Giant Loses Its Magic Without Henry Cavill; Amsterdam Empire Netflix Review: Why Famke Janssen’s Comeback Falls Flat; Spire Wealth Management Trims Stock Position in Netflix, Inc. $NFLX; Red Chillies Opposes Sameer Wankhede’s Plea Against Netflix Series, Calls Defamation Suit ‘Wholly Misconceived’; Hantz Financial Services Inc. Decreases Holdings in Netflix, Inc. $NFLX; Netflix, Eureka to recreate Wonka’s Chocolate Factory down under for Golden Ticket format; Baramulla Trailer Out: Manav Kaul Investigates Mysterious Disappearances In Kashmir In Netflix’s Gripping Supernatural Thriller; Aileen: Queen of the Serial Killers – Review | Netflix Documentary; In Video: Netflix releases trailer of ‘Baramulla’"
2024-06-03,645.219970703125,633.7899780273438,646.780029296875,627.27001953125,2323500.0,"Spy season 2: Ted Danson returns to Netflix in November 2025; The Witcher Season 4 Review: Netflix’s Fantasy Giant Loses Its Magic Without Henry Cavill; Amsterdam Empire Netflix Review: Why Famke Janssen’s Comeback Falls Flat; Spire Wealth Management Trims Stock Position in Netflix, Inc. $NFLX; Red Chillies Opposes Sameer Wankhede’s Plea Against Netflix Series, Calls Defamation Suit ‘Wholly Misconceived’; Hantz Financial Services Inc. Decreases Holdings in Netflix, Inc. $NFLX; Netflix, Eureka to recreate Wonka’s Chocolate Factory down under for Golden Ticket format; Baramulla Trailer Out: Manav Kaul Investigates Mysterious Disappearances In Kashmir In Netflix’s Gripping Supernatural Thriller; Aileen: Queen of the Serial Killers – Review | Netflix Documentary; In Video: Netflix releases trailer of ‘Baramulla’"
2024-06-04,633.780029296875,631.6199951171875,635.22998046875,626.4400024414062,3008200.0,"Spy season 2: Ted Danson returns to Netflix in November 2025; The Witcher Season 4 Review: Netflix’s Fantasy Giant Loses Its Magic Without Henry Cavill; Amsterdam Empire Netflix Review: Why Famke Janssen’s Comeback Falls Flat; Spire Wealth Management Trims Stock Position in Netflix, Inc. $NFLX; Red Chillies Opposes Sameer Wankhede’s Plea Against Netflix Series, Calls Defamation Suit ‘Wholly Misconceived’; Hantz Financial Services Inc. Decreases Holdings in Netflix, Inc. $NFLX; Netflix, Eureka to recreate Wonka’s Chocolate Factory down under for Golden Ticket format; Baramulla Trailer Out: Manav Kaul Investigates Mysterious Disappearances In Kashmir In Netflix’s Gripping Supernatural Thriller; Aileen: Queen of the Serial Killers – Review | Netflix Documentary; In Video: Netflix releases trailer of ‘Baramulla’"
2024-06-05,634.02001953125,650.27001953125,651.25,628.25,2682600.0,"Spy season 2: Ted Danson returns to Netflix in November 2025; The Witcher Season 4 Review: Netflix’s Fantasy Giant Loses Its Magic Without Henry Cavill; Amsterdam Empire Netflix Review: Why Famke Janssen’s Comeback Falls Flat; Spire Wealth Management Trims Stock Position in Netflix, Inc. $NFLX; Red Chillies Opposes Sameer Wankhede’s Plea Against Netflix Series, Calls Defamation Suit ‘Wholly Misconceived’; Hantz Financial Services Inc. Decreases Holdings in Netflix, Inc. $NFLX; Netflix, Eureka to recreate Wonka’s Chocolate Factory down under for Golden Ticket format; Baramulla Trailer Out: Manav Kaul Investigates Mysterious Disappearances In Kashmir In Netflix’s Gripping Supernatural Thriller; Aileen: Queen of the Serial Killers – Review | Netflix Documentary; In Video: Netflix releases trailer of ‘Baramulla’"
2024-06-06,644.8900146484375,648.52001953125,657.989990234375,644.239990234375,2466700.0,"‘The Rats: A Witcher Tale’ Sneaks Onto Netflix: The Hidden Spin-Off You Almost Missed; Netflix dropped a surprise Witcher movie that fills in the gaps from season 4's best storyline; SRK’s Red Chillies Terms Sameer Wankhede’s Defamation Suit Over Netflix Series ‘Baseless’; Spy season 2: Ted Danson returns to Netflix in November 2025; The Witcher Season 4 release date and time in India: Cast and what to expect on Netflix; The Witcher Season 4 Review: Netflix’s Fantasy Giant Loses Its Magic Without Henry Cavill; Baramulla Trailer Out: Manav Kaul Headlines Netflix's Horror Film In The Backdrop Of Kashmir; Watch; Amsterdam Empire Netflix Review: Why Famke Janssen’s Comeback Falls Flat; 'Incredible' Netflix crime drama set in Edinburgh has viewers on edge of seats; Spire Wealth Management Trims Stock Position in Netflix, Inc. $NFLX"
2024-06-07,649.3800048828125,641.469970703125,650.4000244140625,640.239990234375,1876600.0,"‘The Rats: A Witcher Tale’ Sneaks Onto Netflix: The Hidden Spin-Off You Almost Missed; Netflix dropped a surprise Witcher movie that fills in the gaps from season 4's best storyline; SRK’s Red Chillies Terms Sameer Wankhede’s Defamation Suit Over Netflix Series ‘Baseless’; Spy season 2: Ted Danson returns to Netflix in November 2025; The Witcher Season 4 release date and time in India: Cast and what to expect on Netflix; The Witcher Season 4 Review: Netflix’s Fantasy Giant Loses Its Magic Without Henry Cavill; Baramulla Trailer Out: Manav Kaul Headlines Netflix's Horror Film In The Backdrop Of Kashmir; Watch; Amsterdam Empire Netflix Review: Why Famke Janssen’s Comeback Falls Flat; 'Incredible' Netflix crime drama set in Edinburgh has viewers on edge of seats; Spire Wealth Management Trims Stock Position in Netflix, Inc. $NFLX"
2024-06-10,641.010009765625,644.5,644.7899780273438,635.5900268554688,2064400.0,"‘The Rats: A Witcher Tale’ Sneaks Onto Netflix: The Hidden Spin-Off You Almost Missed; Netflix dropped a surprise Witcher movie that fills in the gaps from season 4's best storyline; SRK’s Red Chillies Terms Sameer Wankhede’s Defamation Suit Over Netflix Series ‘Baseless’; Spy season 2: Ted Danson returns to Netflix in November 2025; The Witcher Season 4 release date and time in India: Cast and what to expect on Netflix; The Witcher Season 4 Review: Netflix’s Fantasy Giant Loses Its Magic Without Henry Cavill; Baramulla Trailer Out: Manav Kaul Headlines Netflix's Horror Film In The Backdrop Of Kashmir; Watch; Amsterdam Empire Netflix Review: Why Famke Janssen’s Comeback Falls Flat; 'Incredible' Netflix crime drama set in Edinburgh has viewers on edge of seats; Spire Wealth Management Trims Stock Position in Netflix, Inc. $NFLX"
2024-06-11,640.719970703125,648.5499877929688,650.1900024414062,640.52001953125,2167400.0,"‘The Rats: A Witcher Tale’ Sneaks Onto Netflix: The Hidden Spin-Off You Almost Missed; Netflix dropped a surprise Witcher movie that fills in the gaps from season 4's best storyline; SRK’s Red Chillies Terms Sameer Wankhede’s Defamation Suit Over Netflix Series ‘Baseless’; Spy season 2: Ted Danson returns to Netflix in November 2025; The Witcher Season 4 release date and time in India: Cast and what to expect on Netflix; The Witcher Season 4 Review: Netflix’s Fantasy Giant Loses Its Magic Without Henry Cavill; Baramulla Trailer Out: Manav Kaul Headlines Netflix's Horror Film In The Backdrop Of Kashmir; Watch; Amsterdam Empire Netflix Review: Why Famke Janssen’s Comeback Falls Flat; 'Incredible' Netflix crime drama set in Edinburgh has viewers on edge of seats; Spire Wealth Management Trims Stock Position in Netflix, Inc. $NFLX"
2024-06-12,652.2100219726562,650.0599975585938,655.780029296875,643.1099853515625,2094400.0,"‘The Rats: A Witcher Tale’ Sneaks Onto Netflix: The Hidden Spin-Off You Almost Missed; Netflix dropped a surprise Witcher movie that fills in the gaps from season 4's best storyline; SRK’s Red Chillies Terms Sameer Wankhede’s Defamation Suit Over Netflix Series ‘Baseless’; Spy season 2: Ted Danson returns to Netflix in November 2025; The Witcher Season 4 release date and time in India: Cast and what to expect on Netflix; The Witcher Season 4 Review: Netflix’s Fantasy Giant Loses Its Magic Without Henry Cavill; Baramulla Trailer Out: Manav Kaul Headlines Netflix's Horror Film In The Backdrop Of Kashmir; Watch; Amsterdam Empire Netflix Review: Why Famke Janssen’s Comeback Falls Flat; 'Incredible' Netflix crime drama set in Edinburgh has viewers on edge of seats; Spire Wealth Management Trims Stock Position in Netflix, Inc. $NFLX"
2024-06-13,644.0,653.260009765625,655.25,642.3499755859375,1863600.0,"‘The Rats: A Witcher Tale’ Sneaks Onto Netflix: The Hidden Spin-Off You Almost Missed; Netflix dropped a surprise Witcher movie that fills in the gaps from season 4's best storyline; SRK’s Red Chillies Terms Sameer Wankhede’s Defamation Suit Over Netflix Series ‘Baseless’; Spy season 2: Ted Danson returns to Netflix in November 2025; The Witcher Season 4 release date and time in India: Cast and what to expect on Netflix; The Witcher Season 4 Review: Netflix’s Fantasy Giant Loses Its Magic Without Henry Cavill; Baramulla Trailer Out: Manav Kaul Headlines Netflix's Horror Film In The Backdrop Of Kashmir; Watch; Amsterdam Empire Netflix Review: Why Famke Janssen’s Comeback Falls Flat; 'Incredible' Netflix crime drama set in Edinburgh has viewers on edge of seats; Spire Wealth Management Trims Stock Position in Netflix, Inc. $NFLX"
2024-06-14,655.0499877929688,669.3800048828125,675.5800170898438,652.6400146484375,4447100.0,"‘The Rats: A Witcher Tale’ Sneaks Onto Netflix: The Hidden Spin-Off You Almost Missed; Netflix dropped a surprise Witcher movie that fills in the gaps from season 4's best storyline; SRK’s Red Chillies Terms Sameer Wankhede’s Defamation Suit Over Netflix Series ‘Baseless’; Spy season 2: Ted Danson returns to Netflix in November 2025; The Witcher Season 4 release date and time in India: Cast and what to expect on Netflix; The Witcher Season 4 Review: Netflix’s Fantasy Giant Loses Its Magic Without Henry Cavill; Baramulla Trailer Out: Manav Kaul Headlines Netflix's Horror Film In The Backdrop Of Kashmir; Watch; Amsterdam Empire Netflix Review: Why Famke Janssen’s Comeback Falls Flat; 'Incredible' Netflix crime drama set in Edinburgh has viewers on edge of seats; Spire Wealth Management Trims Stock Position in Netflix, Inc. $NFLX"
2024-06-17,669.1099853515625,675.8300170898438,682.7100219726562,665.1099853515625,3631200.0,"‘The Rats: A Witcher Tale’ Sneaks Onto Netflix: The Hidden Spin-Off You Almost Missed; Netflix dropped a surprise Witcher movie that fills in the gaps from season 4's best storyline; SRK’s Red Chillies Terms Sameer Wankhede’s Defamation Suit Over Netflix Series ‘Baseless’; Spy season 2: Ted Danson returns to Netflix in November 2025; The Witcher Season 4 release date and time in India: Cast and what to expect on Netflix; The Witcher Season 4 Review: Netflix’s Fantasy Giant Loses Its Magic Without Henry Cavill; Baramulla Trailer Out: Manav Kaul Headlines Netflix's Horror Film In The Backdrop Of Kashmir; Watch; Amsterdam Empire Netflix Review: Why Famke Janssen’s Comeback Falls Flat; 'Incredible' Netflix crime drama set in Edinburgh has viewers on edge of seats; Spire Wealth Management Trims Stock Position in Netflix, Inc. $NFLX"
2024-06-18,675.6300048828125,685.6699829101562,687.0599975585938,674.6400146484375,2943800.0,Adolescence director teams up with Hollywood favourite for a very different thriller series on Netflix; ‘The Rats: A Witcher Tale’ Sneaks Onto Netflix: The Hidden Spin-Off You Almost Missed; Netflix dropped a surprise Witcher movie that fills in the gaps from season 4's best storyline; SRK’s Red Chillies Terms Sameer Wankhede’s Defamation Suit Over Netflix Series ‘Baseless’; Spy season 2: Ted Danson returns to Netflix in November 2025; The Witcher Season 4 release date and time in India: Cast and what to expect on Netflix; The Witcher Season 4 Review: Netflix’s Fantasy Giant Loses Its Magic Without Henry Cavill; Baramulla Trailer Out: Manav Kaul Headlines Netflix's Horror Film In The Backdrop Of Kashmir; Watch; Amsterdam Empire Netflix Review: Why Famke Janssen’s Comeback Falls Flat; 'Incredible' Netflix crime drama set in Edinburgh has viewers on edge of seats
2024-06-20,681.7999877929688,679.030029296875,689.8800048828125,673.719970703125,2585100.0,Adolescence director teams up with Hollywood favourite for a very different thriller series on Netflix; ‘The Rats: A Witcher Tale’ Sneaks Onto Netflix: The Hidden Spin-Off You Almost Missed; Netflix dropped a surprise Witcher movie that fills in the gaps from season 4's best storyline; SRK’s Red Chillies Terms Sameer Wankhede’s Defamation Suit Over Netflix Series ‘Baseless’; Spy season 2: Ted Danson returns to Netflix in November 2025; The Witcher Season 4 release date and time in India: Cast and what to expect on Netflix; The Witcher Season 4 Review: Netflix’s Fantasy Giant Loses Its Magic Without Henry Cavill; Baramulla Trailer Out: Manav Kaul Headlines Netflix's Horror Film In The Backdrop Of Kashmir; Watch; Amsterdam Empire Netflix Review: Why Famke Janssen’s Comeback Falls Flat; 'Incredible' Netflix crime drama set in Edinburgh has viewers on edge of seats
2024-06-21,683.260009765625,686.1199951171875,686.9000244140625,678.0999755859375,4506400.0,Adolescence director teams up with Hollywood favourite for a very different thriller series on Netflix; ‘The Rats: A Witcher Tale’ Sneaks Onto Netflix: The Hidden Spin-Off You Almost Missed; Netflix dropped a surprise Witcher movie that fills in the gaps from season 4's best storyline; SRK’s Red Chillies Terms Sameer Wankhede’s Defamation Suit Over Netflix Series ‘Baseless’; Spy season 2: Ted Danson returns to Netflix in November 2025; The Witcher Season 4 release date and time in India: Cast and what to expect on Netflix; The Witcher Season 4 Review: Netflix’s Fantasy Giant Loses Its Magic Without Henry Cavill; Baramulla Trailer Out: Manav Kaul Headlines Netflix's Horror Film In The Backdrop Of Kashmir; Watch; Amsterdam Empire Netflix Review: Why Famke Janssen’s Comeback Falls Flat; 'Incredible' Netflix crime drama set in Edinburgh has viewers on edge of seats
2024-06-24,685.0,669.02001953125,685.5,664.5,3916300.0,Adolescence director teams up with Hollywood favourite for a very different thriller series on Netflix; ‘The Rats: A Witcher Tale’ Sneaks Onto Netflix: The Hidden Spin-Off You Almost Missed; Netflix dropped a surprise Witcher movie that fills in the gaps from season 4's best storyline; SRK’s Red Chillies Terms Sameer Wankhede’s Defamation Suit Over Netflix Series ‘Baseless’; Spy season 2: Ted Danson returns to Netflix in November 2025; The Witcher Season 4 release date and time in India: Cast and what to expect on Netflix; The Witcher Season 4 Review: Netflix’s Fantasy Giant Loses Its Magic Without Henry Cavill; Baramulla Trailer Out: Manav Kaul Headlines Netflix's Horror Film In The Backdrop Of Kashmir; Watch; Amsterdam Empire Netflix Review: Why Famke Janssen’s Comeback Falls Flat; 'Incredible' Netflix crime drama set in Edinburgh has viewers on edge of seats
2024-06-25,673.4400024414062,672.4099731445312,673.6699829101562,662.2999877929688,2270600.0,Adolescence director teams up with Hollywood favourite for a very different thriller series on Netflix; ‘The Rats: A Witcher Tale’ Sneaks Onto Netflix: The Hidden Spin-Off You Almost Missed; Netflix dropped a surprise Witcher movie that fills in the gaps from season 4's best storyline; SRK’s Red Chillies Terms Sameer Wankhede’s Defamation Suit Over Netflix Series ‘Baseless’; Spy season 2: Ted Danson returns to Netflix in November 2025; The Witcher Season 4 release date and time in India: Cast and what to expect on Netflix; The Witcher Season 4 Review: Netflix’s Fantasy Giant Loses Its Magic Without Henry Cavill; Baramulla Trailer Out: Manav Kaul Headlines Netflix's Horror Film In The Backdrop Of Kashmir; Watch; Amsterdam Empire Netflix Review: Why Famke Janssen’s Comeback Falls Flat; 'Incredible' Netflix crime drama set in Edinburgh has viewers on edge of seats
2024-06-26,672.4099731445312,677.6900024414062,682.9600219726562,670.02001953125,3545800.0,Adolescence director teams up with Hollywood favourite for a very different thriller series on Netflix; ‘The Rats: A Witcher Tale’ Sneaks Onto Netflix: The Hidden Spin-Off You Almost Missed; Netflix dropped a surprise Witcher movie that fills in the gaps from season 4's best storyline; SRK’s Red Chillies Terms Sameer Wankhede’s Defamation Suit Over Netflix Series ‘Baseless’; Spy season 2: Ted Danson returns to Netflix in November 2025; The Witcher Season 4 release date and time in India: Cast and what to expect on Netflix; The Witcher Season 4 Review: Netflix’s Fantasy Giant Loses Its Magic Without Henry Cavill; Baramulla Trailer Out: Manav Kaul Headlines Netflix's Horror Film In The Backdrop Of Kashmir; Watch; Amsterdam Empire Netflix Review: Why Famke Janssen’s Comeback Falls Flat; 'Incredible' Netflix crime drama set in Edinburgh has viewers on edge of seats
2024-06-27,679.3499755859375,684.3400268554688,688.5700073242188,678.1400146484375,2404800.0,Adolescence director teams up with Hollywood favourite for a very different thriller series on Netflix; ‘The Rats: A Witcher Tale’ Sneaks Onto Netflix: The Hidden Spin-Off You Almost Missed; Netflix dropped a surprise Witcher movie that fills in the gaps from season 4's best storyline; SRK’s Red Chillies Terms Sameer Wankhede’s Defamation Suit Over Netflix Series ‘Baseless’; Spy season 2: Ted Danson returns to Netflix in November 2025; The Witcher Season 4 release date and time in India: Cast and what to expect on Netflix; The Witcher Season 4 Review: Netflix’s Fantasy Giant Loses Its Magic Without Henry Cavill; Baramulla Trailer Out: Manav Kaul Headlines Netflix's Horror Film In The Backdrop Of Kashmir; Watch; Amsterdam Empire Netflix Review: Why Famke Janssen’s Comeback Falls Flat; 'Incredible' Netflix crime drama set in Edinburgh has viewers on edge of seats
2024-06-28,679.0,674.8800048828125,687.0,673.0800170898438,3412400.0,Adolescence director teams up with Hollywood favourite for a very different thriller series on Netflix; ‘The Rats: A Witcher Tale’ Sneaks Onto Netflix: The Hidden Spin-Off You Almost Missed; Netflix dropped a surprise Witcher movie that fills in the gaps from season 4's best storyline; SRK’s Red Chillies Terms Sameer Wankhede’s Defamation Suit Over Netflix Series ‘Baseless’; Spy season 2: Ted Danson returns to Netflix in November 2025; The Witcher Season 4 release date and time in India: Cast and what to expect on Netflix; The Witcher Season 4 Review: Netflix’s Fantasy Giant Loses Its Magic Without Henry Cavill; Baramulla Trailer Out: Manav Kaul Headlines Netflix's Horror Film In The Backdrop Of Kashmir; Watch; Amsterdam Empire Netflix Review: Why Famke Janssen’s Comeback Falls Flat; 'Incredible' Netflix crime drama set in Edinburgh has viewers on edge of seats
2024-07-01,674.8900146484375,673.6099853515625,675.02001953125,663.780029296875,2212800.0,Adolescence director teams up with Hollywood favourite for a very different thriller series on Netflix; ‘The Rats: A Witcher Tale’ Sneaks Onto Netflix: The Hidden Spin-Off You Almost Missed; Netflix dropped a surprise Witcher movie that fills in the gaps from season 4's best storyline; SRK’s Red Chillies Terms Sameer Wankhede’s Defamation Suit Over Netflix Series ‘Baseless’; Spy season 2: Ted Danson returns to Netflix in November 2025; The Witcher Season 4 release date and time in India: Cast and what to expect on Netflix; The Witcher Season 4 Review: Netflix’s Fantasy Giant Loses Its Magic Without Henry Cavill; Baramulla Trailer Out: Manav Kaul Headlines Netflix's Horror Film In The Backdrop Of Kashmir; Watch; Amsterdam Empire Netflix Review: Why Famke Janssen’s Comeback Falls Flat; 'Incredible' Netflix crime drama set in Edinburgh has viewers on edge of seats
2024-07-02,673.5399780273438,679.5800170898438,681.739990234375,670.0700073242188,2411400.0,Adolescence director teams up with Hollywood favourite for a very different thriller series on Netflix; ‘The Rats: A Witcher Tale’ Sneaks Onto Netflix: The Hidden Spin-Off You Almost Missed; Netflix dropped a surprise Witcher movie that fills in the gaps from season 4's best storyline; SRK’s Red Chillies Terms Sameer Wankhede’s Defamation Suit Over Netflix Series ‘Baseless’; Spy season 2: Ted Danson returns to Netflix in November 2025; The Witcher Season 4 release date and time in India: Cast and what to expect on Netflix; The Witcher Season 4 Review: Netflix’s Fantasy Giant Loses Its Magic Without Henry Cavill; Baramulla Trailer Out: Manav Kaul Headlines Netflix's Horror Film In The Backdrop Of Kashmir; Watch; Amsterdam Empire Netflix Review: Why Famke Janssen’s Comeback Falls Flat; 'Incredible' Netflix crime drama set in Edinburgh has viewers on edge of seats
2024-07-03,677.47998046875,682.510009765625,683.75,675.5,1403500.0,Adolescence director teams up with Hollywood favourite for a very different thriller series on Netflix; ‘The Rats: A Witcher Tale’ Sneaks Onto Netflix: The Hidden Spin-Off You Almost Missed; Netflix dropped a surprise Witcher movie that fills in the gaps from season 4's best storyline; SRK’s Red Chillies Terms Sameer Wankhede’s Defamation Suit Over Netflix Series ‘Baseless’; Spy season 2: Ted Danson returns to Netflix in November 2025; The Witcher Season 4 release date and time in India: Cast and what to expect on Netflix; The Witcher Season 4 Review: Netflix’s Fantasy Giant Loses Its Magic Without Henry Cavill; Baramulla Trailer Out: Manav Kaul Headlines Netflix's Horror Film In The Backdrop Of Kashmir; Watch; Amsterdam Empire Netflix Review: Why Famke Janssen’s Comeback Falls Flat; 'Incredible' Netflix crime drama set in Edinburgh has viewers on edge of seats
2024-07-05,682.510009765625,690.6500244140625,697.489990234375,677.22998046875,2659100.0,Netflix adding new VOTING feature for live TV in major app upgrade & reveals two other benefits coming soon; Adolescence director teams up with Hollywood favourite for a very different thriller series on Netflix; ‘The Rats: A Witcher Tale’ Sneaks Onto Netflix: The Hidden Spin-Off You Almost Missed; Netflix dropped a surprise Witcher movie that fills in the gaps from season 4's best storyline; SRK’s Red Chillies Terms Sameer Wankhede’s Defamation Suit Over Netflix Series ‘Baseless’; Spy season 2: Ted Danson returns to Netflix in November 2025; The Witcher Season 4 release date and time in India: Cast and what to expect on Netflix; The Witcher Season 4 Review: Netflix’s Fantasy Giant Loses Its Magic Without Henry Cavill; Baramulla Trailer Out: Manav Kaul Headlines Netflix's Horror Film In The Backdrop Of Kashmir; Watch; Amsterdam Empire Netflix Review: Why Famke Janssen’s Comeback Falls Flat
2024-07-08,687.0,685.739990234375,688.8599853515625,681.489990234375,1930800.0,Netflix adding new VOTING feature for live TV in major app upgrade & reveals two other benefits coming soon; Adolescence director teams up with Hollywood favourite for a very different thriller series on Netflix; ‘The Rats: A Witcher Tale’ Sneaks Onto Netflix: The Hidden Spin-Off You Almost Missed; Netflix dropped a surprise Witcher movie that fills in the gaps from season 4's best storyline; SRK’s Red Chillies Terms Sameer Wankhede’s Defamation Suit Over Netflix Series ‘Baseless’; Spy season 2: Ted Danson returns to Netflix in November 2025; The Witcher Season 4 release date and time in India: Cast and what to expect on Netflix; The Witcher Season 4 Review: Netflix’s Fantasy Giant Loses Its Magic Without Henry Cavill; Baramulla Trailer Out: Manav Kaul Headlines Netflix's Horror Film In The Backdrop Of Kashmir; Watch; Amsterdam Empire Netflix Review: Why Famke Janssen’s Comeback Falls Flat
2024-07-09,690.0,685.739990234375,695.27001953125,684.719970703125,2596100.0,Netflix adding new VOTING feature for live TV in major app upgrade & reveals two other benefits coming soon; Adolescence director teams up with Hollywood favourite for a very different thriller series on Netflix; ‘The Rats: A Witcher Tale’ Sneaks Onto Netflix: The Hidden Spin-Off You Almost Missed; Netflix dropped a surprise Witcher movie that fills in the gaps from season 4's best storyline; SRK’s Red Chillies Terms Sameer Wankhede’s Defamation Suit Over Netflix Series ‘Baseless’; Spy season 2: Ted Danson returns to Netflix in November 2025; The Witcher Season 4 release date and time in India: Cast and what to expect on Netflix; The Witcher Season 4 Review: Netflix’s Fantasy Giant Loses Its Magic Without Henry Cavill; Baramulla Trailer Out: Manav Kaul Headlines Netflix's Horror Film In The Backdrop Of Kashmir; Watch; Amsterdam Empire Netflix Review: Why Famke Janssen’s Comeback Falls Flat
2024-07-10,685.02001953125,677.6500244140625,687.219970703125,673.1599731445312,2651900.0,Netflix adding new VOTING feature for live TV in major app upgrade & reveals two other benefits coming soon; Adolescence director teams up with Hollywood favourite for a very different thriller series on Netflix; ‘The Rats: A Witcher Tale’ Sneaks Onto Netflix: The Hidden Spin-Off You Almost Missed; Netflix dropped a surprise Witcher movie that fills in the gaps from season 4's best storyline; SRK’s Red Chillies Terms Sameer Wankhede’s Defamation Suit Over Netflix Series ‘Baseless’; Spy season 2: Ted Danson returns to Netflix in November 2025; The Witcher Season 4 release date and time in India: Cast and what to expect on Netflix; The Witcher Season 4 Review: Netflix’s Fantasy Giant Loses Its Magic Without Henry Cavill; Baramulla Trailer Out: Manav Kaul Headlines Netflix's Horror Film In The Backdrop Of Kashmir; Watch; Amsterdam Empire Netflix Review: Why Famke Janssen’s Comeback Falls Flat
2024-07-11,672.489990234375,652.75,672.489990234375,647.4400024414062,5106600.0,Netflix adding new VOTING feature for live TV in major app upgrade & reveals two other benefits coming soon; Adolescence director teams up with Hollywood favourite for a very different thriller series on Netflix; ‘The Rats: A Witcher Tale’ Sneaks Onto Netflix: The Hidden Spin-Off You Almost Missed; Netflix dropped a surprise Witcher movie that fills in the gaps from season 4's best storyline; SRK’s Red Chillies Terms Sameer Wankhede’s Defamation Suit Over Netflix Series ‘Baseless’; Spy season 2: Ted Danson returns to Netflix in November 2025; The Witcher Season 4 release date and time in India: Cast and what to expect on Netflix; The Witcher Season 4 Review: Netflix’s Fantasy Giant Loses Its Magic Without Henry Cavill; Baramulla Trailer Out: Manav Kaul Headlines Netflix's Horror Film In The Backdrop Of Kashmir; Watch; Amsterdam Empire Netflix Review: Why Famke Janssen’s Comeback Falls Flat
2024-07-12,652.75,647.5999755859375,655.9199829101562,643.7100219726562,3355200.0,Netflix adding new VOTING feature for live TV in major app upgrade & reveals two other benefits coming soon; Adolescence director teams up with Hollywood favourite for a very different thriller series on Netflix; ‘The Rats: A Witcher Tale’ Sneaks Onto Netflix: The Hidden Spin-Off You Almost Missed; Netflix dropped a surprise Witcher movie that fills in the gaps from season 4's best storyline; SRK’s Red Chillies Terms Sameer Wankhede’s Defamation Suit Over Netflix Series ‘Baseless’; Spy season 2: Ted Danson returns to Netflix in November 2025; The Witcher Season 4 release date and time in India: Cast and what to expect on Netflix; The Witcher Season 4 Review: Netflix’s Fantasy Giant Loses Its Magic Without Henry Cavill; Baramulla Trailer Out: Manav Kaul Headlines Netflix's Horror Film In The Backdrop Of Kashmir; Watch; Amsterdam Empire Netflix Review: Why Famke Janssen’s Comeback Falls Flat
2024-07-15,647.5,656.4500122070312,667.5399780273438,646.6300048828125,3208800.0,Netflix adding new VOTING feature for live TV in major app upgrade & reveals two other benefits coming soon; Adolescence director teams up with Hollywood favourite for a very different thriller series on Netflix; ‘The Rats: A Witcher Tale’ Sneaks Onto Netflix: The Hidden Spin-Off You Almost Missed; Netflix dropped a surprise Witcher movie that fills in the gaps from season 4's best storyline; SRK’s Red Chillies Terms Sameer Wankhede’s Defamation Suit Over Netflix Series ‘Baseless’; Spy season 2: Ted Danson returns to Netflix in November 2025; The Witcher Season 4 release date and time in India: Cast and what to expect on Netflix; The Witcher Season 4 Review: Netflix’s Fantasy Giant Loses Its Magic Without Henry Cavill; Baramulla Trailer Out: Manav Kaul Headlines Netflix's Horror Film In The Backdrop Of Kashmir; Watch; Amsterdam Empire Netflix Review: Why Famke Janssen’s Comeback Falls Flat
2024-07-16,661.7999877929688,656.3200073242188,663.6799926757812,649.1300048828125,2685700.0,Netflix adding new VOTING feature for live TV in major app upgrade & reveals two other benefits coming soon; Adolescence director teams up with Hollywood favourite for a very different thriller series on Netflix; ‘The Rats: A Witcher Tale’ Sneaks Onto Netflix: The Hidden Spin-Off You Almost Missed; Netflix dropped a surprise Witcher movie that fills in the gaps from season 4's best storyline; SRK’s Red Chillies Terms Sameer Wankhede’s Defamation Suit Over Netflix Series ‘Baseless’; Spy season 2: Ted Danson returns to Netflix in November 2025; The Witcher Season 4 release date and time in India: Cast and what to expect on Netflix; The Witcher Season 4 Review: Netflix’s Fantasy Giant Loses Its Magic Without Henry Cavill; Baramulla Trailer Out: Manav Kaul Headlines Netflix's Horror Film In The Backdrop Of Kashmir; Watch; Amsterdam Empire Netflix Review: Why Famke Janssen’s Comeback Falls Flat
2024-07-17,650.0,647.4600219726562,650.4500122070312,639.469970703125,4017300.0,Netflix adding new VOTING feature for live TV in major app upgrade & reveals two other benefits coming soon; Adolescence director teams up with Hollywood favourite for a very different thriller series on Netflix; ‘The Rats: A Witcher Tale’ Sneaks Onto Netflix: The Hidden Spin-Off You Almost Missed; Netflix dropped a surprise Witcher movie that fills in the gaps from season 4's best storyline; SRK’s Red Chillies Terms Sameer Wankhede’s Defamation Suit Over Netflix Series ‘Baseless’; Spy season 2: Ted Danson returns to Netflix in November 2025; The Witcher Season 4 release date and time in India: Cast and what to expect on Netflix; The Witcher Season 4 Review: Netflix’s Fantasy Giant Loses Its Magic Without Henry Cavill; Baramulla Trailer Out: Manav Kaul Headlines Netflix's Horror Film In The Backdrop Of Kashmir; Watch; Amsterdam Empire Netflix Review: Why Famke Janssen’s Comeback Falls Flat
2024-07-18,656.5999755859375,643.0399780273438,657.0399780273438,639.1699829101562,7575800.0,"Noesis Capital Mangement Corp Makes New Investment in Netflix, Inc. $NFLX; Retirement Systems of Alabama Trims Stock Holdings in Netflix, Inc. $NFLX; Why Did Henry Cavill Leave ‘The Witcher’? Netflix’s Behind-the-Scenes Drama, Explained; 'Squid Game: The Experience let me step into one of Netflix's biggest shows'; Netflix adding new VOTING feature for live TV in major app upgrade & reveals two other benefits coming soon; Adolescence director teams up with Hollywood favourite for a very different thriller series on Netflix; Delhi HC asks Wankhede, Red Chillies, Netflix to file replies in defamation suit against series; ‘The Rats: A Witcher Tale’ Sneaks Onto Netflix: The Hidden Spin-Off You Almost Missed; Netflix dropped a surprise Witcher movie that fills in the gaps from season 4's best storyline; SRK’s Red Chillies Terms Sameer Wankhede’s Defamation Suit Over Netflix Series ‘Baseless’"
2024-07-19,660.6400146484375,633.3400268554688,678.969970703125,629.1199951171875,9815600.0,"Noesis Capital Mangement Corp Makes New Investment in Netflix, Inc. $NFLX; Retirement Systems of Alabama Trims Stock Holdings in Netflix, Inc. $NFLX; Why Did Henry Cavill Leave ‘The Witcher’? Netflix’s Behind-the-Scenes Drama, Explained; 'Squid Game: The Experience let me step into one of Netflix's biggest shows'; Netflix adding new VOTING feature for live TV in major app upgrade & reveals two other benefits coming soon; Adolescence director teams up with Hollywood favourite for a very different thriller series on Netflix; Delhi HC asks Wankhede, Red Chillies, Netflix to file replies in defamation suit against series; ‘The Rats: A Witcher Tale’ Sneaks Onto Netflix: The Hidden Spin-Off You Almost Missed; Netflix dropped a surprise Witcher movie that fills in the gaps from season 4's best storyline; SRK’s Red Chillies Terms Sameer Wankhede’s Defamation Suit Over Netflix Series ‘Baseless’"
2024-07-22,639.5,647.5,656.2899780273438,632.5999755859375,5219100.0,"Noesis Capital Mangement Corp Makes New Investment in Netflix, Inc. $NFLX; Retirement Systems of Alabama Trims Stock Holdings in Netflix, Inc. $NFLX; Why Did Henry Cavill Leave ‘The Witcher’? Netflix’s Behind-the-Scenes Drama, Explained; 'Squid Game: The Experience let me step into one of Netflix's biggest shows'; Netflix adding new VOTING feature for live TV in major app upgrade & reveals two other benefits coming soon; Adolescence director teams up with Hollywood favourite for a very different thriller series on Netflix; Delhi HC asks Wankhede, Red Chillies, Netflix to file replies in defamation suit against series; ‘The Rats: A Witcher Tale’ Sneaks Onto Netflix: The Hidden Spin-Off You Almost Missed; Netflix dropped a surprise Witcher movie that fills in the gaps from season 4's best storyline; SRK’s Red Chillies Terms Sameer Wankhede’s Defamation Suit Over Netflix Series ‘Baseless’"
2024-07-23,647.5,642.760009765625,649.9099731445312,641.0,2463600.0,"Noesis Capital Mangement Corp Makes New Investment in Netflix, Inc. $NFLX; Retirement Systems of Alabama Trims Stock Holdings in Netflix, Inc. $NFLX; Why Did Henry Cavill Leave ‘The Witcher’? Netflix’s Behind-the-Scenes Drama, Explained; 'Squid Game: The Experience let me step into one of Netflix's biggest shows'; Netflix adding new VOTING feature for live TV in major app upgrade & reveals two other benefits coming soon; Adolescence director teams up with Hollywood favourite for a very different thriller series on Netflix; Delhi HC asks Wankhede, Red Chillies, Netflix to file replies in defamation suit against series; ‘The Rats: A Witcher Tale’ Sneaks Onto Netflix: The Hidden Spin-Off You Almost Missed; Netflix dropped a surprise Witcher movie that fills in the gaps from season 4's best storyline; SRK’s Red Chillies Terms Sameer Wankhede’s Defamation Suit Over Netflix Series ‘Baseless’"
2024-07-24,635.739990234375,635.989990234375,652.4199829101562,632.6699829101562,4888200.0,"Noesis Capital Mangement Corp Makes New Investment in Netflix, Inc. $NFLX; Retirement Systems of Alabama Trims Stock Holdings in Netflix, Inc. $NFLX; Why Did Henry Cavill Leave ‘The Witcher’? Netflix’s Behind-the-Scenes Drama, Explained; 'Squid Game: The Experience let me step into one of Netflix's biggest shows'; Netflix adding new VOTING feature for live TV in major app upgrade & reveals two other benefits coming soon; Adolescence director teams up with Hollywood favourite for a very different thriller series on Netflix; Delhi HC asks Wankhede, Red Chillies, Netflix to file replies in defamation suit against series; ‘The Rats: A Witcher Tale’ Sneaks Onto Netflix: The Hidden Spin-Off You Almost Missed; Netflix dropped a surprise Witcher movie that fills in the gaps from season 4's best storyline; SRK’s Red Chillies Terms Sameer Wankhede’s Defamation Suit Over Netflix Series ‘Baseless’"
2024-07-25,641.0,634.0900268554688,649.97998046875,621.7000122070312,4554500.0,"Noesis Capital Mangement Corp Makes New Investment in Netflix, Inc. $NFLX; Retirement Systems of Alabama Trims Stock Holdings in Netflix, Inc. $NFLX; Why Did Henry Cavill Leave ‘The Witcher’? Netflix’s Behind-the-Scenes Drama, Explained; 'Squid Game: The Experience let me step into one of Netflix's biggest shows'; Netflix adding new VOTING feature for live TV in major app upgrade & reveals two other benefits coming soon; Adolescence director teams up with Hollywood favourite for a very different thriller series on Netflix; Delhi HC asks Wankhede, Red Chillies, Netflix to file replies in defamation suit against series; ‘The Rats: A Witcher Tale’ Sneaks Onto Netflix: The Hidden Spin-Off You Almost Missed; Netflix dropped a surprise Witcher movie that fills in the gaps from season 4's best storyline; SRK’s Red Chillies Terms Sameer Wankhede’s Defamation Suit Over Netflix Series ‘Baseless’"
2024-07-26,645.0,631.3699951171875,646.989990234375,629.77001953125,3120700.0,"Noesis Capital Mangement Corp Makes New Investment in Netflix, Inc. $NFLX; Retirement Systems of Alabama Trims Stock Holdings in Netflix, Inc. $NFLX; Why Did Henry Cavill Leave ‘The Witcher’? Netflix’s Behind-the-Scenes Drama, Explained; 'Squid Game: The Experience let me step into one of Netflix's biggest shows'; Netflix adding new VOTING feature for live TV in major app upgrade & reveals two other benefits coming soon; Adolescence director teams up with Hollywood favourite for a very different thriller series on Netflix; Delhi HC asks Wankhede, Red Chillies, Netflix to file replies in defamation suit against series; ‘The Rats: A Witcher Tale’ Sneaks Onto Netflix: The Hidden Spin-Off You Almost Missed; Netflix dropped a surprise Witcher movie that fills in the gaps from season 4's best storyline; SRK’s Red Chillies Terms Sameer Wankhede’s Defamation Suit Over Netflix Series ‘Baseless’"
2024-07-29,634.6099853515625,626.9600219726562,634.6099853515625,623.9299926757812,2400500.0,"Noesis Capital Mangement Corp Makes New Investment in Netflix, Inc. $NFLX; Retirement Systems of Alabama Trims Stock Holdings in Netflix, Inc. $NFLX; Why Did Henry Cavill Leave ‘The Witcher’? Netflix’s Behind-the-Scenes Drama, Explained; 'Squid Game: The Experience let me step into one of Netflix's biggest shows'; Netflix adding new VOTING feature for live TV in major app upgrade & reveals two other benefits coming soon; Adolescence director teams up with Hollywood favourite for a very different thriller series on Netflix; Delhi HC asks Wankhede, Red Chillies, Netflix to file replies in defamation suit against series; ‘The Rats: A Witcher Tale’ Sneaks Onto Netflix: The Hidden Spin-Off You Almost Missed; Netflix dropped a surprise Witcher movie that fills in the gaps from season 4's best storyline; SRK’s Red Chillies Terms Sameer Wankhede’s Defamation Suit Over Netflix Series ‘Baseless’; Netflix top 10 TV shows revealed as new hit dominates charts; Netflix unveils Adolescence star's new hostage thriller with Adam Driver; Adam Driver returns to TV in Netflix series with high-stakes hostage situation; Stranger Things Season 5 Trailer: Netflix Takes Us Back To Upside Down Where Shadows Crawl And Memories Linger; Netflix drops new trailer for Stranger Things ahead of huge final season; 'Stranger Things 5' Trailer: New Trailer For Final Season Of Netflix's Biggest Show Preview More Vecna, New Kids & More; Karuppu Negotiations With Netflix; What Is 'Baramulla' on Netflix? Everything to Know About the Latest Supernatural Thriller; Stranger Things season 5 trailer previews the epic conclusion of the Netflix series; Netflix 2.0: Platform teases game-changing update – interactivity takes center stage; Netflix top 10 TV shows revealed as new hit dominates charts; Netflix unveils Adolescence star's new hostage thriller with Adam Driver; Adam Driver returns to TV in Netflix series with high-stakes hostage situation; Stranger Things Season 5 Trailer: Netflix Takes Us Back To Upside Down Where Shadows Crawl And Memories Linger; Netflix drops new trailer for Stranger Things ahead of huge final season; 'Stranger Things 5' Trailer: New Trailer For Final Season Of Netflix's Biggest Show Preview More Vecna, New Kids & More; Karuppu Negotiations With Netflix; What Is 'Baramulla' on Netflix? Everything to Know About the Latest Supernatural Thriller; Stranger Things season 5 trailer previews the epic conclusion of the Netflix series; Netflix 2.0: Platform teases game-changing update – interactivity takes center stage"
2024-07-30,630.1699829101562,622.5800170898438,634.6900024414062,617.0,3496600.0,"Netflix top 10 TV shows revealed as new hit dominates charts; Netflix unveils Adolescence star's new hostage thriller with Adam Driver; Adam Driver returns to TV in Netflix series with high-stakes hostage situation; Stranger Things Season 5 Trailer: Netflix Takes Us Back To Upside Down Where Shadows Crawl And Memories Linger; Netflix drops new trailer for Stranger Things ahead of huge final season; 'Stranger Things 5' Trailer: New Trailer For Final Season Of Netflix's Biggest Show Preview More Vecna, New Kids & More; Karuppu Negotiations With Netflix; What Is 'Baramulla' on Netflix? Everything to Know About the Latest Supernatural Thriller; Stranger Things season 5 trailer previews the epic conclusion of the Netflix series; Netflix 2.0: Platform teases game-changing update – interactivity takes center stage"
2024-07-31,626.5700073242188,628.3499755859375,633.5999755859375,622.5800170898438,3134900.0,"Netflix top 10 TV shows revealed as new hit dominates charts; Netflix unveils Adolescence star's new hostage thriller with Adam Driver; Adam Driver returns to TV in Netflix series with high-stakes hostage situation; Stranger Things Season 5 Trailer: Netflix Takes Us Back To Upside Down Where Shadows Crawl And Memories Linger; Netflix drops new trailer for Stranger Things ahead of huge final season; 'Stranger Things 5' Trailer: New Trailer For Final Season Of Netflix's Biggest Show Preview More Vecna, New Kids & More; Karuppu Negotiations With Netflix; What Is 'Baramulla' on Netflix? Everything to Know About the Latest Supernatural Thriller; Stranger Things season 5 trailer previews the epic conclusion of the Netflix series; Netflix 2.0: Platform teases game-changing update – interactivity takes center stage"
2024-08-01,629.25,624.8499755859375,646.7100219726562,617.6099853515625,3720600.0,"Netflix top 10 TV shows revealed as new hit dominates charts; Netflix unveils Adolescence star's new hostage thriller with Adam Driver; Adam Driver returns to TV in Netflix series with high-stakes hostage situation; Stranger Things Season 5 Trailer: Netflix Takes Us Back To Upside Down Where Shadows Crawl And Memories Linger; Netflix drops new trailer for Stranger Things ahead of huge final season; 'Stranger Things 5' Trailer: New Trailer For Final Season Of Netflix's Biggest Show Preview More Vecna, New Kids & More; Karuppu Negotiations With Netflix; What Is 'Baramulla' on Netflix? Everything to Know About the Latest Supernatural Thriller; Stranger Things season 5 trailer previews the epic conclusion of the Netflix series; Netflix 2.0: Platform teases game-changing update – interactivity takes center stage"
2024-08-02,620.97998046875,613.6400146484375,625.27001953125,608.3499755859375,3523000.0,"Netflix top 10 TV shows revealed as new hit dominates charts; Netflix unveils Adolescence star's new hostage thriller with Adam Driver; Adam Driver returns to TV in Netflix series with high-stakes hostage situation; Stranger Things Season 5 Trailer: Netflix Takes Us Back To Upside Down Where Shadows Crawl And Memories Linger; Netflix drops new trailer for Stranger Things ahead of huge final season; 'Stranger Things 5' Trailer: New Trailer For Final Season Of Netflix's Biggest Show Preview More Vecna, New Kids & More; Karuppu Negotiations With Netflix; What Is 'Baramulla' on Netflix? Everything to Know About the Latest Supernatural Thriller; Stranger Things season 5 trailer previews the epic conclusion of the Netflix series; Netflix 2.0: Platform teases game-changing update – interactivity takes center stage"
2024-08-05,587.0399780273438,598.5499877929688,604.5599975585938,587.0399780273438,4044200.0,"Netflix top 10 TV shows revealed as new hit dominates charts; Netflix unveils Adolescence star's new hostage thriller with Adam Driver; Adam Driver returns to TV in Netflix series with high-stakes hostage situation; Stranger Things Season 5 Trailer: Netflix Takes Us Back To Upside Down Where Shadows Crawl And Memories Linger; Netflix drops new trailer for Stranger Things ahead of huge final season; 'Stranger Things 5' Trailer: New Trailer For Final Season Of Netflix's Biggest Show Preview More Vecna, New Kids & More; Karuppu Negotiations With Netflix; What Is 'Baramulla' on Netflix? Everything to Know About the Latest Supernatural Thriller; Stranger Things season 5 trailer previews the epic conclusion of the Netflix series; Netflix 2.0: Platform teases game-changing update – interactivity takes center stage"
2024-08-06,600.6199951171875,609.5700073242188,622.4500122070312,600.6199951171875,4319100.0,"Netflix top 10 TV shows revealed as new hit dominates charts; Netflix unveils Adolescence star's new hostage thriller with Adam Driver; Adam Driver returns to TV in Netflix series with high-stakes hostage situation; Stranger Things Season 5 Trailer: Netflix Takes Us Back To Upside Down Where Shadows Crawl And Memories Linger; Netflix drops new trailer for Stranger Things ahead of huge final season; 'Stranger Things 5' Trailer: New Trailer For Final Season Of Netflix's Biggest Show Preview More Vecna, New Kids & More; Karuppu Negotiations With Netflix; What Is 'Baramulla' on Netflix? Everything to Know About the Latest Supernatural Thriller; Stranger Things season 5 trailer previews the epic conclusion of the Netflix series; Netflix 2.0: Platform teases game-changing update – interactivity takes center stage"
2024-08-07,616.0700073242188,611.47998046875,632.0,610.6400146484375,3187800.0,"Netflix top 10 TV shows revealed as new hit dominates charts; Netflix unveils Adolescence star's new hostage thriller with Adam Driver; Adam Driver returns to TV in Netflix series with high-stakes hostage situation; Stranger Things Season 5 Trailer: Netflix Takes Us Back To Upside Down Where Shadows Crawl And Memories Linger; Netflix drops new trailer for Stranger Things ahead of huge final season; 'Stranger Things 5' Trailer: New Trailer For Final Season Of Netflix's Biggest Show Preview More Vecna, New Kids & More; Karuppu Negotiations With Netflix; What Is 'Baramulla' on Netflix? Everything to Know About the Latest Supernatural Thriller; Stranger Things season 5 trailer previews the epic conclusion of the Netflix series; Netflix 2.0: Platform teases game-changing update – interactivity takes center stage"
2024-08-08,621.989990234375,630.3499755859375,632.2899780273438,616.02001953125,3283500.0,"Netflix top 10 TV shows revealed as new hit dominates charts; Netflix unveils Adolescence star's new hostage thriller with Adam Driver; Adam Driver returns to TV in Netflix series with high-stakes hostage situation; Stranger Things Season 5 Trailer: Netflix Takes Us Back To Upside Down Where Shadows Crawl And Memories Linger; Netflix drops new trailer for Stranger Things ahead of huge final season; 'Stranger Things 5' Trailer: New Trailer For Final Season Of Netflix's Biggest Show Preview More Vecna, New Kids & More; Karuppu Negotiations With Netflix; What Is 'Baramulla' on Netflix? Everything to Know About the Latest Supernatural Thriller; Stranger Things season 5 trailer previews the epic conclusion of the Netflix series; Netflix 2.0: Platform teases game-changing update – interactivity takes center stage"
2024-08-09,622.989990234375,633.9400024414062,636.6199951171875,622.989990234375,1980800.0,"Netflix top 10 TV shows revealed as new hit dominates charts; Netflix unveils Adolescence star's new hostage thriller with Adam Driver; Adam Driver returns to TV in Netflix series with high-stakes hostage situation; Stranger Things Season 5 Trailer: Netflix Takes Us Back To Upside Down Where Shadows Crawl And Memories Linger; Netflix drops new trailer for Stranger Things ahead of huge final season; 'Stranger Things 5' Trailer: New Trailer For Final Season Of Netflix's Biggest Show Preview More Vecna, New Kids & More; Karuppu Negotiations With Netflix; What Is 'Baramulla' on Netflix? Everything to Know About the Latest Supernatural Thriller; Stranger Things season 5 trailer previews the epic conclusion of the Netflix series; Netflix 2.0: Platform teases game-changing update – interactivity takes center stage"
2024-08-12,631.0,633.1400146484375,639.0,627.0700073242188,2331700.0,"Netflix casts Adam Driver in tense new hostage drama from Adolescence creator; Netflix top 10 TV shows revealed as new hit dominates charts; Netflix unveils Adolescence star's new hostage thriller with Adam Driver; Adam Driver returns to TV in Netflix series with high-stakes hostage situation; Stranger Things Season 5 Trailer: Netflix Takes Us Back To Upside Down Where Shadows Crawl And Memories Linger; Netflix drops new trailer for Stranger Things ahead of huge final season; 'Stranger Things 5' Trailer: New Trailer For Final Season Of Netflix's Biggest Show Preview More Vecna, New Kids & More; Karuppu Negotiations With Netflix; What Is 'Baramulla' on Netflix? Everything to Know About the Latest Supernatural Thriller; Stranger Things season 5 trailer previews the epic conclusion of the Netflix series"
2024-08-13,638.5599975585938,648.02001953125,650.969970703125,635.5,2639600.0,"Netflix top 10 TV shows revealed as new hit dominates charts; Netflix unveils Adolescence star's new hostage thriller with Adam Driver; Adam Driver returns to TV in Netflix series with high-stakes hostage situation; Stranger Things Season 5 Trailer: Netflix Takes Us Back To Upside Down Where Shadows Crawl And Memories Linger; Netflix drops new trailer for Stranger Things ahead of huge final season; 'Stranger Things 5' Trailer: New Trailer For Final Season Of Netflix's Biggest Show Preview More Vecna, New Kids & More; Karuppu Negotiations With Netflix; What Is 'Baramulla' on Netflix? Everything to Know About the Latest Supernatural Thriller; Stranger Things season 5 trailer previews the epic conclusion of the Netflix series; Netflix 2.0: Platform teases game-changing update – interactivity takes center stage"
2024-08-14,648.7000122070312,661.6799926757812,663.5700073242188,648.7000122070312,4014300.0,"Netflix casts Adam Driver in tense new hostage drama from Adolescence creator; Netflix drops Stranger Things 5 trailer as fans all share same heartbreaking concern; Netflix top 10 TV shows revealed as new hit dominates charts; Netflix unveils Adolescence star's new hostage thriller with Adam Driver; Adam Driver returns to TV in Netflix series with high-stakes hostage situation; Stranger Things Season 5 Trailer: Netflix Takes Us Back To Upside Down Where Shadows Crawl And Memories Linger; Netflix drops new trailer for Stranger Things ahead of huge final season; 'Stranger Things 5' Trailer: New Trailer For Final Season Of Netflix's Biggest Show Preview More Vecna, New Kids & More; Karuppu Negotiations With Netflix; What Is 'Baramulla' on Netflix? Everything to Know About the Latest Supernatural Thriller"
2024-08-15,668.489990234375,663.219970703125,673.1900024414062,659.7999877929688,3210200.0,"Netflix top 10 TV shows revealed as new hit dominates charts; Netflix unveils Adolescence star's new hostage thriller with Adam Driver; Adam Driver returns to TV in Netflix series with high-stakes hostage situation; Stranger Things Season 5 Trailer: Netflix Takes Us Back To Upside Down Where Shadows Crawl And Memories Linger; Netflix drops new trailer for Stranger Things ahead of huge final season; 'Stranger Things 5' Trailer: New Trailer For Final Season Of Netflix's Biggest Show Preview More Vecna, New Kids & More; Karuppu Negotiations With Netflix; What Is 'Baramulla' on Netflix? Everything to Know About the Latest Supernatural Thriller; Stranger Things season 5 trailer previews the epic conclusion of the Netflix series; Netflix 2.0: Platform teases game-changing update – interactivity takes center stage"
2024-08-16,669.4299926757812,674.0700073242188,680.22998046875,665.3599853515625,3511000.0,"Netflix top 10 TV shows revealed as new hit dominates charts; Netflix unveils Adolescence star's new hostage thriller with Adam Driver; Adam Driver returns to TV in Netflix series with high-stakes hostage situation; Stranger Things Season 5 Trailer: Netflix Takes Us Back To Upside Down Where Shadows Crawl And Memories Linger; Netflix drops new trailer for Stranger Things ahead of huge final season; 'Stranger Things 5' Trailer: New Trailer For Final Season Of Netflix's Biggest Show Preview More Vecna, New Kids & More; Karuppu Negotiations With Netflix; What Is 'Baramulla' on Netflix? Everything to Know About the Latest Supernatural Thriller; Stranger Things season 5 trailer previews the epic conclusion of the Netflix series; Netflix 2.0: Platform teases game-changing update – interactivity takes center stage"
2024-08-19,674.0700073242188,688.530029296875,688.8400268554688,672.9099731445312,3016200.0,"Netflix top 10 TV shows revealed as new hit dominates charts; Netflix unveils Adolescence star's new hostage thriller with Adam Driver; Adam Driver returns to TV in Netflix series with high-stakes hostage situation; Stranger Things Season 5 Trailer: Netflix Takes Us Back To Upside Down Where Shadows Crawl And Memories Linger; Netflix drops new trailer for Stranger Things ahead of huge final season; 'Stranger Things 5' Trailer: New Trailer For Final Season Of Netflix's Biggest Show Preview More Vecna, New Kids & More; Karuppu Negotiations With Netflix; What Is 'Baramulla' on Netflix? Everything to Know About the Latest Supernatural Thriller; Stranger Things season 5 trailer previews the epic conclusion of the Netflix series; Netflix 2.0: Platform teases game-changing update – interactivity takes center stage"
2024-08-20,688.8599853515625,698.5399780273438,711.3300170898438,688.25,4813100.0,"Netflix casts Adam Driver in tense new hostage drama from Adolescence creator; Netflix drops Stranger Things 5 trailer as fans all share same heartbreaking concern; Netflix top 10 TV shows revealed as new hit dominates charts; Netflix unveils Adolescence star's new hostage thriller with Adam Driver; Adam Driver returns to TV in Netflix series with high-stakes hostage situation; Stranger Things Season 5 Trailer: Netflix Takes Us Back To Upside Down Where Shadows Crawl And Memories Linger; Netflix drops new trailer for Stranger Things ahead of huge final season; 'Stranger Things 5' Trailer: New Trailer For Final Season Of Netflix's Biggest Show Preview More Vecna, New Kids & More; Karuppu Negotiations With Netflix; What Is 'Baramulla' on Netflix? Everything to Know About the Latest Supernatural Thriller"
2024-08-21,697.0,697.1199951171875,701.0,691.3800048828125,2235300.0,"Netflix top 10 TV shows revealed as new hit dominates charts; Netflix unveils Adolescence star's new hostage thriller with Adam Driver; Adam Driver returns to TV in Netflix series with high-stakes hostage situation; Stranger Things Season 5 Trailer: Netflix Takes Us Back To Upside Down Where Shadows Crawl And Memories Linger; Netflix drops new trailer for Stranger Things ahead of huge final season; 'Stranger Things 5' Trailer: New Trailer For Final Season Of Netflix's Biggest Show Preview More Vecna, New Kids & More; Karuppu Negotiations With Netflix; What Is 'Baramulla' on Netflix? Everything to Know About the Latest Supernatural Thriller; Stranger Things season 5 trailer previews the epic conclusion of the Netflix series; Netflix 2.0: Platform teases game-changing update – interactivity takes center stage"
2024-08-22,691.0,688.9600219726562,701.5,686.239990234375,2729400.0,"Netflix drops Stranger Things 5 trailer as fans all share same heartbreaking concern; Netflix casts Adam Driver in tense new hostage drama from Adolescence creator; Netflix top 10 TV shows revealed as new hit dominates charts; Netflix unveils Adolescence star's new hostage thriller with Adam Driver; Adam Driver returns to TV in Netflix series with high-stakes hostage situation; Stranger Things Season 5 Trailer: Netflix Takes Us Back To Upside Down Where Shadows Crawl And Memories Linger; Netflix drops new trailer for Stranger Things ahead of huge final season; 'Stranger Things 5' Trailer: New Trailer For Final Season Of Netflix's Biggest Show Preview More Vecna, New Kids & More; Karuppu Negotiations With Netflix; What Is 'Baramulla' on Netflix? Everything to Know About the Latest Supernatural Thriller"
2024-08-23,694.1300048828125,686.72998046875,696.0700073242188,678.6300048828125,2354500.0,"Netflix casts Adam Driver in tense new hostage drama from Adolescence creator; Netflix drops Stranger Things 5 trailer as fans all share same heartbreaking concern; Netflix top 10 TV shows revealed as new hit dominates charts; Netflix unveils Adolescence star's new hostage thriller with Adam Driver; Adam Driver returns to TV in Netflix series with high-stakes hostage situation; Stranger Things Season 5 Trailer: Netflix Takes Us Back To Upside Down Where Shadows Crawl And Memories Linger; Netflix drops new trailer for Stranger Things ahead of huge final season; 'Stranger Things 5' Trailer: New Trailer For Final Season Of Netflix's Biggest Show Preview More Vecna, New Kids & More; Karuppu Negotiations With Netflix; What Is 'Baramulla' on Netflix? Everything to Know About the Latest Supernatural Thriller"
2024-08-26,687.260009765625,688.4400024414062,690.5900268554688,681.6400146484375,1354200.0,"Netflix casts Adam Driver in tense new hostage drama from Adolescence creator; Netflix drops Stranger Things 5 trailer as fans all share same heartbreaking concern; Netflix top 10 TV shows revealed as new hit dominates charts; Netflix unveils Adolescence star's new hostage thriller with Adam Driver; Adam Driver returns to TV in Netflix series with high-stakes hostage situation; Stranger Things Season 5 Trailer: Netflix Takes Us Back To Upside Down Where Shadows Crawl And Memories Linger; Netflix drops new trailer for Stranger Things ahead of huge final season; 'Stranger Things 5' Trailer: New Trailer For Final Season Of Netflix's Biggest Show Preview More Vecna, New Kids & More; Karuppu Negotiations With Netflix; What Is 'Baramulla' on Netflix? Everything to Know About the Latest Supernatural Thriller"
2024-08-27,688.530029296875,695.719970703125,707.8900146484375,686.9199829101562,3164900.0,"Netflix casts Adam Driver in tense new hostage drama from Adolescence creator; Netflix drops Stranger Things 5 trailer as fans all share same heartbreaking concern; Netflix top 10 TV shows revealed as new hit dominates charts; Netflix unveils Adolescence star's new hostage thriller with Adam Driver; Adam Driver returns to TV in Netflix series with high-stakes hostage situation; Stranger Things Season 5 Trailer: Netflix Takes Us Back To Upside Down Where Shadows Crawl And Memories Linger; Netflix drops new trailer for Stranger Things ahead of huge final season; 'Stranger Things 5' Trailer: New Trailer For Final Season Of Netflix's Biggest Show Preview More Vecna, New Kids & More; Karuppu Negotiations With Netflix; What Is 'Baramulla' on Netflix? Everything to Know About the Latest Supernatural Thriller"
2024-08-28,695.8300170898438,683.8400268554688,696.6699829101562,677.0999755859375,2430600.0,"Netflix casts Adam Driver in tense new hostage drama from Adolescence creator; Netflix drops Stranger Things 5 trailer as fans all share same heartbreaking concern; Netflix top 10 TV shows revealed as new hit dominates charts; Netflix unveils Adolescence star's new hostage thriller with Adam Driver; Adam Driver returns to TV in Netflix series with high-stakes hostage situation; Stranger Things Season 5 Trailer: Netflix Takes Us Back To Upside Down Where Shadows Crawl And Memories Linger; Netflix drops new trailer for Stranger Things ahead of huge final season; 'Stranger Things 5' Trailer: New Trailer For Final Season Of Netflix's Biggest Show Preview More Vecna, New Kids & More; Karuppu Negotiations With Netflix; What Is 'Baramulla' on Netflix? Everything to Know About the Latest Supernatural Thriller"
2024-08-29,690.0,692.47998046875,699.7999877929688,686.0700073242188,2187000.0,"Netflix casts Adam Driver in tense new hostage drama from Adolescence creator; Netflix drops Stranger Things 5 trailer as fans all share same heartbreaking concern; Netflix top 10 TV shows revealed as new hit dominates charts; Netflix unveils Adolescence star's new hostage thriller with Adam Driver; Adam Driver returns to TV in Netflix series with high-stakes hostage situation; Stranger Things Season 5 Trailer: Netflix Takes Us Back To Upside Down Where Shadows Crawl And Memories Linger; Netflix drops new trailer for Stranger Things ahead of huge final season; 'Stranger Things 5' Trailer: New Trailer For Final Season Of Netflix's Biggest Show Preview More Vecna, New Kids & More; Karuppu Negotiations With Netflix; What Is 'Baramulla' on Netflix? Everything to Know About the Latest Supernatural Thriller"
2024-08-30,700.3599853515625,701.3499755859375,701.8599853515625,688.1599731445312,3266700.0,"Netflix casts Adam Driver in tense new hostage drama from Adolescence creator; Netflix drops Stranger Things 5 trailer as fans all share same heartbreaking concern; Netflix top 10 TV shows revealed as new hit dominates charts; Netflix unveils Adolescence star's new hostage thriller with Adam Driver; Adam Driver returns to TV in Netflix series with high-stakes hostage situation; Stranger Things Season 5 Trailer: Netflix Takes Us Back To Upside Down Where Shadows Crawl And Memories Linger; Netflix drops new trailer for Stranger Things ahead of huge final season; 'Stranger Things 5' Trailer: New Trailer For Final Season Of Netflix's Biggest Show Preview More Vecna, New Kids & More; Karuppu Negotiations With Netflix; What Is 'Baramulla' on Netflix? Everything to Know About the Latest Supernatural Thriller"
2024-09-03,700.0999755859375,675.3200073242188,703.8599853515625,671.010009765625,3161000.0,"Netflix casts Adam Driver in tense new hostage drama from Adolescence creator; Netflix drops Stranger Things 5 trailer as fans all share same heartbreaking concern; Netflix top 10 TV shows revealed as new hit dominates charts; Netflix unveils Adolescence star's new hostage thriller with Adam Driver; Adam Driver returns to TV in Netflix series with high-stakes hostage situation; Stranger Things Season 5 Trailer: Netflix Takes Us Back To Upside Down Where Shadows Crawl And Memories Linger; Netflix drops new trailer for Stranger Things ahead of huge final season; 'Stranger Things 5' Trailer: New Trailer For Final Season Of Netflix's Biggest Show Preview More Vecna, New Kids & More; Karuppu Negotiations With Netflix; What Is 'Baramulla' on Netflix? Everything to Know About the Latest Supernatural Thriller"
2024-09-04,673.3099975585938,679.6799926757812,684.6500244140625,673.0599975585938,1785300.0,"Netflix casts Adam Driver in tense new hostage drama from Adolescence creator; Netflix drops Stranger Things 5 trailer as fans all share same heartbreaking concern; Netflix top 10 TV shows revealed as new hit dominates charts; Netflix unveils Adolescence star's new hostage thriller with Adam Driver; Adam Driver returns to TV in Netflix series with high-stakes hostage situation; Stranger Things Season 5 Trailer: Netflix Takes Us Back To Upside Down Where Shadows Crawl And Memories Linger; Netflix drops new trailer for Stranger Things ahead of huge final season; 'Stranger Things 5' Trailer: New Trailer For Final Season Of Netflix's Biggest Show Preview More Vecna, New Kids & More; Karuppu Negotiations With Netflix; What Is 'Baramulla' on Netflix? Everything to Know About the Latest Supernatural Thriller"
2024-09-05,673.1400146484375,683.6199951171875,687.3099975585938,671.8599853515625,1810100.0,"Netflix casts Adam Driver in tense new hostage drama from Adolescence creator; Netflix drops Stranger Things 5 trailer as fans all share same heartbreaking concern; Netflix top 10 TV shows revealed as new hit dominates charts; Netflix unveils Adolescence star's new hostage thriller with Adam Driver; Adam Driver returns to TV in Netflix series with high-stakes hostage situation; Stranger Things Season 5 Trailer: Netflix Takes Us Back To Upside Down Where Shadows Crawl And Memories Linger; Netflix drops new trailer for Stranger Things ahead of huge final season; 'Stranger Things 5' Trailer: New Trailer For Final Season Of Netflix's Biggest Show Preview More Vecna, New Kids & More; Karuppu Negotiations With Netflix; What Is 'Baramulla' on Netflix? Everything to Know About the Latest Supernatural Thriller"
2024-09-06,681.8599853515625,665.77001953125,683.1500244140625,662.3400268554688,2991300.0,"Famke Janssen On Her Career And New ‘Amsterdam Empire’ Netflix Series; Netflix casts Adam Driver in tense new hostage drama from Adolescence creator; Netflix drops Stranger Things 5 trailer as fans all share same heartbreaking concern; Netflix top 10 TV shows revealed as new hit dominates charts; Netflix unveils Adolescence star's new hostage thriller with Adam Driver; Adam Driver returns to TV in Netflix series with high-stakes hostage situation; Stranger Things Season 5 Trailer: Netflix Takes Us Back To Upside Down Where Shadows Crawl And Memories Linger; Netflix drops new trailer for Stranger Things ahead of huge final season; 'Stranger Things 5' Trailer: New Trailer For Final Season Of Netflix's Biggest Show Preview More Vecna, New Kids & More; Karuppu Negotiations With Netflix"
2024-09-09,674.0,675.4199829101562,683.5,672.1400146484375,2683100.0,"Netflix casts Adam Driver in tense new hostage drama from Adolescence creator; Netflix drops Stranger Things 5 trailer as fans all share same heartbreaking concern; Netflix top 10 TV shows revealed as new hit dominates charts; Netflix unveils Adolescence star's new hostage thriller with Adam Driver; Adam Driver returns to TV in Netflix series with high-stakes hostage situation; Stranger Things Season 5 Trailer: Netflix Takes Us Back To Upside Down Where Shadows Crawl And Memories Linger; Netflix drops new trailer for Stranger Things ahead of huge final season; 'Stranger Things 5' Trailer: New Trailer For Final Season Of Netflix's Biggest Show Preview More Vecna, New Kids & More; Karuppu Negotiations With Netflix; What Is 'Baramulla' on Netflix? Everything to Know About the Latest Supernatural Thriller"
2024-09-10,676.8699951171875,673.6199951171875,680.5900268554688,665.8099975585938,2079200.0,"Netflix drops Stranger Things 5 trailer as fans all share same heartbreaking concern; Netflix casts Adam Driver in tense new hostage drama from Adolescence creator; Netflix top 10 TV shows revealed as new hit dominates charts; Netflix unveils Adolescence star's new hostage thriller with Adam Driver; Adam Driver returns to TV in Netflix series with high-stakes hostage situation; Stranger Things Season 5 Trailer: Netflix Takes Us Back To Upside Down Where Shadows Crawl And Memories Linger; Netflix drops new trailer for Stranger Things ahead of huge final season; 'Stranger Things 5' Trailer: New Trailer For Final Season Of Netflix's Biggest Show Preview More Vecna, New Kids & More; Karuppu Negotiations With Netflix; What Is 'Baramulla' on Netflix? Everything to Know About the Latest Supernatural Thriller"
2024-09-11,677.4600219726562,681.469970703125,682.969970703125,660.7999877929688,2391900.0,"Netflix casts Adam Driver in tense new hostage drama from Adolescence creator; Netflix drops Stranger Things 5 trailer as fans all share same heartbreaking concern; Netflix top 10 TV shows revealed as new hit dominates charts; Netflix unveils Adolescence star's new hostage thriller with Adam Driver; Adam Driver returns to TV in Netflix series with high-stakes hostage situation; Stranger Things Season 5 Trailer: Netflix Takes Us Back To Upside Down Where Shadows Crawl And Memories Linger; Netflix drops new trailer for Stranger Things ahead of huge final season; 'Stranger Things 5' Trailer: New Trailer For Final Season Of Netflix's Biggest Show Preview More Vecna, New Kids & More; Karuppu Negotiations With Netflix; What Is 'Baramulla' on Netflix? Everything to Know About the Latest Supernatural Thriller"
2024-09-12,684.9199829101562,686.7999877929688,694.8800048828125,682.2000122070312,2582100.0,"Famke Janssen On Her Career And New ‘Amsterdam Empire’ Netflix Series; Netflix casts Adam Driver in tense new hostage drama from Adolescence creator; Netflix drops Stranger Things 5 trailer as fans all share same heartbreaking concern; Netflix top 10 TV shows revealed as new hit dominates charts; Netflix unveils Adolescence star's new hostage thriller with Adam Driver; Adam Driver returns to TV in Netflix series with high-stakes hostage situation; Stranger Things Season 5 Trailer: Netflix Takes Us Back To Upside Down Where Shadows Crawl And Memories Linger; Netflix drops new trailer for Stranger Things ahead of huge final season; 'Stranger Things 5' Trailer: New Trailer For Final Season Of Netflix's Biggest Show Preview More Vecna, New Kids & More; Karuppu Negotiations With Netflix"
2024-09-13,680.010009765625,697.0599975585938,699.6400146484375,680.0,2276500.0,"Netflix drops Stranger Things 5 trailer as fans all share same heartbreaking concern; Netflix casts Adam Driver in tense new hostage drama from Adolescence creator; Netflix top 10 TV shows revealed as new hit dominates charts; Netflix unveils Adolescence star's new hostage thriller with Adam Driver; Adam Driver returns to TV in Netflix series with high-stakes hostage situation; Stranger Things Season 5 Trailer: Netflix Takes Us Back To Upside Down Where Shadows Crawl And Memories Linger; Netflix drops new trailer for Stranger Things ahead of huge final season; 'Stranger Things 5' Trailer: New Trailer For Final Season Of Netflix's Biggest Show Preview More Vecna, New Kids & More; Karuppu Negotiations With Netflix; What Is 'Baramulla' on Netflix? Everything to Know About the Latest Supernatural Thriller"
2024-09-16,700.0,696.5,703.02001953125,688.6300048828125,1843700.0,"Famke Janssen On Her Career And New ‘Amsterdam Empire’ Netflix Series; Netflix casts Adam Driver in tense new hostage drama from Adolescence creator; Netflix drops Stranger Things 5 trailer as fans all share same heartbreaking concern; Netflix top 10 TV shows revealed as new hit dominates charts; Netflix unveils Adolescence star's new hostage thriller with Adam Driver; Adam Driver returns to TV in Netflix series with high-stakes hostage situation; November 2025 Anime Streaming Highlights: Crunchyroll, Netflix, Hulu, and More; Stranger Things Season 5 Trailer: Netflix Takes Us Back To Upside Down Where Shadows Crawl And Memories Linger; Netflix drops new trailer for Stranger Things ahead of huge final season; 'Stranger Things 5' Trailer: New Trailer For Final Season Of Netflix's Biggest Show Preview More Vecna, New Kids & More"
2024-09-17,700.8200073242188,706.9099731445312,707.6300048828125,698.3699951171875,2298600.0,"Netflix casts Adam Driver in tense new hostage drama from Adolescence creator; Netflix drops Stranger Things 5 trailer as fans all share same heartbreaking concern; Netflix top 10 TV shows revealed as new hit dominates charts; Netflix unveils Adolescence star's new hostage thriller with Adam Driver; Adam Driver returns to TV in Netflix series with high-stakes hostage situation; Stranger Things Season 5 Trailer: Netflix Takes Us Back To Upside Down Where Shadows Crawl And Memories Linger; Netflix drops new trailer for Stranger Things ahead of huge final season; 'Stranger Things 5' Trailer: New Trailer For Final Season Of Netflix's Biggest Show Preview More Vecna, New Kids & More; Karuppu Negotiations With Netflix; What Is 'Baramulla' on Netflix? Everything to Know About the Latest Supernatural Thriller"
2024-09-18,707.5499877929688,690.469970703125,707.5499877929688,688.0,2984400.0,"Netflix casts Adam Driver in tense new hostage drama from Adolescence creator; Netflix drops Stranger Things 5 trailer as fans all share same heartbreaking concern; Netflix top 10 TV shows revealed as new hit dominates charts; Netflix unveils Adolescence star's new hostage thriller with Adam Driver; Adam Driver returns to TV in Netflix series with high-stakes hostage situation; Stranger Things Season 5 Trailer: Netflix Takes Us Back To Upside Down Where Shadows Crawl And Memories Linger; Netflix drops new trailer for Stranger Things ahead of huge final season; 'Stranger Things 5' Trailer: New Trailer For Final Season Of Netflix's Biggest Show Preview More Vecna, New Kids & More; Karuppu Negotiations With Netflix; What Is 'Baramulla' on Netflix? Everything to Know About the Latest Supernatural Thriller"
2024-09-19,705.0,704.3200073242188,715.6599731445312,695.3699951171875,4228500.0,"Netflix casts Adam Driver in tense new hostage drama from Adolescence creator; Netflix drops Stranger Things 5 trailer as fans all share same heartbreaking concern; Netflix top 10 TV shows revealed as new hit dominates charts; Netflix unveils Adolescence star's new hostage thriller with Adam Driver; Adam Driver returns to TV in Netflix series with high-stakes hostage situation; Stranger Things Season 5 Trailer: Netflix Takes Us Back To Upside Down Where Shadows Crawl And Memories Linger; Netflix drops new trailer for Stranger Things ahead of huge final season; 'Stranger Things 5' Trailer: New Trailer For Final Season Of Netflix's Biggest Show Preview More Vecna, New Kids & More; Karuppu Negotiations With Netflix; What Is 'Baramulla' on Netflix? Everything to Know About the Latest Supernatural Thriller"
2024-09-20,705.5499877929688,701.030029296875,706.6699829101562,696.3099975585938,3998100.0,"Netflix casts Adam Driver in tense new hostage drama from Adolescence creator; Netflix drops Stranger Things 5 trailer as fans all share same heartbreaking concern; Netflix top 10 TV shows revealed as new hit dominates charts; Netflix unveils Adolescence star's new hostage thriller with Adam Driver; Adam Driver returns to TV in Netflix series with high-stakes hostage situation; Stranger Things Season 5 Trailer: Netflix Takes Us Back To Upside Down Where Shadows Crawl And Memories Linger; Netflix drops new trailer for Stranger Things ahead of huge final season; 'Stranger Things 5' Trailer: New Trailer For Final Season Of Netflix's Biggest Show Preview More Vecna, New Kids & More; Karuppu Negotiations With Netflix; What Is 'Baramulla' on Netflix? Everything to Know About the Latest Supernatural Thriller"
2024-09-23,702.3900146484375,705.3699951171875,712.25,699.1599731445312,3224300.0,"Netflix casts Adam Driver in tense new hostage drama from Adolescence creator; Netflix drops Stranger Things 5 trailer as fans all share same heartbreaking concern; Netflix top 10 TV shows revealed as new hit dominates charts; Netflix unveils Adolescence star's new hostage thriller with Adam Driver; Adam Driver returns to TV in Netflix series with high-stakes hostage situation; Stranger Things Season 5 Trailer: Netflix Takes Us Back To Upside Down Where Shadows Crawl And Memories Linger; Netflix drops new trailer for Stranger Things ahead of huge final season; 'Stranger Things 5' Trailer: New Trailer For Final Season Of Netflix's Biggest Show Preview More Vecna, New Kids & More; Karuppu Negotiations With Netflix; What Is 'Baramulla' on Netflix? Everything to Know About the Latest Supernatural Thriller"
2024-09-24,706.6300048828125,722.260009765625,722.4400024414062,704.4500122070312,3565700.0,"Famke Janssen On Her Career And New ‘Amsterdam Empire’ Netflix Series; Netflix casts Adam Driver in tense new hostage drama from Adolescence creator; Netflix drops Stranger Things 5 trailer as fans all share same heartbreaking concern; Netflix top 10 TV shows revealed as new hit dominates charts; Netflix unveils Adolescence star's new hostage thriller with Adam Driver; Adam Driver returns to TV in Netflix series with high-stakes hostage situation; Stranger Things Season 5 Trailer: Netflix Takes Us Back To Upside Down Where Shadows Crawl And Memories Linger; Netflix drops new trailer for Stranger Things ahead of huge final season; 'Stranger Things 5' Trailer: New Trailer For Final Season Of Netflix's Biggest Show Preview More Vecna, New Kids & More; Karuppu Negotiations With Netflix"
2024-09-25,721.0,721.5599975585938,725.1199951171875,716.2100219726562,2259800.0,"Famke Janssen On Her Career And New ‘Amsterdam Empire’ Netflix Series; Netflix casts Adam Driver in tense new hostage drama from Adolescence creator; Netflix drops Stranger Things 5 trailer as fans all share same heartbreaking concern; Netflix top 10 TV shows revealed as new hit dominates charts; Netflix unveils Adolescence star's new hostage thriller with Adam Driver; Adam Driver returns to TV in Netflix series with high-stakes hostage situation; Stranger Things Season 5 Trailer: Netflix Takes Us Back To Upside Down Where Shadows Crawl And Memories Linger; Netflix drops new trailer for Stranger Things ahead of huge final season; 'Stranger Things 5' Trailer: New Trailer For Final Season Of Netflix's Biggest Show Preview More Vecna, New Kids & More; Karuppu Negotiations With Netflix"
2024-09-26,724.72998046875,711.4299926757812,725.260009765625,701.719970703125,2833000.0,"Famke Janssen On Her Career And New ‘Amsterdam Empire’ Netflix Series; Netflix casts Adam Driver in tense new hostage drama from Adolescence creator; Netflix drops Stranger Things 5 trailer as fans all share same heartbreaking concern; Netflix top 10 TV shows revealed as new hit dominates charts; Netflix unveils Adolescence star's new hostage thriller with Adam Driver; Adam Driver returns to TV in Netflix series with high-stakes hostage situation; Stranger Things Season 5 Trailer: Netflix Takes Us Back To Upside Down Where Shadows Crawl And Memories Linger; Netflix drops new trailer for Stranger Things ahead of huge final season; 'Stranger Things 5' Trailer: New Trailer For Final Season Of Netflix's Biggest Show Preview More Vecna, New Kids & More; Karuppu Negotiations With Netflix"
2024-09-27,708.3599853515625,707.3499755859375,710.7100219726562,701.25,2395600.0,"Famke Janssen On Her Career And New ‘Amsterdam Empire’ Netflix Series; Netflix casts Adam Driver in tense new hostage drama from Adolescence creator; Netflix drops Stranger Things 5 trailer as fans all share same heartbreaking concern; Netflix top 10 TV shows revealed as new hit dominates charts; Netflix unveils Adolescence star's new hostage thriller with Adam Driver; Adam Driver returns to TV in Netflix series with high-stakes hostage situation; November 2025 Anime Streaming Highlights: Crunchyroll, Netflix, Hulu, and More; Stranger Things Season 5 Trailer: Netflix Takes Us Back To Upside Down Where Shadows Crawl And Memories Linger; Netflix drops new trailer for Stranger Things ahead of huge final season; 'Stranger Things 5' Trailer: New Trailer For Final Season Of Netflix's Biggest Show Preview More Vecna, New Kids & More"
2024-09-30,707.0,709.27001953125,711.2100219726562,702.8200073242188,1709900.0,"Famke Janssen On Her Career And New ‘Amsterdam Empire’ Netflix Series; Netflix casts Adam Driver in tense new hostage drama from Adolescence creator; Netflix drops Stranger Things 5 trailer as fans all share same heartbreaking concern; Netflix top 10 TV shows revealed as new hit dominates charts; Netflix unveils Adolescence star's new hostage thriller with Adam Driver; Adam Driver returns to TV in Netflix series with high-stakes hostage situation; November 2025 Anime Streaming Highlights: Crunchyroll, Netflix, Hulu, and More; Stranger Things Season 5 Trailer: Netflix Takes Us Back To Upside Down Where Shadows Crawl And Memories Linger; Netflix drops new trailer for Stranger Things ahead of huge final season; 'Stranger Things 5' Trailer: New Trailer For Final Season Of Netflix's Biggest Show Preview More Vecna, New Kids & More"
2024-10-01,713.6400146484375,706.1300048828125,717.760009765625,698.5900268554688,2813500.0,"Video: ""Stranger Things 5"" - Official Trailer - Netflix; Famke Janssen On Her Career And New ‘Amsterdam Empire’ Netflix Series; Netflix casts Adam Driver in tense new hostage drama from Adolescence creator; Netflix drops Stranger Things 5 trailer as fans all share same heartbreaking concern; Netflix top 10 TV shows revealed as new hit dominates charts; Netflix unveils Adolescence star's new hostage thriller with Adam Driver; Adam Driver returns to TV in Netflix series with high-stakes hostage situation; November 2025 Anime Streaming Highlights: Crunchyroll, Netflix, Hulu, and More; Stranger Things Season 5 Trailer: Netflix Takes Us Back To Upside Down Where Shadows Crawl And Memories Linger; Netflix drops new trailer for Stranger Things ahead of huge final season"
2024-10-02,706.1300048828125,711.0900268554688,716.2100219726562,704.6900024414062,1758200.0,"Netflix Drops the Epic, Nearly 3-Minute Long Trailer for ""Stranger Things"" Season 5; Video: ""Stranger Things 5"" - Official Trailer - Netflix; Famke Janssen On Her Career And New ‘Amsterdam Empire’ Netflix Series; Netflix drops Stranger Things 5 trailer as fans all share same heartbreaking concern; Netflix casts Adam Driver in tense new hostage drama from Adolescence creator; Netflix top 10 TV shows revealed as new hit dominates charts; Netflix unveils Adolescence star's new hostage thriller with Adam Driver; Adam Driver returns to TV in Netflix series with high-stakes hostage situation; November 2025 Anime Streaming Highlights: Crunchyroll, Netflix, Hulu, and More; Stranger Things Season 5 Trailer: Netflix Takes Us Back To Upside Down Where Shadows Crawl And Memories Linger"
2024-10-03,704.260009765625,706.7999877929688,708.8099975585938,700.0,2256400.0,"Netflix Drops the Epic, Nearly 3-Minute Long Trailer for ""Stranger Things"" Season 5; Video: ""Stranger Things 5"" - Official Trailer - Netflix; Famke Janssen On Her Career And New ‘Amsterdam Empire’ Netflix Series; Netflix casts Adam Driver in tense new hostage drama from Adolescence creator; Netflix drops Stranger Things 5 trailer as fans all share same heartbreaking concern; Netflix top 10 TV shows revealed as new hit dominates charts; Netflix unveils Adolescence star's new hostage thriller with Adam Driver; Adam Driver returns to TV in Netflix series with high-stakes hostage situation; November 2025 Anime Streaming Highlights: Crunchyroll, Netflix, Hulu, and More; Stranger Things Season 5 Trailer: Netflix Takes Us Back To Upside Down Where Shadows Crawl And Memories Linger"
2024-10-04,713.3200073242188,719.7000122070312,721.010009765625,708.8200073242188,2229000.0,"Netflix Drops the Epic, Nearly 3-Minute Long Trailer for ""Stranger Things"" Season 5; Video: ""Stranger Things 5"" - Official Trailer - Netflix; Famke Janssen On Her Career And New ‘Amsterdam Empire’ Netflix Series; Netflix casts Adam Driver in tense new hostage drama from Adolescence creator; Netflix drops Stranger Things 5 trailer as fans all share same heartbreaking concern; Netflix top 10 TV shows revealed as new hit dominates charts; Netflix unveils Adolescence star's new hostage thriller with Adam Driver; Adam Driver returns to TV in Netflix series with high-stakes hostage situation; November 2025 Anime Streaming Highlights: Crunchyroll, Netflix, Hulu, and More; Stranger Things Season 5 Trailer: Netflix Takes Us Back To Upside Down Where Shadows Crawl And Memories Linger"
2024-10-07,714.760009765625,701.9199829101562,715.8800048828125,696.4299926757812,3360500.0,"Netflix Drops the Epic, Nearly 3-Minute Long Trailer for ""Stranger Things"" Season 5; Video: ""Stranger Things 5"" - Official Trailer - Netflix; Famke Janssen On Her Career And New ‘Amsterdam Empire’ Netflix Series; Netflix casts Adam Driver in tense new hostage drama from Adolescence creator; Netflix drops Stranger Things 5 trailer as fans all share same heartbreaking concern; Netflix top 10 TV shows revealed as new hit dominates charts; Netflix unveils Adolescence star's new hostage thriller with Adam Driver; Adam Driver returns to TV in Netflix series with high-stakes hostage situation; November 2025 Anime Streaming Highlights: Crunchyroll, Netflix, Hulu, and More; Stranger Things Season 5 Trailer: Netflix Takes Us Back To Upside Down Where Shadows Crawl And Memories Linger"
2024-10-08,703.8800048828125,721.760009765625,725.0599975585938,703.5499877929688,3187400.0,"Netflix Drops the Epic, Nearly 3-Minute Long Trailer for ""Stranger Things"" Season 5; Video: ""Stranger Things 5"" - Official Trailer - Netflix; Famke Janssen On Her Career And New ‘Amsterdam Empire’ Netflix Series; Netflix casts Adam Driver in tense new hostage drama from Adolescence creator; Netflix drops Stranger Things 5 trailer as fans all share same heartbreaking concern; Netflix top 10 TV shows revealed as new hit dominates charts; Netflix unveils Adolescence star's new hostage thriller with Adam Driver; Adam Driver returns to TV in Netflix series with high-stakes hostage situation; November 2025 Anime Streaming Highlights: Crunchyroll, Netflix, Hulu, and More; Stranger Things Season 5 Trailer: Netflix Takes Us Back To Upside Down Where Shadows Crawl And Memories Linger"
2024-10-09,719.25,727.4299926757812,728.5900268554688,718.8699951171875,1981100.0,"Netflix Drops the Epic, Nearly 3-Minute Long Trailer for ""Stranger Things"" Season 5; Video: ""Stranger Things 5"" - Official Trailer - Netflix; Famke Janssen On Her Career And New ‘Amsterdam Empire’ Netflix Series; Netflix casts Adam Driver in tense new hostage drama from Adolescence creator; Netflix drops Stranger Things 5 trailer as fans all share same heartbreaking concern; Netflix top 10 TV shows revealed as new hit dominates charts; Netflix unveils Adolescence star's new hostage thriller with Adam Driver; Adam Driver returns to TV in Netflix series with high-stakes hostage situation; November 2025 Anime Streaming Highlights: Crunchyroll, Netflix, Hulu, and More; Stranger Things Season 5 Trailer: Netflix Takes Us Back To Upside Down Where Shadows Crawl And Memories Linger"
2024-10-10,723.2899780273438,730.2899780273438,733.8499755859375,722.5,2767900.0,"Netflix Drops the Epic, Nearly 3-Minute Long Trailer for ""Stranger Things"" Season 5; Video: ""Stranger Things 5"" - Official Trailer - Netflix; Famke Janssen On Her Career And New ‘Amsterdam Empire’ Netflix Series; Netflix casts Adam Driver in tense new hostage drama from Adolescence creator; Netflix drops Stranger Things 5 trailer as fans all share same heartbreaking concern; Netflix top 10 TV shows revealed as new hit dominates charts; Netflix unveils Adolescence star's new hostage thriller with Adam Driver; Adam Driver returns to TV in Netflix series with high-stakes hostage situation; November 2025 Anime Streaming Highlights: Crunchyroll, Netflix, Hulu, and More; Stranger Things Season 5 Trailer: Netflix Takes Us Back To Upside Down Where Shadows Crawl And Memories Linger"
2024-10-11,734.9000244140625,722.7899780273438,736.0,721.219970703125,2299500.0,"Netflix Drops the Epic, Nearly 3-Minute Long Trailer for ""Stranger Things"" Season 5; Video: ""Stranger Things 5"" - Official Trailer - Netflix; Famke Janssen On Her Career And New ‘Amsterdam Empire’ Netflix Series; Netflix casts Adam Driver in tense new hostage drama from Adolescence creator; Netflix drops Stranger Things 5 trailer as fans all share same heartbreaking concern; Netflix top 10 TV shows revealed as new hit dominates charts; Netflix unveils Adolescence star's new hostage thriller with Adam Driver; Adam Driver returns to TV in Netflix series with high-stakes hostage situation; November 2025 Anime Streaming Highlights: Crunchyroll, Netflix, Hulu, and More; Stranger Things Season 5 Trailer: Netflix Takes Us Back To Upside Down Where Shadows Crawl And Memories Linger"
2024-10-14,725.0,713.0,726.6199951171875,711.3099975585938,2797100.0,"Netflix Drops the Epic, Nearly 3-Minute Long Trailer for ""Stranger Things"" Season 5; Video: ""Stranger Things 5"" - Official Trailer - Netflix; Famke Janssen On Her Career And New ‘Amsterdam Empire’ Netflix Series; Netflix drops Stranger Things 5 trailer as fans all share same heartbreaking concern; Netflix casts Adam Driver in tense new hostage drama from Adolescence creator; Netflix top 10 TV shows revealed as new hit dominates charts; Netflix unveils Adolescence star's new hostage thriller with Adam Driver; Adam Driver returns to TV in Netflix series with high-stakes hostage situation; November 2025 Anime Streaming Highlights: Crunchyroll, Netflix, Hulu, and More; Stranger Things Season 5 Trailer: Netflix Takes Us Back To Upside Down Where Shadows Crawl And Memories Linger"
2024-10-15,712.510009765625,705.97998046875,713.4000244140625,699.780029296875,2932800.0,"Netflix Drops the Epic, Nearly 3-Minute Long Trailer for ""Stranger Things"" Season 5; Video: ""Stranger Things 5"" - Official Trailer - Netflix; Famke Janssen On Her Career And New ‘Amsterdam Empire’ Netflix Series; Netflix casts Adam Driver in tense new hostage drama from Adolescence creator; Netflix drops Stranger Things 5 trailer as fans all share same heartbreaking concern; Netflix top 10 TV shows revealed as new hit dominates charts; Netflix unveils Adolescence star's new hostage thriller with Adam Driver; Adam Driver returns to TV in Netflix series with high-stakes hostage situation; November 2025 Anime Streaming Highlights: Crunchyroll, Netflix, Hulu, and More; Stranger Things Season 5 Trailer: Netflix Takes Us Back To Upside Down Where Shadows Crawl And Memories Linger"
2024-10-16,703.4299926757812,702.0,705.5900268554688,697.8200073242188,2494300.0,"Netflix Drops the Epic, Nearly 3-Minute Long Trailer for ""Stranger Things"" Season 5; Video: ""Stranger Things 5"" - Official Trailer - Netflix; Famke Janssen On Her Career And New ‘Amsterdam Empire’ Netflix Series; Netflix casts Adam Driver in tense new hostage drama from Adolescence creator; Netflix drops Stranger Things 5 trailer as fans all share same heartbreaking concern; Netflix top 10 TV shows revealed as new hit dominates charts; Netflix unveils Adolescence star's new hostage thriller with Adam Driver; Adam Driver returns to TV in Netflix series with high-stakes hostage situation; November 2025 Anime Streaming Highlights: Crunchyroll, Netflix, Hulu, and More; Stranger Things Season 5 Trailer: Netflix Takes Us Back To Upside Down Where Shadows Crawl And Memories Linger"
2024-10-18,737.6400146484375,763.8900146484375,766.280029296875,736.22998046875,15974100.0,"Netflix Drops the Epic, Nearly 3-Minute Long Trailer for ""Stranger Things"" Season 5; Video: ""Stranger Things 5"" - Official Trailer - Netflix; Famke Janssen On Her Career And New ‘Amsterdam Empire’ Netflix Series; Netflix casts Adam Driver in tense new hostage drama from Adolescence creator; Netflix drops Stranger Things 5 trailer as fans all share same heartbreaking concern; Netflix top 10 TV shows revealed as new hit dominates charts; Netflix unveils Adolescence star's new hostage thriller with Adam Driver; Adam Driver returns to TV in Netflix series with high-stakes hostage situation; November 2025 Anime Streaming Highlights: Crunchyroll, Netflix, Hulu, and More; Stranger Things Season 5 Trailer: Netflix Takes Us Back To Upside Down Where Shadows Crawl And Memories Linger"
2024-10-21,765.760009765625,772.0700073242188,773.0,756.5999755859375,6057100.0,"Netflix Drops the Epic, Nearly 3-Minute Long Trailer for ""Stranger Things"" Season 5; Video: ""Stranger Things 5"" - Official Trailer - Netflix; Famke Janssen On Her Career And New ‘Amsterdam Empire’ Netflix Series; Netflix casts Adam Driver in tense new hostage drama from Adolescence creator; Netflix drops Stranger Things 5 trailer as fans all share same heartbreaking concern; Netflix top 10 TV shows revealed as new hit dominates charts; Netflix unveils Adolescence star's new hostage thriller with Adam Driver; Adam Driver returns to TV in Netflix series with high-stakes hostage situation; November 2025 Anime Streaming Highlights: Crunchyroll, Netflix, Hulu, and More; Stranger Things Season 5 Trailer: Netflix Takes Us Back To Upside Down Where Shadows Crawl And Memories Linger"
2024-10-22,765.27001953125,764.239990234375,769.7000122070312,761.1199951171875,2987300.0,"Netflix Drops the Epic, Nearly 3-Minute Long Trailer for ""Stranger Things"" Season 5; Video: ""Stranger Things 5"" - Official Trailer - Netflix; Famke Janssen On Her Career And New ‘Amsterdam Empire’ Netflix Series; Netflix casts Adam Driver in tense new hostage drama from Adolescence creator; Netflix drops Stranger Things 5 trailer as fans all share same heartbreaking concern; Netflix top 10 TV shows revealed as new hit dominates charts; Netflix unveils Adolescence star's new hostage thriller with Adam Driver; Adam Driver returns to TV in Netflix series with high-stakes hostage situation; November 2025 Anime Streaming Highlights: Crunchyroll, Netflix, Hulu, and More; Stranger Things Season 5 Trailer: Netflix Takes Us Back To Upside Down Where Shadows Crawl And Memories Linger"
2024-10-23,762.8300170898438,749.2899780273438,763.7899780273438,744.260009765625,3749000.0,"Netflix Drops the Epic, Nearly 3-Minute Long Trailer for ""Stranger Things"" Season 5; Video: ""Stranger Things 5"" - Official Trailer - Netflix; Famke Janssen On Her Career And New ‘Amsterdam Empire’ Netflix Series; Netflix drops Stranger Things 5 trailer as fans all share same heartbreaking concern; Netflix casts Adam Driver in tense new hostage drama from Adolescence creator; Netflix top 10 TV shows revealed as new hit dominates charts; Netflix unveils Adolescence star's new hostage thriller with Adam Driver; Adam Driver returns to TV in Netflix series with high-stakes hostage situation; November 2025 Anime Streaming Highlights: Crunchyroll, Netflix, Hulu, and More; Stranger Things Season 5 Trailer: Netflix Takes Us Back To Upside Down Where Shadows Crawl And Memories Linger"
2024-10-24,751.969970703125,754.5499877929688,755.8200073242188,746.25,2643000.0,"Netflix Drops the Epic, Nearly 3-Minute Long Trailer for ""Stranger Things"" Season 5; Former Netflix UK head of original film Teresa Moneo joins ‘Ballad Of A Small Player’ producer Good Chaos; Video: ""Stranger Things 5"" - Official Trailer - Netflix; Famke Janssen On Her Career And New ‘Amsterdam Empire’ Netflix Series; Netflix casts Adam Driver in tense new hostage drama from Adolescence creator; Netflix drops Stranger Things 5 trailer as fans all share same heartbreaking concern; Netflix top 10 TV shows revealed as new hit dominates charts; Netflix unveils Adolescence star's new hostage thriller with Adam Driver; I couldn’t believe the huge cameo in The Witcher season 4 episode 6, and it’s one of the creators' ‘favorite moments’; Adam Driver returns to TV in Netflix series with high-stakes hostage situation"
2024-10-25,756.1699829101562,754.6799926757812,768.5,753.530029296875,2819500.0,"Netflix Drops the Epic, Nearly 3-Minute Long Trailer for ""Stranger Things"" Season 5; Video: ""Stranger Things 5"" - Official Trailer - Netflix; Famke Janssen On Her Career And New ‘Amsterdam Empire’ Netflix Series; Netflix casts Adam Driver in tense new hostage drama from Adolescence creator; Netflix drops Stranger Things 5 trailer as fans all share same heartbreaking concern; Netflix top 10 TV shows revealed as new hit dominates charts; Netflix unveils Adolescence star's new hostage thriller with Adam Driver; Adam Driver returns to TV in Netflix series with high-stakes hostage situation; November 2025 Anime Streaming Highlights: Crunchyroll, Netflix, Hulu, and More; Stranger Things Season 5 Trailer: Netflix Takes Us Back To Upside Down Where Shadows Crawl And Memories Linger"
2024-10-28,758.6799926757812,749.1199951171875,758.6799926757812,747.8800048828125,2862400.0,"Netflix Drops the Epic, Nearly 3-Minute Long Trailer for ""Stranger Things"" Season 5; Video: ""Stranger Things 5"" - Official Trailer - Netflix; Famke Janssen On Her Career And New ‘Amsterdam Empire’ Netflix Series; Netflix casts Adam Driver in tense new hostage drama from Adolescence creator; Netflix drops Stranger Things 5 trailer as fans all share same heartbreaking concern; Netflix top 10 TV shows revealed as new hit dominates charts; Netflix unveils Adolescence star's new hostage thriller with Adam Driver; Adam Driver returns to TV in Netflix series with high-stakes hostage situation; November 2025 Anime Streaming Highlights: Crunchyroll, Netflix, Hulu, and More; Stranger Things Season 5 Trailer: Netflix Takes Us Back To Upside Down Where Shadows Crawl And Memories Linger"
2024-10-29,751.1300048828125,759.4400024414062,763.8800048828125,748.010009765625,3660400.0,"Netflix Drops the Epic, Nearly 3-Minute Long Trailer for ""Stranger Things"" Season 5; Video: ""Stranger Things 5"" - Official Trailer - Netflix; Famke Janssen On Her Career And New ‘Amsterdam Empire’ Netflix Series; Netflix casts Adam Driver in tense new hostage drama from Adolescence creator; Netflix drops Stranger Things 5 trailer as fans all share same heartbreaking concern; Netflix top 10 TV shows revealed as new hit dominates charts; Netflix unveils Adolescence star's new hostage thriller with Adam Driver; Adam Driver returns to TV in Netflix series with high-stakes hostage situation; November 2025 Anime Streaming Highlights: Crunchyroll, Netflix, Hulu, and More; Stranger Things Season 5 Trailer: Netflix Takes Us Back To Upside Down Where Shadows Crawl And Memories Linger"
2024-10-30,758.0800170898438,753.739990234375,759.7899780273438,752.280029296875,1722000.0,"Netflix Drops the Epic, Nearly 3-Minute Long Trailer for ""Stranger Things"" Season 5; Former Netflix UK head of original film Teresa Moneo joins ‘Ballad Of A Small Player’ producer Good Chaos; Video: ""Stranger Things 5"" - Official Trailer - Netflix; Famke Janssen On Her Career And New ‘Amsterdam Empire’ Netflix Series; Netflix casts Adam Driver in tense new hostage drama from Adolescence creator; Netflix drops Stranger Things 5 trailer as fans all share same heartbreaking concern; Netflix top 10 TV shows revealed as new hit dominates charts; Netflix unveils Adolescence star's new hostage thriller with Adam Driver; I couldn’t believe the huge cameo in The Witcher season 4 episode 6, and it’s one of the creators' ‘favorite moments’; Adam Driver returns to TV in Netflix series with high-stakes hostage situation"
2024-10-31,753.9299926757812,756.030029296875,760.7899780273438,752.22998046875,3057700.0,"Netflix Drops the Epic, Nearly 3-Minute Long Trailer for ""Stranger Things"" Season 5; Former Netflix UK head of original film Teresa Moneo joins ‘Ballad Of A Small Player’ producer Good Chaos; Video: ""Stranger Things 5"" - Official Trailer - Netflix; Famke Janssen On Her Career And New ‘Amsterdam Empire’ Netflix Series; Netflix casts Adam Driver in tense new hostage drama from Adolescence creator; Netflix drops Stranger Things 5 trailer as fans all share same heartbreaking concern; Netflix top 10 TV shows revealed as new hit dominates charts; Netflix unveils Adolescence star's new hostage thriller with Adam Driver; I couldn’t believe the huge cameo in The Witcher season 4 episode 6, and it’s one of the creators' ‘favorite moments’; Adam Driver returns to TV in Netflix series with high-stakes hostage situation"
2024-11-01,753.47998046875,756.0999755859375,763.7999877929688,747.77001953125,2996800.0,"Netflix Drops the Epic, Nearly 3-Minute Long Trailer for ""Stranger Things"" Season 5; Former Netflix UK head of original film Teresa Moneo joins ‘Ballad Of A Small Player’ producer Good Chaos; Video: ""Stranger Things 5"" - Official Trailer - Netflix; Famke Janssen On Her Career And New ‘Amsterdam Empire’ Netflix Series; Netflix casts Adam Driver in tense new hostage drama from Adolescence creator; Netflix drops Stranger Things 5 trailer as fans all share same heartbreaking concern; Netflix top 10 TV shows revealed as new hit dominates charts; Netflix unveils Adolescence star's new hostage thriller with Adam Driver; I couldn’t believe the huge cameo in The Witcher season 4 episode 6, and it’s one of the creators' ‘favorite moments’; Adam Driver returns to TV in Netflix series with high-stakes hostage situation"
2024-11-04,753.1400146484375,755.510009765625,762.47998046875,749.6900024414062,1902200.0,"Netflix Drops the Epic, Nearly 3-Minute Long Trailer for ""Stranger Things"" Season 5; Former Netflix UK head of original film Teresa Moneo joins ‘Ballad Of A Small Player’ producer Good Chaos; Video: ""Stranger Things 5"" - Official Trailer - Netflix; Famke Janssen On Her Career And New ‘Amsterdam Empire’ Netflix Series; Netflix casts Adam Driver in tense new hostage drama from Adolescence creator; Netflix drops Stranger Things 5 trailer as fans all share same heartbreaking concern; Netflix top 10 TV shows revealed as new hit dominates charts; Netflix unveils Adolescence star's new hostage thriller with Adam Driver; I couldn’t believe the huge cameo in The Witcher season 4 episode 6, and it’s one of the creators' ‘favorite moments’; Adam Driver returns to TV in Netflix series with high-stakes hostage situation"
2024-11-05,757.3499755859375,763.9099731445312,767.530029296875,756.27001953125,2200600.0,"Netflix Drops the Epic, Nearly 3-Minute Long Trailer for ""Stranger Things"" Season 5; Former Netflix UK head of original film Teresa Moneo joins ‘Ballad Of A Small Player’ producer Good Chaos; Video: ""Stranger Things 5"" - Official Trailer - Netflix; Famke Janssen On Her Career And New ‘Amsterdam Empire’ Netflix Series; Netflix casts Adam Driver in tense new hostage drama from Adolescence creator; Netflix drops Stranger Things 5 trailer as fans all share same heartbreaking concern; Netflix top 10 TV shows revealed as new hit dominates charts; Netflix unveils Adolescence star's new hostage thriller with Adam Driver; Adam Driver returns to TV in Netflix series with high-stakes hostage situation; I couldn’t believe the huge cameo in The Witcher season 4 episode 6, and it’s one of the creators' ‘favorite moments’"
2024-11-06,771.5,780.2100219726562,781.489990234375,757.3800048828125,3690800.0,"Netflix Drops the Epic, Nearly 3-Minute Long Trailer for ""Stranger Things"" Season 5; Former Netflix UK head of original film Teresa Moneo joins ‘Ballad Of A Small Player’ producer Good Chaos; Video: ""Stranger Things 5"" - Official Trailer - Netflix; Famke Janssen On Her Career And New ‘Amsterdam Empire’ Netflix Series; Netflix casts Adam Driver in tense new hostage drama from Adolescence creator; Netflix drops Stranger Things 5 trailer as fans all share same heartbreaking concern; Netflix top 10 TV shows revealed as new hit dominates charts; Netflix unveils Adolescence star's new hostage thriller with Adam Driver; I couldn’t believe the huge cameo in The Witcher season 4 episode 6, and it’s one of the creators' ‘favorite moments’; Adam Driver returns to TV in Netflix series with high-stakes hostage situation"
2024-11-07,781.3699951171875,796.5399780273438,798.219970703125,779.9400024414062,3295100.0,"Netflix Drops the Epic, Nearly 3-Minute Long Trailer for ""Stranger Things"" Season 5; Former Netflix UK head of original film Teresa Moneo joins ‘Ballad Of A Small Player’ producer Good Chaos; Video: ""Stranger Things 5"" - Official Trailer - Netflix; Famke Janssen On Her Career And New ‘Amsterdam Empire’ Netflix Series; Netflix casts Adam Driver in tense new hostage drama from Adolescence creator; Netflix drops Stranger Things 5 trailer as fans all share same heartbreaking concern; Netflix top 10 TV shows revealed as new hit dominates charts; Netflix unveils Adolescence star's new hostage thriller with Adam Driver; Adam Driver returns to TV in Netflix series with high-stakes hostage situation; I couldn’t believe the huge cameo in The Witcher season 4 episode 6, and it’s one of the creators' ‘favorite moments’"
2024-11-08,797.3599853515625,795.0399780273438,799.0599975585938,788.6500244140625,1910600.0,"Netflix Drops the Epic, Nearly 3-Minute Long Trailer for ""Stranger Things"" Season 5; Former Netflix UK head of original film Teresa Moneo joins ‘Ballad Of A Small Player’ producer Good Chaos; Video: ""Stranger Things 5"" - Official Trailer - Netflix; Famke Janssen On Her Career And New ‘Amsterdam Empire’ Netflix Series; Netflix casts Adam Driver in tense new hostage drama from Adolescence creator; Netflix drops Stranger Things 5 trailer as fans all share same heartbreaking concern; Netflix top 10 TV shows revealed as new hit dominates charts; Netflix unveils Adolescence star's new hostage thriller with Adam Driver; I couldn’t believe the huge cameo in The Witcher season 4 episode 6, and it’s one of the creators' ‘favorite moments’; Adam Driver returns to TV in Netflix series with high-stakes hostage situation"
2024-11-11,795.9000244140625,805.4400024414062,806.8200073242188,795.5700073242188,2399200.0,"Netflix Drops the Epic, Nearly 3-Minute Long Trailer for ""Stranger Things"" Season 5; Former Netflix UK head of original film Teresa Moneo joins ‘Ballad Of A Small Player’ producer Good Chaos; Video: ""Stranger Things 5"" - Official Trailer - Netflix; Famke Janssen On Her Career And New ‘Amsterdam Empire’ Netflix Series; Netflix casts Adam Driver in tense new hostage drama from Adolescence creator; Netflix drops Stranger Things 5 trailer as fans all share same heartbreaking concern; Netflix top 10 TV shows revealed as new hit dominates charts; Netflix unveils Adolescence star's new hostage thriller with Adam Driver; Adam Driver returns to TV in Netflix series with high-stakes hostage situation; I couldn’t believe the huge cameo in The Witcher season 4 episode 6, and it’s one of the creators' ‘favorite moments’"
2024-11-12,807.5,819.5,820.3699951171875,803.75,2814100.0,"Netflix Drops the Epic, Nearly 3-Minute Long Trailer for ""Stranger Things"" Season 5; Former Netflix UK head of original film Teresa Moneo joins ‘Ballad Of A Small Player’ producer Good Chaos; Video: ""Stranger Things 5"" - Official Trailer - Netflix; Famke Janssen On Her Career And New ‘Amsterdam Empire’ Netflix Series; Netflix casts Adam Driver in tense new hostage drama from Adolescence creator; Netflix drops Stranger Things 5 trailer as fans all share same heartbreaking concern; Netflix top 10 TV shows revealed as new hit dominates charts; Netflix unveils Adolescence star's new hostage thriller with Adam Driver; I couldn’t believe the huge cameo in The Witcher season 4 episode 6, and it’s one of the creators' ‘favorite moments’; Adam Driver returns to TV in Netflix series with high-stakes hostage situation"
2024-11-13,822.6199951171875,830.469970703125,836.989990234375,820.5399780273438,2767800.0,"Netflix Drops the Epic, Nearly 3-Minute Long Trailer for ""Stranger Things"" Season 5; Former Netflix UK head of original film Teresa Moneo joins ‘Ballad Of A Small Player’ producer Good Chaos; Video: ""Stranger Things 5"" - Official Trailer - Netflix; Famke Janssen On Her Career And New ‘Amsterdam Empire’ Netflix Series; Netflix casts Adam Driver in tense new hostage drama from Adolescence creator; Netflix drops Stranger Things 5 trailer as fans all share same heartbreaking concern; Netflix top 10 TV shows revealed as new hit dominates charts; Netflix unveils Adolescence star's new hostage thriller with Adam Driver; I couldn’t believe the huge cameo in The Witcher season 4 episode 6, and it’s one of the creators' ‘favorite moments’; Adam Driver returns to TV in Netflix series with high-stakes hostage situation"
2024-11-14,833.6699829101562,837.260009765625,841.0,830.02001953125,3038200.0,"Netflix Drops the Epic, Nearly 3-Minute Long Trailer for ""Stranger Things"" Season 5; Former Netflix UK head of original film Teresa Moneo joins ‘Ballad Of A Small Player’ producer Good Chaos; Video: ""Stranger Things 5"" - Official Trailer - Netflix; Famke Janssen On Her Career And New ‘Amsterdam Empire’ Netflix Series; Netflix casts Adam Driver in tense new hostage drama from Adolescence creator; Netflix drops Stranger Things 5 trailer as fans all share same heartbreaking concern; Netflix top 10 TV shows revealed as new hit dominates charts; Netflix unveils Adolescence star's new hostage thriller with Adam Driver; I couldn’t believe the huge cameo in The Witcher season 4 episode 6, and it’s one of the creators' ‘favorite moments’; Adam Driver returns to TV in Netflix series with high-stakes hostage situation"
2024-11-15,832.0399780273438,823.9600219726562,832.0399780273438,816.489990234375,3673700.0,"Netflix Drops the Epic, Nearly 3-Minute Long Trailer for ""Stranger Things"" Season 5; Former Netflix UK head of original film Teresa Moneo joins ‘Ballad Of A Small Player’ producer Good Chaos; Video: ""Stranger Things 5"" - Official Trailer - Netflix; Famke Janssen On Her Career And New ‘Amsterdam Empire’ Netflix Series; Netflix casts Adam Driver in tense new hostage drama from Adolescence creator; Netflix drops Stranger Things 5 trailer as fans all share same heartbreaking concern; Netflix top 10 TV shows revealed as new hit dominates charts; Netflix unveils Adolescence star's new hostage thriller with Adam Driver; I couldn’t believe the huge cameo in The Witcher season 4 episode 6, and it’s one of the creators' ‘favorite moments’; Adam Driver returns to TV in Netflix series with high-stakes hostage situation"
2024-11-18,815.5,847.0499877929688,848.4500122070312,809.3300170898438,4081200.0,"Netflix Drops the Epic, Nearly 3-Minute Long Trailer for ""Stranger Things"" Season 5; Former Netflix UK head of original film Teresa Moneo joins ‘Ballad Of A Small Player’ producer Good Chaos; Video: ""Stranger Things 5"" - Official Trailer - Netflix; Famke Janssen On Her Career And New ‘Amsterdam Empire’ Netflix Series; Netflix casts Adam Driver in tense new hostage drama from Adolescence creator; Netflix drops Stranger Things 5 trailer as fans all share same heartbreaking concern; Netflix top 10 TV shows revealed as new hit dominates charts; Netflix unveils Adolescence star's new hostage thriller with Adam Driver; I couldn’t believe the huge cameo in The Witcher season 4 episode 6, and it’s one of the creators' ‘favorite moments’; Adam Driver returns to TV in Netflix series with high-stakes hostage situation"
2024-11-19,839.75,871.3200073242188,874.489990234375,839.1599731445312,3814200.0,"Netflix Drops the Epic, Nearly 3-Minute Long Trailer for ""Stranger Things"" Season 5; Former Netflix UK head of original film Teresa Moneo joins ‘Ballad Of A Small Player’ producer Good Chaos; Video: ""Stranger Things 5"" - Official Trailer - Netflix; Famke Janssen On Her Career And New ‘Amsterdam Empire’ Netflix Series; Netflix casts Adam Driver in tense new hostage drama from Adolescence creator; Netflix drops Stranger Things 5 trailer as fans all share same heartbreaking concern; Netflix top 10 TV shows revealed as new hit dominates charts; Netflix unveils Adolescence star's new hostage thriller with Adam Driver; Adam Driver returns to TV in Netflix series with high-stakes hostage situation; I couldn’t believe the huge cameo in The Witcher season 4 episode 6, and it’s one of the creators' ‘favorite moments’"
2024-11-20,879.97998046875,883.8499755859375,890.5999755859375,868.4000244140625,4093800.0,"Netflix Drops the Epic, Nearly 3-Minute Long Trailer for ""Stranger Things"" Season 5; Former Netflix UK head of original film Teresa Moneo joins ‘Ballad Of A Small Player’ producer Good Chaos; Video: ""Stranger Things 5"" - Official Trailer - Netflix; Famke Janssen On Her Career And New ‘Amsterdam Empire’ Netflix Series; Netflix casts Adam Driver in tense new hostage drama from Adolescence creator; Netflix drops Stranger Things 5 trailer as fans all share same heartbreaking concern; Netflix top 10 TV shows revealed as new hit dominates charts; Netflix unveils Adolescence star's new hostage thriller with Adam Driver; I couldn’t believe the huge cameo in The Witcher season 4 episode 6, and it’s one of the creators' ‘favorite moments’; Adam Driver returns to TV in Netflix series with high-stakes hostage situation; Netflix exploring Warner Bros Discovery studio and HBO assets for potential deal; Netflix Announces 10-for-1 Stock Split to Democratize Share Ownership; Pentagon gets defensive about new Netflix movie; Netflix to launch real-time voting, new kids’ profiles and interactive homepage features: Full details; Netflix taps Moelis & Co to explore bid for Warner Bros Discovery - report (NFLX:NASDAQ); Netflix’s ‘Monster’ anthology series is a major misstep for true crime; Joey Bada$$ to star opposite Taraji P. Henson in Netflix film ”Tis So Sweet’; Manny Pacquiao leads Philippine team in Netflix’s 'Physical: Asia'; From 'Shrek' to 'Jurassic Park,' the 7 Best Movies Leaving Netflix in November; Netflix drops a doozy of a trailer for Stranger Things S5"
2024-11-21,883.9299926757812,897.47998046875,908.0,877.239990234375,4511300.0,"Netflix exploring Warner Bros Discovery studio and HBO assets for potential deal; Netflix Announces 10-for-1 Stock Split to Democratize Share Ownership; Pentagon gets defensive about new Netflix movie; Netflix to launch real-time voting, new kids’ profiles and interactive homepage features: Full details; Netflix taps Moelis & Co to explore bid for Warner Bros Discovery - report (NFLX:NASDAQ); Netflix’s ‘Monster’ anthology series is a major misstep for true crime; Joey Bada$$ to star opposite Taraji P. Henson in Netflix film ”Tis So Sweet’; Manny Pacquiao leads Philippine team in Netflix’s 'Physical: Asia'; From 'Shrek' to 'Jurassic Park,' the 7 Best Movies Leaving Netflix in November; Netflix drops a doozy of a trailer for Stranger Things S5"
2024-11-22,896.0,897.7899780273438,906.0,893.0,3214000.0,"Netflix exploring Warner Bros Discovery studio and HBO assets for potential deal; Netflix Announces 10-for-1 Stock Split to Democratize Share Ownership; Pentagon gets defensive about new Netflix movie; Netflix to launch real-time voting, new kids’ profiles and interactive homepage features: Full details; Netflix taps Moelis & Co to explore bid for Warner Bros Discovery - report (NFLX:NASDAQ); Netflix’s ‘Monster’ anthology series is a major misstep for true crime; Joey Bada$$ to star opposite Taraji P. Henson in Netflix film ”Tis So Sweet’; Manny Pacquiao leads Philippine team in Netflix’s 'Physical: Asia'; From 'Shrek' to 'Jurassic Park,' the 7 Best Movies Leaving Netflix in November; Netflix drops a doozy of a trailer for Stranger Things S5"
2024-11-25,902.0499877929688,865.5900268554688,902.0499877929688,864.219970703125,6014200.0,"Netflix exploring Warner Bros Discovery studio and HBO assets for potential deal; Netflix Announces 10-for-1 Stock Split to Democratize Share Ownership; Pentagon gets defensive about new Netflix movie; Netflix to launch real-time voting, new kids’ profiles and interactive homepage features: Full details; Netflix taps Moelis & Co to explore bid for Warner Bros Discovery - report (NFLX:NASDAQ); Netflix’s ‘Monster’ anthology series is a major misstep for true crime; Joey Bada$$ to star opposite Taraji P. Henson in Netflix film ”Tis So Sweet’; Manny Pacquiao leads Philippine team in Netflix’s 'Physical: Asia'; From 'Shrek' to 'Jurassic Park,' the 7 Best Movies Leaving Netflix in November; Netflix drops a doozy of a trailer for Stranger Things S5"
2024-11-26,867.489990234375,872.5999755859375,886.3599853515625,867.25,3138300.0,"Netflix exploring Warner Bros Discovery studio and HBO assets for potential deal; Netflix Announces 10-for-1 Stock Split to Democratize Share Ownership; Pentagon gets defensive about new Netflix movie; Netflix to launch real-time voting, new kids’ profiles and interactive homepage features: Full details; Netflix taps Moelis & Co to explore bid for Warner Bros Discovery - report (NFLX:NASDAQ); Netflix’s ‘Monster’ anthology series is a major misstep for true crime; Joey Bada$$ to star opposite Taraji P. Henson in Netflix film ”Tis So Sweet’; Manny Pacquiao leads Philippine team in Netflix’s 'Physical: Asia'; From 'Shrek' to 'Jurassic Park,' the 7 Best Movies Leaving Netflix in November; Netflix drops a doozy of a trailer for Stranger Things S5"
2024-11-27,872.0599975585938,877.3400268554688,880.9500122070312,858.9099731445312,2578200.0,"Netflix exploring Warner Bros Discovery studio and HBO assets for potential deal; Netflix Announces 10-for-1 Stock Split to Democratize Share Ownership; Pentagon gets defensive about new Netflix movie; Netflix to launch real-time voting, new kids’ profiles and interactive homepage features: Full details; Netflix taps Moelis & Co to explore bid for Warner Bros Discovery - report (NFLX:NASDAQ); Netflix’s ‘Monster’ anthology series is a major misstep for true crime; Joey Bada$$ to star opposite Taraji P. Henson in Netflix film ”Tis So Sweet’; Manny Pacquiao leads Philippine team in Netflix’s 'Physical: Asia'; From 'Shrek' to 'Jurassic Park,' the 7 Best Movies Leaving Netflix in November; Netflix drops a doozy of a trailer for Stranger Things S5"
2024-11-29,882.1699829101562,886.8099975585938,892.4099731445312,876.6799926757812,2027200.0,"Netflix exploring Warner Bros Discovery studio and HBO assets for potential deal; Netflix Announces 10-for-1 Stock Split to Democratize Share Ownership; Pentagon gets defensive about new Netflix movie; Netflix to launch real-time voting, new kids’ profiles and interactive homepage features: Full details; Netflix taps Moelis & Co to explore bid for Warner Bros Discovery - report (NFLX:NASDAQ); Netflix’s ‘Monster’ anthology series is a major misstep for true crime; Joey Bada$$ to star opposite Taraji P. Henson in Netflix film ”Tis So Sweet’; Manny Pacquiao leads Philippine team in Netflix’s 'Physical: Asia'; From 'Shrek' to 'Jurassic Park,' the 7 Best Movies Leaving Netflix in November; Netflix drops a doozy of a trailer for Stranger Things S5"
2024-12-02,887.510009765625,897.739990234375,902.3400268554688,884.1199951171875,2389000.0,"Netflix exploring Warner Bros Discovery studio and HBO assets for potential deal; Netflix Announces 10-for-1 Stock Split to Democratize Share Ownership; Pentagon gets defensive about new Netflix movie; Netflix to launch real-time voting, new kids’ profiles and interactive homepage features: Full details; Netflix taps Moelis & Co to explore bid for Warner Bros Discovery - report (NFLX:NASDAQ); Netflix’s ‘Monster’ anthology series is a major misstep for true crime; Joey Bada$$ to star opposite Taraji P. Henson in Netflix film ”Tis So Sweet’; Manny Pacquiao leads Philippine team in Netflix’s 'Physical: Asia'; From 'Shrek' to 'Jurassic Park,' the 7 Best Movies Leaving Netflix in November; Netflix drops a doozy of a trailer for Stranger Things S5"
2024-12-03,894.3599853515625,902.1699829101562,902.6900024414062,888.030029296875,2401600.0,"Netflix exploring Warner Bros Discovery studio and HBO assets for potential deal; Netflix Announces 10-for-1 Stock Split to Democratize Share Ownership; Pentagon gets defensive about new Netflix movie; Netflix to launch real-time voting, new kids’ profiles and interactive homepage features: Full details; Netflix taps Moelis & Co to explore bid for Warner Bros Discovery - report (NFLX:NASDAQ); Netflix’s ‘Monster’ anthology series is a major misstep for true crime; Joey Bada$$ to star opposite Taraji P. Henson in Netflix film ”Tis So Sweet’; Manny Pacquiao leads Philippine team in Netflix’s 'Physical: Asia'; From 'Shrek' to 'Jurassic Park,' the 7 Best Movies Leaving Netflix in November; Netflix drops a doozy of a trailer for Stranger Things S5"
2024-12-04,898.0499877929688,911.0599975585938,915.969970703125,898.0499877929688,2689600.0,"Netflix exploring Warner Bros Discovery studio and HBO assets for potential deal; Netflix Announces 10-for-1 Stock Split to Democratize Share Ownership; Pentagon gets defensive about new Netflix movie; Netflix to launch real-time voting, new kids’ profiles and interactive homepage features: Full details; Netflix taps Moelis & Co to explore bid for Warner Bros Discovery - report (NFLX:NASDAQ); Netflix’s ‘Monster’ anthology series is a major misstep for true crime; Joey Bada$$ to star opposite Taraji P. Henson in Netflix film ”Tis So Sweet’; Manny Pacquiao leads Philippine team in Netflix’s 'Physical: Asia'; From 'Shrek' to 'Jurassic Park,' the 7 Best Movies Leaving Netflix in November; Netflix drops a doozy of a trailer for Stranger Things S5"
2024-12-05,917.8499755859377,917.8699951171877,927.0,911.1099853515623,2835300.0,"Netflix exploring Warner Bros Discovery studio and HBO assets for potential deal; Netflix Announces 10-for-1 Stock Split to Democratize Share Ownership; Pentagon gets defensive about new Netflix movie; Netflix to launch real-time voting, new kids’ profiles and interactive homepage features: Full details; Netflix taps Moelis & Co to explore bid for Warner Bros Discovery - report (NFLX:NASDAQ); Netflix’s ‘Monster’ anthology series is a major misstep for true crime; Joey Bada$$ to star opposite Taraji P. Henson in Netflix film ”Tis So Sweet’; Manny Pacquiao leads Philippine team in Netflix’s 'Physical: Asia'; From 'Shrek' to 'Jurassic Park,' the 7 Best Movies Leaving Netflix in November; Netflix drops a doozy of a trailer for Stranger Things S5"
2024-12-06,915.22998046875,934.739990234375,935.27001953125,912.7100219726562,2955400.0,"Netflix exploring Warner Bros Discovery studio and HBO assets for potential deal; Netflix Announces 10-for-1 Stock Split to Democratize Share Ownership; Pentagon gets defensive about new Netflix movie; Netflix to launch real-time voting, new kids’ profiles and interactive homepage features: Full details; Netflix taps Moelis & Co to explore bid for Warner Bros Discovery - report (NFLX:NASDAQ); Netflix’s ‘Monster’ anthology series is a major misstep for true crime; Joey Bada$$ to star opposite Taraji P. Henson in Netflix film ”Tis So Sweet’; Manny Pacquiao leads Philippine team in Netflix’s 'Physical: Asia'; From 'Shrek' to 'Jurassic Park,' the 7 Best Movies Leaving Netflix in November; Netflix drops a doozy of a trailer for Stranger Things S5"
2024-12-09,928.0,913.6900024414062,930.2999877929688,902.5900268554688,3350100.0,"Netflix exploring Warner Bros Discovery studio and HBO assets for potential deal; Netflix Announces 10-for-1 Stock Split to Democratize Share Ownership; Pentagon gets defensive about new Netflix movie; Netflix to launch real-time voting, new kids’ profiles and interactive homepage features: Full details; Netflix taps Moelis & Co to explore bid for Warner Bros Discovery - report (NFLX:NASDAQ); Netflix’s ‘Monster’ anthology series is a major misstep for true crime; Joey Bada$$ to star opposite Taraji P. Henson in Netflix film ”Tis So Sweet’; Manny Pacquiao leads Philippine team in Netflix’s 'Physical: Asia'; From 'Shrek' to 'Jurassic Park,' the 7 Best Movies Leaving Netflix in November; Netflix drops a doozy of a trailer for Stranger Things S5"
2024-12-10,913.760009765625,913.3499755859377,922.8800048828123,909.5800170898438,2388600.0,"Netflix exploring Warner Bros Discovery studio and HBO assets for potential deal; Netflix Announces 10-for-1 Stock Split to Democratize Share Ownership; Pentagon gets defensive about new Netflix movie; Netflix to launch real-time voting, new kids’ profiles and interactive homepage features: Full details; Netflix taps Moelis & Co to explore bid for Warner Bros Discovery - report (NFLX:NASDAQ); Netflix’s ‘Monster’ anthology series is a major misstep for true crime; Joey Bada$$ to star opposite Taraji P. Henson in Netflix film ”Tis So Sweet’; Manny Pacquiao leads Philippine team in Netflix’s 'Physical: Asia'; From 'Shrek' to 'Jurassic Park,' the 7 Best Movies Leaving Netflix in November; Netflix drops a doozy of a trailer for Stranger Things S5"
2024-12-11,924.7100219726562,936.5599975585938,941.75,923.0800170898438,3501700.0,"Netflix exploring Warner Bros Discovery studio and HBO assets for potential deal; Netflix Announces 10-for-1 Stock Split to Democratize Share Ownership; Pentagon gets defensive about new Netflix movie; Netflix to launch real-time voting, new kids’ profiles and interactive homepage features: Full details; Netflix taps Moelis & Co to explore bid for Warner Bros Discovery - report (NFLX:NASDAQ); Netflix’s ‘Monster’ anthology series is a major misstep for true crime; Joey Bada$$ to star opposite Taraji P. Henson in Netflix film ”Tis So Sweet’; Manny Pacquiao leads Philippine team in Netflix’s 'Physical: Asia'; From 'Shrek' to 'Jurassic Park,' the 7 Best Movies Leaving Netflix in November; Netflix drops a doozy of a trailer for Stranger Things S5"
2024-12-12,933.3499755859377,925.5499877929688,934.0900268554688,922.5999755859377,2486200.0,"Netflix exploring Warner Bros Discovery studio and HBO assets for potential deal; Netflix Announces 10-for-1 Stock Split to Democratize Share Ownership; Pentagon gets defensive about new Netflix movie; Netflix to launch real-time voting, new kids’ profiles and interactive homepage features: Full details; Netflix taps Moelis & Co to explore bid for Warner Bros Discovery - report (NFLX:NASDAQ); Netflix’s ‘Monster’ anthology series is a major misstep for true crime; Joey Bada$$ to star opposite Taraji P. Henson in Netflix film ”Tis So Sweet’; Manny Pacquiao leads Philippine team in Netflix’s 'Physical: Asia'; From 'Shrek' to 'Jurassic Park,' the 7 Best Movies Leaving Netflix in November; Netflix drops a doozy of a trailer for Stranger Things S5"
2024-12-13,916.8099975585938,918.8699951171877,925.5499877929688,909.6099853515623,2485800.0,"Netflix exploring Warner Bros Discovery studio and HBO assets for potential deal; Netflix Announces 10-for-1 Stock Split to Democratize Share Ownership; Pentagon gets defensive about new Netflix movie; Netflix to launch real-time voting, new kids’ profiles and interactive homepage features: Full details; Netflix taps Moelis & Co to explore bid for Warner Bros Discovery - report (NFLX:NASDAQ); Netflix’s ‘Monster’ anthology series is a major misstep for true crime; Joey Bada$$ to star opposite Taraji P. Henson in Netflix film ”Tis So Sweet’; Manny Pacquiao leads Philippine team in Netflix’s 'Physical: Asia'; From 'Shrek' to 'Jurassic Park,' the 7 Best Movies Leaving Netflix in November; Netflix drops a doozy of a trailer for Stranger Things S5"
2024-12-16,923.9400024414062,921.0800170898438,928.9400024414062,919.5,2674900.0,"Netflix exploring Warner Bros Discovery studio and HBO assets for potential deal; Netflix Announces 10-for-1 Stock Split to Democratize Share Ownership; Pentagon gets defensive about new Netflix movie; Netflix to launch real-time voting, new kids’ profiles and interactive homepage features: Full details; Netflix taps Moelis & Co to explore bid for Warner Bros Discovery - report (NFLX:NASDAQ); Netflix’s ‘Monster’ anthology series is a major misstep for true crime; Joey Bada$$ to star opposite Taraji P. Henson in Netflix film ”Tis So Sweet’; Manny Pacquiao leads Philippine team in Netflix’s 'Physical: Asia'; From 'Shrek' to 'Jurassic Park,' the 7 Best Movies Leaving Netflix in November; Netflix drops a doozy of a trailer for Stranger Things S5"
2024-12-17,921.5399780273438,919.1300048828123,928.4500122070312,916.4199829101562,2459500.0,"Netflix exploring Warner Bros Discovery studio and HBO assets for potential deal; Netflix Announces 10-for-1 Stock Split to Democratize Share Ownership; Pentagon gets defensive about new Netflix movie; Netflix to launch real-time voting, new kids’ profiles and interactive homepage features: Full details; Netflix taps Moelis & Co to explore bid for Warner Bros Discovery - report (NFLX:NASDAQ); Netflix’s ‘Monster’ anthology series is a major misstep for true crime; Joey Bada$$ to star opposite Taraji P. Henson in Netflix film ”Tis So Sweet’; Manny Pacquiao leads Philippine team in Netflix’s 'Physical: Asia'; From 'Shrek' to 'Jurassic Park,' the 7 Best Movies Leaving Netflix in November; Netflix drops a doozy of a trailer for Stranger Things S5"
2024-12-18,919.1300048828123,889.5499877929688,922.4400024414062,886.5599975585938,2938200.0,"Netflix exploring Warner Bros Discovery studio and HBO assets for potential deal; Netflix Announces 10-for-1 Stock Split to Democratize Share Ownership; Pentagon gets defensive about new Netflix movie; Netflix to launch real-time voting, new kids’ profiles and interactive homepage features: Full details; Netflix taps Moelis & Co to explore bid for Warner Bros Discovery - report (NFLX:NASDAQ); Netflix’s ‘Monster’ anthology series is a major misstep for true crime; Joey Bada$$ to star opposite Taraji P. Henson in Netflix film ”Tis So Sweet’; Manny Pacquiao leads Philippine team in Netflix’s 'Physical: Asia'; From 'Shrek' to 'Jurassic Park,' the 7 Best Movies Leaving Netflix in November; Netflix drops a doozy of a trailer for Stranger Things S5"
2024-12-19,908.1799926757812,902.0399780273438,912.6199951171877,899.0,2815500.0,"Netflix exploring Warner Bros Discovery studio and HBO assets for potential deal; Netflix Announces 10-for-1 Stock Split to Democratize Share Ownership; Pentagon gets defensive about new Netflix movie; Netflix to launch real-time voting, new kids’ profiles and interactive homepage features: Full details; Netflix taps Moelis & Co to explore bid for Warner Bros Discovery - report (NFLX:NASDAQ); Netflix’s ‘Monster’ anthology series is a major misstep for true crime; Joey Bada$$ to star opposite Taraji P. Henson in Netflix film ”Tis So Sweet’; Manny Pacquiao leads Philippine team in Netflix’s 'Physical: Asia'; From 'Shrek' to 'Jurassic Park,' the 7 Best Movies Leaving Netflix in November; Netflix drops a doozy of a trailer for Stranger Things S5"
2024-12-20,893.2100219726562,909.0499877929688,919.9199829101562,890.489990234375,4530500.0,"Netflix exploring Warner Bros Discovery studio and HBO assets for potential deal; Netflix Announces 10-for-1 Stock Split to Democratize Share Ownership; Pentagon gets defensive about new Netflix movie; Netflix to launch real-time voting, new kids’ profiles and interactive homepage features: Full details; Netflix taps Moelis & Co to explore bid for Warner Bros Discovery - report (NFLX:NASDAQ); Netflix’s ‘Monster’ anthology series is a major misstep for true crime; Joey Bada$$ to star opposite Taraji P. Henson in Netflix film ”Tis So Sweet’; Manny Pacquiao leads Philippine team in Netflix’s 'Physical: Asia'; From 'Shrek' to 'Jurassic Park,' the 7 Best Movies Leaving Netflix in November; Netflix drops a doozy of a trailer for Stranger Things S5"
2024-12-23,913.4199829101562,911.4500122070312,915.0,899.0999755859375,2339400.0,"Netflix exploring Warner Bros Discovery studio and HBO assets for potential deal; Netflix Announces 10-for-1 Stock Split to Democratize Share Ownership; Pentagon gets defensive about new Netflix movie; Netflix to launch real-time voting, new kids’ profiles and interactive homepage features: Full details; Netflix taps Moelis & Co to explore bid for Warner Bros Discovery - report (NFLX:NASDAQ); Netflix’s ‘Monster’ anthology series is a major misstep for true crime; Joey Bada$$ to star opposite Taraji P. Henson in Netflix film ”Tis So Sweet’; Manny Pacquiao leads Philippine team in Netflix’s 'Physical: Asia'; From 'Shrek' to 'Jurassic Park,' the 7 Best Movies Leaving Netflix in November; Netflix drops a doozy of a trailer for Stranger Things S5"
2024-12-24,915.0,932.1199951171877,935.8499755859377,911.7000122070312,2320300.0,"Jolly LLB 3 OTT Deal: How Much JioHotstar & Netflix Paid for Akshay and Arshad’s Hit; Netflix Might Have Warner Bros in Its Shopping Cart Next; Netflix exploring Warner Bros Discovery studio and HBO assets for potential deal; Netflix Announces 10-for-1 Stock Split to Democratize Share Ownership; Pentagon gets defensive about new Netflix movie; Netflix to launch real-time voting, new kids’ profiles and interactive homepage features: Full details; Netflix taps Moelis & Co to explore bid for Warner Bros Discovery - report (NFLX:NASDAQ); Netflix’s ‘Monster’ anthology series is a major misstep for true crime; Manny Pacquiao leads Philippine team in Netflix’s 'Physical: Asia'; From 'Shrek' to 'Jurassic Park,' the 7 Best Movies Leaving Netflix in November"
2024-12-26,928.4000244140623,924.1400146484377,930.489990234375,915.2999877929688,2340300.0,"Jolly LLB 3 OTT Deal: How Much JioHotstar & Netflix Paid for Akshay and Arshad’s Hit; Netflix Might Have Warner Bros in Its Shopping Cart Next; Netflix exploring Warner Bros Discovery studio and HBO assets for potential deal; Netflix Announces 10-for-1 Stock Split to Democratize Share Ownership; Pentagon gets defensive about new Netflix movie; Netflix to launch real-time voting, new kids’ profiles and interactive homepage features: Full details; Netflix taps Moelis & Co to explore bid for Warner Bros Discovery - report (NFLX:NASDAQ); Netflix’s ‘Monster’ anthology series is a major misstep for true crime; Manny Pacquiao leads Philippine team in Netflix’s 'Physical: Asia'; From 'Shrek' to 'Jurassic Park,' the 7 Best Movies Leaving Netflix in November"
2024-12-27,916.010009765625,907.5499877929688,918.1300048828123,894.5,3226200.0,"Jolly LLB 3 OTT Deal: How Much JioHotstar & Netflix Paid for Akshay and Arshad’s Hit; Netflix Might Have Warner Bros in Its Shopping Cart Next; Netflix exploring Warner Bros Discovery studio and HBO assets for potential deal; Netflix Announces 10-for-1 Stock Split to Democratize Share Ownership; Pentagon gets defensive about new Netflix movie; Netflix to launch real-time voting, new kids’ profiles and interactive homepage features: Full details; Netflix taps Moelis & Co to explore bid for Warner Bros Discovery - report (NFLX:NASDAQ); Netflix’s ‘Monster’ anthology series is a major misstep for true crime; Manny Pacquiao leads Philippine team in Netflix’s 'Physical: Asia'; From 'Shrek' to 'Jurassic Park,' the 7 Best Movies Leaving Netflix in November"
2024-12-30,894.510009765625,900.4299926757812,908.22998046875,889.7100219726562,2203000.0,"Jolly LLB 3 OTT Deal: How Much JioHotstar & Netflix Paid for Akshay and Arshad’s Hit; Netflix Might Have Warner Bros in Its Shopping Cart Next; Netflix exploring Warner Bros Discovery studio and HBO assets for potential deal; Netflix Announces 10-for-1 Stock Split to Democratize Share Ownership; Pentagon gets defensive about new Netflix movie; Netflix to launch real-time voting, new kids’ profiles and interactive homepage features: Full details; Netflix taps Moelis & Co to explore bid for Warner Bros Discovery - report (NFLX:NASDAQ); Netflix’s ‘Monster’ anthology series is a major misstep for true crime; Manny Pacquiao leads Philippine team in Netflix’s 'Physical: Asia'; From 'Shrek' to 'Jurassic Park,' the 7 Best Movies Leaving Netflix in November"
2024-12-31,901.7999877929688,891.3200073242188,902.6799926757812,889.469970703125,1875900.0,"Jolly LLB 3 OTT Deal: How Much JioHotstar & Netflix Paid for Akshay and Arshad’s Hit; Netflix Might Have Warner Bros in Its Shopping Cart Next; Netflix exploring Warner Bros Discovery studio and HBO assets for potential deal; Netflix Announces 10-for-1 Stock Split to Democratize Share Ownership; Pentagon gets defensive about new Netflix movie; Netflix to launch real-time voting, new kids’ profiles and interactive homepage features: Full details; Netflix taps Moelis & Co to explore bid for Warner Bros Discovery - report (NFLX:NASDAQ); Netflix’s ‘Monster’ anthology series is a major misstep for true crime; Manny Pacquiao leads Philippine team in Netflix’s 'Physical: Asia'; From 'Shrek' to 'Jurassic Park,' the 7 Best Movies Leaving Netflix in November"
2025-01-02,895.5,886.72998046875,898.5800170898438,877.0,2312300.0,"Jolly LLB 3 OTT Deal: How Much JioHotstar & Netflix Paid for Akshay and Arshad’s Hit; Netflix Might Have Warner Bros in Its Shopping Cart Next; Netflix exploring Warner Bros Discovery studio and HBO assets for potential deal; Netflix Announces 10-for-1 Stock Split to Democratize Share Ownership; Pentagon gets defensive about new Netflix movie; Netflix to launch real-time voting, new kids’ profiles and interactive homepage features: Full details; Netflix taps Moelis & Co to explore bid for Warner Bros Discovery - report (NFLX:NASDAQ); Netflix’s ‘Monster’ anthology series is a major misstep for true crime; Manny Pacquiao leads Philippine team in Netflix’s 'Physical: Asia'; From 'Shrek' to 'Jurassic Park,' the 7 Best Movies Leaving Netflix in November"
2025-01-03,893.1300048828125,881.0499877929688,898.8300170898438,879.8900146484375,2967300.0,"Jolly LLB 3 OTT Deal: How Much JioHotstar & Netflix Paid for Akshay and Arshad’s Hit; Netflix Might Have Warner Bros in Its Shopping Cart Next; Netflix exploring Warner Bros Discovery studio and HBO assets for potential deal; Netflix Announces 10-for-1 Stock Split to Democratize Share Ownership; Pentagon gets defensive about new Netflix movie; Netflix to launch real-time voting, new kids’ profiles and interactive homepage features: Full details; Netflix taps Moelis & Co to explore bid for Warner Bros Discovery - report (NFLX:NASDAQ); Netflix’s ‘Monster’ anthology series is a major misstep for true crime; Manny Pacquiao leads Philippine team in Netflix’s 'Physical: Asia'; From 'Shrek' to 'Jurassic Park,' the 7 Best Movies Leaving Netflix in November"
2025-01-06,888.760009765625,881.7899780273438,892.8300170898438,871.6900024414062,3457700.0,"Jolly LLB 3 OTT Deal: How Much JioHotstar & Netflix Paid for Akshay and Arshad’s Hit; Netflix Might Have Warner Bros in Its Shopping Cart Next; Netflix exploring Warner Bros Discovery studio and HBO assets for potential deal; Netflix Announces 10-for-1 Stock Split to Democratize Share Ownership; Pentagon gets defensive about new Netflix movie; Netflix to launch real-time voting, new kids’ profiles and interactive homepage features: Full details; Netflix taps Moelis & Co to explore bid for Warner Bros Discovery - report (NFLX:NASDAQ); Netflix’s ‘Monster’ anthology series is a major misstep for true crime; Manny Pacquiao leads Philippine team in Netflix’s 'Physical: Asia'; From 'Shrek' to 'Jurassic Park,' the 7 Best Movies Leaving Netflix in November"
2025-01-07,879.3800048828125,879.1900024414062,888.0,869.1099853515625,2649800.0,"Jolly LLB 3 OTT Deal: How Much JioHotstar & Netflix Paid for Akshay and Arshad’s Hit; Netflix Might Have Warner Bros in Its Shopping Cart Next; Netflix exploring Warner Bros Discovery studio and HBO assets for potential deal; Netflix Announces 10-for-1 Stock Split to Democratize Share Ownership; Pentagon gets defensive about new Netflix movie; Netflix to launch real-time voting, new kids’ profiles and interactive homepage features: Full details; Netflix taps Moelis & Co to explore bid for Warner Bros Discovery - report (NFLX:NASDAQ); Netflix’s ‘Monster’ anthology series is a major misstep for true crime; Manny Pacquiao leads Philippine team in Netflix’s 'Physical: Asia'; From 'Shrek' to 'Jurassic Park,' the 7 Best Movies Leaving Netflix in November"
2025-01-08,880.0,875.0,886.219970703125,873.0,2347900.0,"Jolly LLB 3 OTT Deal: How Much JioHotstar & Netflix Paid for Akshay and Arshad’s Hit; Netflix Might Have Warner Bros in Its Shopping Cart Next; Netflix exploring Warner Bros Discovery studio and HBO assets for potential deal; Netflix Announces 10-for-1 Stock Split to Democratize Share Ownership; Pentagon gets defensive about new Netflix movie; Netflix to launch real-time voting, new kids’ profiles and interactive homepage features: Full details; Netflix taps Moelis & Co to explore bid for Warner Bros Discovery - report (NFLX:NASDAQ); Netflix’s ‘Monster’ anthology series is a major misstep for true crime; Manny Pacquiao leads Philippine team in Netflix’s 'Physical: Asia'; From 'Shrek' to 'Jurassic Park,' the 7 Best Movies Leaving Netflix in November"
2025-01-13,831.530029296875,840.2899780273438,847.0700073242188,829.1400146484375,3024500.0,"Jolly LLB 3 OTT Deal: How Much JioHotstar & Netflix Paid for Akshay and Arshad’s Hit; Netflix Might Have Warner Bros in Its Shopping Cart Next; Netflix exploring Warner Bros Discovery studio and HBO assets for potential deal; Netflix Announces 10-for-1 Stock Split to Democratize Share Ownership; Pentagon gets defensive about new Netflix movie; Netflix to launch real-time voting, new kids’ profiles and interactive homepage features: Full details; Netflix taps Moelis & Co to explore bid for Warner Bros Discovery - report (NFLX:NASDAQ); Netflix’s ‘Monster’ anthology series is a major misstep for true crime; Manny Pacquiao leads Philippine team in Netflix’s 'Physical: Asia'; From 'Shrek' to 'Jurassic Park,' the 7 Best Movies Leaving Netflix in November"
2025-01-15,836.4400024414062,848.260009765625,850.8400268554688,830.4099731445312,3181400.0,"Jolly LLB 3 OTT Deal: How Much JioHotstar & Netflix Paid for Akshay and Arshad’s Hit; Netflix Might Have Warner Bros in Its Shopping Cart Next; Netflix exploring Warner Bros Discovery studio and HBO assets for potential deal; Netflix Announces 10-for-1 Stock Split to Democratize Share Ownership; Pentagon gets defensive about new Netflix movie; Netflix to launch real-time voting, new kids’ profiles and interactive homepage features: Full details; Netflix taps Moelis & Co to explore bid for Warner Bros Discovery - report (NFLX:NASDAQ); Netflix’s ‘Monster’ anthology series is a major misstep for true crime; Manny Pacquiao leads Philippine team in Netflix’s 'Physical: Asia'; From 'Shrek' to 'Jurassic Park,' the 7 Best Movies Leaving Netflix in November"
2025-01-16,860.9600219726562,842.3699951171875,868.97998046875,842.02001953125,4028500.0,"Jolly LLB 3 OTT Deal: How Much JioHotstar & Netflix Paid for Akshay and Arshad’s Hit; Netflix Might Have Warner Bros in Its Shopping Cart Next; Netflix exploring Warner Bros Discovery studio and HBO assets for potential deal; Netflix Announces 10-for-1 Stock Split to Democratize Share Ownership; Pentagon gets defensive about new Netflix movie; Netflix to launch real-time voting, new kids’ profiles and interactive homepage features: Full details; Netflix taps Moelis & Co to explore bid for Warner Bros Discovery - report (NFLX:NASDAQ); Netflix’s ‘Monster’ anthology series is a major misstep for true crime; Manny Pacquiao leads Philippine team in Netflix’s 'Physical: Asia'; From 'Shrek' to 'Jurassic Park,' the 7 Best Movies Leaving Netflix in November"
2025-01-17,859.7899780273438,858.0999755859375,865.0,852.1300048828125,3617600.0,"Jolly LLB 3 OTT Deal: How Much JioHotstar & Netflix Paid for Akshay and Arshad’s Hit; Netflix Might Have Warner Bros in Its Shopping Cart Next; Netflix exploring Warner Bros Discovery studio and HBO assets for potential deal; Netflix Announces 10-for-1 Stock Split to Democratize Share Ownership; Pentagon gets defensive about new Netflix movie; Netflix to launch real-time voting, new kids’ profiles and interactive homepage features: Full details; Netflix taps Moelis & Co to explore bid for Warner Bros Discovery - report (NFLX:NASDAQ); Netflix’s ‘Monster’ anthology series is a major misstep for true crime; Manny Pacquiao leads Philippine team in Netflix’s 'Physical: Asia'; From 'Shrek' to 'Jurassic Park,' the 7 Best Movies Leaving Netflix in November"
2025-01-21,863.530029296875,869.6799926757812,916.4000244140623,854.75,9851400.0,"Netflix Opts For Another Stock Split — And Is Reportedly Interested In Some Warner Bros. Assets; Jolly LLB 3 OTT Deal: How Much JioHotstar & Netflix Paid for Akshay and Arshad’s Hit; Netflix Might Have Warner Bros in Its Shopping Cart Next; Netflix exploring Warner Bros Discovery studio and HBO assets for potential deal; Netflix Announces 10-for-1 Stock Split to Democratize Share Ownership; Pentagon gets defensive about new Netflix movie; Netflix to launch real-time voting, new kids’ profiles and interactive homepage features: Full details; Netflix taps Moelis & Co to explore bid for Warner Bros Discovery - report (NFLX:NASDAQ); Netflix’s ‘Monster’ anthology series is a major misstep for true crime; Manny Pacquiao leads Philippine team in Netflix’s 'Physical: Asia'"
2025-01-22,998.030029296875,953.989990234375,999.0,950.760009765625,14273200.0,"Netflix Opts For Another Stock Split — And Is Reportedly Interested In Some Warner Bros. Assets; Jolly LLB 3 OTT Deal: How Much JioHotstar & Netflix Paid for Akshay and Arshad’s Hit; Netflix Might Have Warner Bros in Its Shopping Cart Next; Netflix exploring Warner Bros Discovery studio and HBO assets for potential deal; Netflix Announces 10-for-1 Stock Split to Democratize Share Ownership; Pentagon gets defensive about new Netflix movie; Netflix to launch real-time voting, new kids’ profiles and interactive homepage features: Full details; Netflix taps Moelis & Co to explore bid for Warner Bros Discovery - report (NFLX:NASDAQ); Netflix’s ‘Monster’ anthology series is a major misstep for true crime; Manny Pacquiao leads Philippine team in Netflix’s 'Physical: Asia'"
2025-01-23,957.8099975585938,984.8599853515623,985.0,953.9000244140623,7752100.0,"Netflix Opts For Another Stock Split — And Is Reportedly Interested In Some Warner Bros. Assets; Jolly LLB 3 OTT Deal: How Much JioHotstar & Netflix Paid for Akshay and Arshad’s Hit; Netflix Might Have Warner Bros in Its Shopping Cart Next; Netflix exploring Warner Bros Discovery studio and HBO assets for potential deal; Netflix Announces 10-for-1 Stock Split to Democratize Share Ownership; Pentagon gets defensive about new Netflix movie; Netflix to launch real-time voting, new kids’ profiles and interactive homepage features: Full details; Netflix taps Moelis & Co to explore bid for Warner Bros Discovery - report (NFLX:NASDAQ); Netflix’s ‘Monster’ anthology series is a major misstep for true crime; Manny Pacquiao leads Philippine team in Netflix’s 'Physical: Asia'"
2025-01-24,984.4099731445312,977.5900268554688,986.280029296875,967.6799926757812,4550400.0,"Netflix Opts For Another Stock Split — And Is Reportedly Interested In Some Warner Bros. Assets; Jolly LLB 3 OTT Deal: How Much JioHotstar & Netflix Paid for Akshay and Arshad’s Hit; Netflix Might Have Warner Bros in Its Shopping Cart Next; Netflix exploring Warner Bros Discovery studio and HBO assets for potential deal; Netflix Announces 10-for-1 Stock Split to Democratize Share Ownership; Pentagon gets defensive about new Netflix movie; Netflix to launch real-time voting, new kids’ profiles and interactive homepage features: Full details; Netflix taps Moelis & Co to explore bid for Warner Bros Discovery - report (NFLX:NASDAQ); Netflix’s ‘Monster’ anthology series is a major misstep for true crime; Manny Pacquiao leads Philippine team in Netflix’s 'Physical: Asia'"
2025-01-27,971.0999755859377,971.8900146484377,982.27001953125,960.260009765625,4634200.0,"Netflix Opts For Another Stock Split — And Is Reportedly Interested In Some Warner Bros. Assets; Jolly LLB 3 OTT Deal: How Much JioHotstar & Netflix Paid for Akshay and Arshad’s Hit; Netflix Might Have Warner Bros in Its Shopping Cart Next; Netflix exploring Warner Bros Discovery studio and HBO assets for potential deal; Netflix Announces 10-for-1 Stock Split to Democratize Share Ownership; Pentagon gets defensive about new Netflix movie; Netflix to launch real-time voting, new kids’ profiles and interactive homepage features: Full details; Netflix taps Moelis & Co to explore bid for Warner Bros Discovery - report (NFLX:NASDAQ); Netflix’s ‘Monster’ anthology series is a major misstep for true crime; Manny Pacquiao leads Philippine team in Netflix’s 'Physical: Asia'"
2025-01-28,966.7100219726562,971.8300170898438,977.9299926757812,957.2999877929688,3434000.0,"Netflix Opts For Another Stock Split — And Is Reportedly Interested In Some Warner Bros. Assets; Jolly LLB 3 OTT Deal: How Much JioHotstar & Netflix Paid for Akshay and Arshad’s Hit; Netflix Might Have Warner Bros in Its Shopping Cart Next; Netflix exploring Warner Bros Discovery studio and HBO assets for potential deal; Netflix Announces 10-for-1 Stock Split to Democratize Share Ownership; Pentagon gets defensive about new Netflix movie; Netflix to launch real-time voting, new kids’ profiles and interactive homepage features: Full details; Netflix taps Moelis & Co to explore bid for Warner Bros Discovery - report (NFLX:NASDAQ); Netflix’s ‘Monster’ anthology series is a major misstep for true crime; Manny Pacquiao leads Philippine team in Netflix’s 'Physical: Asia'"
2025-01-29,980.0,978.1500244140623,987.6400146484377,968.22998046875,2930700.0,"Netflix Opts For Another Stock Split — And Is Reportedly Interested In Some Warner Bros. Assets; Jolly LLB 3 OTT Deal: How Much JioHotstar & Netflix Paid for Akshay and Arshad’s Hit; Netflix Might Have Warner Bros in Its Shopping Cart Next; Stranger Things Season 5 Trailer: The Final Battle With The All-Powerful Vecna Commences; Netflix exploring Warner Bros Discovery studio and HBO assets for potential deal; Netflix Announces 10-for-1 Stock Split to Democratize Share Ownership; Pentagon gets defensive about new Netflix movie; Netflix to launch real-time voting, new kids’ profiles and interactive homepage features: Full details; Netflix taps Moelis & Co to explore bid for Warner Bros Discovery - report (NFLX:NASDAQ); Netflix’s ‘Monster’ anthology series is a major misstep for true crime"
2025-01-30,986.75,973.239990234375,994.5900268554688,970.010009765625,3867800.0,"Netflix Opts For Another Stock Split — And Is Reportedly Interested In Some Warner Bros. Assets; Jolly LLB 3 OTT Deal: How Much JioHotstar & Netflix Paid for Akshay and Arshad’s Hit; Netflix Might Have Warner Bros in Its Shopping Cart Next; Stranger Things Season 5 Trailer: The Final Battle With The All-Powerful Vecna Commences; Netflix exploring Warner Bros Discovery studio and HBO assets for potential deal; Netflix Announces 10-for-1 Stock Split to Democratize Share Ownership; Pentagon gets defensive about new Netflix movie; Netflix to launch real-time voting, new kids’ profiles and interactive homepage features: Full details; Netflix taps Moelis & Co to explore bid for Warner Bros Discovery - report (NFLX:NASDAQ); Netflix’s ‘Monster’ anthology series is a major misstep for true crime"
2025-01-31,974.0,976.760009765625,990.2899780273438,974.0,3615100.0,"Netflix Opts For Another Stock Split — And Is Reportedly Interested In Some Warner Bros. Assets; Jolly LLB 3 OTT Deal: How Much JioHotstar & Netflix Paid for Akshay and Arshad’s Hit; Netflix Might Have Warner Bros in Its Shopping Cart Next; Stranger Things Season 5 Trailer: The Final Battle With The All-Powerful Vecna Commences; Netflix exploring Warner Bros Discovery studio and HBO assets for potential deal; Netflix Announces 10-for-1 Stock Split to Democratize Share Ownership; Pentagon gets defensive about new Netflix movie; Netflix to launch real-time voting, new kids’ profiles and interactive homepage features: Full details; Netflix taps Moelis & Co to explore bid for Warner Bros Discovery - report (NFLX:NASDAQ); Netflix’s ‘Monster’ anthology series is a major misstep for true crime"
2025-02-03,973.0,978.9400024414062,987.6900024414062,964.3800048828123,3724200.0,"Netflix Opts For Another Stock Split — And Is Reportedly Interested In Some Warner Bros. Assets; Jolly LLB 3 OTT Deal: How Much JioHotstar & Netflix Paid for Akshay and Arshad’s Hit; Netflix Might Have Warner Bros in Its Shopping Cart Next; Stranger Things Season 5 Trailer: The Final Battle With The All-Powerful Vecna Commences; Netflix exploring Warner Bros Discovery studio and HBO assets for potential deal; Netflix Announces 10-for-1 Stock Split to Democratize Share Ownership; Pentagon gets defensive about new Netflix movie; Netflix to launch real-time voting, new kids’ profiles and interactive homepage features: Full details; Netflix taps Moelis & Co to explore bid for Warner Bros Discovery - report (NFLX:NASDAQ); Netflix’s ‘Monster’ anthology series is a major misstep for true crime"
2025-02-04,980.469970703125,994.8699951171877,1008.0,978.510009765625,6000100.0,"Netflix Opts For Another Stock Split — And Is Reportedly Interested In Some Warner Bros. Assets; Jolly LLB 3 OTT Deal: How Much JioHotstar & Netflix Paid for Akshay and Arshad’s Hit; Netflix Might Have Warner Bros in Its Shopping Cart Next; Stranger Things Season 5 Trailer: The Final Battle With The All-Powerful Vecna Commences; Netflix exploring Warner Bros Discovery studio and HBO assets for potential deal; Netflix Announces 10-for-1 Stock Split to Democratize Share Ownership; Pentagon gets defensive about new Netflix movie; Netflix to launch real-time voting, new kids’ profiles and interactive homepage features: Full details; Netflix taps Moelis & Co to explore bid for Warner Bros Discovery - report (NFLX:NASDAQ); Netflix’s ‘Monster’ anthology series is a major misstep for true crime"
2025-02-05,987.72998046875,1011.1099853515623,1011.8300170898438,986.6799926757812,3993400.0,"Netflix Opts For Another Stock Split — And Is Reportedly Interested In Some Warner Bros. Assets; Jolly LLB 3 OTT Deal: How Much JioHotstar & Netflix Paid for Akshay and Arshad’s Hit; Netflix Might Have Warner Bros in Its Shopping Cart Next; Stranger Things Season 5 Trailer: The Final Battle With The All-Powerful Vecna Commences; Netflix exploring Warner Bros Discovery studio and HBO assets for potential deal; Netflix Announces 10-for-1 Stock Split to Democratize Share Ownership; Pentagon gets defensive about new Netflix movie; Netflix to launch real-time voting, new kids’ profiles and interactive homepage features: Full details; Netflix taps Moelis & Co to explore bid for Warner Bros Discovery - report (NFLX:NASDAQ); Netflix’s ‘Monster’ anthology series is a major misstep for true crime"
2025-02-06,1007.8699951171877,1015.6799926757812,1016.3499755859377,1002.6099853515623,3134300.0,"Netflix Opts For Another Stock Split — And Is Reportedly Interested In Some Warner Bros. Assets; Jolly LLB 3 OTT Deal: How Much JioHotstar & Netflix Paid for Akshay and Arshad’s Hit; Netflix Might Have Warner Bros in Its Shopping Cart Next; Stranger Things Season 5 Trailer: The Final Battle With The All-Powerful Vecna Commences; Netflix exploring Warner Bros Discovery studio and HBO assets for potential deal; Netflix Announces 10-for-1 Stock Split to Democratize Share Ownership; Pentagon gets defensive about new Netflix movie; Netflix to launch real-time voting, new kids’ profiles and interactive homepage features: Full details; Netflix taps Moelis & Co to explore bid for Warner Bros Discovery - report (NFLX:NASDAQ); Netflix’s ‘Monster’ anthology series is a major misstep for true crime"
2025-02-07,1017.0,1013.9299926757812,1027.760009765625,1005.6699829101562,3212900.0,"Netflix Opts For Another Stock Split — And Is Reportedly Interested In Some Warner Bros. Assets; Jolly LLB 3 OTT Deal: How Much JioHotstar & Netflix Paid for Akshay and Arshad’s Hit; Netflix Might Have Warner Bros in Its Shopping Cart Next; Stranger Things Season 5 Trailer: The Final Battle With The All-Powerful Vecna Commences; Netflix exploring Warner Bros Discovery studio and HBO assets for potential deal; Netflix Announces 10-for-1 Stock Split to Democratize Share Ownership; Pentagon gets defensive about new Netflix movie; Netflix to launch real-time voting, new kids’ profiles and interactive homepage features: Full details; Netflix taps Moelis & Co to explore bid for Warner Bros Discovery - report (NFLX:NASDAQ); Netflix’s ‘Monster’ anthology series is a major misstep for true crime"
2025-02-10,1023.0499877929688,1027.5999755859375,1032.8499755859375,1015.8800048828123,3296600.0,"Netflix Opts For Another Stock Split — And Is Reportedly Interested In Some Warner Bros. Assets; Jolly LLB 3 OTT Deal: How Much JioHotstar & Netflix Paid for Akshay and Arshad’s Hit; Netflix Might Have Warner Bros in Its Shopping Cart Next; Stranger Things Season 5 Trailer: The Final Battle With The All-Powerful Vecna Commences; Netflix exploring Warner Bros Discovery studio and HBO assets for potential deal; Netflix Announces 10-for-1 Stock Split to Democratize Share Ownership; Pentagon gets defensive about new Netflix movie; Netflix to launch real-time voting, new kids’ profiles and interactive homepage features: Full details; Netflix taps Moelis & Co to explore bid for Warner Bros Discovery - report (NFLX:NASDAQ); Netflix’s ‘Monster’ anthology series is a major misstep for true crime"
2025-02-11,1020.7899780273438,1008.0800170898438,1022.6900024414062,1002.9500122070312,3331800.0,"Netflix Opts For Another Stock Split — And Is Reportedly Interested In Some Warner Bros. Assets; Jolly LLB 3 OTT Deal: How Much JioHotstar & Netflix Paid for Akshay and Arshad’s Hit; Netflix Might Have Warner Bros in Its Shopping Cart Next; Stranger Things Season 5 Trailer: The Final Battle With The All-Powerful Vecna Commences; Netflix exploring Warner Bros Discovery studio and HBO assets for potential deal; Netflix Announces 10-for-1 Stock Split to Democratize Share Ownership; Pentagon gets defensive about new Netflix movie; Netflix to launch real-time voting, new kids’ profiles and interactive homepage features: Full details; Netflix taps Moelis & Co to explore bid for Warner Bros Discovery - report (NFLX:NASDAQ); Netflix’s ‘Monster’ anthology series is a major misstep for true crime"
2025-02-12,1005.489990234375,1027.31005859375,1027.739990234375,998.3499755859377,3389000.0,"Netflix Opts For Another Stock Split — And Is Reportedly Interested In Some Warner Bros. Assets; Jolly LLB 3 OTT Deal: How Much JioHotstar & Netflix Paid for Akshay and Arshad’s Hit; Netflix Might Have Warner Bros in Its Shopping Cart Next; Stranger Things Season 5 Trailer: The Final Battle With The All-Powerful Vecna Commences; Netflix exploring Warner Bros Discovery studio and HBO assets for potential deal; Netflix Announces 10-for-1 Stock Split to Democratize Share Ownership; Pentagon gets defensive about new Netflix movie; Netflix to launch real-time voting, new kids’ profiles and interactive homepage features: Full details; Netflix taps Moelis & Co to explore bid for Warner Bros Discovery - report (NFLX:NASDAQ); Netflix’s ‘Monster’ anthology series is a major misstep for true crime"
2025-02-13,1026.6300048828125,1043.68994140625,1045.989990234375,1025.0999755859375,3476100.0,"Netflix Opts For Another Stock Split — And Is Reportedly Interested In Some Warner Bros. Assets; Jolly LLB 3 OTT Deal: How Much JioHotstar & Netflix Paid for Akshay and Arshad’s Hit; Netflix Might Have Warner Bros in Its Shopping Cart Next; Stranger Things Season 5 Trailer: The Final Battle With The All-Powerful Vecna Commences; Netflix exploring Warner Bros Discovery studio and HBO assets for potential deal; Netflix Announces 10-for-1 Stock Split to Democratize Share Ownership; Pentagon gets defensive about new Netflix movie; Netflix to launch real-time voting, new kids’ profiles and interactive homepage features: Full details; Netflix taps Moelis & Co to explore bid for Warner Bros Discovery - report (NFLX:NASDAQ); Netflix’s ‘Monster’ anthology series is a major misstep for true crime"
2025-02-14,1044.949951171875,1058.5999755859375,1064.5,1041.68994140625,3145400.0,"Netflix Opts For Another Stock Split — And Is Reportedly Interested In Some Warner Bros. Assets; Jolly LLB 3 OTT Deal: How Much JioHotstar & Netflix Paid for Akshay and Arshad’s Hit; Netflix Might Have Warner Bros in Its Shopping Cart Next; Stranger Things Season 5 Trailer: The Final Battle With The All-Powerful Vecna Commences; Netflix exploring Warner Bros Discovery studio and HBO assets for potential deal; Netflix Announces 10-for-1 Stock Split to Democratize Share Ownership; Pentagon gets defensive about new Netflix movie; Netflix to launch real-time voting, new kids’ profiles and interactive homepage features: Full details; Netflix taps Moelis & Co to explore bid for Warner Bros Discovery - report (NFLX:NASDAQ); Netflix’s ‘Monster’ anthology series is a major misstep for true crime"
2025-02-18,1060.0,1035.8499755859375,1062.0,1023.75,4229300.0,"Netflix Opts For Another Stock Split — And Is Reportedly Interested In Some Warner Bros. Assets; Jolly LLB 3 OTT Deal: How Much JioHotstar & Netflix Paid for Akshay and Arshad’s Hit; Netflix Might Have Warner Bros in Its Shopping Cart Next; Stranger Things Season 5 Trailer: The Final Battle With The All-Powerful Vecna Commences; Netflix exploring Warner Bros Discovery studio and HBO assets for potential deal; Netflix Announces 10-for-1 Stock Split to Democratize Share Ownership; Pentagon gets defensive about new Netflix movie; Netflix to launch real-time voting, new kids’ profiles and interactive homepage features: Full details; Netflix taps Moelis & Co to explore bid for Warner Bros Discovery - report (NFLX:NASDAQ); Netflix’s ‘Monster’ anthology series is a major misstep for true crime"
2025-02-19,1035.1800537109375,1043.3299560546875,1045.0,1024.510009765625,2600000.0,"Netflix Opts For Another Stock Split — And Is Reportedly Interested In Some Warner Bros. Assets; Jolly LLB 3 OTT Deal: How Much JioHotstar & Netflix Paid for Akshay and Arshad’s Hit; Netflix Might Have Warner Bros in Its Shopping Cart Next; Stranger Things Season 5 Trailer: The Final Battle With The All-Powerful Vecna Commences; Netflix exploring Warner Bros Discovery studio and HBO assets for potential deal; Netflix Announces 10-for-1 Stock Split to Democratize Share Ownership; Pentagon gets defensive about new Netflix movie; Netflix to launch real-time voting, new kids’ profiles and interactive homepage features: Full details; Netflix taps Moelis & Co to explore bid for Warner Bros Discovery - report (NFLX:NASDAQ); Netflix’s ‘Monster’ anthology series is a major misstep for true crime"
2025-02-20,1042.0,1024.5400390625,1045.0,1015.5900268554688,3111800.0,"Netflix Opts For Another Stock Split — And Is Reportedly Interested In Some Warner Bros. Assets; Jolly LLB 3 OTT Deal: How Much JioHotstar & Netflix Paid for Akshay and Arshad’s Hit; Netflix Might Have Warner Bros in Its Shopping Cart Next; Stranger Things Season 5 Trailer: The Final Battle With The All-Powerful Vecna Commences; Netflix exploring Warner Bros Discovery studio and HBO assets for potential deal; Netflix Announces 10-for-1 Stock Split to Democratize Share Ownership; Pentagon gets defensive about new Netflix movie; Netflix to launch real-time voting, new kids’ profiles and interactive homepage features: Full details; Netflix taps Moelis & Co to explore bid for Warner Bros Discovery - report (NFLX:NASDAQ); Netflix’s ‘Monster’ anthology series is a major misstep for true crime"
2025-02-21,1029.4200439453125,1003.1500244140623,1032.3800048828125,999.3900146484377,3738700.0,"Netflix Opts For Another Stock Split — And Is Reportedly Interested In Some Warner Bros. Assets; Jolly LLB 3 OTT Deal: How Much JioHotstar & Netflix Paid for Akshay and Arshad’s Hit; Netflix Might Have Warner Bros in Its Shopping Cart Next; Stranger Things Season 5 Trailer: The Final Battle With The All-Powerful Vecna Commences; Netflix exploring Warner Bros Discovery studio and HBO assets for potential deal; Netflix Announces 10-for-1 Stock Split to Democratize Share Ownership; Pentagon gets defensive about new Netflix movie; Netflix to launch real-time voting, new kids’ profiles and interactive homepage features: Full details; Netflix taps Moelis & Co to explore bid for Warner Bros Discovery - report (NFLX:NASDAQ); Netflix’s ‘Monster’ anthology series is a major misstep for true crime"
2025-02-24,1008.0,988.469970703125,1015.1699829101562,984.47998046875,4426200.0,"Netflix Opts For Another Stock Split — And Is Reportedly Interested In Some Warner Bros. Assets; Jolly LLB 3 OTT Deal: How Much JioHotstar & Netflix Paid for Akshay and Arshad’s Hit; Netflix Might Have Warner Bros in Its Shopping Cart Next; Stranger Things Season 5 Trailer: The Final Battle With The All-Powerful Vecna Commences; Netflix exploring Warner Bros Discovery studio and HBO assets for potential deal; Netflix Announces 10-for-1 Stock Split to Democratize Share Ownership; Pentagon gets defensive about new Netflix movie; Netflix to launch real-time voting, new kids’ profiles and interactive homepage features: Full details; Netflix taps Moelis & Co to explore bid for Warner Bros Discovery - report (NFLX:NASDAQ); Netflix’s ‘Monster’ anthology series is a major misstep for true crime"
2025-02-25,989.4000244140623,977.239990234375,994.4000244140623,955.0,4738300.0,"Netflix Opts For Another Stock Split — And Is Reportedly Interested In Some Warner Bros. Assets; Jolly LLB 3 OTT Deal: How Much JioHotstar & Netflix Paid for Akshay and Arshad’s Hit; Netflix Might Have Warner Bros in Its Shopping Cart Next; Stranger Things Season 5 Trailer: The Final Battle With The All-Powerful Vecna Commences; Netflix exploring Warner Bros Discovery studio and HBO assets for potential deal; Netflix Announces 10-for-1 Stock Split to Democratize Share Ownership; Pentagon gets defensive about new Netflix movie; Netflix to launch real-time voting, new kids’ profiles and interactive homepage features: Full details; Netflix taps Moelis & Co to explore bid for Warner Bros Discovery - report (NFLX:NASDAQ); Netflix’s ‘Monster’ anthology series is a major misstep for true crime"
2025-02-26,977.5999755859377,990.0599975585938,1000.8900146484377,976.9000244140623,3397200.0,"Netflix Opts For Another Stock Split — And Is Reportedly Interested In Some Warner Bros. Assets; Netflix Might Have Warner Bros in Its Shopping Cart Next; Stranger Things Season 5 Trailer: The Final Battle With The All-Powerful Vecna Commences; Netflix exploring Warner Bros Discovery studio and HBO assets for potential deal; Netflix Announces 10-for-1 Stock Split to Democratize Share Ownership; Pentagon gets defensive about new Netflix movie; Netflix to launch real-time voting, new kids’ profiles and interactive homepage features: Full details; Netflix taps Moelis & Co to explore bid for Warner Bros Discovery - report (NFLX:NASDAQ); Netflix’s ‘Monster’ anthology series is a major misstep for true crime; Joey Bada$$ to star opposite Taraji P. Henson in Netflix film ”Tis So Sweet’"
2025-02-27,995.0,963.0700073242188,1000.72998046875,961.8300170898438,3766600.0,"Netflix Opts For Another Stock Split — And Is Reportedly Interested In Some Warner Bros. Assets; Jolly LLB 3 OTT Deal: How Much JioHotstar & Netflix Paid for Akshay and Arshad’s Hit; Netflix Might Have Warner Bros in Its Shopping Cart Next; Stranger Things Season 5 Trailer: The Final Battle With The All-Powerful Vecna Commences; Netflix exploring Warner Bros Discovery studio and HBO assets for potential deal; Netflix Announces 10-for-1 Stock Split to Democratize Share Ownership; Pentagon gets defensive about new Netflix movie; Netflix to launch real-time voting, new kids’ profiles and interactive homepage features: Full details; Netflix taps Moelis & Co to explore bid for Warner Bros Discovery - report (NFLX:NASDAQ); Netflix’s ‘Monster’ anthology series is a major misstep for true crime"
2025-02-28,969.5599975585938,980.5599975585938,982.27001953125,958.1699829101562,4717400.0,"Netflix Opts For Another Stock Split — And Is Reportedly Interested In Some Warner Bros. Assets; Jolly LLB 3 OTT Deal: How Much JioHotstar & Netflix Paid for Akshay and Arshad’s Hit; Netflix Might Have Warner Bros in Its Shopping Cart Next; Stranger Things Season 5 Trailer: The Final Battle With The All-Powerful Vecna Commences; Netflix exploring Warner Bros Discovery studio and HBO assets for potential deal; Netflix Announces 10-for-1 Stock Split to Democratize Share Ownership; Pentagon gets defensive about new Netflix movie; Netflix to launch real-time voting, new kids’ profiles and interactive homepage features: Full details; Netflix taps Moelis & Co to explore bid for Warner Bros Discovery - report (NFLX:NASDAQ); Netflix’s ‘Monster’ anthology series is a major misstep for true crime"
2025-03-03,983.0,973.7000122070312,994.9299926757812,964.8099975585938,3907400.0,"Netflix Opts For Another Stock Split — And Is Reportedly Interested In Some Warner Bros. Assets; Jolly LLB 3 OTT Deal: How Much JioHotstar & Netflix Paid for Akshay and Arshad’s Hit; Netflix Might Have Warner Bros in Its Shopping Cart Next; Stranger Things Season 5 Trailer: The Final Battle With The All-Powerful Vecna Commences; Netflix exploring Warner Bros Discovery studio and HBO assets for potential deal; Netflix Announces 10-for-1 Stock Split to Democratize Share Ownership; Pentagon gets defensive about new Netflix movie; Netflix to launch real-time voting, new kids’ profiles and interactive homepage features: Full details; Netflix taps Moelis & Co to explore bid for Warner Bros Discovery - report (NFLX:NASDAQ); Netflix’s ‘Monster’ anthology series is a major misstep for true crime"
2025-03-04,971.6099853515623,972.5800170898438,986.3099975585938,948.2100219726562,4392800.0,"Netflix Opts For Another Stock Split — And Is Reportedly Interested In Some Warner Bros. Assets; Jolly LLB 3 OTT Deal: How Much JioHotstar & Netflix Paid for Akshay and Arshad’s Hit; Netflix Might Have Warner Bros in Its Shopping Cart Next; Stranger Things Season 5 Trailer: The Final Battle With The All-Powerful Vecna Commences; Netflix exploring Warner Bros Discovery studio and HBO assets for potential deal; Netflix Announces 10-for-1 Stock Split to Democratize Share Ownership; Pentagon gets defensive about new Netflix movie; Netflix to launch real-time voting, new kids’ profiles and interactive homepage features: Full details; Netflix taps Moelis & Co to explore bid for Warner Bros Discovery - report (NFLX:NASDAQ); Netflix’s ‘Monster’ anthology series is a major misstep for true crime"
2025-03-05,973.6199951171877,990.9199829101562,995.5999755859377,969.47998046875,3807900.0,"Netflix Opts For Another Stock Split — And Is Reportedly Interested In Some Warner Bros. Assets; Jolly LLB 3 OTT Deal: How Much JioHotstar & Netflix Paid for Akshay and Arshad’s Hit; Netflix Might Have Warner Bros in Its Shopping Cart Next; Stranger Things Season 5 Trailer: The Final Battle With The All-Powerful Vecna Commences; Netflix exploring Warner Bros Discovery studio and HBO assets for potential deal; Netflix Announces 10-for-1 Stock Split to Democratize Share Ownership; Pentagon gets defensive about new Netflix movie; Netflix to launch real-time voting, new kids’ profiles and interactive homepage features: Full details; Netflix taps Moelis & Co to explore bid for Warner Bros Discovery - report (NFLX:NASDAQ); Netflix’s ‘Monster’ anthology series is a major misstep for true crime"
2025-03-06,972.989990234375,906.3599853515623,973.6900024414062,899.0,7852600.0,"Netflix Opts For Another Stock Split — And Is Reportedly Interested In Some Warner Bros. Assets; Jolly LLB 3 OTT Deal: How Much JioHotstar & Netflix Paid for Akshay and Arshad’s Hit; Netflix Might Have Warner Bros in Its Shopping Cart Next; Stranger Things Season 5 Trailer: The Final Battle With The All-Powerful Vecna Commences; Netflix exploring Warner Bros Discovery studio and HBO assets for potential deal; Netflix Announces 10-for-1 Stock Split to Democratize Share Ownership; Pentagon gets defensive about new Netflix movie; Netflix to launch real-time voting, new kids’ profiles and interactive homepage features: Full details; Netflix taps Moelis & Co to explore bid for Warner Bros Discovery - report (NFLX:NASDAQ); Netflix’s ‘Monster’ anthology series is a major misstep for true crime"
2025-03-07,897.6400146484375,891.1099853515625,904.8900146484377,858.0700073242188,7737500.0,"Netflix Opts For Another Stock Split — And Is Reportedly Interested In Some Warner Bros. Assets; Jolly LLB 3 OTT Deal: How Much JioHotstar & Netflix Paid for Akshay and Arshad’s Hit; Netflix Might Have Warner Bros in Its Shopping Cart Next; Stranger Things Season 5 Trailer: The Final Battle With The All-Powerful Vecna Commences; Netflix exploring Warner Bros Discovery studio and HBO assets for potential deal; Netflix Announces 10-for-1 Stock Split to Democratize Share Ownership; Pentagon gets defensive about new Netflix movie; Netflix to launch real-time voting, new kids’ profiles and interactive homepage features: Full details; Netflix taps Moelis & Co to explore bid for Warner Bros Discovery - report (NFLX:NASDAQ); Netflix’s ‘Monster’ anthology series is a major misstep for true crime"
2025-03-10,875.0700073242188,866.6799926757812,881.27001953125,854.5,6995300.0,"Netflix Opts For Another Stock Split — And Is Reportedly Interested In Some Warner Bros. Assets; Jolly LLB 3 OTT Deal: How Much JioHotstar & Netflix Paid for Akshay and Arshad’s Hit; Netflix Might Have Warner Bros in Its Shopping Cart Next; Stranger Things Season 5 Trailer: The Final Battle With The All-Powerful Vecna Commences; Netflix exploring Warner Bros Discovery studio and HBO assets for potential deal; Netflix Announces 10-for-1 Stock Split to Democratize Share Ownership; Pentagon gets defensive about new Netflix movie; Netflix to launch real-time voting, new kids’ profiles and interactive homepage features: Full details; Netflix taps Moelis & Co to explore bid for Warner Bros Discovery - report (NFLX:NASDAQ); Netflix’s ‘Monster’ anthology series is a major misstep for true crime"
2025-03-11,867.4099731445312,895.0999755859375,910.6799926757812,866.0,7398900.0,"Netflix Opts For Another Stock Split — And Is Reportedly Interested In Some Warner Bros. Assets; Jolly LLB 3 OTT Deal: How Much JioHotstar & Netflix Paid for Akshay and Arshad’s Hit; Netflix Might Have Warner Bros in Its Shopping Cart Next; Stranger Things Season 5 Trailer: The Final Battle With The All-Powerful Vecna Commences; Netflix exploring Warner Bros Discovery studio and HBO assets for potential deal; Netflix Announces 10-for-1 Stock Split to Democratize Share Ownership; Pentagon gets defensive about new Netflix movie; Netflix to launch real-time voting, new kids’ profiles and interactive homepage features: Full details; Netflix taps Moelis & Co to explore bid for Warner Bros Discovery - report (NFLX:NASDAQ); Netflix’s ‘Monster’ anthology series is a major misstep for true crime"
2025-03-12,914.5999755859377,919.6799926757812,927.1799926757812,901.0,6865800.0,"Netflix Opts For Another Stock Split — And Is Reportedly Interested In Some Warner Bros. Assets; Jolly LLB 3 OTT Deal: How Much JioHotstar & Netflix Paid for Akshay and Arshad’s Hit; Netflix Might Have Warner Bros in Its Shopping Cart Next; Stranger Things Season 5 Trailer: The Final Battle With The All-Powerful Vecna Commences; Netflix exploring Warner Bros Discovery studio and HBO assets for potential deal; Netflix Announces 10-for-1 Stock Split to Democratize Share Ownership; Pentagon gets defensive about new Netflix movie; Netflix to launch real-time voting, new kids’ profiles and interactive homepage features: Full details; Netflix taps Moelis & Co to explore bid for Warner Bros Discovery - report (NFLX:NASDAQ); Netflix’s ‘Monster’ anthology series is a major misstep for true crime"
2025-03-13,913.0,890.1699829101562,921.8900146484377,887.510009765625,5001700.0,"Netflix Opts For Another Stock Split — And Is Reportedly Interested In Some Warner Bros. Assets; Jolly LLB 3 OTT Deal: How Much JioHotstar & Netflix Paid for Akshay and Arshad’s Hit; Netflix Might Have Warner Bros in Its Shopping Cart Next; Stranger Things Season 5 Trailer: The Final Battle With The All-Powerful Vecna Commences; Netflix exploring Warner Bros Discovery studio and HBO assets for potential deal; Netflix Announces 10-for-1 Stock Split to Democratize Share Ownership; Pentagon gets defensive about new Netflix movie; Netflix to launch real-time voting, new kids’ profiles and interactive homepage features: Full details; Netflix taps Moelis & Co to explore bid for Warner Bros Discovery - report (NFLX:NASDAQ); Netflix’s ‘Monster’ anthology series is a major misstep for true crime"
2025-03-14,901.4600219726562,918.0,919.6300048828123,901.0,5200700.0,"Netflix Opts For Another Stock Split — And Is Reportedly Interested In Some Warner Bros. Assets; Jolly LLB 3 OTT Deal: How Much JioHotstar & Netflix Paid for Akshay and Arshad’s Hit; Netflix Might Have Warner Bros in Its Shopping Cart Next; Stranger Things Season 5 Trailer: The Final Battle With The All-Powerful Vecna Commences; Netflix exploring Warner Bros Discovery studio and HBO assets for potential deal; Netflix Announces 10-for-1 Stock Split to Democratize Share Ownership; Pentagon gets defensive about new Netflix movie; Netflix to launch real-time voting, new kids’ profiles and interactive homepage features: Full details; Netflix taps Moelis & Co to explore bid for Warner Bros Discovery - report (NFLX:NASDAQ); Netflix’s ‘Monster’ anthology series is a major misstep for true crime"
2025-03-17,939.9500122070312,950.02001953125,967.6300048828123,934.4199829101562,7543100.0,"Netflix Opts For Another Stock Split — And Is Reportedly Interested In Some Warner Bros. Assets; Jolly LLB 3 OTT Deal: How Much JioHotstar & Netflix Paid for Akshay and Arshad’s Hit; Netflix Might Have Warner Bros in Its Shopping Cart Next; Stranger Things Season 5 Trailer: The Final Battle With The All-Powerful Vecna Commences; Netflix exploring Warner Bros Discovery studio and HBO assets for potential deal; Netflix Announces 10-for-1 Stock Split to Democratize Share Ownership; Pentagon gets defensive about new Netflix movie; Netflix to launch real-time voting, new kids’ profiles and interactive homepage features: Full details; Netflix taps Moelis & Co to explore bid for Warner Bros Discovery - report (NFLX:NASDAQ); Netflix’s ‘Monster’ anthology series is a major misstep for true crime"
2025-03-18,940.0,929.97998046875,948.25,916.2999877929688,6009400.0,"Netflix Opts For Another Stock Split — And Is Reportedly Interested In Some Warner Bros. Assets; Jolly LLB 3 OTT Deal: How Much JioHotstar & Netflix Paid for Akshay and Arshad’s Hit; Netflix Might Have Warner Bros in Its Shopping Cart Next; Stranger Things Season 5 Trailer: The Final Battle With The All-Powerful Vecna Commences; Netflix exploring Warner Bros Discovery studio and HBO assets for potential deal; Netflix Announces 10-for-1 Stock Split to Democratize Share Ownership; Pentagon gets defensive about new Netflix movie; Netflix to launch real-time voting, new kids’ profiles and interactive homepage features: Full details; Netflix taps Moelis & Co to explore bid for Warner Bros Discovery - report (NFLX:NASDAQ); Netflix’s ‘Monster’ anthology series is a major misstep for true crime"
2025-03-19,935.77001953125,959.489990234375,968.0,924.0,6662400.0,"Netflix Opts For Another Stock Split — And Is Reportedly Interested In Some Warner Bros. Assets; Jolly LLB 3 OTT Deal: How Much JioHotstar & Netflix Paid for Akshay and Arshad’s Hit; Netflix Might Have Warner Bros in Its Shopping Cart Next; Stranger Things Season 5 Trailer: The Final Battle With The All-Powerful Vecna Commences; Netflix exploring Warner Bros Discovery studio and HBO assets for potential deal; Netflix Announces 10-for-1 Stock Split to Democratize Share Ownership; Pentagon gets defensive about new Netflix movie; Netflix to launch real-time voting, new kids’ profiles and interactive homepage features: Full details; Netflix taps Moelis & Co to explore bid for Warner Bros Discovery - report (NFLX:NASDAQ); Netflix’s ‘Monster’ anthology series is a major misstep for true crime"
2025-03-20,950.010009765625,950.8400268554688,967.0,945.5,4466300.0,"Netflix Opts For Another Stock Split — And Is Reportedly Interested In Some Warner Bros. Assets; Jolly LLB 3 OTT Deal: How Much JioHotstar & Netflix Paid for Akshay and Arshad’s Hit; Netflix Might Have Warner Bros in Its Shopping Cart Next; Stranger Things Season 5 Trailer: The Final Battle With The All-Powerful Vecna Commences; Netflix exploring Warner Bros Discovery studio and HBO assets for potential deal; Netflix Announces 10-for-1 Stock Split to Democratize Share Ownership; Pentagon gets defensive about new Netflix movie; Netflix to launch real-time voting, new kids’ profiles and interactive homepage features: Full details; Netflix taps Moelis & Co to explore bid for Warner Bros Discovery - report (NFLX:NASDAQ); Netflix’s ‘Monster’ anthology series is a major misstep for true crime"
2025-03-21,941.6400146484377,960.2899780273438,963.6500244140623,940.9500122070312,5905400.0,"Netflix Opts For Another Stock Split — And Is Reportedly Interested In Some Warner Bros. Assets; Jolly LLB 3 OTT Deal: How Much JioHotstar & Netflix Paid for Akshay and Arshad’s Hit; Netflix Might Have Warner Bros in Its Shopping Cart Next; Stranger Things Season 5 Trailer: The Final Battle With The All-Powerful Vecna Commences; Netflix exploring Warner Bros Discovery studio and HBO assets for potential deal; Netflix Announces 10-for-1 Stock Split to Democratize Share Ownership; Pentagon gets defensive about new Netflix movie; Netflix to launch real-time voting, new kids’ profiles and interactive homepage features: Full details; Netflix taps Moelis & Co to explore bid for Warner Bros Discovery - report (NFLX:NASDAQ); Netflix’s ‘Monster’ anthology series is a major misstep for true crime"
2025-03-24,969.6699829101562,971.989990234375,977.0,951.5499877929688,4677900.0,"Netflix Opts For Another Stock Split — And Is Reportedly Interested In Some Warner Bros. Assets; Jolly LLB 3 OTT Deal: How Much JioHotstar & Netflix Paid for Akshay and Arshad’s Hit; Netflix Might Have Warner Bros in Its Shopping Cart Next; Stranger Things Season 5 Trailer: The Final Battle With The All-Powerful Vecna Commences; Netflix exploring Warner Bros Discovery studio and HBO assets for potential deal; Netflix Announces 10-for-1 Stock Split to Democratize Share Ownership; Pentagon gets defensive about new Netflix movie; Netflix to launch real-time voting, new kids’ profiles and interactive homepage features: Full details; Netflix taps Moelis & Co to explore bid for Warner Bros Discovery - report (NFLX:NASDAQ); Netflix’s ‘Monster’ anthology series is a major misstep for true crime"
2025-03-25,978.1799926757812,997.280029296875,998.7000122070312,977.1099853515623,3782200.0,"Netflix Opts For Another Stock Split — And Is Reportedly Interested In Some Warner Bros. Assets; Jolly LLB 3 OTT Deal: How Much JioHotstar & Netflix Paid for Akshay and Arshad’s Hit; Netflix Might Have Warner Bros in Its Shopping Cart Next; Stranger Things Season 5 Trailer: The Final Battle With The All-Powerful Vecna Commences; Netflix exploring Warner Bros Discovery studio and HBO assets for potential deal; Netflix Announces 10-for-1 Stock Split to Democratize Share Ownership; Pentagon gets defensive about new Netflix movie; Netflix to launch real-time voting, new kids’ profiles and interactive homepage features: Full details; Netflix taps Moelis & Co to explore bid for Warner Bros Discovery - report (NFLX:NASDAQ); Netflix’s ‘Monster’ anthology series is a major misstep for true crime"
2025-03-26,993.8099975585938,970.6500244140623,996.7899780273438,966.3200073242188,3527400.0,"Netflix Opts For Another Stock Split — And Is Reportedly Interested In Some Warner Bros. Assets; Jolly LLB 3 OTT Deal: How Much JioHotstar & Netflix Paid for Akshay and Arshad’s Hit; Netflix Might Have Warner Bros in Its Shopping Cart Next; Stranger Things Season 5 Trailer: The Final Battle With The All-Powerful Vecna Commences; Netflix exploring Warner Bros Discovery studio and HBO assets for potential deal; Netflix Announces 10-for-1 Stock Split to Democratize Share Ownership; Pentagon gets defensive about new Netflix movie; Netflix to launch real-time voting, new kids’ profiles and interactive homepage features: Full details; Netflix taps Moelis & Co to explore bid for Warner Bros Discovery - report (NFLX:NASDAQ); Netflix’s ‘Monster’ anthology series is a major misstep for true crime"
2025-03-27,974.219970703125,976.719970703125,989.0,966.3699951171877,3047200.0,"Netflix Opts For Another Stock Split — And Is Reportedly Interested In Some Warner Bros. Assets; Jolly LLB 3 OTT Deal: How Much JioHotstar & Netflix Paid for Akshay and Arshad’s Hit; Netflix Might Have Warner Bros in Its Shopping Cart Next; Stranger Things Season 5 Trailer: The Final Battle With The All-Powerful Vecna Commences; Netflix exploring Warner Bros Discovery studio and HBO assets for potential deal; Netflix Announces 10-for-1 Stock Split to Democratize Share Ownership; Pentagon gets defensive about new Netflix movie; Netflix to launch real-time voting, new kids’ profiles and interactive homepage features: Full details; Netflix taps Moelis & Co to explore bid for Warner Bros Discovery - report (NFLX:NASDAQ); Netflix’s ‘Monster’ anthology series is a major misstep for true crime"
2025-03-28,972.0,933.8499755859377,974.97998046875,929.22998046875,4422700.0,"Netflix Opts For Another Stock Split — And Is Reportedly Interested In Some Warner Bros. Assets; Jolly LLB 3 OTT Deal: How Much JioHotstar & Netflix Paid for Akshay and Arshad’s Hit; Netflix Might Have Warner Bros in Its Shopping Cart Next; Stranger Things Season 5 Trailer: The Final Battle With The All-Powerful Vecna Commences; Netflix exploring Warner Bros Discovery studio and HBO assets for potential deal; Netflix Announces 10-for-1 Stock Split to Democratize Share Ownership; Pentagon gets defensive about new Netflix movie; Netflix to launch real-time voting, new kids’ profiles and interactive homepage features: Full details; Netflix taps Moelis & Co to explore bid for Warner Bros Discovery - report (NFLX:NASDAQ); Netflix’s ‘Monster’ anthology series is a major misstep for true crime"
2025-03-31,920.530029296875,932.530029296875,934.47998046875,900.5900268554688,4634100.0,"Netflix Opts For Another Stock Split — And Is Reportedly Interested In Some Warner Bros. Assets; Jolly LLB 3 OTT Deal: How Much JioHotstar & Netflix Paid for Akshay and Arshad’s Hit; Netflix Might Have Warner Bros in Its Shopping Cart Next; Stranger Things Season 5 Trailer: The Final Battle With The All-Powerful Vecna Commences; Netflix exploring Warner Bros Discovery studio and HBO assets for potential deal; Netflix Announces 10-for-1 Stock Split to Democratize Share Ownership; Pentagon gets defensive about new Netflix movie; Netflix to launch real-time voting, new kids’ profiles and interactive homepage features: Full details; Netflix taps Moelis & Co to explore bid for Warner Bros Discovery - report (NFLX:NASDAQ); Netflix’s ‘Monster’ anthology series is a major misstep for true crime"
2025-04-01,927.5,928.3800048828123,932.2899780273438,911.5,3520000.0,"Netflix drops Stranger Things Season 5 trailer and it is dark!; Netflix Opts For Another Stock Split — And Is Reportedly Interested In Some Warner Bros. Assets; Jolly LLB 3 OTT Deal: How Much JioHotstar & Netflix Paid for Akshay and Arshad’s Hit; Netflix Might Have Warner Bros in Its Shopping Cart Next; Stranger Things Season 5 Trailer: The Final Battle With The All-Powerful Vecna Commences; Netflix exploring Warner Bros Discovery studio and HBO assets for potential deal; Netflix Announces 10-for-1 Stock Split to Democratize Share Ownership; Pentagon gets defensive about new Netflix movie; Netflix to launch real-time voting, new kids’ profiles and interactive homepage features: Full details; Netflix taps Moelis & Co to explore bid for Warner Bros Discovery - report (NFLX:NASDAQ)"
2025-04-02,923.0,935.52001953125,949.5499877929688,916.1099853515623,3256900.0,"Netflix Opts For Another Stock Split — And Is Reportedly Interested In Some Warner Bros. Assets; Jolly LLB 3 OTT Deal: How Much JioHotstar & Netflix Paid for Akshay and Arshad’s Hit; Netflix Might Have Warner Bros in Its Shopping Cart Next; Stranger Things Season 5 Trailer: The Final Battle With The All-Powerful Vecna Commences; Netflix exploring Warner Bros Discovery studio and HBO assets for potential deal; Netflix Announces 10-for-1 Stock Split to Democratize Share Ownership; Pentagon gets defensive about new Netflix movie; Netflix to launch real-time voting, new kids’ profiles and interactive homepage features: Full details; Netflix taps Moelis & Co to explore bid for Warner Bros Discovery - report (NFLX:NASDAQ); Netflix’s ‘Monster’ anthology series is a major misstep for true crime"
2025-04-03,901.7999877929688,917.0499877929688,946.5900268554688,900.469970703125,5864600.0,"Netflix Opts For Another Stock Split — And Is Reportedly Interested In Some Warner Bros. Assets; Jolly LLB 3 OTT Deal: How Much JioHotstar & Netflix Paid for Akshay and Arshad’s Hit; Netflix Might Have Warner Bros in Its Shopping Cart Next; Stranger Things Season 5 Trailer: The Final Battle With The All-Powerful Vecna Commences; Netflix exploring Warner Bros Discovery studio and HBO assets for potential deal; Netflix Announces 10-for-1 Stock Split to Democratize Share Ownership; Pentagon gets defensive about new Netflix movie; Netflix to launch real-time voting, new kids’ profiles and interactive homepage features: Full details; Netflix taps Moelis & Co to explore bid for Warner Bros Discovery - report (NFLX:NASDAQ); Netflix’s ‘Monster’ anthology series is a major misstep for true crime"
2025-04-04,896.5,855.8599853515625,906.6300048828123,853.8699951171875,6798800.0,"Netflix drops Stranger Things Season 5 trailer and it is dark!; Netflix Opts For Another Stock Split — And Is Reportedly Interested In Some Warner Bros. Assets; Netflix Might Have Warner Bros in Its Shopping Cart Next; Stranger Things Season 5 Trailer: The Final Battle With The All-Powerful Vecna Commences; Netflix exploring Warner Bros Discovery studio and HBO assets for potential deal; Netflix Announces 10-for-1 Stock Split to Democratize Share Ownership; Pentagon gets defensive about new Netflix movie; Netflix to launch real-time voting, new kids’ profiles and interactive homepage features: Full details; Netflix taps Moelis & Co to explore bid for Warner Bros Discovery - report (NFLX:NASDAQ); Netflix’s ‘Monster’ anthology series is a major misstep for true crime"
2025-04-07,827.8499755859375,867.8300170898438,906.739990234375,821.0999755859375,6656800.0,"Netflix drops Stranger Things Season 5 trailer and it is dark!; Netflix Opts For Another Stock Split — And Is Reportedly Interested In Some Warner Bros. Assets; Jolly LLB 3 OTT Deal: How Much JioHotstar & Netflix Paid for Akshay and Arshad’s Hit; Netflix Might Have Warner Bros in Its Shopping Cart Next; Stranger Things Season 5 Trailer: The Final Battle With The All-Powerful Vecna Commences; Netflix exploring Warner Bros Discovery studio and HBO assets for potential deal; Netflix Announces 10-for-1 Stock Split to Democratize Share Ownership; Pentagon gets defensive about new Netflix movie; Netflix to launch real-time voting, new kids’ profiles and interactive homepage features: Full details; Netflix taps Moelis & Co to explore bid for Warner Bros Discovery - report (NFLX:NASDAQ)"
2025-04-08,912.4400024414062,870.4000244140625,922.4199829101562,857.7000122070312,5625400.0,"Netflix drops Stranger Things Season 5 trailer and it is dark!; Netflix Opts For Another Stock Split — And Is Reportedly Interested In Some Warner Bros. Assets; Jolly LLB 3 OTT Deal: How Much JioHotstar & Netflix Paid for Akshay and Arshad’s Hit; Netflix Might Have Warner Bros in Its Shopping Cart Next; Stranger Things Season 5 Trailer: The Final Battle With The All-Powerful Vecna Commences; Netflix exploring Warner Bros Discovery studio and HBO assets for potential deal; Netflix Announces 10-for-1 Stock Split to Democratize Share Ownership; Pentagon gets defensive about new Netflix movie; Netflix to launch real-time voting, new kids’ profiles and interactive homepage features: Full details; Netflix taps Moelis & Co to explore bid for Warner Bros Discovery - report (NFLX:NASDAQ)"
2025-04-09,855.9299926757812,945.469970703125,951.4299926757812,854.4000244140625,7498000.0,"Netflix drops Stranger Things Season 5 trailer and it is dark!; Netflix Opts For Another Stock Split — And Is Reportedly Interested In Some Warner Bros. Assets; Jolly LLB 3 OTT Deal: How Much JioHotstar & Netflix Paid for Akshay and Arshad’s Hit; Netflix Might Have Warner Bros in Its Shopping Cart Next; Stranger Things Season 5 Trailer: The Final Battle With The All-Powerful Vecna Commences; Netflix exploring Warner Bros Discovery studio and HBO assets for potential deal; Netflix Announces 10-for-1 Stock Split to Democratize Share Ownership; Pentagon gets defensive about new Netflix movie; Netflix to launch real-time voting, new kids’ profiles and interactive homepage features: Full details; Netflix taps Moelis & Co to explore bid for Warner Bros Discovery - report (NFLX:NASDAQ)"
2025-04-10,931.9400024414062,921.1699829101562,941.239990234375,894.0,5129800.0,"Netflix (NFLX) Back in the Race for Warner Bros. Discovery (WBD) as Deal Buzz Builds; Netflix drops Stranger Things Season 5 trailer and it is dark!; Netflix Opts For Another Stock Split — And Is Reportedly Interested In Some Warner Bros. Assets; Jolly LLB 3 OTT Deal: How Much JioHotstar & Netflix Paid for Akshay and Arshad’s Hit; Netflix Might Have Warner Bros in Its Shopping Cart Next; Stranger Things Season 5 Trailer: The Final Battle With The All-Powerful Vecna Commences; Netflix exploring Warner Bros Discovery studio and HBO assets for potential deal; Netflix Announces 10-for-1 Stock Split to Democratize Share Ownership; Pentagon gets defensive about new Netflix movie; Netflix to launch real-time voting, new kids’ profiles and interactive homepage features: Full details"
2025-04-11,920.0,918.2899780273438,944.8599853515623,906.6799926757812,4073600.0,"Netflix (NFLX) Back in the Race for Warner Bros. Discovery (WBD) as Deal Buzz Builds; Netflix drops Stranger Things Season 5 trailer and it is dark!; Netflix Opts For Another Stock Split — And Is Reportedly Interested In Some Warner Bros. Assets; Jolly LLB 3 OTT Deal: How Much JioHotstar & Netflix Paid for Akshay and Arshad’s Hit; Netflix Might Have Warner Bros in Its Shopping Cart Next; Stranger Things Season 5 Trailer: The Final Battle With The All-Powerful Vecna Commences; Netflix exploring Warner Bros Discovery studio and HBO assets for potential deal; Netflix Announces 10-for-1 Stock Split to Democratize Share Ownership; Pentagon gets defensive about new Netflix movie; Netflix to launch real-time voting, new kids’ profiles and interactive homepage features: Full details"
2025-04-14,932.7000122070312,931.280029296875,948.97998046875,919.5,4035900.0,"Netflix (NFLX) Back in the Race for Warner Bros. Discovery (WBD) as Deal Buzz Builds; Netflix drops Stranger Things Season 5 trailer and it is dark!; Netflix Opts For Another Stock Split — And Is Reportedly Interested In Some Warner Bros. Assets; Jolly LLB 3 OTT Deal: How Much JioHotstar & Netflix Paid for Akshay and Arshad’s Hit; Netflix Might Have Warner Bros in Its Shopping Cart Next; Stranger Things Season 5 Trailer: The Final Battle With The All-Powerful Vecna Commences; Netflix exploring Warner Bros Discovery studio and HBO assets for potential deal; Netflix Announces 10-for-1 Stock Split to Democratize Share Ownership; Pentagon gets defensive about new Netflix movie; Netflix to launch real-time voting, new kids’ profiles and interactive homepage features: Full details"
2025-04-15,950.0,976.280029296875,993.4500122070312,948.0,7712000.0,"Netflix (NFLX) Back in the Race for Warner Bros. Discovery (WBD) as Deal Buzz Builds; Netflix drops Stranger Things Season 5 trailer and it is dark!; Netflix Opts For Another Stock Split — And Is Reportedly Interested In Some Warner Bros. Assets; Jolly LLB 3 OTT Deal: How Much JioHotstar & Netflix Paid for Akshay and Arshad’s Hit; Netflix Might Have Warner Bros in Its Shopping Cart Next; Stranger Things Season 5 Trailer: The Final Battle With The All-Powerful Vecna Commences; Netflix exploring Warner Bros Discovery studio and HBO assets for potential deal; Netflix Announces 10-for-1 Stock Split to Democratize Share Ownership; Pentagon gets defensive about new Netflix movie; Netflix to launch real-time voting, new kids’ profiles and interactive homepage features: Full details"
2025-04-16,976.280029296875,961.6300048828123,981.2100219726562,949.1699829101562,6066100.0,"Netflix (NFLX) Back in the Race for Warner Bros. Discovery (WBD) as Deal Buzz Builds; Netflix drops Stranger Things Season 5 trailer and it is dark!; Netflix Opts For Another Stock Split — And Is Reportedly Interested In Some Warner Bros. Assets; Jolly LLB 3 OTT Deal: How Much JioHotstar & Netflix Paid for Akshay and Arshad’s Hit; Netflix Might Have Warner Bros in Its Shopping Cart Next; Stranger Things Season 5 Trailer: The Final Battle With The All-Powerful Vecna Commences; Netflix exploring Warner Bros Discovery studio and HBO assets for potential deal; Netflix Announces 10-for-1 Stock Split to Democratize Share Ownership; Pentagon gets defensive about new Netflix movie; Netflix to launch real-time voting, new kids’ profiles and interactive homepage features: Full details"
2025-04-17,969.0,973.030029296875,984.7000122070312,956.0,8893700.0,"Netflix (NFLX) Back in the Race for Warner Bros. Discovery (WBD) as Deal Buzz Builds; Netflix drops Stranger Things Season 5 trailer and it is dark!; Netflix Opts For Another Stock Split — And Is Reportedly Interested In Some Warner Bros. Assets; Jolly LLB 3 OTT Deal: How Much JioHotstar & Netflix Paid for Akshay and Arshad’s Hit; Netflix Might Have Warner Bros in Its Shopping Cart Next; Stranger Things Season 5 Trailer: The Final Battle With The All-Powerful Vecna Commences; Netflix exploring Warner Bros Discovery studio and HBO assets for potential deal; Netflix Announces 10-for-1 Stock Split to Democratize Share Ownership; Pentagon gets defensive about new Netflix movie; Netflix to launch real-time voting, new kids’ profiles and interactive homepage features: Full details"
2025-04-21,984.4000244140623,987.9099731445312,1019.0,973.0499877929688,9775700.0,"Netflix (NFLX) Back in the Race for Warner Bros. Discovery (WBD) as Deal Buzz Builds; Netflix drops Stranger Things Season 5 trailer and it is dark!; Netflix Opts For Another Stock Split — And Is Reportedly Interested In Some Warner Bros. Assets; Jolly LLB 3 OTT Deal: How Much JioHotstar & Netflix Paid for Akshay and Arshad’s Hit; Netflix Might Have Warner Bros in Its Shopping Cart Next; Stranger Things Season 5 Trailer: The Final Battle With The All-Powerful Vecna Commences; Netflix exploring Warner Bros Discovery studio and HBO assets for potential deal; Netflix Announces 10-for-1 Stock Split to Democratize Share Ownership; Pentagon gets defensive about new Netflix movie; Netflix to launch real-time voting, new kids’ profiles and interactive homepage features: Full details"
2025-04-22,1005.2999877929688,1040.3399658203125,1064.969970703125,1004.52001953125,9368900.0,"Netflix (NFLX) Back in the Race for Warner Bros. Discovery (WBD) as Deal Buzz Builds; Netflix drops Stranger Things Season 5 trailer and it is dark!; Netflix Opts For Another Stock Split — And Is Reportedly Interested In Some Warner Bros. Assets; Jolly LLB 3 OTT Deal: How Much JioHotstar & Netflix Paid for Akshay and Arshad’s Hit; Netflix Might Have Warner Bros in Its Shopping Cart Next; Stranger Things Season 5 Trailer: The Final Battle With The All-Powerful Vecna Commences; Netflix exploring Warner Bros Discovery studio and HBO assets for potential deal; Netflix Announces 10-for-1 Stock Split to Democratize Share Ownership; Pentagon gets defensive about new Netflix movie; Netflix to launch real-time voting, new kids’ profiles and interactive homepage features: Full details"
2025-04-23,1047.219970703125,1049.5899658203125,1061.25,1032.0,6471900.0,"Netflix (NFLX) Back in the Race for Warner Bros. Discovery (WBD) as Deal Buzz Builds; Netflix drops Stranger Things Season 5 trailer and it is dark!; Netflix Opts For Another Stock Split — And Is Reportedly Interested In Some Warner Bros. Assets; Jolly LLB 3 OTT Deal: How Much JioHotstar & Netflix Paid for Akshay and Arshad’s Hit; Netflix Might Have Warner Bros in Its Shopping Cart Next; Stranger Things Season 5 Trailer: The Final Battle With The All-Powerful Vecna Commences; Netflix exploring Warner Bros Discovery studio and HBO assets for potential deal; Netflix Announces 10-for-1 Stock Split to Democratize Share Ownership; Pentagon gets defensive about new Netflix movie; Netflix to launch real-time voting, new kids’ profiles and interactive homepage features: Full details"
2025-04-24,1048.0,1096.8699951171875,1101.0,1047.02001953125,6381900.0,"Netflix (NFLX) Back in the Race for Warner Bros. Discovery (WBD) as Deal Buzz Builds; Netflix drops Stranger Things Season 5 trailer and it is dark!; Netflix Opts For Another Stock Split — And Is Reportedly Interested In Some Warner Bros. Assets; Jolly LLB 3 OTT Deal: How Much JioHotstar & Netflix Paid for Akshay and Arshad’s Hit; Netflix Might Have Warner Bros in Its Shopping Cart Next; Stranger Things Season 5 Trailer: The Final Battle With The All-Powerful Vecna Commences; Netflix exploring Warner Bros Discovery studio and HBO assets for potential deal; Netflix Announces 10-for-1 Stock Split to Democratize Share Ownership; Pentagon gets defensive about new Netflix movie; Netflix to launch real-time voting, new kids’ profiles and interactive homepage features: Full details"
2025-04-25,1097.0400390625,1101.530029296875,1106.800048828125,1091.0,3950000.0,"Netflix (NFLX) Back in the Race for Warner Bros. Discovery (WBD) as Deal Buzz Builds; Netflix drops Stranger Things Season 5 trailer and it is dark!; Netflix Opts For Another Stock Split — And Is Reportedly Interested In Some Warner Bros. Assets; Jolly LLB 3 OTT Deal: How Much JioHotstar & Netflix Paid for Akshay and Arshad’s Hit; Netflix Might Have Warner Bros in Its Shopping Cart Next; Stranger Things Season 5 Trailer: The Final Battle With The All-Powerful Vecna Commences; Netflix exploring Warner Bros Discovery studio and HBO assets for potential deal; Netflix Announces 10-for-1 Stock Split to Democratize Share Ownership; Pentagon gets defensive about new Netflix movie; Netflix to launch real-time voting, new kids’ profiles and interactive homepage features: Full details"
2025-04-28,1100.0,1110.3800048828125,1114.0,1082.6199951171875,3831100.0,"Netflix (NFLX) Back in the Race for Warner Bros. Discovery (WBD) as Deal Buzz Builds; Netflix drops Stranger Things Season 5 trailer and it is dark!; Netflix Opts For Another Stock Split — And Is Reportedly Interested In Some Warner Bros. Assets; Jolly LLB 3 OTT Deal: How Much JioHotstar & Netflix Paid for Akshay and Arshad’s Hit; Netflix Might Have Warner Bros in Its Shopping Cart Next; Stranger Things Season 5 Trailer: The Final Battle With The All-Powerful Vecna Commences; Netflix exploring Warner Bros Discovery studio and HBO assets for potential deal; Netflix Announces 10-for-1 Stock Split to Democratize Share Ownership; Pentagon gets defensive about new Netflix movie; Netflix to launch real-time voting, new kids’ profiles and interactive homepage features: Full details"
2025-04-29,1103.9200439453125,1125.6400146484375,1127.81005859375,1095.47998046875,3777300.0,"Netflix (NFLX) Back in the Race for Warner Bros. Discovery (WBD) as Deal Buzz Builds; Netflix drops Stranger Things Season 5 trailer and it is dark!; Netflix Opts For Another Stock Split — And Is Reportedly Interested In Some Warner Bros. Assets; Jolly LLB 3 OTT Deal: How Much JioHotstar & Netflix Paid for Akshay and Arshad’s Hit; Netflix Might Have Warner Bros in Its Shopping Cart Next; Stranger Things Season 5 Trailer: The Final Battle With The All-Powerful Vecna Commences; Netflix exploring Warner Bros Discovery studio and HBO assets for potential deal; Netflix Announces 10-for-1 Stock Split to Democratize Share Ownership; Pentagon gets defensive about new Netflix movie; Netflix to launch real-time voting, new kids’ profiles and interactive homepage features: Full details"
2025-04-30,1112.6500244140625,1131.719970703125,1133.199951171875,1101.1099853515625,4266700.0,"Netflix (NFLX) Back in the Race for Warner Bros. Discovery (WBD) as Deal Buzz Builds; Netflix drops Stranger Things Season 5 trailer and it is dark!; Netflix Opts For Another Stock Split — And Is Reportedly Interested In Some Warner Bros. Assets; Jolly LLB 3 OTT Deal: How Much JioHotstar & Netflix Paid for Akshay and Arshad’s Hit; Netflix Might Have Warner Bros in Its Shopping Cart Next; Stranger Things Season 5 Trailer: The Final Battle With The All-Powerful Vecna Commences; Netflix exploring Warner Bros Discovery studio and HBO assets for potential deal; Netflix Announces 10-for-1 Stock Split to Democratize Share Ownership; Pentagon gets defensive about new Netflix movie; Netflix to launch real-time voting, new kids’ profiles and interactive homepage features: Full details"
2025-05-01,1122.52001953125,1133.469970703125,1142.4200439453125,1111.8299560546875,3499500.0,"Netflix (NFLX) Back in the Race for Warner Bros. Discovery (WBD) as Deal Buzz Builds; Netflix drops Stranger Things Season 5 trailer and it is dark!; Netflix Opts For Another Stock Split — And Is Reportedly Interested In Some Warner Bros. Assets; Jolly LLB 3 OTT Deal: How Much JioHotstar & Netflix Paid for Akshay and Arshad’s Hit; Netflix Might Have Warner Bros in Its Shopping Cart Next; Stranger Things Season 5 Trailer: The Final Battle With The All-Powerful Vecna Commences; Netflix exploring Warner Bros Discovery studio and HBO assets for potential deal; Netflix Announces 10-for-1 Stock Split to Democratize Share Ownership; Pentagon gets defensive about new Netflix movie; Netflix to launch real-time voting, new kids’ profiles and interactive homepage features: Full details"
2025-05-02,1136.6600341796875,1156.489990234375,1159.43994140625,1133.3199462890625,3774300.0,"Netflix (NFLX) Back in the Race for Warner Bros. Discovery (WBD) as Deal Buzz Builds; Netflix drops Stranger Things Season 5 trailer and it is dark!; Netflix Opts For Another Stock Split — And Is Reportedly Interested In Some Warner Bros. Assets; Jolly LLB 3 OTT Deal: How Much JioHotstar & Netflix Paid for Akshay and Arshad’s Hit; Netflix Might Have Warner Bros in Its Shopping Cart Next; Stranger Things Season 5 Trailer: The Final Battle With The All-Powerful Vecna Commences; Netflix exploring Warner Bros Discovery studio and HBO assets for potential deal; Netflix Announces 10-for-1 Stock Split to Democratize Share Ownership; Pentagon gets defensive about new Netflix movie; Netflix to launch real-time voting, new kids’ profiles and interactive homepage features: Full details"
2025-05-05,1114.800048828125,1134.06005859375,1144.02001953125,1107.010009765625,5662300.0,"Netflix (NFLX) Back in the Race for Warner Bros. Discovery (WBD) as Deal Buzz Builds; Netflix drops Stranger Things Season 5 trailer and it is dark!; Netflix Opts For Another Stock Split — And Is Reportedly Interested In Some Warner Bros. Assets; Jolly LLB 3 OTT Deal: How Much JioHotstar & Netflix Paid for Akshay and Arshad’s Hit; Netflix Might Have Warner Bros in Its Shopping Cart Next; Stranger Things Season 5 Trailer: The Final Battle With The All-Powerful Vecna Commences; Netflix exploring Warner Bros Discovery studio and HBO assets for potential deal; Netflix Announces 10-for-1 Stock Split to Democratize Share Ownership; Pentagon gets defensive about new Netflix movie; Netflix to launch real-time voting, new kids’ profiles and interactive homepage features: Full details"
2025-05-06,1129.4300537109375,1137.68994140625,1147.6600341796875,1126.4000244140625,3256700.0,"Netflix (NFLX) Back in the Race for Warner Bros. Discovery (WBD) as Deal Buzz Builds; Netflix drops Stranger Things Season 5 trailer and it is dark!; Netflix Opts For Another Stock Split — And Is Reportedly Interested In Some Warner Bros. Assets; Jolly LLB 3 OTT Deal: How Much JioHotstar & Netflix Paid for Akshay and Arshad’s Hit; Netflix Might Have Warner Bros in Its Shopping Cart Next; Stranger Things Season 5 Trailer: The Final Battle With The All-Powerful Vecna Commences; Netflix exploring Warner Bros Discovery studio and HBO assets for potential deal; Netflix Announces 10-for-1 Stock Split to Democratize Share Ownership; Pentagon gets defensive about new Netflix movie; Netflix to launch real-time voting, new kids’ profiles and interactive homepage features: Full details"
2025-05-07,1139.1800537109375,1155.4100341796875,1164.0,1138.0,4349700.0,"Netflix (NFLX) Back in the Race for Warner Bros. Discovery (WBD) as Deal Buzz Builds; Netflix drops Stranger Things Season 5 trailer and it is dark!; Netflix Opts For Another Stock Split — And Is Reportedly Interested In Some Warner Bros. Assets; Jolly LLB 3 OTT Deal: How Much JioHotstar & Netflix Paid for Akshay and Arshad’s Hit; Netflix Might Have Warner Bros in Its Shopping Cart Next; Stranger Things Season 5 Trailer: The Final Battle With The All-Powerful Vecna Commences; Netflix exploring Warner Bros Discovery studio and HBO assets for potential deal; Netflix Announces 10-for-1 Stock Split to Democratize Share Ownership; Pentagon gets defensive about new Netflix movie; Netflix to launch real-time voting, new kids’ profiles and interactive homepage features: Full details"
2025-05-08,1161.6199951171875,1144.4300537109375,1162.2900390625,1139.199951171875,3760900.0,"Netflix (NFLX) Eyes Acquisition of Warner Bros Discovery's Studi; Netflix (NFLX) Back in the Race for Warner Bros. Discovery (WBD) as Deal Buzz Builds; Netflix drops Stranger Things Season 5 trailer and it is dark!; Netflix, Prime Video, Disney+, Apple TV+: 10 of the best new shows to stream in November; Netflix Opts For Another Stock Split — And Is Reportedly Interested In Some Warner Bros. Assets; Jolly LLB 3 OTT Deal: How Much JioHotstar & Netflix Paid for Akshay and Arshad’s Hit; Netflix Might Have Warner Bros in Its Shopping Cart Next; Stranger Things Season 5 Trailer: The Final Battle With The All-Powerful Vecna Commences; Netflix exploring Warner Bros Discovery studio and HBO assets for potential deal; Netflix Announces 10-for-1 Stock Split to Democratize Share Ownership"
2025-05-09,1147.0999755859375,1140.219970703125,1151.0,1133.219970703125,2569600.0,"Netflix (NFLX) Eyes Acquisition of Warner Bros Discovery's Studi; Netflix (NFLX) Back in the Race for Warner Bros. Discovery (WBD) as Deal Buzz Builds; Netflix drops Stranger Things Season 5 trailer and it is dark!; Netflix, Prime Video, Disney+, Apple TV+: 10 of the best new shows to stream in November; Netflix Opts For Another Stock Split — And Is Reportedly Interested In Some Warner Bros. Assets; Jolly LLB 3 OTT Deal: How Much JioHotstar & Netflix Paid for Akshay and Arshad’s Hit; Netflix Might Have Warner Bros in Its Shopping Cart Next; Stranger Things Season 5 Trailer: The Final Battle With The All-Powerful Vecna Commences; Netflix exploring Warner Bros Discovery studio and HBO assets for potential deal; Netflix Announces 10-for-1 Stock Split to Democratize Share Ownership"
2025-05-12,1124.260009765625,1110.0,1130.0,1102.9300537109375,6479100.0,"Netflix (NFLX) Eyes Acquisition of Warner Bros Discovery's Studi; Netflix (NFLX) Back in the Race for Warner Bros. Discovery (WBD) as Deal Buzz Builds; Netflix drops Stranger Things Season 5 trailer and it is dark!; Netflix, Prime Video, Disney+, Apple TV+: 10 of the best new shows to stream in November; Netflix Opts For Another Stock Split — And Is Reportedly Interested In Some Warner Bros. Assets; Jolly LLB 3 OTT Deal: How Much JioHotstar & Netflix Paid for Akshay and Arshad’s Hit; Netflix Might Have Warner Bros in Its Shopping Cart Next; Stranger Things Season 5 Trailer: The Final Battle With The All-Powerful Vecna Commences; Netflix exploring Warner Bros Discovery studio and HBO assets for potential deal; Netflix Announces 10-for-1 Stock Split to Democratize Share Ownership"
2025-05-13,1114.4599609375,1138.43994140625,1147.8800048828125,1106.300048828125,3997900.0,"Netflix (NFLX) Eyes Acquisition of Warner Bros Discovery's Studi; Netflix (NFLX) Back in the Race for Warner Bros. Discovery (WBD) as Deal Buzz Builds; Netflix drops Stranger Things Season 5 trailer and it is dark!; Netflix, Prime Video, Disney+, Apple TV+: 10 of the best new shows to stream in November; Netflix Opts For Another Stock Split — And Is Reportedly Interested In Some Warner Bros. Assets; Jolly LLB 3 OTT Deal: How Much JioHotstar & Netflix Paid for Akshay and Arshad’s Hit; Netflix Might Have Warner Bros in Its Shopping Cart Next; Stranger Things Season 5 Trailer: The Final Battle With The All-Powerful Vecna Commences; Netflix exploring Warner Bros Discovery studio and HBO assets for potential deal; Netflix Announces 10-for-1 Stock Split to Democratize Share Ownership"
2025-05-14,1129.5999755859375,1150.989990234375,1152.9000244140625,1128.4000244140625,3910100.0,"Netflix (NFLX) Eyes Acquisition of Warner Bros Discovery's Studi; Netflix (NFLX) Back in the Race for Warner Bros. Discovery (WBD) as Deal Buzz Builds; Netflix drops Stranger Things Season 5 trailer and it is dark!; Netflix, Prime Video, Disney+, Apple TV+: 10 of the best new shows to stream in November; Netflix Opts For Another Stock Split — And Is Reportedly Interested In Some Warner Bros. Assets; Jolly LLB 3 OTT Deal: How Much JioHotstar & Netflix Paid for Akshay and Arshad’s Hit; Netflix Might Have Warner Bros in Its Shopping Cart Next; Stranger Things Season 5 Trailer: The Final Battle With The All-Powerful Vecna Commences; Netflix exploring Warner Bros Discovery studio and HBO assets for potential deal; Netflix Announces 10-for-1 Stock Split to Democratize Share Ownership"
2025-05-15,1147.739990234375,1177.97998046875,1187.800048828125,1147.6500244140625,4464000.0,"Netflix (NFLX) Eyes Acquisition of Warner Bros Discovery's Studi; Netflix (NFLX) Back in the Race for Warner Bros. Discovery (WBD) as Deal Buzz Builds; Netflix drops Stranger Things Season 5 trailer and it is dark!; Netflix, Prime Video, Disney+, Apple TV+: 10 of the best new shows to stream in November; Netflix Opts For Another Stock Split — And Is Reportedly Interested In Some Warner Bros. Assets; Jolly LLB 3 OTT Deal: How Much JioHotstar & Netflix Paid for Akshay and Arshad’s Hit; Netflix Might Have Warner Bros in Its Shopping Cart Next; Stranger Things Season 5 Trailer: The Final Battle With The All-Powerful Vecna Commences; Netflix exploring Warner Bros Discovery studio and HBO assets for potential deal; Netflix Announces 10-for-1 Stock Split to Democratize Share Ownership"
2025-05-16,1193.1400146484375,1191.530029296875,1196.5,1179.3900146484375,4698400.0,"Netflix (NFLX) Eyes Acquisition of Warner Bros Discovery's Studi; Netflix (NFLX) Back in the Race for Warner Bros. Discovery (WBD) as Deal Buzz Builds; Netflix drops Stranger Things Season 5 trailer and it is dark!; Netflix, Prime Video, Disney+, Apple TV+: 10 of the best new shows to stream in November; Netflix Opts For Another Stock Split — And Is Reportedly Interested In Some Warner Bros. Assets; Jolly LLB 3 OTT Deal: How Much JioHotstar & Netflix Paid for Akshay and Arshad’s Hit; Netflix Might Have Warner Bros in Its Shopping Cart Next; Stranger Things Season 5 Trailer: The Final Battle With The All-Powerful Vecna Commences; Netflix exploring Warner Bros Discovery studio and HBO assets for potential deal; Netflix Announces 10-for-1 Stock Split to Democratize Share Ownership"
2025-05-19,1173.5799560546875,1191.6400146484375,1191.6400146484375,1171.7099609375,2853400.0,"Netflix (NFLX) Eyes Acquisition of Warner Bros Discovery's Studi; Netflix (NFLX) Back in the Race for Warner Bros. Discovery (WBD) as Deal Buzz Builds; Netflix drops Stranger Things Season 5 trailer and it is dark!; Netflix, Prime Video, Disney+, Apple TV+: 10 of the best new shows to stream in November; Netflix Opts For Another Stock Split — And Is Reportedly Interested In Some Warner Bros. Assets; Jolly LLB 3 OTT Deal: How Much JioHotstar & Netflix Paid for Akshay and Arshad’s Hit; Netflix Might Have Warner Bros in Its Shopping Cart Next; Stranger Things Season 5 Trailer: The Final Battle With The All-Powerful Vecna Commences; Netflix exploring Warner Bros Discovery studio and HBO assets for potential deal; Netflix Announces 10-for-1 Stock Split to Democratize Share Ownership"
2025-05-20,1186.7900390625,1192.02001953125,1193.0,1179.02001953125,2133100.0,"Netflix (NFLX) Eyes Acquisition of Warner Bros Discovery's Studi; Netflix (NFLX) Back in the Race for Warner Bros. Discovery (WBD) as Deal Buzz Builds; Netflix drops Stranger Things Season 5 trailer and it is dark!; Netflix, Prime Video, Disney+, Apple TV+: 10 of the best new shows to stream in November; Netflix Opts For Another Stock Split — And Is Reportedly Interested In Some Warner Bros. Assets; Jolly LLB 3 OTT Deal: How Much JioHotstar & Netflix Paid for Akshay and Arshad’s Hit; Netflix Might Have Warner Bros in Its Shopping Cart Next; Stranger Things Season 5 Trailer: The Final Battle With The All-Powerful Vecna Commences; Netflix exploring Warner Bros Discovery studio and HBO assets for potential deal; Netflix Announces 10-for-1 Stock Split to Democratize Share Ownership"
2025-05-21,1186.5,1194.6300048828125,1211.219970703125,1186.5,2976600.0,"Netflix (NFLX) Eyes Acquisition of Warner Bros Discovery's Studi; Netflix (NFLX) Back in the Race for Warner Bros. Discovery (WBD) as Deal Buzz Builds; Netflix drops Stranger Things Season 5 trailer and it is dark!; Netflix, Prime Video, Disney+, Apple TV+: 10 of the best new shows to stream in November; Netflix Opts For Another Stock Split — And Is Reportedly Interested In Some Warner Bros. Assets; Jolly LLB 3 OTT Deal: How Much JioHotstar & Netflix Paid for Akshay and Arshad’s Hit; Netflix Might Have Warner Bros in Its Shopping Cart Next; Stranger Things Season 5 Trailer: The Final Battle With The All-Powerful Vecna Commences; Netflix exploring Warner Bros Discovery studio and HBO assets for potential deal; Netflix Announces 10-for-1 Stock Split to Democratize Share Ownership"
2025-05-22,1192.4000244140625,1187.969970703125,1198.75,1187.2099609375,1861600.0,"Netflix (NFLX) Eyes Acquisition of Warner Bros Discovery's Studi; Netflix (NFLX) Back in the Race for Warner Bros. Discovery (WBD) as Deal Buzz Builds; Netflix drops Stranger Things Season 5 trailer and it is dark!; Netflix, Prime Video, Disney+, Apple TV+: 10 of the best new shows to stream in November; Netflix Opts For Another Stock Split — And Is Reportedly Interested In Some Warner Bros. Assets; Jolly LLB 3 OTT Deal: How Much JioHotstar & Netflix Paid for Akshay and Arshad’s Hit; Netflix Might Have Warner Bros in Its Shopping Cart Next; Stranger Things Season 5 Trailer: The Final Battle With The All-Powerful Vecna Commences; Netflix exploring Warner Bros Discovery studio and HBO assets for potential deal; Netflix Announces 10-for-1 Stock Split to Democratize Share Ownership"
2025-05-23,1184.0,1185.3900146484375,1191.449951171875,1179.43994140625,2186500.0,"Netflix (NFLX) Eyes Acquisition of Warner Bros Discovery's Studi; Netflix (NFLX) Back in the Race for Warner Bros. Discovery (WBD) as Deal Buzz Builds; Netflix drops Stranger Things Season 5 trailer and it is dark!; Netflix, Prime Video, Disney+, Apple TV+: 10 of the best new shows to stream in November; Netflix Opts For Another Stock Split — And Is Reportedly Interested In Some Warner Bros. Assets; Jolly LLB 3 OTT Deal: How Much JioHotstar & Netflix Paid for Akshay and Arshad’s Hit; Netflix Might Have Warner Bros in Its Shopping Cart Next; Stranger Things Season 5 Trailer: The Final Battle With The All-Powerful Vecna Commences; Netflix exploring Warner Bros Discovery studio and HBO assets for potential deal; Netflix Announces 10-for-1 Stock Split to Democratize Share Ownership"
2025-05-27,1195.3299560546875,1211.5699462890625,1211.77001953125,1193.0899658203125,2920500.0,"Netflix (NFLX) Eyes Acquisition of Warner Bros Discovery's Studi; Netflix (NFLX) Back in the Race for Warner Bros. Discovery (WBD) as Deal Buzz Builds; Netflix drops Stranger Things Season 5 trailer and it is dark!; Netflix, Prime Video, Disney+, Apple TV+: 10 of the best new shows to stream in November; Netflix Opts For Another Stock Split — And Is Reportedly Interested In Some Warner Bros. Assets; Jolly LLB 3 OTT Deal: How Much JioHotstar & Netflix Paid for Akshay and Arshad’s Hit; Netflix Might Have Warner Bros in Its Shopping Cart Next; Stranger Things Season 5 Trailer: The Final Battle With The All-Powerful Vecna Commences; Netflix exploring Warner Bros Discovery studio and HBO assets for potential deal; Netflix Announces 10-for-1 Stock Split to Democratize Share Ownership"
2025-05-28,1210.27001953125,1208.550048828125,1215.9100341796875,1206.02001953125,1855900.0,"Netflix (NFLX) Eyes Acquisition of Warner Bros Discovery's Studi; Netflix (NFLX) Back in the Race for Warner Bros. Discovery (WBD) as Deal Buzz Builds; Netflix drops Stranger Things Season 5 trailer and it is dark!; Netflix, Prime Video, Disney+, Apple TV+: 10 of the best new shows to stream in November; Netflix Opts For Another Stock Split — And Is Reportedly Interested In Some Warner Bros. Assets; Jolly LLB 3 OTT Deal: How Much JioHotstar & Netflix Paid for Akshay and Arshad’s Hit; Netflix Might Have Warner Bros in Its Shopping Cart Next; Stranger Things Season 5 Trailer: The Final Battle With The All-Powerful Vecna Commences; Netflix exploring Warner Bros Discovery studio and HBO assets for potential deal; Netflix Announces 10-for-1 Stock Split to Democratize Share Ownership"
2025-05-29,1208.0,1184.8599853515625,1209.0,1176.280029296875,3300700.0,"Netflix (NFLX) Eyes Acquisition of Warner Bros Discovery's Studi; Netflix (NFLX) Back in the Race for Warner Bros. Discovery (WBD) as Deal Buzz Builds; Netflix drops Stranger Things Season 5 trailer and it is dark!; Netflix, Prime Video, Disney+, Apple TV+: 10 of the best new shows to stream in November; Netflix Opts For Another Stock Split — And Is Reportedly Interested In Some Warner Bros. Assets; Jolly LLB 3 OTT Deal: How Much JioHotstar & Netflix Paid for Akshay and Arshad’s Hit; Netflix Might Have Warner Bros in Its Shopping Cart Next; Stranger Things Season 5 Trailer: The Final Battle With The All-Powerful Vecna Commences; Netflix exploring Warner Bros Discovery studio and HBO assets for potential deal; Netflix Announces 10-for-1 Stock Split to Democratize Share Ownership"
2025-05-30,1198.3299560546875,1207.22998046875,1211.81005859375,1180.9300537109375,4696800.0,"Netflix (NFLX) Eyes Acquisition of Warner Bros Discovery's Studi; Netflix (NFLX) Back in the Race for Warner Bros. Discovery (WBD) as Deal Buzz Builds; Netflix drops Stranger Things Season 5 trailer and it is dark!; Netflix, Prime Video, Disney+, Apple TV+: 10 of the best new shows to stream in November; Netflix Opts For Another Stock Split — And Is Reportedly Interested In Some Warner Bros. Assets; Jolly LLB 3 OTT Deal: How Much JioHotstar & Netflix Paid for Akshay and Arshad’s Hit; Netflix Might Have Warner Bros in Its Shopping Cart Next; Stranger Things Season 5 Trailer: The Final Battle With The All-Powerful Vecna Commences; Netflix exploring Warner Bros Discovery studio and HBO assets for potential deal; Netflix Announces 10-for-1 Stock Split to Democratize Share Ownership"
2025-06-02,1201.199951171875,1218.97998046875,1219.4000244140625,1196.25,2294200.0,"Netflix (NFLX) Eyes Acquisition of Warner Bros Discovery's Studi; Netflix (NFLX) Back in the Race for Warner Bros. Discovery (WBD) as Deal Buzz Builds; Netflix drops Stranger Things Season 5 trailer and it is dark!; Netflix, Prime Video, Disney+, Apple TV+: 10 of the best new shows to stream in November; Netflix Opts For Another Stock Split — And Is Reportedly Interested In Some Warner Bros. Assets; Jolly LLB 3 OTT Deal: How Much JioHotstar & Netflix Paid for Akshay and Arshad’s Hit; Netflix Might Have Warner Bros in Its Shopping Cart Next; Stranger Things Season 5 Trailer: The Final Battle With The All-Powerful Vecna Commences; Netflix exploring Warner Bros Discovery studio and HBO assets for potential deal; Netflix Announces 10-for-1 Stock Split to Democratize Share Ownership"
2025-06-03,1219.8699951171875,1217.93994140625,1229.5699462890625,1211.1800537109375,2363800.0,"Netflix (NFLX) Eyes Acquisition of Warner Bros Discovery's Studi; Netflix (NFLX) Back in the Race for Warner Bros. Discovery (WBD) as Deal Buzz Builds; Netflix drops Stranger Things Season 5 trailer and it is dark!; Netflix, Prime Video, Disney+, Apple TV+: 10 of the best new shows to stream in November; Netflix Opts For Another Stock Split — And Is Reportedly Interested In Some Warner Bros. Assets; Jolly LLB 3 OTT Deal: How Much JioHotstar & Netflix Paid for Akshay and Arshad’s Hit; Netflix Might Have Warner Bros in Its Shopping Cart Next; Stranger Things Season 5 Trailer: The Final Battle With The All-Powerful Vecna Commences; Netflix exploring Warner Bros Discovery studio and HBO assets for potential deal; Netflix Announces 10-for-1 Stock Split to Democratize Share Ownership"
2025-06-04,1220.72998046875,1239.6600341796875,1242.56005859375,1219.8800048828125,2359400.0,"Netflix (NFLX) Eyes Acquisition of Warner Bros Discovery's Studi; Netflix (NFLX) Back in the Race for Warner Bros. Discovery (WBD) as Deal Buzz Builds; Netflix drops Stranger Things Season 5 trailer and it is dark!; Netflix, Prime Video, Disney+, Apple TV+: 10 of the best new shows to stream in November; Netflix Opts For Another Stock Split — And Is Reportedly Interested In Some Warner Bros. Assets; Jolly LLB 3 OTT Deal: How Much JioHotstar & Netflix Paid for Akshay and Arshad’s Hit; Netflix Might Have Warner Bros in Its Shopping Cart Next; Stranger Things Season 5 Trailer: The Final Battle With The All-Powerful Vecna Commences; Netflix exploring Warner Bros Discovery studio and HBO assets for potential deal; Netflix Announces 10-for-1 Stock Split to Democratize Share Ownership"
2025-06-05,1240.5999755859375,1250.52001953125,1262.81005859375,1237.2900390625,2817200.0,"Netflix (NFLX) Eyes Acquisition of Warner Bros Discovery's Studi; Netflix (NFLX) Back in the Race for Warner Bros. Discovery (WBD) as Deal Buzz Builds; Netflix drops Stranger Things Season 5 trailer and it is dark!; Netflix, Prime Video, Disney+, Apple TV+: 10 of the best new shows to stream in November; Netflix Opts For Another Stock Split — And Is Reportedly Interested In Some Warner Bros. Assets; Jolly LLB 3 OTT Deal: How Much JioHotstar & Netflix Paid for Akshay and Arshad’s Hit; Netflix Might Have Warner Bros in Its Shopping Cart Next; Stranger Things Season 5 Trailer: The Final Battle With The All-Powerful Vecna Commences; Netflix exploring Warner Bros Discovery studio and HBO assets for potential deal; Netflix Announces 10-for-1 Stock Split to Democratize Share Ownership"
2025-06-06,1259.4100341796875,1241.469970703125,1260.0,1235.550048828125,2557000.0,"Netflix (NFLX) Eyes Acquisition of Warner Bros Discovery's Studi; Netflix (NFLX) Back in the Race for Warner Bros. Discovery (WBD) as Deal Buzz Builds; Netflix drops Stranger Things Season 5 trailer and it is dark!; Netflix, Prime Video, Disney+, Apple TV+: 10 of the best new shows to stream in November; Netflix Opts For Another Stock Split — And Is Reportedly Interested In Some Warner Bros. Assets; Jolly LLB 3 OTT Deal: How Much JioHotstar & Netflix Paid for Akshay and Arshad’s Hit; Netflix Might Have Warner Bros in Its Shopping Cart Next; Stranger Things Season 5 Trailer: The Final Battle With The All-Powerful Vecna Commences; Netflix exploring Warner Bros Discovery studio and HBO assets for potential deal; Netflix Announces 10-for-1 Stock Split to Democratize Share Ownership"
2025-06-09,1238.8800048828125,1224.4599609375,1238.8800048828125,1221.5699462890625,2403100.0,"Netflix (NFLX) Eyes Acquisition of Warner Bros Discovery's Studi; Netflix (NFLX) Back in the Race for Warner Bros. Discovery (WBD) as Deal Buzz Builds; Netflix drops Stranger Things Season 5 trailer and it is dark!; Netflix, Prime Video, Disney+, Apple TV+: 10 of the best new shows to stream in November; Netflix Opts For Another Stock Split — And Is Reportedly Interested In Some Warner Bros. Assets; Jolly LLB 3 OTT Deal: How Much JioHotstar & Netflix Paid for Akshay and Arshad’s Hit; Netflix Might Have Warner Bros in Its Shopping Cart Next; Stranger Things Season 5 Trailer: The Final Battle With The All-Powerful Vecna Commences; Netflix exploring Warner Bros Discovery studio and HBO assets for potential deal; Netflix Announces 10-for-1 Stock Split to Democratize Share Ownership"
2025-06-10,1227.52001953125,1203.6199951171875,1227.52001953125,1180.6099853515625,4454400.0,"Netflix (NFLX) Eyes Acquisition of Warner Bros Discovery's Studi; Netflix (NFLX) Back in the Race for Warner Bros. Discovery (WBD) as Deal Buzz Builds; Netflix drops Stranger Things Season 5 trailer and it is dark!; Netflix, Prime Video, Disney+, Apple TV+: 10 of the best new shows to stream in November; Netflix Opts For Another Stock Split — And Is Reportedly Interested In Some Warner Bros. Assets; Jolly LLB 3 OTT Deal: How Much JioHotstar & Netflix Paid for Akshay and Arshad’s Hit; Netflix Might Have Warner Bros in Its Shopping Cart Next; Stranger Things Season 5 Trailer: The Final Battle With The All-Powerful Vecna Commences; Netflix exploring Warner Bros Discovery studio and HBO assets for potential deal; Netflix Announces 10-for-1 Stock Split to Democratize Share Ownership"
2025-06-11,1202.5999755859375,1219.8800048828125,1228.2900390625,1196.010009765625,2382300.0,"Netflix (NFLX) Eyes Acquisition of Warner Bros Discovery's Studi; Netflix (NFLX) Back in the Race for Warner Bros. Discovery (WBD) as Deal Buzz Builds; Netflix drops Stranger Things Season 5 trailer and it is dark!; Netflix, Prime Video, Disney+, Apple TV+: 10 of the best new shows to stream in November; Netflix Opts For Another Stock Split — And Is Reportedly Interested In Some Warner Bros. Assets; Jolly LLB 3 OTT Deal: How Much JioHotstar & Netflix Paid for Akshay and Arshad’s Hit; Netflix Might Have Warner Bros in Its Shopping Cart Next; Stranger Things Season 5 Trailer: The Final Battle With The All-Powerful Vecna Commences; Netflix exploring Warner Bros Discovery studio and HBO assets for potential deal; Netflix Announces 10-for-1 Stock Split to Democratize Share Ownership"
2025-06-12,1222.5899658203125,1215.030029296875,1230.0,1211.9599609375,2084600.0,"Netflix (NFLX) Eyes Acquisition of Warner Bros Discovery's Studi; Netflix (NFLX) Back in the Race for Warner Bros. Discovery (WBD) as Deal Buzz Builds; Netflix drops Stranger Things Season 5 trailer and it is dark!; Netflix, Prime Video, Disney+, Apple TV+: 10 of the best new shows to stream in November; Netflix Opts For Another Stock Split — And Is Reportedly Interested In Some Warner Bros. Assets; Jolly LLB 3 OTT Deal: How Much JioHotstar & Netflix Paid for Akshay and Arshad’s Hit; Netflix Might Have Warner Bros in Its Shopping Cart Next; Stranger Things Season 5 Trailer: The Final Battle With The All-Powerful Vecna Commences; Netflix exploring Warner Bros Discovery studio and HBO assets for potential deal; Netflix Announces 10-for-1 Stock Split to Democratize Share Ownership"
2025-06-13,1206.5899658203125,1212.1500244140625,1220.6199951171875,1201.8900146484375,2210300.0,"Netflix (NFLX) Eyes Acquisition of Warner Bros Discovery's Studi; Netflix (NFLX) Back in the Race for Warner Bros. Discovery (WBD) as Deal Buzz Builds; Netflix drops Stranger Things Season 5 trailer and it is dark!; Netflix, Prime Video, Disney+, Apple TV+: 10 of the best new shows to stream in November; Netflix Opts For Another Stock Split — And Is Reportedly Interested In Some Warner Bros. Assets; Jolly LLB 3 OTT Deal: How Much JioHotstar & Netflix Paid for Akshay and Arshad’s Hit; Netflix Might Have Warner Bros in Its Shopping Cart Next; Stranger Things Season 5 Trailer: The Final Battle With The All-Powerful Vecna Commences; Netflix exploring Warner Bros Discovery studio and HBO assets for potential deal; Netflix Announces 10-for-1 Stock Split to Democratize Share Ownership"
2025-06-16,1212.199951171875,1225.3499755859375,1226.25,1212.199951171875,2112800.0,"Netflix (NFLX) Eyes Acquisition of Warner Bros Discovery's Studi; Netflix (NFLX) Back in the Race for Warner Bros. Discovery (WBD) as Deal Buzz Builds; Netflix drops Stranger Things Season 5 trailer and it is dark!; Netflix, Prime Video, Disney+, Apple TV+: 10 of the best new shows to stream in November; Netflix Opts For Another Stock Split — And Is Reportedly Interested In Some Warner Bros. Assets; Jolly LLB 3 OTT Deal: How Much JioHotstar & Netflix Paid for Akshay and Arshad’s Hit; Netflix Might Have Warner Bros in Its Shopping Cart Next; Stranger Things Season 5 Trailer: The Final Battle With The All-Powerful Vecna Commences; Netflix exploring Warner Bros Discovery studio and HBO assets for potential deal; Netflix Announces 10-for-1 Stock Split to Democratize Share Ownership"
2025-06-17,1219.949951171875,1220.6700439453125,1232.3599853515625,1216.0899658203125,1892100.0,"Netflix (NFLX) Eyes Acquisition of Warner Bros Discovery's Studi; Netflix (NFLX) Back in the Race for Warner Bros. Discovery (WBD) as Deal Buzz Builds; Netflix drops Stranger Things Season 5 trailer and it is dark!; Netflix, Prime Video, Disney+, Apple TV+: 10 of the best new shows to stream in November; Netflix Opts For Another Stock Split — And Is Reportedly Interested In Some Warner Bros. Assets; Jolly LLB 3 OTT Deal: How Much JioHotstar & Netflix Paid for Akshay and Arshad’s Hit; Netflix Might Have Warner Bros in Its Shopping Cart Next; Stranger Things Season 5 Trailer: The Final Battle With The All-Powerful Vecna Commences; Netflix exploring Warner Bros Discovery studio and HBO assets for potential deal; Netflix Announces 10-for-1 Stock Split to Democratize Share Ownership"
2025-06-18,1229.989990234375,1222.2900390625,1242.0,1220.5,2281000.0,"Netflix (NFLX) Eyes Acquisition of Warner Bros Discovery's Studi; Netflix (NFLX) Back in the Race for Warner Bros. Discovery (WBD) as Deal Buzz Builds; Netflix drops Stranger Things Season 5 trailer and it is dark!; Netflix, Prime Video, Disney+, Apple TV+: 10 of the best new shows to stream in November; Netflix Opts For Another Stock Split — And Is Reportedly Interested In Some Warner Bros. Assets; Jolly LLB 3 OTT Deal: How Much JioHotstar & Netflix Paid for Akshay and Arshad’s Hit; Netflix Might Have Warner Bros in Its Shopping Cart Next; Stranger Things Season 5 Trailer: The Final Battle With The All-Powerful Vecna Commences; Netflix exploring Warner Bros Discovery studio and HBO assets for potential deal; Netflix Announces 10-for-1 Stock Split to Democratize Share Ownership"
2025-06-20,1234.449951171875,1231.4100341796875,1248.5,1224.3499755859375,5348200.0,"Netflix (NFLX) Eyes Acquisition of Warner Bros Discovery's Studi; Netflix (NFLX) Back in the Race for Warner Bros. Discovery (WBD) as Deal Buzz Builds; Netflix drops Stranger Things Season 5 trailer and it is dark!; Netflix, Prime Video, Disney+, Apple TV+: 10 of the best new shows to stream in November; Netflix Opts For Another Stock Split — And Is Reportedly Interested In Some Warner Bros. Assets; Jolly LLB 3 OTT Deal: How Much JioHotstar & Netflix Paid for Akshay and Arshad’s Hit; Netflix Might Have Warner Bros in Its Shopping Cart Next; Stranger Things Season 5 Trailer: The Final Battle With The All-Powerful Vecna Commences; Netflix exploring Warner Bros Discovery studio and HBO assets for potential deal; Netflix Announces 10-for-1 Stock Split to Democratize Share Ownership"
2025-06-23,1238.030029296875,1253.5400390625,1254.8399658203125,1215.010009765625,2667300.0,"Netflix (NFLX) Eyes Acquisition of Warner Bros Discovery's Studi; Netflix (NFLX) Back in the Race for Warner Bros. Discovery (WBD) as Deal Buzz Builds; Netflix drops Stranger Things Season 5 trailer and it is dark!; Netflix, Prime Video, Disney+, Apple TV+: 10 of the best new shows to stream in November; Netflix Opts For Another Stock Split — And Is Reportedly Interested In Some Warner Bros. Assets; Jolly LLB 3 OTT Deal: How Much JioHotstar & Netflix Paid for Akshay and Arshad’s Hit; Netflix Might Have Warner Bros in Its Shopping Cart Next; Stranger Things Season 5 Trailer: The Final Battle With The All-Powerful Vecna Commences; Netflix exploring Warner Bros Discovery studio and HBO assets for potential deal; Netflix Announces 10-for-1 Stock Split to Democratize Share Ownership"
2025-06-24,1260.550048828125,1279.1099853515625,1282.5699462890625,1255.0,2663300.0,"Netflix (NFLX) Eyes Acquisition of Warner Bros Discovery's Studi; Netflix (NFLX) Back in the Race for Warner Bros. Discovery (WBD) as Deal Buzz Builds; Netflix drops Stranger Things Season 5 trailer and it is dark!; Netflix, Prime Video, Disney+, Apple TV+: 10 of the best new shows to stream in November; Netflix Opts For Another Stock Split — And Is Reportedly Interested In Some Warner Bros. Assets; Jolly LLB 3 OTT Deal: How Much JioHotstar & Netflix Paid for Akshay and Arshad’s Hit; Netflix Might Have Warner Bros in Its Shopping Cart Next; Stranger Things Season 5 Trailer: The Final Battle With The All-Powerful Vecna Commences; Netflix exploring Warner Bros Discovery studio and HBO assets for potential deal; Netflix Announces 10-for-1 Stock Split to Democratize Share Ownership"
2025-06-25,1286.8399658203125,1275.25,1298.0,1273.81005859375,2146500.0,"Netflix (NFLX) Eyes Acquisition of Warner Bros Discovery's Studi; Netflix (NFLX) Back in the Race for Warner Bros. Discovery (WBD) as Deal Buzz Builds; Netflix drops Stranger Things Season 5 trailer and it is dark!; Netflix, Prime Video, Disney+, Apple TV+: 10 of the best new shows to stream in November; Netflix Opts For Another Stock Split — And Is Reportedly Interested In Some Warner Bros. Assets; Jolly LLB 3 OTT Deal: How Much JioHotstar & Netflix Paid for Akshay and Arshad’s Hit; Netflix Might Have Warner Bros in Its Shopping Cart Next; Stranger Things Season 5 Trailer: The Final Battle With The All-Powerful Vecna Commences; Netflix exploring Warner Bros Discovery studio and HBO assets for potential deal; Netflix Announces 10-for-1 Stock Split to Democratize Share Ownership"
2025-06-26,1280.0,1306.6700439453125,1307.3399658203125,1280.0,2605900.0,"Netflix (NFLX) Eyes Acquisition of Warner Bros Discovery's Studi; Netflix (NFLX) Back in the Race for Warner Bros. Discovery (WBD) as Deal Buzz Builds; Netflix drops Stranger Things Season 5 trailer and it is dark!; Netflix, Prime Video, Disney+, Apple TV+: 10 of the best new shows to stream in November; Netflix Opts For Another Stock Split — And Is Reportedly Interested In Some Warner Bros. Assets; Jolly LLB 3 OTT Deal: How Much JioHotstar & Netflix Paid for Akshay and Arshad’s Hit; Netflix Might Have Warner Bros in Its Shopping Cart Next; Stranger Things Season 5 Trailer: The Final Battle With The All-Powerful Vecna Commences; Netflix exploring Warner Bros Discovery studio and HBO assets for potential deal; Netflix Announces 10-for-1 Stock Split to Democratize Share Ownership"
2025-06-27,1306.8800048828125,1323.1199951171875,1331.3499755859375,1301.0,4070900.0,"Netflix Halloween movies 2025: Here's what kids, teens, and adults can watch today; Wedbush Remains Bullish on Netflix (NFLX) Despite Short-Term Margin Setback; The 10 best and scariest Halloween films to binge on Netflix this weekend; Netflix explores acquisition of Warner Bros ᐉ News from Fakti.bg - Business; Terminator Genisys arrives on Netflix on November 7, 2025.; Netflix unveils official trailer for 'Stranger Things' final season; ‘Lasting Moments’ (2025) Netflix Movie Review - A Devoted Couple Fights, But Hold on | MOVIESR.NET; Netflix, Comcast Up Public Interest in Warner Bros. Discovery Asset Acquisition; Amazon, Netflix among market cap stock movers on Friday By Investing.com; Report: Netflix Considering Bid For Warner Bros. Discovery"
2025-06-30,1331.0,1339.1300048828125,1341.1500244140625,1321.2099609375,3282900.0,"Netflix Halloween movies 2025: Here's what kids, teens, and adults can watch today; Wedbush Remains Bullish on Netflix (NFLX) Despite Short-Term Margin Setback; The 10 best and scariest Halloween films to binge on Netflix this weekend; Netflix explores acquisition of Warner Bros ᐉ News from Fakti.bg - Business; Terminator Genisys arrives on Netflix on November 7, 2025.; Netflix unveils official trailer for 'Stranger Things' final season; ‘Lasting Moments’ (2025) Netflix Movie Review - A Devoted Couple Fights, But Hold on | MOVIESR.NET; Netflix, Comcast Up Public Interest in Warner Bros. Discovery Asset Acquisition; Amazon, Netflix among market cap stock movers on Friday By Investing.com; Report: Netflix Considering Bid For Warner Bros. Discovery"
2025-07-01,1338.22998046875,1293.5999755859375,1338.77001953125,1282.219970703125,4993600.0,"Netflix Halloween movies 2025: Here's what kids, teens, and adults can watch today; Wedbush Remains Bullish on Netflix (NFLX) Despite Short-Term Margin Setback; The 10 best and scariest Halloween films to binge on Netflix this weekend; Netflix explores acquisition of Warner Bros ᐉ News from Fakti.bg - Business; Terminator Genisys arrives on Netflix on November 7, 2025.; Netflix unveils official trailer for 'Stranger Things' final season; ‘Lasting Moments’ (2025) Netflix Movie Review - A Devoted Couple Fights, But Hold on | MOVIESR.NET; Netflix, Comcast Up Public Interest in Warner Bros. Discovery Asset Acquisition; Amazon, Netflix among market cap stock movers on Friday By Investing.com; Report: Netflix Considering Bid For Warner Bros. Discovery"
2025-07-02,1296.9599609375,1284.8599853515625,1299.949951171875,1271.5899658203125,3048800.0,"Netflix Halloween movies 2025: Here's what kids, teens, and adults can watch today; Wedbush Remains Bullish on Netflix (NFLX) Despite Short-Term Margin Setback; The 10 best and scariest Halloween films to binge on Netflix this weekend; Netflix explores acquisition of Warner Bros ᐉ News from Fakti.bg - Business; Terminator Genisys arrives on Netflix on November 7, 2025.; Netflix unveils official trailer for 'Stranger Things' final season; ‘Lasting Moments’ (2025) Netflix Movie Review - A Devoted Couple Fights, But Hold on | MOVIESR.NET; Netflix, Comcast Up Public Interest in Warner Bros. Discovery Asset Acquisition; Amazon, Netflix among market cap stock movers on Friday By Investing.com; Report: Netflix Considering Bid For Warner Bros. Discovery"
2025-07-03,1292.0,1297.1800537109375,1302.260009765625,1279.760009765625,2006200.0,"Netflix Halloween movies 2025: Here's what kids, teens, and adults can watch today; Wedbush Remains Bullish on Netflix (NFLX) Despite Short-Term Margin Setback; The 10 best and scariest Halloween films to binge on Netflix this weekend; Netflix explores acquisition of Warner Bros ᐉ News from Fakti.bg - Business; Terminator Genisys arrives on Netflix on November 7, 2025.; Netflix unveils official trailer for 'Stranger Things' final season; ‘Lasting Moments’ (2025) Netflix Movie Review - A Devoted Couple Fights, But Hold on | MOVIESR.NET; Netflix, Comcast Up Public Interest in Warner Bros. Discovery Asset Acquisition; Amazon, Netflix among market cap stock movers on Friday By Investing.com; Report: Netflix Considering Bid For Warner Bros. Discovery"
2025-07-07,1295.0,1289.6199951171875,1295.0,1276.02001953125,2273700.0,"Netflix Halloween movies 2025: Here's what kids, teens, and adults can watch today; Wedbush Remains Bullish on Netflix (NFLX) Despite Short-Term Margin Setback; The 10 best and scariest Halloween films to binge on Netflix this weekend; Netflix explores acquisition of Warner Bros ᐉ News from Fakti.bg - Business; Humans In The Loop’ Starts Streaming On Netflix; Terminator Genisys arrives on Netflix on November 7, 2025.; Netflix unveils official trailer for 'Stranger Things' final season; ‘Lasting Moments’ (2025) Netflix Movie Review - A Devoted Couple Fights, But Hold on | MOVIESR.NET; Netflix, Comcast Up Public Interest in Warner Bros. Discovery Asset Acquisition; Amazon, Netflix among market cap stock movers on Friday By Investing.com"
2025-07-08,1290.9000244140625,1275.31005859375,1293.25,1260.0,3292500.0,"Netflix Halloween movies 2025: Here's what kids, teens, and adults can watch today; Wedbush Remains Bullish on Netflix (NFLX) Despite Short-Term Margin Setback; The 10 best and scariest Halloween films to binge on Netflix this weekend; Netflix explores acquisition of Warner Bros ᐉ News from Fakti.bg - Business; Terminator Genisys arrives on Netflix on November 7, 2025.; Netflix unveils official trailer for 'Stranger Things' final season; ‘Lasting Moments’ (2025) Netflix Movie Review - A Devoted Couple Fights, But Hold on | MOVIESR.NET; Netflix, Comcast Up Public Interest in Warner Bros. Discovery Asset Acquisition; Amazon, Netflix among market cap stock movers on Friday By Investing.com; Report: Netflix Considering Bid For Warner Bros. Discovery"
2025-07-14,1244.9100341796875,1261.949951171875,1270.489990234375,1240.0,2781000.0,"Netflix Halloween movies 2025: Here's what kids, teens, and adults can watch today; Wedbush Remains Bullish on Netflix (NFLX) Despite Short-Term Margin Setback; The 10 best and scariest Halloween films to binge on Netflix this weekend; Netflix explores acquisition of Warner Bros ᐉ News from Fakti.bg - Business; Terminator Genisys arrives on Netflix on November 7, 2025.; Netflix unveils official trailer for 'Stranger Things' final season; ‘Lasting Moments’ (2025) Netflix Movie Review - A Devoted Couple Fights, But Hold on | MOVIESR.NET; Netflix, Comcast Up Public Interest in Warner Bros. Discovery Asset Acquisition; Amazon, Netflix among market cap stock movers on Friday By Investing.com; Report: Netflix Considering Bid For Warner Bros. Discovery"
2025-07-15,1262.0,1260.27001953125,1271.219970703125,1243.239990234375,2801700.0,"Netflix Halloween movies 2025: Here's what kids, teens, and adults can watch today; Wedbush Remains Bullish on Netflix (NFLX) Despite Short-Term Margin Setback; The 10 best and scariest Halloween films to binge on Netflix this weekend; Netflix explores acquisition of Warner Bros ᐉ News from Fakti.bg - Business; Terminator Genisys arrives on Netflix on November 7, 2025.; Netflix unveils official trailer for 'Stranger Things' final season; ‘Lasting Moments’ (2025) Netflix Movie Review - A Devoted Couple Fights, But Hold on | MOVIESR.NET; Netflix, Comcast Up Public Interest in Warner Bros. Discovery Asset Acquisition; Amazon, Netflix among market cap stock movers on Friday By Investing.com; Report: Netflix Considering Bid For Warner Bros. Discovery"
2025-07-16,1261.7099609375,1250.31005859375,1271.0,1249.8199462890625,3227000.0,"Netflix Halloween movies 2025: Here's what kids, teens, and adults can watch today; Wedbush Remains Bullish on Netflix (NFLX) Despite Short-Term Margin Setback; The 10 best and scariest Halloween films to binge on Netflix this weekend; Netflix explores acquisition of Warner Bros ᐉ News from Fakti.bg - Business; Terminator Genisys arrives on Netflix on November 7, 2025.; Netflix unveils official trailer for 'Stranger Things' final season; ‘Lasting Moments’ (2025) Netflix Movie Review - A Devoted Couple Fights, But Hold on | MOVIESR.NET; Netflix, Comcast Up Public Interest in Warner Bros. Discovery Asset Acquisition; Amazon, Netflix among market cap stock movers on Friday By Investing.com; Report: Netflix Considering Bid For Warner Bros. Discovery"
2025-07-17,1253.0,1274.1700439453125,1277.5,1244.800048828125,6469900.0,"Netflix Halloween movies 2025: Here's what kids, teens, and adults can watch today; Wedbush Remains Bullish on Netflix (NFLX) Despite Short-Term Margin Setback; The 10 best and scariest Halloween films to binge on Netflix this weekend; Netflix explores acquisition of Warner Bros ᐉ News from Fakti.bg - Business; Terminator Genisys arrives on Netflix on November 7, 2025.; Netflix unveils official trailer for 'Stranger Things' final season; ‘Lasting Moments’ (2025) Netflix Movie Review - A Devoted Couple Fights, But Hold on | MOVIESR.NET; Netflix, Comcast Up Public Interest in Warner Bros. Discovery Asset Acquisition; Amazon, Netflix among market cap stock movers on Friday By Investing.com; Report: Netflix Considering Bid For Warner Bros. Discovery"
2025-07-18,1241.9599609375,1209.239990234375,1246.5,1201.010009765625,10693300.0,"Crazy, Stupid, Love arrives on Netflix on November 13, 2025.; Netflix Halloween movies 2025: Here's what kids, teens, and adults can watch today; Wedbush Remains Bullish on Netflix (NFLX) Despite Short-Term Margin Setback; The 10 best and scariest Halloween films to binge on Netflix this weekend; Netflix explores acquisition of Warner Bros ᐉ News from Fakti.bg - Business; Humans In The Loop’ Starts Streaming On Netflix; Terminator Genisys arrives on Netflix on November 7, 2025.; Netflix unveils official trailer for 'Stranger Things' final season; ‘Lasting Moments’ (2025) Netflix Movie Review - A Devoted Couple Fights, But Hold on | MOVIESR.NET; Netflix, Comcast Up Public Interest in Warner Bros. Discovery Asset Acquisition"
2025-07-21,1206.0,1233.27001953125,1237.0999755859375,1198.0,5627600.0,"Crazy, Stupid, Love arrives on Netflix on November 13, 2025.; Netflix Halloween movies 2025: Here's what kids, teens, and adults can watch today; Wedbush Remains Bullish on Netflix (NFLX) Despite Short-Term Margin Setback; The 10 best and scariest Halloween films to binge on Netflix this weekend; Netflix explores acquisition of Warner Bros ᐉ News from Fakti.bg - Business; Humans In The Loop’ Starts Streaming On Netflix; Terminator Genisys arrives on Netflix on November 7, 2025.; Netflix unveils official trailer for 'Stranger Things' final season; ‘Lasting Moments’ (2025) Netflix Movie Review - A Devoted Couple Fights, But Hold on | MOVIESR.NET; Netflix, Comcast Up Public Interest in Warner Bros. Discovery Asset Acquisition"
2025-07-22,1230.3800048828125,1190.0799560546875,1232.3699951171875,1187.5,5063000.0,"Crazy, Stupid, Love arrives on Netflix on November 13, 2025.; Netflix Halloween movies 2025: Here's what kids, teens, and adults can watch today; Wedbush Remains Bullish on Netflix (NFLX) Despite Short-Term Margin Setback; The 10 best and scariest Halloween films to binge on Netflix this weekend; Netflix explores acquisition of Warner Bros ᐉ News from Fakti.bg - Business; Humans In The Loop’ Starts Streaming On Netflix; Terminator Genisys arrives on Netflix on November 7, 2025.; Netflix unveils official trailer for 'Stranger Things' final season; ‘Lasting Moments’ (2025) Netflix Movie Review - A Devoted Couple Fights, But Hold on | MOVIESR.NET; Netflix, Comcast Up Public Interest in Warner Bros. Discovery Asset Acquisition"
2025-07-23,1189.81005859375,1176.780029296875,1192.6199951171875,1173.5999755859375,4504300.0,"Crazy, Stupid, Love arrives on Netflix on November 13, 2025.; Netflix Halloween movies 2025: Here's what kids, teens, and adults can watch today; Wedbush Remains Bullish on Netflix (NFLX) Despite Short-Term Margin Setback; The 10 best and scariest Halloween films to binge on Netflix this weekend; Netflix explores acquisition of Warner Bros ᐉ News from Fakti.bg - Business; Humans In The Loop’ Starts Streaming On Netflix; Terminator Genisys arrives on Netflix on November 7, 2025.; Netflix unveils official trailer for 'Stranger Things' final season; ‘Lasting Moments’ (2025) Netflix Movie Review - A Devoted Couple Fights, But Hold on | MOVIESR.NET; Netflix, Comcast Up Public Interest in Warner Bros. Discovery Asset Acquisition"
2025-07-24,1177.800048828125,1180.760009765625,1183.5,1162.6600341796875,3845600.0,"Netflix Announces 10-For-1 Stock Split, Shares Rise; Crazy, Stupid, Love arrives on Netflix on November 13, 2025.; Netflix Halloween movies 2025: Here's what kids, teens, and adults can watch today; Wedbush Remains Bullish on Netflix (NFLX) Despite Short-Term Margin Setback; The 10 best and scariest Halloween films to binge on Netflix this weekend; Netflix explores acquisition of Warner Bros ᐉ News from Fakti.bg - Business; Humans In The Loop’ Starts Streaming On Netflix; Terminator Genisys arrives on Netflix on November 7, 2025.; Netflix unveils official trailer for 'Stranger Things' final season; ‘Lasting Moments’ (2025) Netflix Movie Review - A Devoted Couple Fights, But Hold on | MOVIESR.NET"
2025-07-25,1178.4200439453125,1180.489990234375,1187.3199462890625,1174.3800048828125,2629300.0,"Crazy, Stupid, Love arrives on Netflix on November 13, 2025.; Netflix Halloween movies 2025: Here's what kids, teens, and adults can watch today; Wedbush Remains Bullish on Netflix (NFLX) Despite Short-Term Margin Setback; The 10 best and scariest Halloween films to binge on Netflix this weekend; Netflix explores acquisition of Warner Bros ᐉ News from Fakti.bg - Business; Humans In The Loop’ Starts Streaming On Netflix; Terminator Genisys arrives on Netflix on November 7, 2025.; Netflix unveils official trailer for 'Stranger Things' final season; ‘Lasting Moments’ (2025) Netflix Movie Review - A Devoted Couple Fights, But Hold on | MOVIESR.NET; Netflix, Comcast Up Public Interest in Warner Bros. Discovery Asset Acquisition"
2025-07-28,1181.199951171875,1174.5999755859375,1197.7900390625,1168.530029296875,3447000.0,"Crazy, Stupid, Love arrives on Netflix on November 13, 2025.; Netflix Halloween movies 2025: Here's what kids, teens, and adults can watch today; Wedbush Remains Bullish on Netflix (NFLX) Despite Short-Term Margin Setback; The 10 best and scariest Halloween films to binge on Netflix this weekend; Netflix explores acquisition of Warner Bros ᐉ News from Fakti.bg - Business; Humans In The Loop’ Starts Streaming On Netflix; Terminator Genisys arrives on Netflix on November 7, 2025.; Netflix unveils official trailer for 'Stranger Things' final season; ‘Lasting Moments’ (2025) Netflix Movie Review - A Devoted Couple Fights, But Hold on | MOVIESR.NET; Netflix, Comcast Up Public Interest in Warner Bros. Discovery Asset Acquisition"
2025-07-29,1179.0,1168.739990234375,1179.5999755859375,1163.2900390625,2752500.0,"Crazy, Stupid, Love arrives on Netflix on November 13, 2025.; Netflix Halloween movies 2025: Here's what kids, teens, and adults can watch today; Wedbush Remains Bullish on Netflix (NFLX) Despite Short-Term Margin Setback; The 10 best and scariest Halloween films to binge on Netflix this weekend; Netflix explores acquisition of Warner Bros ᐉ News from Fakti.bg - Business; Humans In The Loop’ Starts Streaming On Netflix; Terminator Genisys arrives on Netflix on November 7, 2025.; Netflix unveils official trailer for 'Stranger Things' final season; ‘Lasting Moments’ (2025) Netflix Movie Review - A Devoted Couple Fights, But Hold on | MOVIESR.NET; Netflix, Comcast Up Public Interest in Warner Bros. Discovery Asset Acquisition"
2025-07-30,1168.550048828125,1184.199951171875,1184.8499755859375,1166.0999755859375,2922700.0,"Netflix Announces 10-For-1 Stock Split, Shares Rise; Crazy, Stupid, Love arrives on Netflix on November 13, 2025.; Netflix Halloween movies 2025: Here's what kids, teens, and adults can watch today; Wedbush Remains Bullish on Netflix (NFLX) Despite Short-Term Margin Setback; The 10 best and scariest Halloween films to binge on Netflix this weekend; Netflix explores acquisition of Warner Bros ᐉ News from Fakti.bg - Business; Humans In The Loop’ Starts Streaming On Netflix; Terminator Genisys arrives on Netflix on November 7, 2025.; Netflix unveils official trailer for 'Stranger Things' final season; ‘Lasting Moments’ (2025) Netflix Movie Review - A Devoted Couple Fights, But Hold on | MOVIESR.NET"
2025-07-31,1184.800048828125,1159.4000244140625,1190.0,1157.739990234375,3712900.0,"Crazy, Stupid, Love arrives on Netflix on November 13, 2025.; Netflix Halloween movies 2025: Here's what kids, teens, and adults can watch today; Wedbush Remains Bullish on Netflix (NFLX) Despite Short-Term Margin Setback; The 10 best and scariest Halloween films to binge on Netflix this weekend; Netflix explores acquisition of Warner Bros ᐉ News from Fakti.bg - Business; Humans In The Loop’ Starts Streaming On Netflix; Terminator Genisys arrives on Netflix on November 7, 2025.; Netflix unveils official trailer for 'Stranger Things' final season; ‘Lasting Moments’ (2025) Netflix Movie Review - A Devoted Couple Fights, But Hold on | MOVIESR.NET; Netflix, Comcast Up Public Interest in Warner Bros. Discovery Asset Acquisition"
2025-08-01,1163.010009765625,1158.5999755859375,1178.510009765625,1152.8499755859375,3891000.0,"Crazy, Stupid, Love arrives on Netflix on November 13, 2025.; Netflix Halloween movies 2025: Here's what kids, teens, and adults can watch today; Wedbush Remains Bullish on Netflix (NFLX) Despite Short-Term Margin Setback; The 10 best and scariest Halloween films to binge on Netflix this weekend; Netflix explores acquisition of Warner Bros ᐉ News from Fakti.bg - Business; Humans In The Loop’ Starts Streaming On Netflix; Terminator Genisys arrives on Netflix on November 7, 2025.; Netflix unveils official trailer for 'Stranger Things' final season; ‘Lasting Moments’ (2025) Netflix Movie Review - A Devoted Couple Fights, But Hold on | MOVIESR.NET; Netflix, Comcast Up Public Interest in Warner Bros. Discovery Asset Acquisition"
2025-08-04,1167.6500244140625,1170.989990234375,1177.0,1162.6199951171875,2244700.0,"Netflix Announces 10-For-1 Stock Split, Shares Rise; Crazy, Stupid, Love arrives on Netflix on November 13, 2025.; Netflix Halloween movies 2025: Here's what kids, teens, and adults can watch today; Wedbush Remains Bullish on Netflix (NFLX) Despite Short-Term Margin Setback; The 10 best and scariest Halloween films to binge on Netflix this weekend; Netflix explores acquisition of Warner Bros ᐉ News from Fakti.bg - Business; Humans In The Loop’ Starts Streaming On Netflix; Terminator Genisys arrives on Netflix on November 7, 2025.; Netflix unveils official trailer for 'Stranger Things' final season; ‘Lasting Moments’ (2025) Netflix Movie Review - A Devoted Couple Fights, But Hold on | MOVIESR.NET"
2025-08-05,1171.0,1147.8699951171875,1171.7099609375,1144.7099609375,2660700.0,"Crazy, Stupid, Love arrives on Netflix on November 13, 2025.; Netflix Halloween movies 2025: Here's what kids, teens, and adults can watch today; Wedbush Remains Bullish on Netflix (NFLX) Despite Short-Term Margin Setback; The 10 best and scariest Halloween films to binge on Netflix this weekend; Netflix explores acquisition of Warner Bros ᐉ News from Fakti.bg - Business; Humans In The Loop’ Starts Streaming On Netflix; Terminator Genisys arrives on Netflix on November 7, 2025.; Netflix unveils official trailer for 'Stranger Things' final season; ‘Lasting Moments’ (2025) Netflix Movie Review - A Devoted Couple Fights, But Hold on | MOVIESR.NET; Netflix, Comcast Up Public Interest in Warner Bros. Discovery Asset Acquisition"
2025-08-06,1153.52001953125,1178.47998046875,1181.3800048828125,1151.8699951171875,3362200.0,"Crazy, Stupid, Love arrives on Netflix on November 13, 2025.; Netflix Halloween movies 2025: Here's what kids, teens, and adults can watch today; Wedbush Remains Bullish on Netflix (NFLX) Despite Short-Term Margin Setback; The 10 best and scariest Halloween films to binge on Netflix this weekend; Netflix explores acquisition of Warner Bros ᐉ News from Fakti.bg - Business; Humans In The Loop’ Starts Streaming On Netflix; Terminator Genisys arrives on Netflix on November 7, 2025.; Netflix unveils official trailer for 'Stranger Things' final season; ‘Lasting Moments’ (2025) Netflix Movie Review - A Devoted Couple Fights, But Hold on | MOVIESR.NET; Netflix, Comcast Up Public Interest in Warner Bros. Discovery Asset Acquisition"
2025-08-07,1181.760009765625,1180.3699951171875,1191.219970703125,1168.199951171875,2628300.0,"Crazy, Stupid, Love arrives on Netflix on November 13, 2025.; Netflix Halloween movies 2025: Here's what kids, teens, and adults can watch today; Wedbush Remains Bullish on Netflix (NFLX) Despite Short-Term Margin Setback; The 10 best and scariest Halloween films to binge on Netflix this weekend; Netflix explores acquisition of Warner Bros ᐉ News from Fakti.bg - Business; Humans In The Loop’ Starts Streaming On Netflix; Terminator Genisys arrives on Netflix on November 7, 2025.; Netflix unveils official trailer for 'Stranger Things' final season; ‘Lasting Moments’ (2025) Netflix Movie Review - A Devoted Couple Fights, But Hold on | MOVIESR.NET; Netflix, Comcast Up Public Interest in Warner Bros. Discovery Asset Acquisition"
2025-08-08,1183.18994140625,1211.6400146484375,1214.1099853515625,1180.3699951171875,3816700.0,"Crazy, Stupid, Love arrives on Netflix on November 13, 2025.; Netflix Halloween movies 2025: Here's what kids, teens, and adults can watch today; Wedbush Remains Bullish on Netflix (NFLX) Despite Short-Term Margin Setback; The 10 best and scariest Halloween films to binge on Netflix this weekend; Netflix explores acquisition of Warner Bros ᐉ News from Fakti.bg - Business; Humans In The Loop’ Starts Streaming On Netflix; Terminator Genisys arrives on Netflix on November 7, 2025.; Netflix unveils official trailer for 'Stranger Things' final season; ‘Lasting Moments’ (2025) Netflix Movie Review - A Devoted Couple Fights, But Hold on | MOVIESR.NET; Netflix, Comcast Up Public Interest in Warner Bros. Discovery Asset Acquisition"
2025-08-11,1214.010009765625,1218.31005859375,1223.0699462890625,1201.9300537109375,2455600.0,"Crazy, Stupid, Love arrives on Netflix on November 13, 2025.; Netflix Halloween movies 2025: Here's what kids, teens, and adults can watch today; Wedbush Remains Bullish on Netflix (NFLX) Despite Short-Term Margin Setback; The 10 best and scariest Halloween films to binge on Netflix this weekend; Netflix explores acquisition of Warner Bros ᐉ News from Fakti.bg - Business; Humans In The Loop’ Starts Streaming On Netflix; Terminator Genisys arrives on Netflix on November 7, 2025.; Netflix unveils official trailer for 'Stranger Things' final season; ‘Lasting Moments’ (2025) Netflix Movie Review - A Devoted Couple Fights, But Hold on | MOVIESR.NET; Netflix, Comcast Up Public Interest in Warner Bros. Discovery Asset Acquisition"
2025-08-12,1225.0,1225.280029296875,1231.989990234375,1206.510009765625,2278800.0,"Crazy, Stupid, Love arrives on Netflix on November 13, 2025.; Netflix Halloween movies 2025: Here's what kids, teens, and adults can watch today; Wedbush Remains Bullish on Netflix (NFLX) Despite Short-Term Margin Setback; The 10 best and scariest Halloween films to binge on Netflix this weekend; Netflix explores acquisition of Warner Bros ᐉ News from Fakti.bg - Business; Humans In The Loop’ Starts Streaming On Netflix; Terminator Genisys arrives on Netflix on November 7, 2025.; Netflix unveils official trailer for 'Stranger Things' final season; ‘Lasting Moments’ (2025) Netflix Movie Review - A Devoted Couple Fights, But Hold on | MOVIESR.NET; Netflix, Comcast Up Public Interest in Warner Bros. Discovery Asset Acquisition"
2025-08-13,1234.0,1204.43994140625,1237.1199951171875,1203.0,2762400.0,"Crazy, Stupid, Love arrives on Netflix on November 13, 2025.; Netflix Halloween movies 2025: Here's what kids, teens, and adults can watch today; Wedbush Remains Bullish on Netflix (NFLX) Despite Short-Term Margin Setback; The 10 best and scariest Halloween films to binge on Netflix this weekend; Netflix explores acquisition of Warner Bros ᐉ News from Fakti.bg - Business; Humans In The Loop’ Starts Streaming On Netflix; Terminator Genisys arrives on Netflix on November 7, 2025.; Netflix unveils official trailer for 'Stranger Things' final season; ‘Lasting Moments’ (2025) Netflix Movie Review - A Devoted Couple Fights, But Hold on | MOVIESR.NET; Netflix, Comcast Up Public Interest in Warner Bros. Discovery Asset Acquisition"
2025-08-14,1209.8900146484375,1230.56005859375,1244.0899658203125,1207.030029296875,3904700.0,"Crazy, Stupid, Love arrives on Netflix on November 13, 2025.; Netflix Halloween movies 2025: Here's what kids, teens, and adults can watch today; Wedbush Remains Bullish on Netflix (NFLX) Despite Short-Term Margin Setback; The 10 best and scariest Halloween films to binge on Netflix this weekend; Netflix explores acquisition of Warner Bros ᐉ News from Fakti.bg - Business; Humans In The Loop’ Starts Streaming On Netflix; Terminator Genisys arrives on Netflix on November 7, 2025.; Netflix unveils official trailer for 'Stranger Things' final season; ‘Lasting Moments’ (2025) Netflix Movie Review - A Devoted Couple Fights, But Hold on | MOVIESR.NET; Netflix, Comcast Up Public Interest in Warner Bros. Discovery Asset Acquisition"
2025-08-15,1234.0400390625,1238.949951171875,1246.93994140625,1227.8800048828125,2767800.0,"Crazy, Stupid, Love arrives on Netflix on November 13, 2025.; Netflix Halloween movies 2025: Here's what kids, teens, and adults can watch today; Wedbush Remains Bullish on Netflix (NFLX) Despite Short-Term Margin Setback; The 10 best and scariest Halloween films to binge on Netflix this weekend; Netflix explores acquisition of Warner Bros ᐉ News from Fakti.bg - Business; Humans In The Loop’ Starts Streaming On Netflix; Terminator Genisys arrives on Netflix on November 7, 2025.; Netflix unveils official trailer for 'Stranger Things' final season; ‘Lasting Moments’ (2025) Netflix Movie Review - A Devoted Couple Fights, But Hold on | MOVIESR.NET; Netflix, Comcast Up Public Interest in Warner Bros. Discovery Asset Acquisition"
2025-08-18,1235.6300048828125,1245.0899658203125,1251.1600341796875,1235.449951171875,2111100.0,"Crazy, Stupid, Love arrives on Netflix on November 13, 2025.; Netflix Halloween movies 2025: Here's what kids, teens, and adults can watch today; Wedbush Remains Bullish on Netflix (NFLX) Despite Short-Term Margin Setback; The 10 best and scariest Halloween films to binge on Netflix this weekend; Netflix explores acquisition of Warner Bros ᐉ News from Fakti.bg - Business; Humans In The Loop’ Starts Streaming On Netflix; Terminator Genisys arrives on Netflix on November 7, 2025.; Netflix unveils official trailer for 'Stranger Things' final season; ‘Lasting Moments’ (2025) Netflix Movie Review - A Devoted Couple Fights, But Hold on | MOVIESR.NET; Netflix, Comcast Up Public Interest in Warner Bros. Discovery Asset Acquisition"
2025-08-19,1240.199951171875,1214.1500244140625,1241.0,1192.7900390625,3707700.0,"Crazy, Stupid, Love arrives on Netflix on November 13, 2025.; Netflix Halloween movies 2025: Here's what kids, teens, and adults can watch today; Wedbush Remains Bullish on Netflix (NFLX) Despite Short-Term Margin Setback; The 10 best and scariest Halloween films to binge on Netflix this weekend; Netflix explores acquisition of Warner Bros ᐉ News from Fakti.bg - Business; Humans In The Loop’ Starts Streaming On Netflix; Terminator Genisys arrives on Netflix on November 7, 2025.; Netflix unveils official trailer for 'Stranger Things' final season; ‘Lasting Moments’ (2025) Netflix Movie Review - A Devoted Couple Fights, But Hold on | MOVIESR.NET; Netflix, Comcast Up Public Interest in Warner Bros. Discovery Asset Acquisition"
2025-08-20,1218.0,1213.8599853515625,1223.0,1193.31005859375,2434400.0,"Crazy, Stupid, Love arrives on Netflix on November 13, 2025.; Netflix Halloween movies 2025: Here's what kids, teens, and adults can watch today; Wedbush Remains Bullish on Netflix (NFLX) Despite Short-Term Margin Setback; The 10 best and scariest Halloween films to binge on Netflix this weekend; Netflix explores acquisition of Warner Bros ᐉ News from Fakti.bg - Business; Humans In The Loop’ Starts Streaming On Netflix; Terminator Genisys arrives on Netflix on November 7, 2025.; Netflix unveils official trailer for 'Stranger Things' final season; ‘Lasting Moments’ (2025) Netflix Movie Review - A Devoted Couple Fights, But Hold on | MOVIESR.NET; Netflix, Comcast Up Public Interest in Warner Bros. Discovery Asset Acquisition"
2025-08-21,1211.4300537109375,1206.2099609375,1221.4000244140625,1197.6400146484375,2047200.0,"Here's What's Leaving Netflix Canada in November 2025; 7 new movies and TV shows to watch on Netflix, Prime Video, HBO Max and more this weekend (October 31); Netflix Has Released the Final Illustrated Poster for ‘Stranger Things’ We’ll Ever See; Netflix Announces 10-For-1 Stock Split, Shares Rise; Crazy, Stupid, Love arrives on Netflix on November 13, 2025.; Netflix Stock Is Set for a 10-for-1 Split. What You Need To Know; Netflix Halloween movies 2025: Here's what kids, teens, and adults can watch today; Wedbush Remains Bullish on Netflix (NFLX) Despite Short-Term Margin Setback; The 10 best and scariest Halloween films to binge on Netflix this weekend; Netflix explores acquisition of Warner Bros ᐉ News from Fakti.bg - Business"
2025-08-22,1208.8800048828125,1204.6500244140625,1213.6199951171875,1198.22998046875,3128100.0,"Here's What's Leaving Netflix Canada in November 2025; Netflix Announces 10-For-1 Stock Split, Shares Rise; 7 new movies and TV shows to watch on Netflix, Prime Video, HBO Max and more this weekend (October 31); Netflix Has Released the Final Illustrated Poster for ‘Stranger Things’ We’ll Ever See; Crazy, Stupid, Love arrives on Netflix on November 13, 2025.; Netflix Stock Is Set for a 10-for-1 Split. What You Need To Know; Netflix Halloween movies 2025: Here's what kids, teens, and adults can watch today; Wedbush Remains Bullish on Netflix (NFLX) Despite Short-Term Margin Setback; The 10 best and scariest Halloween films to binge on Netflix this weekend; Netflix explores acquisition of Warner Bros ᐉ News from Fakti.bg - Business"
2025-08-25,1201.6500244140625,1218.0699462890625,1233.800048828125,1199.0,2812000.0,"Here's What's Leaving Netflix Canada in November 2025; Netflix Announces 10-For-1 Stock Split, Shares Rise; 7 new movies and TV shows to watch on Netflix, Prime Video, HBO Max and more this weekend (October 31); Netflix Has Released the Final Illustrated Poster for ‘Stranger Things’ We’ll Ever See; Crazy, Stupid, Love arrives on Netflix on November 13, 2025.; Netflix Stock Is Set for a 10-for-1 Split. What You Need To Know; Netflix Halloween movies 2025: Here's what kids, teens, and adults can watch today; Wedbush Remains Bullish on Netflix (NFLX) Despite Short-Term Margin Setback; The 10 best and scariest Halloween films to binge on Netflix this weekend; Netflix explores acquisition of Warner Bros ᐉ News from Fakti.bg - Business"
2025-08-26,1220.2099609375,1226.0899658203125,1231.5,1212.199951171875,1985700.0,"Here's What's Leaving Netflix Canada in November 2025; Netflix Announces 10-For-1 Stock Split, Shares Rise; 7 new movies and TV shows to watch on Netflix, Prime Video, HBO Max and more this weekend (October 31); A Stranger Things Star's Revenge Comedy On Netflix Is A Cult Classic In The Making; Netflix Has Released the Final Illustrated Poster for ‘Stranger Things’ We’ll Ever See; Crazy, Stupid, Love arrives on Netflix on November 13, 2025.; Netflix Stock Is Set for a 10-for-1 Split. What You Need To Know; Netflix Halloween movies 2025: Here's what kids, teens, and adults can watch today; Wedbush Remains Bullish on Netflix (NFLX) Despite Short-Term Margin Setback; The 10 best and scariest Halloween films to binge on Netflix this weekend"
2025-08-27,1223.6099853515625,1223.5,1229.2099609375,1213.0,1664500.0,"Here's What's Leaving Netflix Canada in November 2025; Netflix Announces 10-For-1 Stock Split, Shares Rise; 7 new movies and TV shows to watch on Netflix, Prime Video, HBO Max and more this weekend (October 31); A Stranger Things Star's Revenge Comedy On Netflix Is A Cult Classic In The Making; Netflix Has Released the Final Illustrated Poster for ‘Stranger Things’ We’ll Ever See; Crazy, Stupid, Love arrives on Netflix on November 13, 2025.; Netflix Stock Is Set for a 10-for-1 Split. What You Need To Know; Netflix Halloween movies 2025: Here's what kids, teens, and adults can watch today; Wedbush Remains Bullish on Netflix (NFLX) Despite Short-Term Margin Setback; The 10 best and scariest Halloween films to binge on Netflix this weekend"
2025-08-28,1222.7900390625,1231.449951171875,1237.8900146484375,1214.27001953125,1950300.0,"Here's What's Leaving Netflix Canada in November 2025; Netflix Announces 10-For-1 Stock Split, Shares Rise; 7 new movies and TV shows to watch on Netflix, Prime Video, HBO Max and more this weekend (October 31); A Stranger Things Star's Revenge Comedy On Netflix Is A Cult Classic In The Making; Netflix Has Released the Final Illustrated Poster for ‘Stranger Things’ We’ll Ever See; Crazy, Stupid, Love arrives on Netflix on November 13, 2025.; Netflix Stock Is Set for a 10-for-1 Split. What You Need To Know; Netflix Halloween movies 2025: Here's what kids, teens, and adults can watch today; Wedbush Remains Bullish on Netflix (NFLX) Despite Short-Term Margin Setback; The 10 best and scariest Halloween films to binge on Netflix this weekend"
2025-08-29,1227.969970703125,1208.25,1228.7900390625,1201.1500244140625,3209800.0,"Here's What's Leaving Netflix Canada in November 2025; Netflix Announces 10-For-1 Stock Split, Shares Rise; A Stranger Things Star's Revenge Comedy On Netflix Is A Cult Classic In The Making; 7 new movies and TV shows to watch on Netflix, Prime Video, HBO Max and more this weekend (October 31); Netflix Has Released the Final Illustrated Poster for ‘Stranger Things’ We’ll Ever See; Crazy, Stupid, Love arrives on Netflix on November 13, 2025.; Netflix Stock Is Set for a 10-for-1 Split. What You Need To Know; Netflix Halloween movies 2025: Here's what kids, teens, and adults can watch today; Wedbush Remains Bullish on Netflix (NFLX) Despite Short-Term Margin Setback; The 10 best and scariest Halloween films to binge on Netflix this weekend"
2025-09-02,1197.0,1214.1099853515625,1215.4000244140625,1182.800048828125,2303300.0,"Here's What's Leaving Netflix Canada in November 2025; Netflix Announces 10-For-1 Stock Split, Shares Rise; 7 new movies and TV shows to watch on Netflix, Prime Video, HBO Max and more this weekend (October 31); A Stranger Things Star's Revenge Comedy On Netflix Is A Cult Classic In The Making; Netflix Has Released the Final Illustrated Poster for ‘Stranger Things’ We’ll Ever See; Crazy, Stupid, Love arrives on Netflix on November 13, 2025.; Netflix Stock Is Set for a 10-for-1 Split. What You Need To Know; Netflix Halloween movies 2025: Here's what kids, teens, and adults can watch today; Wedbush Remains Bullish on Netflix (NFLX) Despite Short-Term Margin Setback; The 10 best and scariest Halloween films to binge on Netflix this weekend"
2025-09-03,1205.1400146484375,1226.1800537109375,1227.0,1203.3800048828125,2471500.0,"The Doctor Is In: Watch These Oscar Isaac Movies Before Frankenstein; Here's What's Leaving Netflix Canada in November 2025; Netflix Announces 10-For-1 Stock Split, Shares Rise; 7 new movies and TV shows to watch on Netflix, Prime Video, HBO Max and more this weekend (October 31); A Stranger Things Star's Revenge Comedy On Netflix Is A Cult Classic In The Making; Netflix Has Released the Final Illustrated Poster for ‘Stranger Things’ We’ll Ever See; Crazy, Stupid, Love arrives on Netflix on November 13, 2025.; Netflix Stock Is Set for a 10-for-1 Split. What You Need To Know; Netflix Halloween movies 2025: Here's what kids, teens, and adults can watch today; Wedbush Remains Bullish on Netflix (NFLX) Despite Short-Term Margin Setback"
2025-09-04,1223.199951171875,1257.47998046875,1257.47998046875,1223.0899658203125,3023500.0,"Here's What's Leaving Netflix Canada in November 2025; Netflix Announces 10-For-1 Stock Split, Shares Rise; A Stranger Things Star's Revenge Comedy On Netflix Is A Cult Classic In The Making; 7 new movies and TV shows to watch on Netflix, Prime Video, HBO Max and more this weekend (October 31); Netflix Has Released the Final Illustrated Poster for ‘Stranger Things’ We’ll Ever See; Crazy, Stupid, Love arrives on Netflix on November 13, 2025.; Netflix Stock Is Set for a 10-for-1 Split. What You Need To Know; Netflix Halloween movies 2025: Here's what kids, teens, and adults can watch today; Wedbush Remains Bullish on Netflix (NFLX) Despite Short-Term Margin Setback; The 10 best and scariest Halloween films to binge on Netflix this weekend"
2025-09-05,1260.0,1243.8199462890625,1267.0999755859375,1239.02001953125,2379700.0,"Here's What's Leaving Netflix Canada in November 2025; Netflix Announces 10-For-1 Stock Split, Shares Rise; 7 new movies and TV shows to watch on Netflix, Prime Video, HBO Max and more this weekend (October 31); A Stranger Things Star's Revenge Comedy On Netflix Is A Cult Classic In The Making; Netflix Has Released the Final Illustrated Poster for ‘Stranger Things’ We’ll Ever See; Crazy, Stupid, Love arrives on Netflix on November 13, 2025.; Netflix Stock Is Set for a 10-for-1 Split. What You Need To Know; Netflix Halloween movies 2025: Here's what kids, teens, and adults can watch today; Wedbush Remains Bullish on Netflix (NFLX) Despite Short-Term Margin Setback; The 10 best and scariest Halloween films to binge on Netflix this weekend"
2025-09-08,1248.5400390625,1244.760009765625,1252.0400390625,1232.0,1915100.0,"Here's What's Leaving Netflix Canada in November 2025; Netflix Announces 10-For-1 Stock Split, Shares Rise; A Stranger Things Star's Revenge Comedy On Netflix Is A Cult Classic In The Making; 7 new movies and TV shows to watch on Netflix, Prime Video, HBO Max and more this weekend (October 31); Netflix Has Released the Final Illustrated Poster for ‘Stranger Things’ We’ll Ever See; Crazy, Stupid, Love arrives on Netflix on November 13, 2025.; Netflix Stock Is Set for a 10-for-1 Split. What You Need To Know; Netflix Halloween movies 2025: Here's what kids, teens, and adults can watch today; Wedbush Remains Bullish on Netflix (NFLX) Despite Short-Term Margin Setback; The 10 best and scariest Halloween films to binge on Netflix this weekend"
2025-09-09,1246.6700439453125,1263.25,1265.719970703125,1246.6700439453125,2219700.0,"Here's What's Leaving Netflix Canada in November 2025; Netflix Announces 10-For-1 Stock Split, Shares Rise; 7 new movies and TV shows to watch on Netflix, Prime Video, HBO Max and more this weekend (October 31); A Stranger Things Star's Revenge Comedy On Netflix Is A Cult Classic In The Making; Netflix Has Released the Final Illustrated Poster for ‘Stranger Things’ We’ll Ever See; Crazy, Stupid, Love arrives on Netflix on November 13, 2025.; Netflix Stock Is Set for a 10-for-1 Split. What You Need To Know; Netflix Halloween movies 2025: Here's what kids, teens, and adults can watch today; Wedbush Remains Bullish on Netflix (NFLX) Despite Short-Term Margin Setback; The 10 best and scariest Halloween films to binge on Netflix this weekend"
2025-09-10,1263.969970703125,1247.7099609375,1267.0,1246.3599853515625,2701000.0,"Here's What's Leaving Netflix Canada in November 2025; Netflix Announces 10-For-1 Stock Split, Shares Rise; 7 new movies and TV shows to watch on Netflix, Prime Video, HBO Max and more this weekend (October 31); A Stranger Things Star's Revenge Comedy On Netflix Is A Cult Classic In The Making; Netflix Has Released the Final Illustrated Poster for ‘Stranger Things’ We’ll Ever See; Crazy, Stupid, Love arrives on Netflix on November 13, 2025.; Netflix Stock Is Set for a 10-for-1 Split. What You Need To Know; Netflix Halloween movies 2025: Here's what kids, teens, and adults can watch today; Wedbush Remains Bullish on Netflix (NFLX) Despite Short-Term Margin Setback; The 10 best and scariest Halloween films to binge on Netflix this weekend"
2025-09-11,1251.0,1203.5,1253.449951171875,1192.0,5682300.0,"Here's What's Leaving Netflix Canada in November 2025; Netflix Announces 10-For-1 Stock Split, Shares Rise; 7 new movies and TV shows to watch on Netflix, Prime Video, HBO Max and more this weekend (October 31); A Stranger Things Star's Revenge Comedy On Netflix Is A Cult Classic In The Making; Netflix Has Released the Final Illustrated Poster for ‘Stranger Things’ We’ll Ever See; Crazy, Stupid, Love arrives on Netflix on November 13, 2025.; Netflix Stock Is Set for a 10-for-1 Split. What You Need To Know; Netflix Halloween movies 2025: Here's what kids, teens, and adults can watch today; Wedbush Remains Bullish on Netflix (NFLX) Despite Short-Term Margin Setback; The 10 best and scariest Halloween films to binge on Netflix this weekend"
2025-09-12,1203.06005859375,1188.43994140625,1211.780029296875,1182.4000244140625,3784900.0,"Here's What's Leaving Netflix Canada in November 2025; Netflix Announces 10-For-1 Stock Split, Shares Rise; 7 new movies and TV shows to watch on Netflix, Prime Video, HBO Max and more this weekend (October 31); A Stranger Things Star's Revenge Comedy On Netflix Is A Cult Classic In The Making; Netflix Has Released the Final Illustrated Poster for ‘Stranger Things’ We’ll Ever See; Crazy, Stupid, Love arrives on Netflix on November 13, 2025.; Netflix Stock Is Set for a 10-for-1 Split. What You Need To Know; Netflix Halloween movies 2025: Here's what kids, teens, and adults can watch today; Wedbush Remains Bullish on Netflix (NFLX) Despite Short-Term Margin Setback; The 10 best and scariest Halloween films to binge on Netflix this weekend"
2025-09-15,1188.4000244140625,1202.260009765625,1207.239990234375,1173.2099609375,2909300.0,"The Doctor Is In: Watch These Oscar Isaac Movies Before Frankenstein; Here's What's Leaving Netflix Canada in November 2025; Netflix Announces 10-For-1 Stock Split, Shares Rise; 7 new movies and TV shows to watch on Netflix, Prime Video, HBO Max and more this weekend (October 31); A Stranger Things Star's Revenge Comedy On Netflix Is A Cult Classic In The Making; Netflix Has Released the Final Illustrated Poster for ‘Stranger Things’ We’ll Ever See; Crazy, Stupid, Love arrives on Netflix on November 13, 2025.; Netflix Stock Is Set for a 10-for-1 Split. What You Need To Know; Netflix Halloween movies 2025: Here's what kids, teens, and adults can watch today; Wedbush Remains Bullish on Netflix (NFLX) Despite Short-Term Margin Setback"
2025-09-16,1205.6400146484375,1200.510009765625,1209.0,1197.280029296875,2404700.0,"The Doctor Is In: Watch These Oscar Isaac Movies Before Frankenstein; Here's What's Leaving Netflix Canada in November 2025; Netflix Announces 10-For-1 Stock Split, Shares Rise; 7 new movies and TV shows to watch on Netflix, Prime Video, HBO Max and more this weekend (October 31); A Stranger Things Star's Revenge Comedy On Netflix Is A Cult Classic In The Making; Netflix Has Released the Final Illustrated Poster for ‘Stranger Things’ We’ll Ever See; Crazy, Stupid, Love arrives on Netflix on November 13, 2025.; Netflix Stock Is Set for a 10-for-1 Split. What You Need To Know; Netflix Halloween movies 2025: Here's what kids, teens, and adults can watch today; Wedbush Remains Bullish on Netflix (NFLX) Despite Short-Term Margin Setback"
2025-09-17,1221.02001953125,1228.5,1233.9300537109375,1206.6099853515625,3459800.0,"The Doctor Is In: Watch These Oscar Isaac Movies Before Frankenstein; Here's What's Leaving Netflix Canada in November 2025; Netflix Announces 10-For-1 Stock Split, Shares Rise; 7 new movies and TV shows to watch on Netflix, Prime Video, HBO Max and more this weekend (October 31); A Stranger Things Star's Revenge Comedy On Netflix Is A Cult Classic In The Making; Netflix Has Released the Final Illustrated Poster for ‘Stranger Things’ We’ll Ever See; Crazy, Stupid, Love arrives on Netflix on November 13, 2025.; Netflix Stock Is Set for a 10-for-1 Split. What You Need To Know; Netflix Halloween movies 2025: Here's what kids, teens, and adults can watch today; Wedbush Remains Bullish on Netflix (NFLX) Despite Short-Term Margin Setback"
2025-09-18,1220.8199462890625,1207.780029296875,1233.0,1205.5,3169100.0,"The Doctor Is In: Watch These Oscar Isaac Movies Before Frankenstein; Here's What's Leaving Netflix Canada in November 2025; Netflix Announces 10-For-1 Stock Split, Shares Rise; 7 new movies and TV shows to watch on Netflix, Prime Video, HBO Max and more this weekend (October 31); A Stranger Things Star's Revenge Comedy On Netflix Is A Cult Classic In The Making; Netflix Has Released the Final Illustrated Poster for ‘Stranger Things’ We’ll Ever See; Crazy, Stupid, Love arrives on Netflix on November 13, 2025.; Netflix Stock Is Set for a 10-for-1 Split. What You Need To Know; Netflix Halloween movies 2025: Here's what kids, teens, and adults can watch today; Wedbush Remains Bullish on Netflix (NFLX) Despite Short-Term Margin Setback"
2025-09-19,1218.6199951171875,1226.969970703125,1229.949951171875,1208.0999755859375,4947600.0,"The Doctor Is In: Watch These Oscar Isaac Movies Before Frankenstein; Here's What's Leaving Netflix Canada in November 2025; Netflix Announces 10-For-1 Stock Split, Shares Rise; 7 new movies and TV shows to watch on Netflix, Prime Video, HBO Max and more this weekend (October 31); A Stranger Things Star's Revenge Comedy On Netflix Is A Cult Classic In The Making; Netflix Has Released the Final Illustrated Poster for ‘Stranger Things’ We’ll Ever See; Crazy, Stupid, Love arrives on Netflix on November 13, 2025.; Netflix Stock Is Set for a 10-for-1 Split. What You Need To Know; Netflix Halloween movies 2025: Here's what kids, teens, and adults can watch today; Wedbush Remains Bullish on Netflix (NFLX) Despite Short-Term Margin Setback"
2025-09-22,1221.9000244140625,1227.3699951171875,1229.760009765625,1214.239990234375,2546800.0,"The Doctor Is In: Watch These Oscar Isaac Movies Before Frankenstein; Here's What's Leaving Netflix Canada in November 2025; Netflix Announces 10-For-1 Stock Split, Shares Rise; 7 new movies and TV shows to watch on Netflix, Prime Video, HBO Max and more this weekend (October 31); A Stranger Things Star's Revenge Comedy On Netflix Is A Cult Classic In The Making; Netflix Has Released the Final Illustrated Poster for ‘Stranger Things’ We’ll Ever See; Crazy, Stupid, Love arrives on Netflix on November 13, 2025.; Netflix Stock Is Set for a 10-for-1 Split. What You Need To Know; Netflix Halloween movies 2025: Here's what kids, teens, and adults can watch today; Wedbush Remains Bullish on Netflix (NFLX) Despite Short-Term Margin Setback"
2025-09-23,1227.3299560546875,1218.469970703125,1227.7900390625,1208.469970703125,2499100.0,"The Doctor Is In: Watch These Oscar Isaac Movies Before Frankenstein; Here's What's Leaving Netflix Canada in November 2025; Netflix Announces 10-For-1 Stock Split, Shares Rise; 7 new movies and TV shows to watch on Netflix, Prime Video, HBO Max and more this weekend (October 31); A Stranger Things Star's Revenge Comedy On Netflix Is A Cult Classic In The Making; Netflix Has Released the Final Illustrated Poster for ‘Stranger Things’ We’ll Ever See; Crazy, Stupid, Love arrives on Netflix on November 13, 2025.; Netflix Stock Is Set for a 10-for-1 Split. What You Need To Know; Netflix Halloween movies 2025: Here's what kids, teens, and adults can watch today; Wedbush Remains Bullish on Netflix (NFLX) Despite Short-Term Margin Setback"
2025-09-24,1218.6099853515625,1203.949951171875,1221.5,1194.199951171875,2773100.0,"The Doctor Is In: Watch These Oscar Isaac Movies Before Frankenstein; Here's What's Leaving Netflix Canada in November 2025; Netflix Announces 10-For-1 Stock Split, Shares Rise; 7 new movies and TV shows to watch on Netflix, Prime Video, HBO Max and more this weekend (October 31); A Stranger Things Star's Revenge Comedy On Netflix Is A Cult Classic In The Making; Netflix Has Released the Final Illustrated Poster for ‘Stranger Things’ We’ll Ever See; Crazy, Stupid, Love arrives on Netflix on November 13, 2025.; Netflix Stock Is Set for a 10-for-1 Split. What You Need To Know; Netflix Halloween movies 2025: Here's what kids, teens, and adults can watch today; Wedbush Remains Bullish on Netflix (NFLX) Despite Short-Term Margin Setback"
2025-09-25,1203.0899658203125,1208.239990234375,1216.8399658203125,1191.510009765625,1997800.0,"The Doctor Is In: Watch These Oscar Isaac Movies Before Frankenstein; Here's What's Leaving Netflix Canada in November 2025; Netflix Announces 10-For-1 Stock Split, Shares Rise; 7 new movies and TV shows to watch on Netflix, Prime Video, HBO Max and more this weekend (October 31); A Stranger Things Star's Revenge Comedy On Netflix Is A Cult Classic In The Making; Netflix Has Released the Final Illustrated Poster for ‘Stranger Things’ We’ll Ever See; Crazy, Stupid, Love arrives on Netflix on November 13, 2025.; Netflix Stock Is Set for a 10-for-1 Split. What You Need To Know; Netflix Halloween movies 2025: Here's what kids, teens, and adults can watch today; Wedbush Remains Bullish on Netflix (NFLX) Despite Short-Term Margin Setback"
2025-09-26,1205.4200439453125,1210.6099853515625,1214.0,1200.0,1945000.0,"The Doctor Is In: Watch These Oscar Isaac Movies Before Frankenstein; Here's What's Leaving Netflix Canada in November 2025; Netflix Announces 10-For-1 Stock Split, Shares Rise; 7 new movies and TV shows to watch on Netflix, Prime Video, HBO Max and more this weekend (October 31); A Stranger Things Star's Revenge Comedy On Netflix Is A Cult Classic In The Making; Netflix Has Released the Final Illustrated Poster for ‘Stranger Things’ We’ll Ever See; Crazy, Stupid, Love arrives on Netflix on November 13, 2025.; Netflix Stock Is Set for a 10-for-1 Split. What You Need To Know; Netflix Halloween movies 2025: Here's what kids, teens, and adults can watch today; Wedbush Remains Bullish on Netflix (NFLX) Despite Short-Term Margin Setback"
2025-09-29,1205.0,1206.4100341796875,1224.489990234375,1187.5400390625,3033200.0,"The Doctor Is In: Watch These Oscar Isaac Movies Before Frankenstein; Here's What's Leaving Netflix Canada in November 2025; Netflix Announces 10-For-1 Stock Split, Shares Rise; 7 new movies and TV shows to watch on Netflix, Prime Video, HBO Max and more this weekend (October 31); A Stranger Things Star's Revenge Comedy On Netflix Is A Cult Classic In The Making; Netflix Has Released the Final Illustrated Poster for ‘Stranger Things’ We’ll Ever See; Crazy, Stupid, Love arrives on Netflix on November 13, 2025.; Netflix Stock Is Set for a 10-for-1 Split. What You Need To Know; Netflix Halloween movies 2025: Here's what kids, teens, and adults can watch today; Wedbush Remains Bullish on Netflix (NFLX) Despite Short-Term Margin Setback"
2025-09-30,1206.4100341796875,1198.9200439453125,1208.5,1178.0,3830300.0,"The Doctor Is In: Watch These Oscar Isaac Movies Before Frankenstein; Here's What's Leaving Netflix Canada in November 2025; Netflix Announces 10-For-1 Stock Split, Shares Rise; 7 new movies and TV shows to watch on Netflix, Prime Video, HBO Max and more this weekend (October 31); A Stranger Things Star's Revenge Comedy On Netflix Is A Cult Classic In The Making; Netflix Has Released the Final Illustrated Poster for ‘Stranger Things’ We’ll Ever See; Crazy, Stupid, Love arrives on Netflix on November 13, 2025.; Netflix Stock Is Set for a 10-for-1 Split. What You Need To Know; Netflix Halloween movies 2025: Here's what kids, teens, and adults can watch today; Wedbush Remains Bullish on Netflix (NFLX) Despite Short-Term Margin Setback"
2025-10-01,1175.489990234375,1170.9000244140625,1179.1400146484375,1163.2099609375,4110200.0,"The Doctor Is In: Watch These Oscar Isaac Movies Before Frankenstein; Here's What's Leaving Netflix Canada in November 2025; Netflix Announces 10-For-1 Stock Split, Shares Rise; 7 new movies and TV shows to watch on Netflix, Prime Video, HBO Max and more this weekend (October 31); A Stranger Things Star's Revenge Comedy On Netflix Is A Cult Classic In The Making; Netflix Has Released the Final Illustrated Poster for ‘Stranger Things’ We’ll Ever See; Crazy, Stupid, Love arrives on Netflix on November 13, 2025.; Netflix Stock Is Set for a 10-for-1 Split. What You Need To Know; Netflix Halloween movies 2025: Here's what kids, teens, and adults can watch today; Wedbush Remains Bullish on Netflix (NFLX) Despite Short-Term Margin Setback"
2025-10-02,1161.5,1162.530029296875,1163.3299560546875,1134.0,4685500.0,"One of AMC's most polarizing shows will be released on Netflix soon; The Doctor Is In: Watch These Oscar Isaac Movies Before Frankenstein; Here's What's Leaving Netflix Canada in November 2025; Netflix Announces 10-For-1 Stock Split, Shares Rise; 7 new movies and TV shows to watch on Netflix, Prime Video, HBO Max and more this weekend (October 31); A Stranger Things Star's Revenge Comedy On Netflix Is A Cult Classic In The Making; Netflix Has Released the Final Illustrated Poster for ‘Stranger Things’ We’ll Ever See; Crazy, Stupid, Love arrives on Netflix on November 13, 2025.; Netflix Stock Is Set for a 10-for-1 Split. What You Need To Know; Netflix Halloween movies 2025: Here's what kids, teens, and adults can watch today"
2025-10-03,1165.0,1153.3199462890625,1168.0,1143.219970703125,3137400.0,"The Doctor Is In: Watch These Oscar Isaac Movies Before Frankenstein; Here's What's Leaving Netflix Canada in November 2025; Netflix Announces 10-For-1 Stock Split, Shares Rise; 7 new movies and TV shows to watch on Netflix, Prime Video, HBO Max and more this weekend (October 31); A Stranger Things Star's Revenge Comedy On Netflix Is A Cult Classic In The Making; Netflix Has Released the Final Illustrated Poster for ‘Stranger Things’ We’ll Ever See; Crazy, Stupid, Love arrives on Netflix on November 13, 2025.; Netflix Stock Is Set for a 10-for-1 Split. What You Need To Know; Netflix Halloween movies 2025: Here's what kids, teens, and adults can watch today; Wedbush Remains Bullish on Netflix (NFLX) Despite Short-Term Margin Setback"
2025-10-06,1160.3699951171875,1163.31005859375,1163.5799560546875,1145.449951171875,2968600.0,"The Doctor Is In: Watch These Oscar Isaac Movies Before Frankenstein; Here's What's Leaving Netflix Canada in November 2025; Netflix Announces 10-For-1 Stock Split, Shares Rise; A Stranger Things Star's Revenge Comedy On Netflix Is A Cult Classic In The Making; 7 new movies and TV shows to watch on Netflix, Prime Video, HBO Max and more this weekend (October 31); Netflix Has Released the Final Illustrated Poster for ‘Stranger Things’ We’ll Ever See; Crazy, Stupid, Love arrives on Netflix on November 13, 2025.; Netflix Stock Is Set for a 10-for-1 Split. What You Need To Know; Netflix Halloween movies 2025: Here's what kids, teens, and adults can watch today; Wedbush Remains Bullish on Netflix (NFLX) Despite Short-Term Margin Setback"
2025-10-07,1177.7900390625,1191.06005859375,1201.3699951171875,1177.4599609375,3309100.0,"The Doctor Is In: Watch These Oscar Isaac Movies Before Frankenstein; Here's What's Leaving Netflix Canada in November 2025; Netflix Announces 10-For-1 Stock Split, Shares Rise; 7 new movies and TV shows to watch on Netflix, Prime Video, HBO Max and more this weekend (October 31); A Stranger Things Star's Revenge Comedy On Netflix Is A Cult Classic In The Making; Netflix Has Released the Final Illustrated Poster for ‘Stranger Things’ We’ll Ever See; Crazy, Stupid, Love arrives on Netflix on November 13, 2025.; Netflix Stock Is Set for a 10-for-1 Split. What You Need To Know; Netflix Halloween movies 2025: Here's what kids, teens, and adults can watch today; Wedbush Remains Bullish on Netflix (NFLX) Despite Short-Term Margin Setback"
2025-10-08,1197.1099853515625,1214.25,1217.3900146484375,1192.0,2851400.0,"The Doctor Is In: Watch These Oscar Isaac Movies Before Frankenstein; Here's What's Leaving Netflix Canada in November 2025; Netflix Announces 10-For-1 Stock Split, Shares Rise; 7 new movies and TV shows to watch on Netflix, Prime Video, HBO Max and more this weekend (October 31); A Stranger Things Star's Revenge Comedy On Netflix Is A Cult Classic In The Making; Netflix Has Released the Final Illustrated Poster for ‘Stranger Things’ We’ll Ever See; Crazy, Stupid, Love arrives on Netflix on November 13, 2025.; Netflix Stock Is Set for a 10-for-1 Split. What You Need To Know; Netflix Halloween movies 2025: Here's what kids, teens, and adults can watch today; Wedbush Remains Bullish on Netflix (NFLX) Despite Short-Term Margin Setback"
2025-10-09,1214.25,1231.0699462890625,1237.5,1211.8199462890625,2824100.0,"The Doctor Is In: Watch These Oscar Isaac Movies Before Frankenstein; Here's What's Leaving Netflix Canada in November 2025; Netflix Announces 10-For-1 Stock Split, Shares Rise; 7 new movies and TV shows to watch on Netflix, Prime Video, HBO Max and more this weekend (October 31); A Stranger Things Star's Revenge Comedy On Netflix Is A Cult Classic In The Making; Netflix Has Released the Final Illustrated Poster for ‘Stranger Things’ We’ll Ever See; Crazy, Stupid, Love arrives on Netflix on November 13, 2025.; Netflix Stock Is Set for a 10-for-1 Split. What You Need To Know; Netflix Halloween movies 2025: Here's what kids, teens, and adults can watch today; Wedbush Remains Bullish on Netflix (NFLX) Despite Short-Term Margin Setback"
2025-10-10,1229.0,1220.0799560546875,1247.0,1219.0999755859375,4279800.0,"The Doctor Is In: Watch These Oscar Isaac Movies Before Frankenstein; Here's What's Leaving Netflix Canada in November 2025; Netflix Announces 10-For-1 Stock Split, Shares Rise; A Stranger Things Star's Revenge Comedy On Netflix Is A Cult Classic In The Making; 7 new movies and TV shows to watch on Netflix, Prime Video, HBO Max and more this weekend (October 31); Netflix Has Released the Final Illustrated Poster for ‘Stranger Things’ We’ll Ever See; Crazy, Stupid, Love arrives on Netflix on November 13, 2025.; Netflix Stock Is Set for a 10-for-1 Split. What You Need To Know; Netflix Halloween movies 2025: Here's what kids, teens, and adults can watch today; Wedbush Remains Bullish on Netflix (NFLX) Despite Short-Term Margin Setback"
2025-10-13,1221.3499755859375,1219.030029296875,1231.1199951171875,1206.81005859375,2460800.0,"The Doctor Is In: Watch These Oscar Isaac Movies Before Frankenstein; Here's What's Leaving Netflix Canada in November 2025; Netflix Announces 10-For-1 Stock Split, Shares Rise; 7 new movies and TV shows to watch on Netflix, Prime Video, HBO Max and more this weekend (October 31); A Stranger Things Star's Revenge Comedy On Netflix Is A Cult Classic In The Making; Netflix Has Released the Final Illustrated Poster for ‘Stranger Things’ We’ll Ever See; Crazy, Stupid, Love arrives on Netflix on November 13, 2025.; Netflix Stock Is Set for a 10-for-1 Split. What You Need To Know; Netflix Halloween movies 2025: Here's what kids, teens, and adults can watch today; Wedbush Remains Bullish on Netflix (NFLX) Despite Short-Term Margin Setback"
2025-10-14,1214.75,1215.3499755859375,1224.2900390625,1203.0999755859375,2362400.0,"The Doctor Is In: Watch These Oscar Isaac Movies Before Frankenstein; Here's What's Leaving Netflix Canada in November 2025; Netflix Announces 10-For-1 Stock Split, Shares Rise; 7 new movies and TV shows to watch on Netflix, Prime Video, HBO Max and more this weekend (October 31); A Stranger Things Star's Revenge Comedy On Netflix Is A Cult Classic In The Making; Netflix Has Released the Final Illustrated Poster for ‘Stranger Things’ We’ll Ever See; Crazy, Stupid, Love arrives on Netflix on November 13, 2025.; Netflix Stock Is Set for a 10-for-1 Split. What You Need To Know; Netflix Halloween movies 2025: Here's what kids, teens, and adults can watch today; Wedbush Remains Bullish on Netflix (NFLX) Despite Short-Term Margin Setback"
2025-10-15,1213.010009765625,1203.2900390625,1219.6199951171875,1201.6099853515625,2025200.0,"The Doctor Is In: Watch These Oscar Isaac Movies Before Frankenstein; Here's What's Leaving Netflix Canada in November 2025; Netflix Announces 10-For-1 Stock Split, Shares Rise; 7 new movies and TV shows to watch on Netflix, Prime Video, HBO Max and more this weekend (October 31); A Stranger Things Star's Revenge Comedy On Netflix Is A Cult Classic In The Making; Netflix Has Released the Final Illustrated Poster for ‘Stranger Things’ We’ll Ever See; Crazy, Stupid, Love arrives on Netflix on November 13, 2025.; Netflix Stock Is Set for a 10-for-1 Split. What You Need To Know; Netflix Halloween movies 2025: Here's what kids, teens, and adults can watch today; Wedbush Remains Bullish on Netflix (NFLX) Despite Short-Term Margin Setback"
2025-10-16,1212.1500244140625,1183.5899658203125,1216.7099609375,1176.0,2832600.0,"The Doctor Is In: Watch These Oscar Isaac Movies Before Frankenstein; Here's What's Leaving Netflix Canada in November 2025; Netflix Announces 10-For-1 Stock Split, Shares Rise; 7 new movies and TV shows to watch on Netflix, Prime Video, HBO Max and more this weekend (October 31); A Stranger Things Star's Revenge Comedy On Netflix Is A Cult Classic In The Making; Netflix Has Released the Final Illustrated Poster for ‘Stranger Things’ We’ll Ever See; Crazy, Stupid, Love arrives on Netflix on November 13, 2025.; Netflix Stock Is Set for a 10-for-1 Split. What You Need To Know; Netflix Halloween movies 2025: Here's what kids, teens, and adults can watch today; Wedbush Remains Bullish on Netflix (NFLX) Despite Short-Term Margin Setback"
2025-10-17,1183.5999755859375,1199.3599853515625,1203.1199951171875,1178.949951171875,2957100.0,"The Doctor Is In: Watch These Oscar Isaac Movies Before Frankenstein; Here's What's Leaving Netflix Canada in November 2025; Netflix Announces 10-For-1 Stock Split, Shares Rise; 7 new movies and TV shows to watch on Netflix, Prime Video, HBO Max and more this weekend (October 31); A Stranger Things Star's Revenge Comedy On Netflix Is A Cult Classic In The Making; Netflix Has Released the Final Illustrated Poster for ‘Stranger Things’ We’ll Ever See; Crazy, Stupid, Love arrives on Netflix on November 13, 2025.; Netflix Stock Is Set for a 10-for-1 Split. What You Need To Know; Netflix Halloween movies 2025: Here's what kids, teens, and adults can watch today; Wedbush Remains Bullish on Netflix (NFLX) Despite Short-Term Margin Setback"
2025-10-20,1207.8800048828125,1238.56005859375,1247.760009765625,1206.9000244140625,3986200.0,"The Doctor Is In: Watch These Oscar Isaac Movies Before Frankenstein; Here's What's Leaving Netflix Canada in November 2025; Netflix Announces 10-For-1 Stock Split, Shares Rise; 7 new movies and TV shows to watch on Netflix, Prime Video, HBO Max and more this weekend (October 31); A Stranger Things Star's Revenge Comedy On Netflix Is A Cult Classic In The Making; Netflix Has Released the Final Illustrated Poster for ‘Stranger Things’ We’ll Ever See; Crazy, Stupid, Love arrives on Netflix on November 13, 2025.; Netflix Stock Is Set for a 10-for-1 Split. What You Need To Know; Netflix Halloween movies 2025: Here's what kids, teens, and adults can watch today; Wedbush Remains Bullish on Netflix (NFLX) Despite Short-Term Margin Setback"
2025-10-21,1242.8299560546875,1241.3499755859375,1248.5999755859375,1231.760009765625,6508200.0,"One of AMC's most polarizing shows will be released on Netflix soon; The Doctor Is In: Watch These Oscar Isaac Movies Before Frankenstein; Here's What's Leaving Netflix Canada in November 2025; Netflix Announces 10-For-1 Stock Split, Shares Rise; 7 new movies and TV shows to watch on Netflix, Prime Video, HBO Max and more this weekend (October 31); A Stranger Things Star's Revenge Comedy On Netflix Is A Cult Classic In The Making; Netflix Has Released the Final Illustrated Poster for ‘Stranger Things’ We’ll Ever See; Crazy, Stupid, Love arrives on Netflix on November 13, 2025.; Netflix Stock Is Set for a 10-for-1 Split. What You Need To Know; Netflix Halloween movies 2025: Here's what kids, teens, and adults can watch today"
2025-10-22,1142.9000244140625,1116.3699951171875,1157.5999755859375,1112.510009765625,14789000.0,"The Doctor Is In: Watch These Oscar Isaac Movies Before Frankenstein; Here's What's Leaving Netflix Canada in November 2025; Netflix Announces 10-For-1 Stock Split, Shares Rise; 7 new movies and TV shows to watch on Netflix, Prime Video, HBO Max and more this weekend (October 31); A Stranger Things Star's Revenge Comedy On Netflix Is A Cult Classic In The Making; Netflix Has Released the Final Illustrated Poster for ‘Stranger Things’ We’ll Ever See; Crazy, Stupid, Love arrives on Netflix on November 13, 2025.; Netflix Stock Is Set for a 10-for-1 Split. What You Need To Know; Netflix Halloween movies 2025: Here's what kids, teens, and adults can watch today; Wedbush Remains Bullish on Netflix (NFLX) Despite Short-Term Margin Setback"
2025-10-23,1126.9000244140625,1113.5899658203125,1127.8299560546875,1099.72998046875,6849700.0,"The Doctor Is In: Watch These Oscar Isaac Movies Before Frankenstein; Here's What's Leaving Netflix Canada in November 2025; Netflix Announces 10-For-1 Stock Split, Shares Rise; A Stranger Things Star's Revenge Comedy On Netflix Is A Cult Classic In The Making; 7 new movies and TV shows to watch on Netflix, Prime Video, HBO Max and more this weekend (October 31); Netflix Has Released the Final Illustrated Poster for ‘Stranger Things’ We’ll Ever See; Crazy, Stupid, Love arrives on Netflix on November 13, 2025.; Netflix Stock Is Set for a 10-for-1 Split. What You Need To Know; Netflix Halloween movies 2025: Here's what kids, teens, and adults can watch today; Wedbush Remains Bullish on Netflix (NFLX) Despite Short-Term Margin Setback"
2025-10-24,1111.0,1094.68994140625,1114.510009765625,1094.4100341796875,6028000.0,"The Doctor Is In: Watch These Oscar Isaac Movies Before Frankenstein; Here's What's Leaving Netflix Canada in November 2025; Netflix Announces 10-For-1 Stock Split, Shares Rise; 7 new movies and TV shows to watch on Netflix, Prime Video, HBO Max and more this weekend (October 31); A Stranger Things Star's Revenge Comedy On Netflix Is A Cult Classic In The Making; Netflix Has Released the Final Illustrated Poster for ‘Stranger Things’ We’ll Ever See; Crazy, Stupid, Love arrives on Netflix on November 13, 2025.; Netflix Stock Is Set for a 10-for-1 Split. What You Need To Know; Netflix Halloween movies 2025: Here's what kids, teens, and adults can watch today; Wedbush Remains Bullish on Netflix (NFLX) Despite Short-Term Margin Setback"
2025-10-27,1100.6700439453125,1094.56005859375,1102.280029296875,1087.300048828125,4691100.0,"One of AMC's most polarizing shows will be released on Netflix soon; The Doctor Is In: Watch These Oscar Isaac Movies Before Frankenstein; Here's What's Leaving Netflix Canada in November 2025; Netflix Announces 10-For-1 Stock Split, Shares Rise; 7 new movies and TV shows to watch on Netflix, Prime Video, HBO Max and more this weekend (October 31); A Stranger Things Star's Revenge Comedy On Netflix Is A Cult Classic In The Making; Netflix Has Released the Final Illustrated Poster for ‘Stranger Things’ We’ll Ever See; Crazy, Stupid, Love arrives on Netflix on November 13, 2025.; Netflix Stock Is Set for a 10-for-1 Split. What You Need To Know; Netflix Halloween movies 2025: Here's what kids, teens, and adults can watch today"
