Movie_Name,Genre,Content_Type,Release_Year,Country_of_Origin,Duration,Age_Rating,IMDb_Rating
10 Things I Hate About You,"Comedy, Romance, Drama",Movie,1999,United States of America,97,PG-13,7.591
1492 Conquest of Paradise,"Action, Adventure, Drama, History",Movie,1992,France,154,PG-13,6.275
12 and Holding,Drama,Movie,2006,United States of America,90,Unknown,6.9
15 Minutes,"Action, Crime, Thriller",Movie,2001,Germany,120,R,5.904
12 Years a Slave,"Drama, History",Movie,2013,United Kingdom,134,Unknown,7.939
12 Monkeys,"Science Fiction, Thriller, Mystery",Movie,1995,United States of America,129,R,7.601
127 Hours,"Adventure, Drama, Thriller",Movie,2010,France,94,Unknown,7.084
187,"Drama, History",Movie,1972,Italy,116,Unknown,6.2
2001 A Space Odyssey,"Science Fiction, Mystery, Adventure",Movie,1968,United Kingdom,149,G,8.064
2012,"Action, Adventure, Science Fiction",Movie,2009,United States of America,158,PG-13,5.863
17 Again,"Comedy, Fantasy, Drama, Romance",Movie,2009,United States of America,102,PG-13,6.314
20th Century Women,Drama,Movie,2016,United States of America,118,R,7.32
28 Days Later,"Horror, Thriller, Science Fiction",Movie,2002,United Kingdom,113,Unknown,7.232
25th Hour,"Drama, War",Movie,1967,France,121,Unknown,7.7
30 Minutes or Less,"Action, Adventure, Comedy",Movie,2011,United States of America,83,R,5.772
48 Hrs.,"Crime, Action, Comedy",Movie,1982,United States of America,96,R,6.681
44 Inch Chest,"Drama, Crime",Movie,2009,United Kingdom,95,R,5.5
50 50,Drama,Movie,2024,Philippines,4,Unknown,10.0
500 Days of Summer,"Comedy, Drama, Romance",Movie,2009,United States of America,95,Unknown,7.298
8MM,"Thriller, Crime, Mystery",Movie,1999,Germany,123,R,6.46
42,Drama,Movie,2013,United States of America,128,Unknown,7.199
9,"Action, Adventure, Animation, Science Fiction, Thriller",Movie,2009,Canada,79,PG-13,6.9
A Million Miles Away,"Drama, History",Movie,2023,Mexico,122,PG,7.648
A Prayer Before Dawn,"Drama, Action, Crime",Movie,2018,Cambodia,116,Unknown,6.733
A Most Violent Year,"Crime, Drama, Thriller",Movie,2014,United Arab Emirates,124,Unknown,6.605
A Quiet Place,"Horror, Drama, Science Fiction",Movie,2018,United States of America,91,PG-13,7.4
A Few Good Men,Drama,Movie,1992,United States of America,138,R,7.545
A Good Person,"Drama, Comedy",Movie,2023,Canada,128,R,7.047
A Real Pain,"Comedy, Drama",Movie,2024,Poland,90,Unknown,6.757
A Scanner Darkly,"Animation, Science Fiction, Thriller",Movie,2006,United States of America,100,R,6.804
Above the Law,"Crime, Thriller",Movie,2017,Belgium,86,NC-17,5.878
Absolute Power,"Crime, Drama, Action",Movie,1997,United States of America,121,R,6.647
A Serious Man,"Comedy, Drama",Movie,2009,United States of America,106,Unknown,6.7
"Abyss, The","Thriller, Drama, Action",Movie,2023,Finland,104,R,5.704
Ace Ventura Pet Detective,"Comedy, Mystery, Crime",Movie,1994,United States of America,86,PG-13,6.569
Ad Astra,"Science Fiction, Drama",Movie,2019,Brazil,123,PG-13,6.121
Adaptation,"Comedy, Crime, Drama",Movie,2002,United States of America,115,Unknown,7.353
"Adjustment Bureau, The","Science Fiction, Thriller, Romance",Movie,2011,United States of America,106,PG-13,6.767
"Addams Family, The","Family, Animation, Comedy, Fantasy",Movie,2019,Canada,87,PG,6.606
"Adventures of Buckaroo Banzai Across the Eighth Dimension, The","Science Fiction, Comedy, Adventure, Romance",Movie,1984,United States of America,103,PG,5.986
After School Special,Comedy,Movie,2019,Japan,83,Unknown,7.0
After.Life,"Drama, Horror, Mystery, Thriller",Movie,2009,United States of America,104,R,6.329
Air Force One,"Action, Thriller",Movie,1997,United States of America,124,R,6.478
Agnes of God,"Drama, Mystery",Movie,1985,United States of America,98,PG-13,6.2
Air,"Drama, History",Movie,2023,United States of America,111,R,7.309
Affliction,"Crime, Drama, Mystery, Thriller",Movie,1997,United States of America,114,Unknown,6.315
Airplane 2 The Sequel,Comedy,Movie,1982,United States of America,85,PG,6.094
Airplane,Comedy,Movie,1980,United States of America,88,PG,7.308
Aladdin,"Adventure, Fantasy, Romance, Family",Movie,2019,United States of America,127,PG,7.093
Ali,Drama,Movie,2001,United States of America,157,R,6.764
Alien Nation,"Science Fiction, Crime, Thriller",Movie,1988,United States of America,91,R,6.075
Alien vs. Predator,"Adventure, Science Fiction, Action, Horror",Movie,2004,Czech Republic,100,PG-13,5.9
Alien Resurrection,"Science Fiction, Horror, Action",Movie,1997,United States of America,109,Unknown,6.16
Alien,"Horror, Science Fiction",Movie,1979,United States of America,117,R,8.166
Aliens,Drama,Movie,2016,Spain,6,Unknown,6.0
All About Eve,Drama,Movie,1950,United States of America,139,Unknown,8.083
All About Steve,Comedy,Movie,2009,United States of America,99,PG-13,5.0
All of Us Strangers,"Romance, Drama, Fantasy",Movie,2023,United Kingdom,105,Unknown,7.422
All the King's Men,"Drama, War, Mystery",Movie,1999,United Kingdom,110,Unknown,6.2
All the President's Men,"Drama, Mystery, Thriller",Movie,1976,United States of America,138,Unknown,7.657
Almost Famous,"Drama, Music",Movie,2000,United States of America,124,R,7.5
Amadeus,"History, Music, Drama",Movie,1984,United States of America,160,Unknown,8.0
Alone in the Dark,"Action, Fantasy, Horror",Movie,2005,Canada,98,R,3.243
"American, The",Comedy,Movie,2019,Egypt,91,Unknown,5.0
Amelia,"Comedy, Drama",Movie,2000,Brazil,130,Unknown,8.5
American Beauty,Drama,Movie,1999,United States of America,122,R,8.0
American Fiction,"Comedy, Drama",Movie,2023,United States of America,117,Unknown,7.303
Alien 3,Science Fiction,Movie,Unknown,United States of America,0,Unknown,0.0
American Graffiti,"Comedy, Drama",Movie,1973,United States of America,110,PG,7.041
American Gangster,"Drama, Crime",Movie,2007,United States of America,157,R,7.59
American History X,Drama,Movie,1998,United States of America,119,R,8.331
American Hustle,"Drama, Crime",Movie,2013,United States of America,138,R,6.855
American Madness,"Drama, Crime",Movie,1932,United States of America,76,Unknown,7.0
American Outlaws,"Western, Action",Movie,2001,United States of America,94,PG-13,6.0
American Pie,"Comedy, Romance",Movie,1999,United States of America,95,R,6.599
American Psycho,"Thriller, Drama, Crime",Movie,2000,Canada,102,R,7.408
"American President, The","Comedy, Drama, Romance",Movie,1995,United States of America,113,PG-13,6.53
American Sniper,"War, Action",Movie,2014,United States of America,133,R,7.418
American Splendor,"Comedy, Drama",Movie,2003,United States of America,101,R,7.189
American Werewolf in London,"Comedy, Horror",Movie,1981,United Kingdom,97,R,7.402
Amour,"Drama, Romance",Movie,2012,France,127,Unknown,7.759
An Education,"Drama, Romance",Movie,2009,United Kingdom,100,Unknown,6.942
"Amityville Asylum, The",Horror,Movie,2013,United States of America,88,Unknown,3.3
Analyze That,"Comedy, Crime",Movie,2002,United States of America,96,R,5.823
Analyze This,"Comedy, Crime",Movie,1999,United States of America,103,R,6.5
Anastasia,"Drama, TV Movie",Movie,1953,United Kingdom,100,Unknown,4.5
Angel Eyes,"Thriller, Action, Crime",Movie,1993,United States of America,84,Unknown,4.5
Anna Karenina,"Drama, Romance, History",Movie,2012,United Kingdom,130,R,6.713
"Anniversary Party, The",Documentary,Movie,2021,China,0,Unknown,7.0
Anonymous,"Drama, History, Thriller",Movie,2011,Germany,130,PG-13,6.409
12,Unknown,Movie,2020,Saudi Arabia,15,Unknown,5.6
Annie Hall,"Comedy, Drama, Romance",Movie,1977,United States of America,93,Unknown,7.738
Anora,"Drama, Comedy, Romance",Movie,2024,United States of America,139,Unknown,7.054
Antitrust,"Action, Crime, Drama",Movie,2001,Canada,108,PG-13,6.05
Antz,"Animation, Drama, Family, Comedy, Adventure, Romance, War",Movie,1998,United States of America,83,PG,6.168
"Apartment, The","Drama, Comedy, Romance",Movie,2002,France,122,Unknown,7.125
Apocalypse Now,"Drama, War",Movie,1979,United States of America,147,R,8.271
Apollo 13,"Drama, History",Movie,1995,United States of America,140,PG,7.451
Apt Pupil,"Drama, Thriller",Movie,1998,France,107,Unknown,6.521
April Fool's Day,Horror,Movie,2008,United States of America,92,R,4.3
Arbitrage,"Drama, Thriller",Movie,2012,United States of America,100,Unknown,6.318
Arcade,"Fantasy, Horror, Thriller, Science Fiction",Movie,1993,United States of America,85,Unknown,4.7
Arctic Blue,"Drama, Adventure, Thriller",Movie,1993,Canada,92,Unknown,4.5
Argo,"Drama, Thriller",Movie,2012,United Kingdom,120,Unknown,7.28
Armageddon,"Action, Thriller, Science Fiction, Adventure",Movie,1998,United States of America,151,Unknown,6.835
Arsenic and Old Lace,"Comedy, Crime",Movie,1944,United States of America,118,Unknown,7.641
Army of Darkness,"Fantasy, Horror, Comedy",Movie,1992,United States of America,81,Unknown,7.3
"Artist, The",Comedy,Movie,2017,United States of America,2,NR,0.0
As Good As It Gets,"Drama, Comedy, Romance",Movie,1997,United States of America,139,PG-13,7.398
Assassins,"Documentary, Crime",Movie,2021,United States of America,104,Unknown,6.8
"Assignment, The","Comedy, Action",Movie,2020,United States of America,5,PG,0.0
At First Sight,"Drama, Romance",Movie,1999,United States of America,128,PG-13,6.0
Asteroid City,"Comedy, Drama",Movie,2023,United States of America,105,PG-13,6.4
American Milkshake,Comedy,Movie,2013,Unknown,90,R,3.9
August Osage County,"Comedy, Drama",Movie,2013,United States of America,121,Unknown,6.9
Austin Powers   International Man of Mystery,"Science Fiction, Comedy, Crime",Movie,1997,Germany,89,PG-13,6.582
Austin Powers   The Spy Who Shagged Me,"Adventure, Comedy, Crime, Science Fiction",Movie,1999,United States of America,95,PG-13,6.292
Authors Anonymous,Comedy,Movie,2014,United States of America,92,PG-13,4.64
Avatar,"Action, Adventure, Fantasy, Science Fiction",Movie,2009,United States of America,162,PG-13,7.594
Autumn in New York,"Drama, Romance",Movie,2000,United States of America,103,PG-13,6.128
"Avengers, The","Science Fiction, Action, Adventure",Movie,2012,United States of America,143,PG-13,7.83
Avengers Endgame,"Adventure, Science Fiction, Action",Movie,2019,United States of America,181,PG-13,8.238
"Avventura, L' (The Adventure)","Family, Animation",Movie,2009,United States of America,48,NR,4.5
Awakenings,Drama,Movie,1990,United States of America,120,Unknown,7.775
Babel,Drama,Movie,2006,France,143,Unknown,7.17
Bachelor Party,Comedy,Movie,1984,United States of America,105,R,6.292
"Bachelor Party, The",Comedy,Movie,2016,Finland,83,Unknown,4.6
"Back up Plan, The","Comedy, Romance",Movie,2010,United States of America,106,PG-13,6.142
Backdraft,"Drama, Thriller, Action, Crime",Movie,1991,United States of America,137,R,6.668
Bad Boys,"Action, Comedy, Crime, Thriller",Movie,1995,United States of America,119,R,6.824
Bad Country,"Drama, Action, Crime",Movie,2014,United States of America,95,Unknown,5.517
Bad Day at Black Rock,"Thriller, Mystery, Drama, Western",Movie,1955,United States of America,81,Unknown,7.303
Bad Lieutenant,"Crime, Drama",Movie,1992,United States of America,96,NC-17,7.017
Bad Dreams,"Horror, Thriller",Movie,1988,United States of America,86,R,5.7
Bad Santa,"Drama, Comedy, Crime",Movie,2003,United States of America,92,Unknown,6.544
Bad Teacher,Comedy,Movie,2011,United States of America,92,R,5.608
Badlands,"Crime, Drama, Romance",Movie,1974,United States of America,94,Unknown,7.476
Bamboozled,"Comedy, Drama",Movie,2000,United States of America,136,R,6.238
Barbie,"Comedy, Adventure",Movie,2023,United Kingdom,114,PG-13,6.954
Barry Lyndon,"Drama, Romance, War, History",Movie,1975,United Kingdom,185,PG,7.996
Barton Fink,"Comedy, Drama, Thriller",Movie,1991,United Kingdom,117,R,7.457
Basic Instinct,"Thriller, Mystery",Movie,1992,United States of America,128,Unknown,6.927
Basic,"Action, Drama, Mystery, Thriller, Crime",Movie,2003,United Kingdom,98,R,6.501
Basquiat,"Drama, History",Movie,1996,United States of America,107,Unknown,6.631
Batman,"Fantasy, Action, Crime",Movie,1989,United States of America,126,PG-13,7.2
Battle Los Angeles,"Science Fiction, Action",Movie,2011,United States of America,116,PG-13,5.815
"Battle of Algiers, The","Drama, War, History",Movie,1966,Italy,121,Unknown,7.878
"Battle of Shaker Heights, The","Comedy, Drama, Romance",Movie,2003,United States of America,79,PG-13,5.6
"Beach, The",Animation,Movie,1992,France,14,Unknown,6.9
Bean,"Family, Adventure, Comedy",Movie,1997,United Kingdom,89,PG-13,6.469
Arthur,"Adventure, Documentary",Movie,2017,Unknown,13,Unknown,7.7
Beasts of No Nation,"Drama, War",Movie,2015,Brazil,137,Unknown,7.592
Beasts of the Southern Wild,"Drama, Fantasy",Movie,2012,Canada,93,Unknown,6.823
Beauty and the Beast,"Fantasy, Drama, Romance",Movie,2010,Canada,90,R,4.2
Beavis and Butt head Do America,"Animation, Comedy, Adventure, Crime, Music",Movie,1996,United States of America,81,PG-13,6.647
"Beekeeper, The","Action, Crime, Thriller",Movie,2024,United Kingdom,106,R,7.279
Beginners,"Drama, Romance, Comedy",Movie,2011,Canada,105,R,6.845
Being Human,"Drama, Comedy, Fantasy",Movie,1994,Japan,122,PG-13,5.1
Being John Malkovich,"Comedy, Drama, Fantasy",Movie,1999,United States of America,113,R,7.4
Being There,"Comedy, Drama",Movie,1979,United States of America,130,PG,7.61
Being the Ricardos,"Drama, History",Movie,2021,United States of America,132,R,6.499
"Believer, The","Crime, Action, Thriller",Movie,2018,South Korea,123,Unknown,7.235
Beloved,"Drama, Thriller, Horror, Mystery",Movie,1998,United States of America,172,R,5.8
Belle,Drama,Movie,2013,United Kingdom,105,PG,7.123
"Best Exotic Marigold Hotel, The","Drama, Comedy",Movie,2015,United Kingdom,122,PG,6.425
"Big Blue, The","Romance, Drama, Adventure",Movie,1988,France,168,PG-13,7.451
Big Eyes,Drama,Movie,2014,United States of America,106,Unknown,7.0
Big Fish,"Adventure, Fantasy, Drama",Movie,2003,United States of America,125,PG-13,7.755
"Big Lebowski, The","Comedy, Crime",Movie,1998,United Kingdom,117,R,7.84
"Big Sick, The","Comedy, Drama, Romance",Movie,2017,United States of America,120,R,7.332
"Big White, The",Documentary,Movie,2018,Bosnia and Herzegovina,15,Unknown,0.0
Big,"Fantasy, Drama, Comedy, Romance, Family",Movie,1988,United States of America,104,PG,7.182
"Birds, The",Documentary,Movie,2022,Mexico,10,Unknown,0.0
Birthday Girl,"Comedy, Crime, Thriller",Movie,2001,United Kingdom,93,R,5.906
"Black Dahlia, The","Crime, Thriller, Drama",Movie,2006,United States of America,121,R,5.64
Black Panther,"Action, Adventure, Science Fiction",Movie,2018,United States of America,135,PG-13,7.368
Black Rain,"Drama, Action, Thriller",Movie,1989,United States of America,125,R,6.588
Black Snake Moan,Drama,Movie,2006,United States of America,116,Unknown,6.851
Blackberry,"Comedy, Drama, History",Movie,2023,Canada,120,Unknown,7.141
Black Swan,"Drama, Thriller, Horror",Movie,2010,United States of America,109,Unknown,7.686
BlacKkKlansman,"Crime, Comedy, Drama, History",Movie,2018,United States of America,136,R,7.493
Blade II,"Fantasy, Horror, Action, Thriller",Movie,2002,United States of America,117,R,6.56
Blade Runner,"Science Fiction, Drama, Thriller",Movie,1982,United States of America,118,R,7.941
Blade Trinity,"Action, Horror, Science Fiction",Movie,2004,United States of America,123,R,5.9
"Blast from the Past, The","Drama, Romance, Comedy",Movie,1999,United States of America,112,PG-13,6.8
"Blind Side, The",Drama,Movie,2009,United States of America,129,PG-13,7.673
Blade,"Horror, Action",Movie,1998,United States of America,121,R,6.815
Batman 2,Unknown,Movie,2019,Brazil,46,Unknown,0.0
Blink Twice,"Mystery, Thriller",Movie,2024,United States of America,102,R,6.687
"Bling Ring, The","Drama, Crime",Movie,2013,United States of America,90,R,5.428
Blitz,"War, Drama, History",Movie,2024,United Kingdom,120,Unknown,6.0
Blood and Wine,"Crime, Thriller",Movie,1996,United Kingdom,101,R,5.7
Blow,"Crime, Drama",Movie,2001,United States of America,124,Unknown,7.357
Blue Valentine,"Drama, Romance",Movie,2010,United States of America,112,Unknown,6.955
Blue Velvet,"Mystery, Thriller, Crime, Drama",Movie,1986,United States of America,120,R,7.6
Blood Simple,"Crime, Drama, Thriller",Movie,1985,United States of America,97,Unknown,7.247
Body Heat,"Thriller, Crime",Movie,1981,United States of America,113,R,7.0
Birdman,Unknown,Movie,Unknown,Unknown,21,Unknown,0.0
Body of Evidence,"Drama, Thriller, Romance",Movie,1993,Germany,101,R,5.0
Bones,Drama,Movie,2010,United States of America,90,Unknown,8.0
Bonfire of the Vanities,"Comedy, Drama",Movie,1990,United States of America,125,R,5.615
Bonnie and Clyde,Documentary,Movie,2008,United States of America,65,PG,4.6
"Book of Eli, The","Action, Thriller, Science Fiction",Movie,2010,United States of America,118,R,6.795
Boogie Nights,Drama,Movie,1997,United States of America,156,R,7.63
Bookworm,"Adventure, Family, Comedy, Drama",Movie,2024,New Zealand,104,Unknown,6.6
Bodyguard,"Thriller, Crime",Movie,1948,United States of America,62,NR,6.0
"Boondock Saints, The","Action, Thriller, Crime",Movie,1999,Canada,108,R,7.252
Boondock Saints 2 All Saints Day,"Action, Thriller, Crime",Movie,2009,United States of America,118,R,5.992
Bound,"Drama, Thriller, Crime",Movie,1996,United States of America,105,R,7.217
"Bourne Identity, The","Action, Drama, Mystery, Thriller",Movie,2002,United States of America,119,PG-13,7.469
"Bounty Hunter, The","Animation, Horror, Action, Crime",Movie,1996,Japan,48,Unknown,3.2
"Bourne Supremacy, The","Action, Drama, Thriller",Movie,2004,United States of America,108,PG-13,7.323
"Bourne Ultimatum, The","Action, Drama, Mystery, Thriller",Movie,2007,United States of America,115,PG-13,7.431
"Box, The",Thriller,Movie,2018,Italy,83,Unknown,4.3
"Boxtrolls, The","Animation, Comedy, Family, Fantasy",Movie,2014,United States of America,97,PG,6.7
Boyhood,Drama,Movie,2014,United States of America,166,Unknown,7.494
Brazil,"Comedy, Science Fiction",Movie,1985,United Kingdom,143,R,7.7
Braveheart,"Action, Drama, History, War",Movie,1995,United States of America,177,Unknown,7.942
Break,"Crime, Drama",Movie,2020,United Kingdom,107,Unknown,5.5
Breakdown,"Crime, Mystery, Thriller, Drama, Action",Movie,1997,United States of America,93,R,6.905
Breaking Away,"Drama, Comedy",Movie,1979,United States of America,101,PG,7.1
Brick,"Thriller, Science Fiction",Movie,2025,Germany,99,R,5.81
Bridesmaids,"Comedy, Romance",Movie,2011,United States of America,125,Unknown,6.518
Bringing Out the Dead,Drama,Movie,1999,United States of America,121,R,6.601
Broadcast News,"Comedy, Romance",Movie,1987,United States of America,133,R,6.747
"Breakfast Club, The","Drama, Romance",Movie,2025,South Korea,108,Unknown,0.0
Broken Embraces,"Drama, Romance, Thriller",Movie,2009,Spain,127,Unknown,7.144
"Brothers Bloom, The","Adventure, Comedy, Drama, Romance",Movie,2008,United States of America,114,PG-13,6.6
Bruce Almighty,"Fantasy, Comedy",Movie,2003,United States of America,101,PG-13,6.722
"Brutalist, The","Drama, History",Movie,2024,United Kingdom,215,Unknown,6.977
Buffy the Vampire Slayer,"Action, Comedy, Horror",Movie,1992,United States of America,86,PG-13,5.617
Bull Durham,"Comedy, Romance",Movie,1988,United States of America,108,R,6.632
Buried,"Drama, Thriller, Mystery",Movie,2010,France,95,Unknown,6.628
Burn After Reading,"Comedy, Drama",Movie,2008,United States of America,96,R,6.666
Burning Annie,"Comedy, Drama, Romance",Movie,2007,United States of America,95,R,1.5
"Butterfly Effect, The","Science Fiction, Thriller",Movie,2004,Canada,113,Unknown,7.574
Cable Guy,"Comedy, Drama, Thriller",Movie,1996,United States of America,96,PG-13,5.994
Capote,"Crime, Drama",Movie,2005,United States of America,114,R,6.981
Case 39,"Horror, Mystery, Thriller",Movie,2009,Canada,109,R,6.32
Cars 2,"Animation, Family, Adventure, Comedy",Movie,2011,United States of America,106,G,6.161
Casino,"Crime, Drama",Movie,1995,France,179,Unknown,7.993
Cassandro,Drama,Movie,2023,Mexico,107,Unknown,6.645
Cast Away,"Adventure, Drama",Movie,2000,United States of America,143,Unknown,7.66
Carrie,"Horror, Thriller",Movie,1976,United States of America,98,R,7.3
Catwoman,"Action, Fantasy, Crime",Movie,2004,Canada,104,Unknown,4.623
Catch Me If You Can,"Drama, Crime",Movie,2002,United States of America,141,Unknown,7.979
Cecil B. Demented,"Crime, Comedy, Action",Movie,2000,United States of America,88,R,6.389
Cedar Rapids,Comedy,Movie,2011,United States of America,87,R,5.926
Cellular,"Action, Thriller, Drama, Crime",Movie,2004,United States of America,94,PG-13,6.394
"Change Up, The",Comedy,Movie,2011,United States of America,112,R,6.151
Changeling,"Crime, Drama, Mystery",Movie,2008,United States of America,141,Unknown,7.582
Charade,"Comedy, Mystery, Romance",Movie,1963,United States of America,113,NR,7.669
Chaos,"Drama, Action, Crime",Movie,2005,Canada,106,R,6.318
Charlie's Angels,"Action, Adventure, Comedy, Crime, Thriller",Movie,2000,United States of America,98,PG-13,5.848
Chasing Amy,"Comedy, Drama, Romance",Movie,1997,United States of America,114,Unknown,6.766
Chasing Sleep,"Horror, Mystery, Thriller",Movie,2001,Canada,104,R,6.031
Cherry Falls,"Horror, Mystery, Thriller",Movie,2000,United States of America,92,R,5.3
Chinatown,"Crime, Drama, Mystery, Thriller",Movie,1974,United States of America,130,R,7.918
Chronicle,"Science Fiction, Drama, Thriller",Movie,2012,United States of America,84,PG-13,6.8
"Chronicles of Narnia The Lion, the Witch and the Wardrobe","Adventure, Family, Fantasy",Movie,2005,United Kingdom,143,PG,7.135
"Cider House Rules, The",Drama,Movie,1999,United States of America,126,PG-13,7.07
"Cincinnati Kid, The",Drama,Movie,1965,United States of America,102,NR,6.983
Cinema Paradiso,"Drama, Romance",Movie,1988,France,124,Unknown,8.434
Cirque du Freak The Vampire's Assistant,"Adventure, Fantasy, Action, Thriller",Movie,2009,United States of America,109,PG-13,5.9
Citizen Kane,"Mystery, Drama",Movie,1941,United States of America,119,NR,8.0
Broken Arrow,"Documentary, War, History",Movie,2001,Unknown,53,NR,3.8
City of Joy,Drama,Movie,1992,France,132,PG-13,6.598
Clash of the Titans,"Adventure, Fantasy, Action",Movie,2010,United States of America,106,PG-13,5.918
Cliffhanger,"Action, Adventure, Thriller",Movie,1993,France,112,R,6.5
Clerks,Comedy,Movie,1994,United States of America,92,Unknown,7.385
Clueless,"Comedy, Romance",Movie,1995,United States of America,97,PG-13,7.266
Cobb,Drama,Movie,1994,United States of America,128,R,5.983
Coco,"Family, Animation, Music, Adventure",Movie,2017,United States of America,105,PG,8.202
Code of Silence,"Action, Crime, Drama, Thriller",Movie,1985,United States of America,101,R,5.857
Cold Mountain,"War, History, Adventure, Romance",Movie,2003,United States of America,154,R,6.929
Collateral Damage,"Action, Thriller, Drama",Movie,2002,United States of America,108,Unknown,5.767
Collateral,"Drama, Crime, Thriller",Movie,2004,United States of America,120,R,7.234
Colombiana,"Action, Thriller, Crime, Drama",Movie,2011,France,108,Unknown,6.637
Color of Night,"Romance, Mystery, Thriller",Movie,1994,United States of America,121,R,5.8
"Color Purple, The","Drama, Romance, Thriller",Movie,2010,Iran,97,Unknown,4.7
Commando,"Action, Adventure, Thriller",Movie,1985,United States of America,90,R,6.698
Conan the Barbarian,"Adventure, Fantasy, Action",Movie,1982,United States of America,129,R,6.8
Confessions of a Dangerous Mind,"Comedy, Crime, Drama, Romance, Thriller, History",Movie,2002,Germany,113,Unknown,6.698
Constantine,"Fantasy, Action, Horror",Movie,2005,Germany,121,R,7.115
Confidence,Drama,Movie,2025,United States of America,2,G,0.0
"Cooler, The","Action, Animation, Science Fiction",Movie,1992,Japan,46,NR,6.441
Copycat,"Thriller, Crime, Mystery, Horror, Drama",Movie,1995,United States of America,124,R,6.469
Coraline,"Animation, Family, Fantasy",Movie,2009,United States of America,100,Unknown,7.897
Corpse Bride,"Romance, Fantasy, Animation",Movie,2005,United Kingdom,77,PG,7.583
Cradle 2 the Grave,"Action, Crime, Drama",Movie,2003,United States of America,101,R,6.112
Crank,"Action, Thriller, Crime",Movie,2006,United States of America,88,R,6.647
Crash,Drama,Movie,2005,United States of America,112,Unknown,7.213
"Crazy, Stupid, Love","Comedy, Drama, Romance",Movie,2011,United States of America,118,PG-13,7.27
Crazylove,"Comedy, Drama, Romance",Movie,2005,United States of America,95,Unknown,5.4
Creation,Drama,Movie,2024,United States of America,5,NR,0.0
Crime Spree,"Comedy, Crime, Action",Movie,2003,Canada,98,R,5.6
"Croods, The","Animation, Adventure, Family, Comedy",Movie,2013,United States of America,98,PG,6.927
"Crouching Tiger, Hidden Dragon","Adventure, Drama, Action, Romance",Movie,2000,Hong Kong,120,PG-13,7.43
Croupier,"Drama, Thriller",Movie,1998,United Kingdom,94,R,6.744
"Crow, The","Action, Fantasy, Horror",Movie,2024,France,111,R,5.828
"Crow City of Angels, The","Action, Fantasy, Thriller",Movie,1996,United States of America,84,R,5.504
"Crow Salvation, The","Action, Thriller, Horror, Crime, Fantasy, Mystery",Movie,2000,Germany,101,R,5.504
Cruel Intentions,"Drama, Romance",Movie,1999,United States of America,98,Unknown,6.803
Crying Game,"Crime, Drama, Thriller",Movie,1992,United Kingdom,112,R,6.846
Cube,"Thriller, Science Fiction, Mystery",Movie,1998,Canada,90,Unknown,6.808
"Curious Case of Benjamin Button, The","Drama, Fantasy, Romance",Movie,2008,United States of America,166,Unknown,7.595
Custody,"Drama, TV Movie",Movie,2007,United States of America,90,Unknown,5.5
Dallas Buyers Club,"Drama, History",Movie,2013,United States of America,117,Unknown,7.919
"Damned United, The","Drama, History",Movie,2009,United Kingdom,97,R,7.225
Dances with Wolves,"Adventure, Drama, Western",Movie,1990,United Kingdom,181,PG-13,7.8
"Danish Girl, The",Drama,Movie,2015,Belgium,119,R,7.564
"Dark Knight Rises, The","Action, Crime, Drama, Thriller",Movie,2012,United Kingdom,165,PG-13,7.787
Dark Star,"Comedy, Science Fiction",Movie,1974,United States of America,83,Unknown,5.94
Dark City,"Mystery, Science Fiction",Movie,1998,Australia,100,R,7.33
Darkman,"Action, Science Fiction, Thriller",Movie,1990,United States of America,95,R,6.437
Date Night,"Comedy, Action, Adventure",Movie,2010,United States of America,88,PG-13,6.106
Day of the Dead,Documentary,Movie,2021,United States of America,60,Unknown,5.0
"Day the Clown Cried, The",Documentary,Movie,2016,Sweden,28,Unknown,0.0
Dawn of the Dead,"Horror, Action",Movie,2004,United States of America,101,R,7.053
"Day the Earth Stood Still, The","Drama, Action, Thriller, Science Fiction, Animation",Movie,1992,Japan,337,Unknown,7.0
Days of Heaven,"Drama, Romance",Movie,1978,United States of America,94,PG,7.513
Dead Poets Society,Drama,Movie,1989,United States of America,130,Unknown,8.301
Deadpool,"Action, Adventure, Comedy",Movie,2016,United States of America,108,R,7.623
Dear White People,"Drama, Romance",Movie,2014,United States of America,108,NR,6.135
Death at a Funeral,"Comedy, Drama",Movie,2007,Germany,91,Unknown,6.905
"Debt, The","Thriller, TV Movie, Crime",Movie,2003,United Kingdom,120,Unknown,5.5
Death to Smoochy,"Comedy, Crime, Drama, Thriller",Movie,2002,United Kingdom,109,Unknown,5.926
Deception,"Drama, Romance, Music",Movie,1946,United States of America,110,Unknown,6.5
Deep Cover,"Action, Comedy, Crime",Movie,2025,United States of America,99,Unknown,6.702
Coriolanus,"History, Documentary",Movie,1979,Unknown,160,Unknown,3.5
Deep Rising,"Adventure, Action, Horror, Science Fiction",Movie,1998,Canada,106,R,6.16
"Deer Hunter, The","Drama, War",Movie,1978,United Kingdom,183,R,7.983
Defiance,"Action, Drama, History, War",Movie,2008,United States of America,137,R,6.844
"Departed, The","Drama, Thriller, Crime",Movie,2006,Hong Kong,151,R,8.159
Despicable Me 2,"Animation, Comedy, Family",Movie,2013,United States of America,98,PG,6.936
"Descendants, The","Fantasy, Adventure, Family, Comedy",Movie,2024,United States of America,92,G,6.8
Detroit Rock City,"Comedy, Music, Adventure",Movie,1999,United States of America,95,R,6.734
Devil's Advocate,"Mystery, Drama",Movie,1977,Germany,109,Unknown,6.5
Devil in a Blue Dress,"Thriller, Crime, Mystery",Movie,1995,United States of America,102,R,6.5
"Devil Wears Prada, The","Drama, Comedy",Movie,2006,United States of America,109,Unknown,7.392
Die Hard 2,"Action, Thriller",Movie,1990,United States of America,124,Unknown,6.959
Die Hard,"Action, Thriller",Movie,1988,United States of America,132,R,7.802
Diner,"Comedy, Drama",Movie,1982,United States of America,110,R,6.825
"Distinguished Gentleman, The",Comedy,Movie,1992,United States of America,112,R,6.1
Disturbia,"Thriller, Drama, Mystery",Movie,2007,United States of America,105,PG-13,6.691
Django Unchained,"Drama, Western",Movie,2012,United States of America,165,R,8.185
Do The Right Thing,Drama,Movie,1989,United States of America,120,Unknown,7.77
Dog Day Afternoon,"Crime, Drama, Thriller",Movie,1975,United States of America,124,R,7.848
Dogma,"Fantasy, Comedy, Adventure",Movie,1999,United States of America,130,R,6.92
Donnie Brasco,"Crime, Drama, Thriller",Movie,1997,United States of America,127,Unknown,7.535
"Doors, The",Comedy,Movie,2019,United States of America,110,R,0.0
Double Indemnity,"Crime, Drama, Thriller, TV Movie",Movie,1973,United States of America,75,PG,4.8
Drag Me to Hell,"Horror, Thriller",Movie,2009,United States of America,99,Unknown,6.455
Dragonslayer,"Fantasy, Adventure",Movie,1981,United States of America,108,PG,6.522
Dream Scenario,"Comedy, Fantasy",Movie,2023,United States of America,102,Unknown,6.648
Drive Angry,"Fantasy, Thriller, Action, Crime",Movie,2011,United States of America,104,R,5.538
Drop Dead Gorgeous,"Crime, Drama, Mystery, Romance",Movie,2017,United States of America,22,NR,0.0
Drive,"Drama, Thriller, Crime",Movie,2011,United States of America,100,R,7.583
"Dry White Season, A","Drama, Mystery",Movie,1989,United States of America,107,R,6.665
Duck Soup,"Comedy, War",Movie,1933,United States of America,69,Unknown,7.311
Dumb and Dumber,Comedy,Movie,1994,United States of America,107,Unknown,6.638
Dune Part One,"Science Fiction, Adventure",Movie,2021,United States of America,155,Unknown,7.776
Dune,"Science Fiction, Adventure",Movie,2021,United States of America,155,Unknown,7.776
E.T.,Comedy,Movie,2008,South Korea,120,Unknown,6.5
Eagle Eye,"Mystery, Thriller, Action",Movie,2008,Germany,118,PG-13,6.477
Eastern Promises,"Thriller, Crime, Mystery",Movie,2007,Canada,101,R,7.352
Easy A,Comedy,Movie,2010,United States of America,93,PG-13,6.81
Ed TV,Comedy,Movie,1999,United States of America,123,PG-13,5.964
Ed Wood,"Comedy, Drama, History",Movie,1994,United States of America,127,R,7.484
Edward Scissorhands,"Fantasy, Drama, Romance",Movie,1990,United States of America,105,PG-13,7.719
Eight Legged Freaks,"Action, Comedy, Horror, Thriller",Movie,2002,Australia,99,Unknown,5.805
El Mariachi,"Action, Crime, Thriller",Movie,1993,United States of America,81,Unknown,6.746
Election,"Comedy, Drama",Movie,1999,United States of America,103,R,6.87
Elemental,"Family, Fantasy, Comedy, Romance, Animation",Movie,2023,United States of America,102,Unknown,7.599
"Elephant Man, The",Action,Movie,2023,China,73,Unknown,0.0
Elizabeth The Golden Age,"Drama, History, Romance",Movie,2007,France,114,PG-13,6.71
Elvis,"Drama, Music, History",Movie,2022,Australia,159,PG-13,7.484
Enemy of the State,"Action, Drama, Thriller",Movie,1998,United Kingdom,132,R,7.057
"English Patient, The","Drama, Romance, War",Movie,1996,United Kingdom,162,R,7.161
Enough,"Drama, Thriller",Movie,2002,United States of America,114,PG-13,6.7
Entrapment,"Romance, Drama, Mystery",Movie,1999,United Kingdom,112,PG-13,6.228
Erik the Viking,"Adventure, Fantasy, Comedy",Movie,1989,Sweden,107,PG-13,5.876
Escape From New York,"Science Fiction, Action",Movie,1981,United Kingdom,99,Unknown,7.0
Erin Brockovich,Drama,Movie,2000,United States of America,131,Unknown,7.438
Escape From L.A.,"Action, Adventure, Science Fiction, Thriller",Movie,1996,United States of America,96,R,5.9
Eternal Sunshine of the Spotless Mind,"Science Fiction, Drama, Romance",Movie,2004,United States of America,108,R,8.092
Even Cowgirls Get the Blues,"Comedy, Drama, Romance, Western",Movie,1994,United States of America,96,R,4.405
Event Horizon,"Horror, Science Fiction, Mystery",Movie,1997,United Kingdom,95,R,6.564
Evil Dead,Horror,Movie,2013,United States of America,91,Unknown,6.578
Evil Dead II Dead by Dawn,"Horror, Comedy, Fantasy",Movie,1987,United States of America,84,Unknown,7.549
Ex Machina,"Drama, Science Fiction",Movie,2015,United Kingdom,108,Unknown,7.571
Excalibur,"Music, Science Fiction",Movie,1990,France,6,Unknown,8.5
Extract,Comedy,Movie,2009,United States of America,92,R,5.829
"Fabulous Baker Boys, The","Comedy, Drama, Music, Romance",Movie,1989,United States of America,114,R,6.6
Face Off,"Action, Crime, Science Fiction",Movie,1997,United States of America,139,R,7.048
eXistenZ,"Action, Thriller, Science Fiction",Movie,1999,Canada,97,R,6.791
Fair Game,"Drama, Thriller",Movie,2010,United States of America,108,PG-13,6.469
FairyTale A True Story,"Fantasy, Drama, Mystery, Family",Movie,1997,United States of America,99,PG,6.394
"Family Man, The","Comedy, Drama, Romance, Fantasy",Movie,2000,United States of America,125,PG-13,6.807
Fantastic Beasts and Where to Find Them,"Fantasy, Adventure",Movie,2016,United Kingdom,133,PG-13,7.311
Fantastic Beasts The Secrets of Dumbledore,"Fantasy, Adventure",Movie,2022,United Kingdom,142,PG-13,6.638
Fantastic Beasts The Crimes of Grindelwald,"Fantasy, Adventure",Movie,2018,United Kingdom,134,PG-13,6.843
Fantastic Four,"Action, Fantasy, Science Fiction",Movie,2005,Germany,106,PG-13,5.8
Fantastic Mr Fox,"Adventure, Animation, Comedy, Family",Movie,2009,United States of America,87,Unknown,7.811
Fargo,"Crime, Drama, Thriller",Movie,1996,United Kingdom,98,R,7.851
Fast Times at Ridgemont High,"Comedy, Romance",Movie,1982,United States of America,90,R,6.805
"Fault in Our Stars, The","Romance, Drama",Movie,2014,United States of America,126,PG-13,7.595
Fear and Loathing in Las Vegas,"Adventure, Drama, Comedy",Movie,1998,United States of America,118,R,7.212
Feast,"Horror, Action",Movie,2005,United States of America,92,R,6.169
Ferrari,"History, Drama",Movie,2023,United States of America,131,Unknown,6.38
Ferris Bueller's Day Off,Comedy,Movie,1986,United States of America,103,PG-13,7.571
Field of Dreams,"Drama, Fantasy",Movie,1989,United States of America,107,PG,7.115
"Fifth Element, The","Science Fiction, Action, Adventure",Movie,1997,France,126,PG-13,7.56
Fight Club,"Drama, Thriller",Movie,1999,Germany,139,Unknown,8.438
"Fighter, The",Drama,Movie,1973,India,98,Unknown,6.6
Final Destination 2,"Horror, Mystery",Movie,2003,United States of America,90,Unknown,6.301
Fatal Instinct,Action,Movie,2014,Unknown,90,Unknown,5.5
Final Destination,Horror,Movie,2000,United States of America,98,R,6.626
Finding Nemo,"Animation, Family",Movie,2003,United States of America,100,Unknown,7.817
First Cow,"Drama, Western",Movie,2020,United States of America,122,Unknown,7.1
Five Easy Pieces,Drama,Movie,1970,United States of America,98,R,7.125
Flash Gordon,"Science Fiction, Adventure, Action",Movie,1980,Italy,111,PG,6.234
Fletch,"Comedy, Crime, Mystery",Movie,1985,United States of America,98,PG,6.736
Flight,Drama,Movie,2012,United States of America,138,Unknown,6.85
"Flintstones, The","Fantasy, Comedy, Family",Movie,1994,United States of America,91,PG,5.356
Flora and Son,"Music, Comedy, Drama",Movie,2023,Ireland,97,Unknown,6.935
Foe,"Science Fiction, Drama",Movie,2023,Australia,111,Unknown,5.723
Forrest Gump,"Comedy, Drama, Romance",Movie,1994,United States of America,142,PG-13,8.464
Four Feathers,Drama,Movie,1915,United States of America,50,Unknown,0.0
Foxcatcher,"Drama, Thriller",Movie,2014,United States of America,134,R,6.653
Four Rooms,Comedy,Movie,1995,United States of America,98,R,5.87
Frances,Drama,Movie,1982,United States of America,140,R,6.914
Frankenweenie,"Animation, Comedy, Family",Movie,2012,United States of America,87,PG,7.002
Freaked,"Comedy, Science Fiction, Horror",Movie,1993,United States of America,80,PG-13,6.1
Frankenstein,"Drama, Horror, Science Fiction",Movie,2025,United States of America,150,Unknown,8.2
Fred Claus,"Action, Comedy, Drama",Movie,2007,United States of America,115,Unknown,5.846
"French Connection, The","Action, Crime, Thriller",Movie,1971,United States of America,104,R,7.504
Frequency,"Science Fiction, Thriller",Movie,2000,United States of America,118,Unknown,7.256
Freud's Last Session,Drama,Movie,2023,Ireland,109,Unknown,6.659
Freddy vs. Jason,Horror,Movie,2003,United States of America,97,R,6.081
Friday the 13th Part VIII Jason Takes Manhattan,"Horror, Thriller",Movie,1989,United States of America,100,R,4.95
Friday the 13th,"Horror, Thriller",Movie,2009,United States of America,97,R,5.8
Fright Night,"Comedy, Horror",Movie,1985,United States of America,107,R,7.034
From Dusk Till Dawn,"Horror, Action, Thriller, Crime",Movie,1996,United States of America,108,Unknown,7.0
From Here to Eternity,"War, Romance, Drama",Movie,1953,United States of America,118,NR,7.289
Frozen (Disney),"Animation, Family, Fantasy",Movie,2025,Denmark,0,Unknown,0.0
Frozen River,"Drama, Crime",Movie,2008,United States of America,97,R,6.626
Frozen,"Animation, Family, Adventure, Fantasy",Movie,2013,United States of America,102,PG,7.248
Fruitvale Station,Drama,Movie,2013,United States of America,82,Unknown,7.362
"Fugitive, The","Drama, History, War",Movie,2019,Indonesia,98,Unknown,5.8
Funny People,"Comedy, Drama",Movie,2009,United States of America,146,Unknown,5.9
G.I. Jane,"Action, Drama",Movie,1997,United Kingdom,125,R,6.469
G.I. Joe The Rise of Cobra,"Adventure, Action, Thriller, Science Fiction",Movie,2009,United States of America,118,PG-13,5.789
"Game, The","Documentary, Horror",Movie,2015,United States of America,58,NR,7.0
Game 6,"Comedy, Drama, Romance",Movie,2022,South Korea,74,Unknown,6.3
Gamer,"Action, Thriller, Science Fiction",Movie,2001,France,92,Unknown,2.8
Gandhi,"Drama, History",Movie,1982,India,191,Unknown,7.555
Gang Related,"Action, Crime, Thriller, Drama, Romance",Movie,1997,United States of America,111,R,6.361
Gangs of New York,"Drama, History, Crime",Movie,2002,United States of America,168,Unknown,7.314
Garden State,"Comedy, Drama, Romance",Movie,2004,United States of America,102,Unknown,7.085
Gattaca,"Thriller, Science Fiction, Mystery, Romance",Movie,1997,United States of America,107,Unknown,7.563
Get Carter,"Action, Drama, Thriller, Crime",Movie,2000,United States of America,102,R,5.2
Get Low,"Drama, Mystery, Comedy",Movie,2010,United States of America,103,Unknown,6.703
Get on Up,"Drama, Music, History",Movie,2014,United States of America,139,PG-13,6.773
Get Out,"Mystery, Thriller, Horror",Movie,2017,United States of America,104,R,7.619
Get Shorty,"Comedy, Thriller, Crime",Movie,1995,United States of America,105,R,6.511
"Getaway, The",Comedy,Movie,2019,Turkey,60,Unknown,5.0
"Ghost and the Darkness, The","Adventure, Thriller, History",Movie,1996,Germany,109,R,6.8
Ghost Rider,"Thriller, Action, Fantasy",Movie,2007,United States of America,114,PG-13,5.58
Ghost Ship,"Horror, Mystery, Thriller",Movie,2002,Australia,91,R,5.997
Ghost World,"Comedy, Drama",Movie,2001,Germany,111,Unknown,7.079
Ghost,"Fantasy, Drama, Thriller, Mystery, Romance",Movie,1990,United States of America,126,PG-13,7.226
Ghostbusters,"Action, Fantasy, Comedy",Movie,2016,United States of America,117,PG-13,5.349
"Girl with the Dragon Tattoo, The","Drama, Thriller, Crime, Mystery",Movie,2009,Denmark,152,Unknown,7.5
Gladiator,"Action, Drama, Adventure",Movie,2000,United Kingdom,155,R,8.22
Go,Family,Movie,2020,Australia,110,Unknown,6.8
Godfather Part II,"Drama, Crime",Movie,1974,United States of America,202,R,8.572
"Godfather Part III, The","Crime, Drama, Thriller",Movie,1990,United States of America,162,R,7.4
Gods and Monsters,Drama,Movie,1998,United Kingdom,105,R,6.955
Godzilla,"Science Fiction, Horror",Movie,1977,Italy,96,Unknown,6.663
Gone in 60 Seconds,"Action, Crime, Drama, Thriller",Movie,1974,United States of America,105,PG,6.212
"Good Girl, The","Comedy, Romance",Movie,2023,United States of America,11,Unknown,7.2
Good Will Hunting,Drama,Movie,1997,United States of America,127,R,8.157
Gothika,"Horror, Thriller, Mystery",Movie,2003,United States of America,98,R,6.115
Grabbers,"Science Fiction, Comedy, Thriller, Horror, Mystery",Movie,2012,Ireland,94,R,6.096
"Graduate, The","Drama, Romance, Comedy",Movie,1967,United States of America,106,PG,7.634
Gran Torino,Drama,Movie,2008,United States of America,116,Unknown,7.989
Grand Hotel,"Drama, Romance",Movie,1932,United States of America,112,NR,7.0
Fracture,Drama,Movie,2024,Unknown,9,Unknown,7.0
"Grapes of Wrath, The","Documentary, History",Movie,2019,France,54,Unknown,6.2
Gravity,"Science Fiction, Thriller, Drama",Movie,2013,United Kingdom,91,PG-13,7.163
"Great Gatsby, The","Drama, TV Movie",Movie,1958,United States of America,88,Unknown,0.0
"Green Mile, The","Fantasy, Drama, Crime",Movie,1999,United States of America,189,Unknown,8.503
Gremlins 2,"Comedy, Horror, Fantasy",Movie,1990,United States of America,106,PG-13,6.519
Gremlins,"Fantasy, Horror, Comedy",Movie,1984,United States of America,106,PG,7.137
Grand Theft Parsons,"Comedy, Drama, Adventure",Movie,2004,Unknown,88,Unknown,5.8
"Grifters, The","Animation, Drama, Comedy",Movie,2006,Japan,104,Unknown,6.3
Grosse Point Blank,"Action, Comedy, Thriller, Romance",Movie,1997,United States of America,107,R,6.9
Groundhog Day,"Romance, Fantasy, Drama, Comedy",Movie,1993,United States of America,101,PG,7.618
"Grudge, The","Horror, Fantasy",Movie,2024,India,33,Unknown,0.0
Guardians of the Galaxy Vol 2,"Science Fiction, Adventure, Action",Movie,2017,United States of America,137,PG-13,7.6
Hackers,"Action, Crime, Thriller, Drama",Movie,1995,United States of America,107,PG-13,6.385
Hall Pass,"Comedy, Romance",Movie,2011,United States of America,105,Unknown,5.709
Halloween The Curse of Michael Myers,"Horror, Thriller",Movie,1995,United States of America,88,R,5.165
Halloween,"Horror, Thriller",Movie,1978,United States of America,91,R,7.6
Hancock,"Fantasy, Action",Movie,2008,United States of America,92,PG-13,6.35
"Hangover, The",Comedy,Movie,2009,United States of America,100,R,7.328
Godfather,Comedy,Movie,2012,India,146,Unknown,6.6
Hanna,"Action, Thriller, Adventure",Movie,2011,Germany,111,PG-13,6.589
Hannah and Her Sisters,"Comedy, Drama",Movie,1986,United States of America,107,Unknown,7.488
Hannibal,"Crime, Drama, Thriller",Movie,2001,United Kingdom,131,Unknown,6.764
"Happy Birthday, Wanda June","Comedy, Drama",Movie,1971,United States of America,105,Unknown,5.5
Hard Rain,"Thriller, Crime, Action",Movie,1998,Denmark,97,R,5.852
Happy Feet,"Animation, Comedy, Family",Movie,2006,Australia,108,Unknown,6.2
Hard to Kill,Action,Movie,2024,United States of America,175,Unknown,6.5
Harold and Kumar Go to White Castle,"Comedy, Adventure",Movie,2004,United States of America,88,R,6.542
"Haunting, The","Horror, Thriller",Movie,2023,Australia,100,Unknown,5.63
He's Just Not That Into You,"Comedy, Romance, Drama",Movie,2009,United States of America,129,PG-13,6.616
Heat,"Crime, Drama, Action",Movie,1995,United States of America,170,R,7.921
Heathers,"Comedy, Crime",Movie,1988,United States of America,103,Unknown,7.277
Heavenly Creatures,"Drama, Fantasy",Movie,1994,New Zealand,109,R,6.975
Heavy Metal,"Animation, Science Fiction, Adventure, Fantasy, Music",Movie,1981,Canada,90,R,6.5
"Hebrew Hammer, The","Action, Comedy",Movie,2003,United States of America,81,Unknown,5.4
Heist,"Thriller, Crime",Movie,1999,United States of America,102,R,0.0
Hellbound Hellraiser II,"Documentary, Horror",Movie,2015,United Kingdom,476,Unknown,6.4
Hellboy 2 The Golden Army,"Fantasy, Action",Movie,2008,United States of America,120,PG-13,6.761
Hellboy,"Fantasy, Action",Movie,2004,United States of America,122,PG-13,6.669
Hellraiser 3 Hell on Earth,"Horror, Thriller",Movie,1992,United States of America,93,R,5.671
Hellraiser Deader,"Horror, Mystery, Thriller",Movie,2005,Romania,89,R,4.624
Hellraiser Hellseeker,"Horror, Thriller, Mystery",Movie,2002,United States of America,89,R,4.973
Hellraiser,"Horror, Thriller, Fantasy",Movie,1987,United Kingdom,94,R,6.878
"Help, The",Drama,Movie,2011,United States of America,146,Unknown,8.206
Henry's Crime,"Crime, Comedy",Movie,2010,United States of America,108,R,5.813
Henry Fool,"Comedy, Drama",Movie,1998,United States of America,137,R,6.6
Her,"Romance, Science Fiction, Drama",Movie,2013,United States of America,126,Unknown,7.846
Here Comes Peter Cottontail,"Animation, Family, Adventure, Comedy",Movie,1971,United States of America,51,NR,5.9
Hesher,Drama,Movie,2010,Taiwan,106,R,6.8
High Fidelity,"Drama, Comedy, Romance, Music",Movie,2000,United Kingdom,113,R,7.121
Highlander Endgame,"Action, Adventure, Fantasy",Movie,2000,United Kingdom,87,R,4.828
Highlander,"Adventure, Action, Fantasy",Movie,1986,United Kingdom,116,R,6.872
"Hills Have Eyes, The","Horror, Thriller",Movie,2006,France,107,R,6.448
His Girl Friday,"Comedy, Romance",Movie,1940,United States of America,92,NR,7.398
Hitchcock,Drama,Movie,2012,United States of America,98,Unknown,6.6
"Hitchhiker's Guide to the Galaxy, The","Adventure, Comedy, Science Fiction",Movie,2005,United Kingdom,109,PG,6.678
"Holdovers, The","Comedy, Drama",Movie,2023,United States of America,133,Unknown,7.66
Hollow Man,"Action, Science Fiction, Thriller",Movie,2000,Germany,112,Unknown,5.952
Honeydripper,"Drama, Music",Movie,2007,United States of America,124,Unknown,5.9
Horrible Bosses,"Comedy, Crime",Movie,2011,United States of America,98,R,6.573
"Horse Whisperer, The","Adventure, Drama, Romance",Movie,1998,United States of America,169,PG-13,6.898
Hostage,"Drama, Thriller",Movie,1983,Australia,93,R,4.3
Hot Tub Time Machine,"Science Fiction, Comedy, Adventure",Movie,2010,United States of America,101,R,6.043
Hotel Rwanda,"Drama, History, War",Movie,2004,Italy,121,Unknown,7.714
House of 1000 Corpses,Horror,Movie,2003,United States of America,89,R,6.185
How to Train Your Dragon 2,"Fantasy, Action, Adventure, Animation, Comedy, Family",Movie,2014,United States of America,102,PG,7.7
How to Train Your Dragon,"Fantasy, Family, Action, Adventure",Movie,2025,United States of America,125,Unknown,8.018
Hudson Hawk,"Action, Adventure, Comedy",Movie,1991,United States of America,100,R,5.709
"Hudsucker Proxy, The","Comedy, Drama, Fantasy",Movie,1994,United Kingdom,111,Unknown,7.074
Human Nature,Documentary,Movie,2019,United States of America,107,Unknown,6.842
"Hunt for Red October, The","Action, Adventure, Thriller",Movie,1990,United States of America,135,PG-13,7.4
"Hurt Locker, The","Drama, Thriller, War",Movie,2008,United States of America,131,Unknown,7.258
I'll Do Anything,"Comedy, Drama",Movie,1994,United States of America,115,PG,5.558
"I, Robot","Action, Science Fiction",Movie,2004,United States of America,115,PG-13,6.957
I Am Number Four,"Action, Thriller, Science Fiction, Adventure",Movie,2011,India,109,PG-13,6.179
I Love You Phillip Morris,"Comedy, Crime, Drama, Romance",Movie,2010,France,98,Unknown,6.426
I am Sam,Drama,Movie,2001,United States of America,132,Unknown,7.555
I Spit on Your Grave,"Thriller, Crime, Horror",Movie,2010,United States of America,103,R,6.516
I Still Know What You Did Last Summer,"Horror, Mystery, Thriller",Movie,1998,United States of America,100,Unknown,5.375
"Ides of March, The",Drama,Movie,2011,United States of America,101,Unknown,6.675
"Ice Storm, The",Drama,Movie,1997,France,112,Unknown,6.873
In the Bedroom,"Drama, Thriller",Movie,2001,United States of America,130,Unknown,6.946
"Imaginarium of Doctor Parnassus, The","Adventure, Fantasy, Mystery",Movie,2009,Canada,123,PG-13,6.377
In the Loop,Comedy,Movie,2009,United Kingdom,106,NR,7.035
Inception,"Action, Science Fiction, Adventure",Movie,2010,United Kingdom,148,PG-13,8.37
"Incredibles, The","Action, Adventure, Animation, Family",Movie,2004,United States of America,115,PG,7.719
Independence Day,"Action, Adventure, Science Fiction",Movie,1996,United States of America,145,PG-13,6.896
Indiana Jones and the Last Crusade,"Adventure, Action",Movie,1989,United States of America,127,PG-13,7.847
Indiana Jones and the Raiders of the Lost Ark,"Adventure, Action",Movie,1981,United States of America,115,Unknown,7.923
Indiana Jones and the Temple of Doom,"Adventure, Action",Movie,1984,United States of America,118,Unknown,7.301
"Informant, The","Thriller, Crime",Movie,2013,Belgium,116,Unknown,6.185
Indiana Jones IV,"Adventure, Action",Movie,2008,United States of America,122,PG-13,6.019
Inglourious Basterds,"Drama, Thriller, War",Movie,2009,Germany,153,Unknown,8.214
Initiation,"Thriller, Horror",Movie,2016,United States of America,81,Unknown,5.0
"Insider, The","Action, Crime, Thriller",Movie,2025,Poland,166,R,6.833
Insidious,"Horror, Thriller",Movie,2011,Canada,102,PG-13,6.941
Insomnia,"Thriller, Crime, Drama",Movie,2002,United States of America,118,Unknown,6.955
Interstellar,"Adventure, Drama, Science Fiction",Movie,2014,United Kingdom,169,PG-13,8.461
Into the Wild,"Adventure, Drama",Movie,2007,United States of America,148,R,7.798
Interview with the Vampire,"Horror, Drama, Fantasy",Movie,1994,United States of America,123,Unknown,7.382
"Hospital, The","Horror, Drama",Movie,2022,Unknown,87,NR,0.0
Into the Woods,"Fantasy, Comedy",Movie,2014,United States of America,125,PG,5.756
Intolerable Cruelty,"Comedy, Romance, Crime",Movie,2003,United States of America,100,PG-13,5.947
Inventing the Abbotts,"Drama, Romance",Movie,1997,United States of America,110,R,6.301
Invictus,"Drama, History",Movie,2009,United States of America,134,Unknown,7.182
"Invention of Lying, The","Comedy, Fantasy, Romance",Movie,2009,United States of America,100,PG-13,6.203
"Iron Claw, The","History, Drama",Movie,2023,United Kingdom,132,Unknown,7.545
"Iron Lady, The","Comedy, Romance",Movie,2007,Hong Kong,0,Unknown,4.0
"Island, The","Action, Fantasy, Science Fiction",Movie,2009,Russia,99,Unknown,5.147
It's a Wonderful Life,Comedy,Movie,1994,Hong Kong,94,Unknown,5.6
It's Complicated,"Comedy, Romance",Movie,2009,United States of America,121,R,6.507
It,"Horror, Thriller",Movie,2017,United States of America,135,R,7.236
It Happened One Night,"Comedy, Romance",Movie,1934,United States of America,105,NR,7.824
Jackie Brown,"Crime, Drama, Thriller",Movie,1997,United States of America,154,Unknown,7.355
"Italian Job, The","Action, Crime",Movie,2003,France,110,PG-13,6.784
"Jacket, The","Drama, Mystery, TV Movie",Movie,1984,Yugoslavia,65,Unknown,0.0
Jane Eyre,"Drama, Romance, TV Movie",Movie,1997,United Kingdom,108,Unknown,7.1
Jacob's Ladder,"Horror, Mystery, Thriller",Movie,2019,United States of America,89,R,4.365
Jason X,"Horror, Science Fiction",Movie,2001,United States of America,91,R,4.9
Jaws,"Horror, Thriller, Adventure",Movie,1975,United States of America,124,Unknown,7.68
Jaws 2,"Horror, Thriller",Movie,1978,United States of America,117,PG,6.024
Jay and Silent Bob Strike Back,"Comedy, Adventure",Movie,2001,United States of America,104,R,6.435
Jennifer's Body,"Horror, Comedy",Movie,2009,United States of America,107,R,5.98
Jerry Maguire,"Comedy, Drama, Romance",Movie,1996,United States of America,139,R,6.973
Jeux Interdits,"Drama, War",Movie,1952,France,87,Unknown,7.794
JFK,"Drama, Thriller, History",Movie,1991,United States of America,189,R,7.601
Jennifer Eight,"Crime, Drama, Mystery, Thriller",Movie,1992,United States of America,124,R,6.064
Jimmy and Judy,"Action, Crime, Drama, Thriller",Movie,2006,United States of America,99,R,4.7
John Wick Chapter 4,"Action, Thriller, Crime",Movie,2023,Germany,170,R,7.72
John Q,"Drama, Thriller, Crime",Movie,2002,United States of America,116,PG-13,7.135
John Wick,"Action, Thriller",Movie,2014,United States of America,101,Unknown,7.453
Joker,"Crime, Thriller, Drama",Movie,2019,Canada,122,Unknown,8.132
Jojo Rabbit,"Comedy, War, Drama",Movie,2019,New Zealand,108,PG-13,7.997
Judge Dredd,"Animation, Action, Comedy, Horror",Movie,2016,United States of America,27,Unknown,0.0
Juno,"Comedy, Drama, Romance",Movie,2007,United States of America,96,Unknown,7.054
Jurassic Park III,"Adventure, Action, Thriller, Science Fiction",Movie,2001,United States of America,92,PG-13,6.167
Jurassic Park The Lost World,"Adventure, Action, Science Fiction",Movie,1997,United States of America,129,PG-13,6.558
Jurassic Park,"Adventure, Science Fiction",Movie,1993,United States of America,127,PG-13,7.962
Kalifornia,"Thriller, Crime",Movie,1993,United States of America,118,R,6.576
Kafka,"Drama, Mystery, Science Fiction",Movie,1991,France,98,PG-13,6.431
"Kids Are All Right, The","Comedy, Drama",Movie,2010,United States of America,106,Unknown,6.615
Kids,"Drama, Crime",Movie,1995,United States of America,91,Unknown,6.9
Kill Your Darlings,"Drama, Romance, Thriller",Movie,2013,United States of America,103,NR,7.045
"Killer, The","Comedy, Crime, Thriller",Movie,2024,Mexico,95,Unknown,7.16
Killers of the Flower Moon,"Crime, History, Drama",Movie,2023,United States of America,206,R,7.411
Killing Zoe,"Action, Crime, Drama, Thriller",Movie,1993,France,96,R,6.207
"King's Speech, The","Drama, History",Movie,2010,United Kingdom,118,Unknown,7.736
King Kong,"Adventure, Drama, Action",Movie,2005,New Zealand,188,PG-13,6.89
"King of Comedy, The","Drama, Comedy",Movie,1982,United States of America,109,PG,7.8
"Kingdom, The","Fantasy, Adventure, Science Fiction, Action",Movie,2018,United Kingdom,85,Unknown,5.669
Klute,"Thriller, Mystery, Crime",Movie,1971,United States of America,114,R,6.7
Knocked Up,"Comedy, Romance, Drama",Movie,2007,United States of America,129,R,6.3
Kramer vs Kramer,Drama,Movie,1979,United States of America,105,PG,7.569
Kundun,"Drama, History",Movie,1997,France,134,PG-13,6.799
Kung Fu Panda,"Animation, Family, Comedy, Action, Adventure",Movie,2008,United States of America,90,PG,7.307
L.A. Confidential,"Crime, Mystery, Thriller, Drama",Movie,1997,United States of America,138,R,7.802
La La Land,"Comedy, Drama, Romance",Movie,2016,United States of America,129,PG-13,7.899
Labor of Love,"Romance, Drama, TV Movie",Movie,1998,Canada,96,Unknown,0.0
Labyrinth,"Drama, Fantasy",Movie,2024,Australia,20,Unknown,0.0
"Ladykillers, The","Comedy, Crime, Thriller",Movie,2004,United States of America,104,R,6.128
Lake Placid,"Horror, Comedy, Action, Science Fiction, Thriller",Movie,1999,United States of America,82,R,5.936
Land of the Dead,"Horror, Science Fiction, Thriller",Movie,2005,Canada,93,Unknown,6.195
Larry Crowne,"Comedy, Romance, Drama",Movie,2011,United States of America,98,PG-13,5.991
Last Chance Harvey,"Drama, Romance",Movie,2008,United States of America,99,PG-13,6.3
"Last Boy Scout, The","Action, Thriller",Movie,1991,United States of America,105,Unknown,6.829
"Last Flight, The",Documentary,Movie,2017,Austria,4,Unknown,0.0
"Last Samurai, The","Drama, Action, War",Movie,2003,United States of America,154,Unknown,7.595
"Last of the Mohicans, The","Animation, TV Movie, Adventure",Movie,1987,Australia,55,Unknown,6.0
Law Abiding Citizen,"Drama, Crime, Thriller",Movie,2009,United Kingdom,109,R,7.386
Last Tango in Paris,"Drama, Romance",Movie,1972,France,129,Unknown,6.921
Le Diable par la Queue,Comedy,Movie,1969,France,90,Unknown,6.077
Leaving Las Vegas,"Drama, Romance",Movie,1995,France,111,R,7.2
Legally Blonde,"Comedy, Romance",Movie,2001,United States of America,96,PG-13,6.808
Legend,"Crime, Thriller",Movie,2015,France,132,R,7.054
Legion,"Action, Science Fiction",Movie,1998,United States of America,97,Unknown,3.3
"LEGO Movie, The","Animation, Family, Adventure, Comedy, Fantasy",Movie,2014,Australia,100,Unknown,7.4
Leprechaun 2,"Comedy, Horror",Movie,1994,United States of America,85,R,5.514
Les Miserables,"Drama, History, Romance, TV Movie",Movie,1978,United Kingdom,150,Unknown,7.1
Les Tontons Flingueurs,"Comedy, Crime",Movie,1963,France,111,Unknown,7.751
Leviathan,"Adventure, Horror, Thriller, Science Fiction",Movie,1989,Italy,98,R,5.97
Life As A House,Drama,Movie,2001,United States of America,125,R,7.1
Liar Liar,Comedy,Movie,1997,United States of America,86,Unknown,6.703
"Life of David Gale, The","Drama, Thriller, Crime",Movie,2003,Germany,130,R,7.438
Life of Pi,"Adventure, Drama",Movie,2012,India,127,Unknown,7.407
Life,"Horror, Science Fiction, Mystery, Thriller",Movie,2017,United States of America,104,R,6.4
Light Sleeper,"Drama, Crime",Movie,1992,United States of America,103,Unknown,6.682
"Limey, The","Crime, Drama, Thriller, Mystery",Movie,1999,United States of America,89,R,6.537
Limitless,"Thriller, Mystery, Science Fiction",Movie,2011,United States of America,105,Unknown,7.192
"Lincoln Lawyer, The","Crime, Drama, Thriller",Movie,2011,United States of America,119,Unknown,7.197
Little Athens,"Romance, Comedy, Drama",Movie,2005,Unknown,103,Unknown,3.7
Little Men,Drama,Movie,2016,Brazil,85,Unknown,6.506
"Little Mermaid, The","Animation, Family, Adventure, Comedy",Movie,2023,Australia,98,Unknown,5.7
Bottle Rocket,Comedy,Movie,Unknown,Unknown,7,Unknown,0.0
Little Nicky,"Comedy, Fantasy",Movie,2000,United States of America,90,Unknown,5.854
Living in Oblivion,"Comedy, Drama",Movie,1995,United States of America,90,Unknown,7.18
"Lock, Stock and Two Smoking Barrels","Comedy, Crime",Movie,1998,United Kingdom,105,R,8.106
Logan's Run,"Action, Science Fiction",Movie,1976,United States of America,119,PG,6.596
Logan,"Drama, Horror, Mystery",Movie,2013,Sweden,6,Unknown,5.5
Lone Star,"Drama, Mystery, Romance",Movie,1996,United States of America,135,R,7.0
"Long Kiss Goodnight, The","Crime, Action, Mystery, Thriller",Movie,1996,United States of America,121,R,6.589
Looper,"Action, Thriller, Science Fiction",Movie,2012,United States of America,118,R,6.897
Lord of Illusions,"Horror, Fantasy, Drama",Movie,1995,United States of America,109,R,6.0
"Lord of the Rings Fellowship of the Ring, The","Adventure, Fantasy, Action",Movie,2001,New Zealand,179,PG-13,8.425
Lord of the Rings Return of the King,"Adventure, Fantasy, Action",Movie,2003,New Zealand,201,PG-13,8.49
Lord of the Rings The Two Towers,"Adventure, Fantasy, Action",Movie,2002,New Zealand,179,PG-13,8.41
Lord of War,"Crime, Drama, Thriller",Movie,2005,France,122,R,7.334
"Losers, The",Comedy,Movie,2001,Hong Kong,86,Unknown,6.0
Lost Highway,"Drama, Thriller, Mystery",Movie,1997,France,134,Unknown,7.5
Lost in Space,"Science Fiction, Adventure",Movie,1998,United States of America,130,PG-13,5.427
Lost in Translation,"Drama, Romance, Comedy",Movie,2003,United Kingdom,102,Unknown,7.389
Love and Basketball,"Comedy, Drama, Romance",Movie,2000,United States of America,124,PG-13,7.371
Machete,"Action, Comedy, Thriller",Movie,2010,United States of America,105,R,6.335
Christ Complex,Comedy,Movie,2012,Unknown,76,NR,8.0
Machine Gun Preacher,"Action, Thriller, Crime",Movie,2011,United States of America,129,R,6.727
Mad Max 2 The Road Warrior,"Adventure, Action, Thriller, Science Fiction",Movie,1981,Australia,96,Unknown,7.386
Made,"Comedy, Crime, Drama",Movie,2001,United States of America,95,R,5.8
Maestro,"Drama, Comedy",Movie,2014,France,81,Unknown,6.2
Magnolia,Drama,Movie,1999,United States of America,189,R,7.726
Major League,Comedy,Movie,1989,United States of America,107,R,6.879
Malcolm X,"Drama, History",Movie,1992,United States of America,202,PG-13,7.5
Malibu's Most Wanted,"Comedy, Crime",Movie,2003,United States of America,86,PG-13,5.133
Malignant,"Horror, Mystery",Movie,2021,United States of America,111,R,6.766
Man in the Iron Mask,"Adventure, Action, Drama",Movie,1998,United States of America,132,Unknown,6.641
"Cell, The","Horror, Comedy",Movie,Unknown,Indonesia,0,Unknown,0.0
Man On Fire,"Action, Drama, Thriller",Movie,2004,Switzerland,146,R,7.456
Man on the Moon,"Comedy, Drama",Movie,1999,United States of America,118,R,7.248
Man Trouble,"Comedy, Romance",Movie,1992,Italy,100,PG-13,4.891
"Man Who Knew Too Much, The",Drama,Movie,1984,Iran,95,Unknown,0.0
"Man Who Wasn't There, The","Drama, Fantasy, Thriller",Movie,2017,Macedonia,9,Unknown,6.8
"Manchurian Candidate, The","Drama, Thriller, Mystery",Movie,2004,United States of America,129,R,6.478
Manhattan Murder Mystery,"Comedy, Mystery",Movie,1993,United States of America,104,Unknown,7.265
Manhunter,"Crime, Drama, TV Movie",Movie,1974,United States of America,74,NR,6.5
Margaret,"TV Movie, Comedy, Drama, Romance",Movie,2009,United Kingdom,113,Unknown,5.8
Margin Call,"Thriller, Drama",Movie,2011,United States of America,108,Unknown,6.866
"Mariachi, El","Action, Crime, Thriller",Movie,1993,United States of America,81,Unknown,6.746
Margot at the Wedding,"Comedy, Drama",Movie,2007,United States of America,91,Unknown,5.821
Lincoln,Documentary,Movie,1992,Unknown,240,Unknown,6.8
Martha Marcy May Marlene,"Drama, Thriller",Movie,2011,United States of America,101,Unknown,6.604
"Martian, The","Action, Science Fiction",Movie,1967,Mexico,92,Unknown,5.6
Marty,"Drama, Romance",Movie,1955,United States of America,90,NR,7.447
Mary Poppins,"Comedy, Family, Fantasy",Movie,1964,United States of America,139,Unknown,7.56
"Mask, The","Horror, Fantasy",Movie,2020,Brazil,89,NR,5.5
"Master, The","Action, Comedy, Crime",Movie,1999,Hong Kong,93,Unknown,5.8
"Matrix, The","Action, Science Fiction",Movie,1999,United States of America,136,R,8.233
Master and Commander,"Adventure, Drama, War",Movie,2003,United States of America,138,PG-13,7.172
"Matrix Reloaded, The","Adventure, Action, Thriller, Science Fiction",Movie,2003,United States of America,138,Unknown,7.066
Max Payne,"Crime, Action, Drama, Thriller, Mystery",Movie,2008,United States of America,100,PG-13,5.391
May December,Drama,Movie,2023,United States of America,117,Unknown,6.586
Mean Streets,"Drama, Crime",Movie,1973,United States of America,111,Unknown,7.072
"Mechanic, The","Action, Thriller, Crime",Movie,2011,United States of America,93,R,6.522
Meet Joe Black,"Fantasy, Drama, Romance",Movie,1998,United States of America,178,Unknown,7.352
Meet John Doe,"Comedy, Drama",Movie,1941,United States of America,122,Unknown,7.3
Megamind,"Animation, Action, Comedy, Family, Science Fiction",Movie,2010,United States of America,96,PG,7.01
Memento,"Mystery, Thriller",Movie,2000,United States of America,113,Unknown,8.178
Memory,"Action, Thriller, Crime",Movie,2022,United States of America,114,R,6.754
Men in Black 3,"Action, Comedy, Science Fiction",Movie,2012,United Arab Emirates,106,PG-13,6.537
Men in Black,"Action, Adventure, Comedy, Science Fiction",Movie,1997,United States of America,98,Unknown,7.213
"Men Who Stare at Goats, The","Comedy, War",Movie,2009,United Kingdom,94,R,5.969
"Menu, The","Crime, Drama",Movie,2016,Hong Kong,89,Unknown,6.7
Metro,"Action, Comedy, Crime",Movie,1997,United States of America,117,R,5.702
Miami Vice,"Action, Crime, Thriller",Movie,2006,Germany,132,Unknown,6.022
Midnight Cowboy,Drama,Movie,1969,United States of America,113,NC-17,7.507
Midnight Express,"Drama, Crime",Movie,1978,United Kingdom,121,R,7.462
Mighty Joe Young,"Adventure, Family, Action, Fantasy",Movie,1998,United States of America,114,PG,6.3
Midnight in Paris,"Fantasy, Comedy, Romance",Movie,2011,France,94,PG-13,7.52
Mighty Morphin Power Rangers The Movie,"Action, Adventure, Science Fiction, Fantasy",Movie,1995,United States of America,95,PG,5.9
Miller's Crossing,"Drama, Thriller, Crime",Movie,1990,United States of America,115,Unknown,7.448
Miller's Girl,"Thriller, Drama, Romance",Movie,2024,United States of America,93,Unknown,6.4
Mimic,"Horror, Science Fiction",Movie,1997,United States of America,105,R,6.066
Mini's First Time,"Comedy, Crime, Drama",Movie,2006,United States of America,91,Unknown,5.6
Minority Report,"Science Fiction, Action, Thriller",Movie,2002,United States of America,145,PG-13,7.35
"Miracle Worker, The",Drama,Movie,2002,Italy,102,Unknown,7.8
Mirrors,"Horror, Mystery",Movie,2008,Romania,111,R,6.286
Misery,"Drama, Thriller",Movie,1990,United States of America,107,R,7.745
Mission Impossible II,"Adventure, Action, Thriller",Movie,2000,United States of America,123,Unknown,6.134
Mission Impossible,"Action, Adventure, Thriller",Movie,2025,United States of America,170,PG-13,7.271
Mission to Mars,"Science Fiction, Adventure, Drama",Movie,2000,United States of America,114,Unknown,5.996
Moneyball,Drama,Movie,2011,United States of America,134,PG-13,7.281
Monkeybone,"Adventure, Fantasy, Animation, Comedy, Science Fiction",Movie,2001,United States of America,93,PG-13,5.163
Monte Carlo,"Adventure, Comedy, Romance",Movie,2011,United States of America,109,PG,6.717
Moon,"Science Fiction, Drama",Movie,2009,United Kingdom,97,R,7.566
Moonrise Kingdom,"Documentary, Comedy",Movie,2015,United States of America,18,Unknown,6.1
Moonstruck,"Comedy, Drama, Romance",Movie,1987,United States of America,102,PG,6.853
Mr Blandings Builds His Dream House,Comedy,Movie,1948,United States of America,94,NR,6.971
Mr Brooks,"Crime, Thriller",Movie,2007,United States of America,120,R,6.931
Mr Deeds Goes to Town,"Comedy, Drama, Romance",Movie,1936,United States of America,115,Unknown,7.543
Mrs. Brown,"Drama, History, Romance",Movie,1997,Ireland,105,Unknown,6.7
Mud,Drama,Movie,2013,United States of America,130,Unknown,7.1
Mulan,"Animation, Family, Adventure",Movie,1998,United States of America,88,G,7.903
Mulholland Drive,"Thriller, Drama, Mystery",Movie,2001,France,147,Unknown,7.804
Mumford,"Comedy, Drama, Romance",Movie,1999,United States of America,112,R,6.5
"Mummy, The","Adventure, Action, Fantasy",Movie,1999,United States of America,124,Unknown,6.951
Music of the Heart,"Drama, Music",Movie,1999,United States of America,124,PG,6.7
Milk,Horror,Movie,Unknown,United States of America,0,Unknown,0.0
Mute Witness,"Thriller, Horror, Crime",Movie,1995,Germany,95,Unknown,6.4
My Best Friend's Wedding,"Romance, Comedy",Movie,2016,China,91,PG,5.5
My Girl,"Comedy, Drama",Movie,1991,United States of America,103,PG,7.406
My Mother Dreams the Satan's Disciples in New York,Comedy,Movie,1998,United States of America,30,Unknown,7.7
Mystery Men,"Adventure, Fantasy, Action, Comedy, Science Fiction",Movie,1999,United States of America,121,PG-13,5.814
Napoleon Dynamite,Comedy,Movie,2004,United States of America,95,Unknown,6.785
My Week with Marilyn,"Drama, Romance",Movie,2011,United Kingdom,99,Unknown,6.69
Napoleon,"History, War, Romance",Movie,2023,United States of America,158,R,6.326
Nashville,"Drama, Comedy",Movie,1975,United States of America,160,R,7.278
Natural Born Killers,"Crime, Thriller, Drama",Movie,1994,United States of America,118,R,7.051
Never Been Kissed,"Romance, Comedy, Drama",Movie,1999,United States of America,107,PG-13,6.162
"Neverending Story, The","Adventure, Fantasy, Family, Drama",Movie,1984,Germany,102,PG,7.202
New York Minute,Comedy,Movie,2004,United States of America,91,PG,6.162
Newsies,"Drama, Music, History, Family",Movie,1992,United States of America,121,PG,6.755
Next Friday,Comedy,Movie,2000,United States of America,98,R,6.4
"Next Three Days, The","Romance, Drama, Thriller, Crime",Movie,2010,United States of America,133,PG-13,7.08
Next,"Action, Science Fiction, Thriller",Movie,2007,United States of America,96,PG-13,6.11
Ni vu ni connu,Documentary,Movie,1965,France,65,Unknown,9.0
Nick of Time,"Thriller, Crime, Action",Movie,1995,United States of America,89,R,6.233
Nickel Boys,"Drama, History",Movie,2024,United States of America,140,Unknown,6.62
Nightbreed,"Horror, Fantasy, Action",Movie,1990,United States of America,121,R,6.4
"Nightmare Before Christmas, The","Fantasy, Animation, Family",Movie,1993,United States of America,76,PG,7.834
"Nightmare on Elm Street, A",Horror,Movie,1984,United States of America,91,R,7.34
Nine,"Drama, Music, Romance",Movie,2009,United States of America,118,PG-13,5.5
Ninja Assassin,"Action, Adventure, Thriller",Movie,2009,United States of America,99,R,6.675
Ninotchka,"Comedy, Romance",Movie,1939,United States of America,110,Unknown,7.505
"Ninth Gate, The","Mystery, Thriller, Horror",Movie,1999,Spain,133,R,6.477
No Country for Old Men,"Crime, Thriller, Western",Movie,2007,United States of America,122,R,7.946
No Hard Feelings,"Comedy, Romance",Movie,2023,United States of America,104,R,6.707
No One Will Save You,"Horror, Science Fiction",Movie,2023,United States of America,93,PG-13,6.69
No Strings Attached,"Comedy, Romance",Movie,2011,United States of America,107,R,6.298
Notting Hill,"Romance, Comedy",Movie,1999,United Kingdom,124,PG-13,7.265
Nurse Betty,"Comedy, Crime, Thriller, Drama, Romance",Movie,2000,Germany,108,R,6.061
Oblivion,"Action, Science Fiction, Adventure, Mystery",Movie,2013,United States of America,124,PG-13,6.661
Observe and Report,"Comedy, Crime, Drama",Movie,2009,United States of America,86,Unknown,5.4
Obsessed,"Drama, Thriller",Movie,2009,United States of America,108,PG-13,5.748
Ocean's Eleven,"Thriller, Crime",Movie,2001,United States of America,116,PG-13,7.451
Ocean's Twelve,"Thriller, Crime",Movie,2004,United States of America,125,PG-13,6.563
Omega Man,"Science Fiction, Action, Drama, Thriller",Movie,1971,United States of America,98,PG,6.172
Office Space,Comedy,Movie,1999,United States of America,90,R,7.372
One Flew Over the Cuckoo's Nest,Drama,Movie,1975,United States of America,133,R,8.412
Only God Forgives,"Drama, Thriller, Crime",Movie,2013,Denmark,90,Unknown,5.836
Onward,"Family, Comedy, Adventure, Animation, Fantasy",Movie,2020,United States of America,102,PG,7.655
Oppenheimer,"Drama, History",Movie,2023,United Kingdom,181,R,8.05
Orgy of the Dead,"Fantasy, Horror, Music",Movie,1965,United States of America,90,NR,2.9
Origin,Drama,Movie,2023,United States of America,141,PG-13,6.6
Orphan,"Horror, Thriller",Movie,2009,United States of America,122,Unknown,6.998
"Other Boleyn Girl, The","TV Movie, Drama, History, Romance",Movie,2003,United Kingdom,90,Unknown,7.3
"Pacifier, The","Comedy, Family, Action",Movie,2005,United States of America,95,PG,6.066
Pandorum,"Action, Horror, Mystery, Science Fiction, Thriller",Movie,2009,Germany,108,R,6.569
Panic Room,"Crime, Drama, Thriller",Movie,2002,United States of America,111,R,6.792
ParaNorman,"Family, Animation, Adventure, Comedy",Movie,2012,United States of America,90,PG,7.012
"Nines, The",Comedy,Movie,2018,Unknown,17,Unknown,0.0
Passengers,"Drama, Mystery, Thriller, Romance",Movie,2008,Canada,93,PG-13,6.1
"Passion of Joan of Arc, The","Drama, History",Movie,1928,France,82,NR,8.0
"Patriot, The",Documentary,Movie,2014,United States of America,16,PG,0.0
Paul,"Adventure, Comedy, Science Fiction",Movie,2011,United Kingdom,104,R,6.733
Pearl Harbor,"War, Romance, History, Action",Movie,2001,United States of America,183,Unknown,6.942
Peeping Tom,"Comedy, Drama",Movie,1897,United States of America,2,Unknown,5.4
Peggy Sue Got Married,"Comedy, Drama, Fantasy",Movie,1986,United States of America,103,PG-13,6.114
Perfect Creature,"Action, Science Fiction, Drama, Fantasy, Horror",Movie,2007,New Zealand,90,R,5.3
"Perfect World, A","Drama, Crime, Thriller",Movie,1993,United States of America,138,PG-13,7.5
"Perks of Being a Wallflower, The",Drama,Movie,2012,United States of America,103,Unknown,7.8
"Persian Version, The","Comedy, Drama, Romance",Movie,2023,United States of America,108,Unknown,6.1
Pet Sematary II,Horror,Movie,1992,United States of America,100,R,5.463
Pet Sematary,Horror,Movie,1989,United States of America,102,R,6.63
Petulia,"Drama, Romance",Movie,1968,United Kingdom,105,R,5.898
Pariah,Drama,Movie,1998,Unknown,97,Unknown,6.7
Philadelphia,Drama,Movie,1993,United States of America,126,PG-13,7.716
Phone Booth,"Thriller, Crime",Movie,2003,United States of America,81,Unknown,6.858
Pi,"Mystery, Drama, Thriller",Movie,1998,United States of America,84,Unknown,7.111
"Pianist, The",Drama,Movie,1998,Spain,90,Unknown,7.8
"Piano, The","Drama, Romance",Movie,2001,France,131,R,7.3
Pineapple Express,"Action, Comedy, Crime",Movie,2008,United States of America,111,R,6.64
Pirates of the Caribbean Dead Man's Chest,"Adventure, Fantasy, Action",Movie,2006,United States of America,151,Unknown,7.371
Pirates of the Caribbean,"Adventure, Fantasy, Action",Movie,2003,United States of America,143,PG-13,7.815
Pitch Black,"Thriller, Science Fiction, Action",Movie,2000,United States of America,108,R,6.853
"Planet of the Apes, The","Documentary, History, TV Movie",Movie,2024,France,53,Unknown,7.9
Platoon,"Drama, War, Action",Movie,1986,United Kingdom,120,R,7.745
Pleasantville,"Fantasy, Comedy, Drama",Movie,1998,United States of America,124,PG-13,7.256
Point Break,"Action, Thriller, Crime",Movie,1991,United States of America,122,Unknown,7.158
Pokemon Mewtwo Returns,"Animation, Family, Action, Adventure, Drama, Fantasy",Movie,2001,Japan,63,G,6.688
Poor Things,"Science Fiction, Romance, Comedy",Movie,2023,Ireland,141,Unknown,7.667
"Postman, The","Horror, Mystery",Movie,2019,Norway,5,Unknown,8.0
"Power of One, The",Documentary,Movie,Unknown,United States of America,83,Unknown,0.0
Precious,Drama,Movie,2009,United States of America,110,Unknown,7.323
Predator,"Science Fiction, Action, Adventure, Thriller",Movie,1987,United States of America,107,R,7.54
"Prestige, The","Drama, Mystery, Science Fiction",Movie,2006,United Kingdom,130,PG-13,8.203
Pretty Woman,"Comedy, Crime, Romance",Movie,1991,Hong Kong,93,Unknown,4.286
Pride and Prejudice,"Drama, Romance",Movie,1940,United States of America,118,NR,6.891
Priest,"Action, Fantasy, Horror, Thriller",Movie,2011,United States of America,87,PG-13,5.836
Platinum Blonde,Unknown,Movie,2001,United States of America,93,Unknown,3.2
"Princess Bride, The","Adventure, Family, Fantasy, Comedy, Romance",Movie,1987,United States of America,99,PG,7.686
Priscilla,"Drama, Romance",Movie,2023,Italy,113,Unknown,6.769
"Private Life of Sherlock Holmes, The","Mystery, Comedy, Crime, Adventure, History",Movie,1970,United Kingdom,125,PG-13,6.8
"Producer, The",Comedy,Movie,2004,Italy,20,Unknown,0.0
Prom Night,"Horror, Drama, Mystery",Movie,2008,Canada,88,PG-13,5.066
Prometheus,"Science Fiction, Adventure, Mystery",Movie,2012,United States of America,124,R,6.583
"Prophecy, The","Action, Adventure, Fantasy",Movie,2025,South Korea,117,Unknown,7.2
"Proposal, The","Comedy, Romance, Drama",Movie,2009,United States of America,108,PG-13,7.154
Psycho,"Horror, Thriller, Mystery",Movie,1960,United States of America,109,R,8.421
Public Enemies,"Crime, History, Drama",Movie,2009,United States of America,140,R,6.688
"Program, The","Comedy, Documentary, Family",Movie,2024,Unknown,11,Unknown,0.0
Pulp Fiction,"Thriller, Crime, Comedy",Movie,1994,United States of America,154,Unknown,8.487
Punch Drunk Love,"Romance, Drama, Comedy",Movie,2002,United States of America,96,Unknown,7.117
Purple Rain,"Drama, Music, Romance",Movie,1984,United States of America,111,R,6.7
Puss in Boots The Last Wish,"Animation, Adventure, Fantasy, Comedy, Family",Movie,2022,United States of America,103,Unknown,8.21
Quantum Project,"Science Fiction, Adventure, Romance, Drama",Movie,2000,United States of America,40,Unknown,0.0
Queen of the Damned,"Fantasy, Horror, Romance",Movie,2002,Australia,101,R,6.084
"Queen, The","Documentary, Crime",Movie,2024,Brazil,95,R,6.0
Quiz Lady,Comedy,Movie,2023,United States of America,99,R,6.752
Rachel Getting Married,"Drama, Romance",Movie,2008,United States of America,113,R,6.302
Raging Bull,Drama,Movie,1980,United States of America,129,R,7.922
Raising Arizona,"Comedy, Crime",Movie,1987,United States of America,94,Unknown,7.058
Ghostbusters 2,Documentary,Movie,2014,Unknown,17,Unknown,7.3
Rambling Rose,Drama,Movie,1991,United States of America,112,R,6.2
"Reader, The","Action, Adventure, Fantasy",Movie,2025,South Korea,117,Unknown,7.2
Real Genius,"Comedy, Romance, Science Fiction",Movie,1985,United States of America,106,PG,6.7
Rear Window,"Thriller, Mystery",Movie,1954,United States of America,112,Unknown,8.35
Rebel Without A Cause,Drama,Movie,1955,United States of America,111,PG-13,7.516
Red Planet,"Thriller, Action, Science Fiction",Movie,2000,Australia,106,PG-13,5.716
Red Riding Hood,"Family, Adventure, Fantasy, Drama",Movie,1959,Mexico,87,G,7.4
Gone Baby Gone,Thriller,Movie,2017,Unknown,4,Unknown,6.5
Reindeer Games,"Thriller, Action, Crime",Movie,2000,United States of America,104,R,5.7
"Relic, The",Documentary,Movie,2023,Estonia,104,Unknown,8.0
Remember Me,"Drama, Comedy, Romance",Movie,2003,Italy,125,R,5.825
"Replacements, The",Comedy,Movie,2000,United States of America,118,PG-13,6.686
Repo Man,"Comedy, Science Fiction",Movie,1984,United States of America,92,R,6.651
"Rescuers Down Under, The","Animation, Adventure, Family, Fantasy",Movie,1990,United States of America,77,G,6.6
Reservoir Dogs,"Crime, Thriller",Movie,1992,United States of America,99,R,8.117
Resident Evil,"Action, Animation, Science Fiction, Horror",Movie,2012,Japan,100,R,6.891
Return of the Apes,"Documentary, Drama",Movie,2025,Syrian Arab Republic,7,Unknown,0.0
"Revenant, The",Horror,Movie,2012,United States of America,80,Unknown,0.0
Revolutionary Road,"Drama, Romance",Movie,2008,United Kingdom,119,R,6.985
Ricky Stanicky,Comedy,Movie,2024,Australia,113,R,6.522
Ringu,Horror,Movie,2003,Japan,85,Unknown,0.0
Rise of the Guardians,"Animation, Family, Fantasy, Action, Adventure",Movie,2012,United States of America,97,PG,7.371
Rise of the Planet of the Apes,"Thriller, Action, Drama, Science Fiction",Movie,2011,United Kingdom,105,Unknown,7.337
RKO 281,"Drama, History, TV Movie",Movie,2000,United States of America,84,Unknown,6.4
"Road, The","Animation, Fantasy, Action",Movie,2012,Japan,109,PG-13,7.3
Robin Hood Prince of Thieves,"Crime, Thriller",Movie,2009,India,142,Unknown,5.2
RocknRolla,"Action, Crime, Thriller",Movie,2008,France,114,R,6.948
"Rocky Horror Picture Show, The","Comedy, Science Fiction, Fantasy, Horror",Movie,1975,United Kingdom,100,R,7.4
Rocky,Drama,Movie,1976,United States of America,120,PG,7.792
Ronin,"Action, Thriller, Crime",Movie,1998,United Kingdom,122,R,6.961
Room,"Drama, Documentary, Horror",Movie,2005,United States of America,83,R,3.4
"Roommate, The",Comedy,Movie,2024,Mexico,99,Unknown,7.649
Rosetta,Drama,Movie,1999,Belgium,95,Unknown,7.2
Roughshod,Western,Movie,1949,United States of America,88,NR,5.3
"Ruins, The",Drama,Movie,1937,Japan,73,Unknown,5.0
Runaway Bride,"Comedy, Romance",Movie,1999,United States of America,116,PG,6.1
Rush Hour 2,"Action, Comedy, Crime",Movie,2001,United States of America,90,PG-13,6.749
Rush Hour,"Action, Comedy, Crime",Movie,1998,United States of America,97,PG-13,7.056
Rushmore,"Comedy, Drama",Movie,1998,United States of America,93,Unknown,7.391
Rust and Bone,"Drama, Romance",Movie,2012,France,123,Unknown,7.165
Rustin,"Drama, History",Movie,2023,United States of America,108,Unknown,6.59
S. Darko,"Thriller, Crime, Science Fiction, Mystery",Movie,2009,United States of America,103,R,4.382
"Saint, The",Drama,Movie,2017,Lithuania,96,Unknown,7.4
"Salton Sea, The","Crime, Drama, Mystery, Thriller",Movie,2002,United States of America,103,R,6.557
"Sandlot Kids, The","Family, Comedy",Movie,1993,United States of America,101,PG,7.539
Save the Last Dance,"Drama, Family, Romance, Music",Movie,2001,United States of America,113,PG-13,6.532
Saving Mr. Banks,"Comedy, Drama, History",Movie,2013,Australia,125,Unknown,7.348
Saving Private Ryan,"Drama, History, War",Movie,1998,United States of America,169,Unknown,8.221
Saw IV,"Horror, Thriller, Crime",Movie,2007,United States of America,93,R,6.2
Saw,"Horror, Mystery, Crime",Movie,2004,United States of America,103,Unknown,7.419
Scarface,"Action, Crime, Drama",Movie,1983,United States of America,170,R,8.159
Scary Movie 2,Comedy,Movie,2001,Canada,82,R,5.807
Schindler's List,"Drama, History, War",Movie,1993,United States of America,195,R,8.567
Scott Pilgrim vs the World,"Action, Comedy, Romance",Movie,2010,Japan,113,PG-13,7.489
Scream 2,"Horror, Mystery",Movie,1997,United States of America,120,R,6.504
Scream 3,"Horror, Mystery",Movie,2000,United States of America,116,R,6.0
Scream 4,"Horror, Mystery",Movie,2011,United States of America,111,Unknown,6.468
Scream,"Crime, Horror, Mystery",Movie,1996,United States of America,112,R,7.421
Se7en,"Crime, Mystery, Thriller",Movie,1995,United States of America,127,R,8.377
"Searchers, The","Action, Crime, Drama, Thriller",Movie,1993,Sweden,108,Unknown,4.4
"Secret Life of Walter Mitty, The","Adventure, Comedy, Drama, Fantasy",Movie,2013,United Kingdom,114,Unknown,7.206
Saturday Night,Comedy,Movie,2004,Unknown,83,NR,7.2
Semi Pro,Comedy,Movie,2008,United States of America,91,R,5.63
Sense and Sensibility,"Drama, Romance",Movie,1995,United States of America,136,Unknown,7.419
Serenity,"Science Fiction, Action, Adventure, Thriller",Movie,2005,United States of America,119,Unknown,7.364
Serial Mom,"Comedy, Crime",Movie,1994,United States of America,94,R,6.754
"Seventh Seal, The","Fantasy, Drama",Movie,1957,Sweden,96,NR,8.171
Rush,Racing,Movie,2024,Nigeria,69,Unknown,6.0
Sex and the City,"Comedy, Drama, Romance",Movie,2008,United States of America,146,R,6.573
Sexual Life,"Comedy, Romance",Movie,1994,Belgium,85,Unknown,5.5
Shakespeare in Love,"Romance, History, Comedy",Movie,1998,United States of America,123,R,6.845
"Sex, Lies and Videotape",Comedy,Movie,2012,Unknown,88,Unknown,5.0
Shallow Grave,"Horror, Thriller",Movie,1987,United States of America,89,R,4.9
Shame,Thriller,Movie,2019,India,24,Unknown,0.0
Shampoo,"Comedy, Drama",Movie,1975,United States of America,110,R,6.007
"Shawshank Redemption, The","Drama, Crime",Movie,1994,United States of America,142,R,8.713
She's Out of My League,"Romance, Comedy",Movie,2010,United States of America,104,R,6.48
Sherlock Holmes,"Comedy, Crime",Movie,1937,Germany,106,Unknown,7.179
Shifty,Thriller,Movie,2008,United Kingdom,85,Unknown,5.7
"Shining, The","Horror, Thriller",Movie,1980,United Kingdom,144,R,8.208
"Shipping News, The","Drama, Romance",Movie,2001,Canada,111,R,6.392
Shivers,"Horror, Science Fiction",Movie,1975,Canada,88,R,6.381
Shrek the Third,"Fantasy, Adventure, Animation, Comedy, Family",Movie,2007,United States of America,93,PG,6.299
Shrek,"Animation, Comedy, Fantasy, Adventure, Family",Movie,2001,United States of America,90,Unknown,7.752
Sicario,"Action, Crime, Thriller",Movie,2015,United States of America,122,R,7.415
Sideways,"Comedy, Drama, Romance",Movie,2004,United States of America,127,R,7.113
"Siege, The","Action, Crime, Thriller",Movie,2025,Indonesia,118,Unknown,7.6
Signs,"Drama, Thriller, Science Fiction, Mystery",Movie,2002,United States of America,106,PG-13,6.7
Silence of the Lambs,"Crime, Thriller, Drama",Movie,1991,United States of America,119,R,8.347
Silent Grace,Drama,Movie,2001,Ireland,87,Unknown,0.0
Silver Linings Playbook,"Drama, Comedy, Romance",Movie,2012,United States of America,122,Unknown,7.148
Simone,"Drama, Romance",Movie,2021,Puerto Rico,116,R,3.6
Sing Sing,Comedy,Movie,1983,Italy,110,Unknown,5.323
Single White Female,"Thriller, Horror",Movie,1992,United States of America,107,R,6.295
Sister Act,"Music, Comedy",Movie,1992,United States of America,100,PG,6.8
Six Degrees of Separation,"Mystery, Drama, Comedy",Movie,1993,United States of America,112,R,6.4
"Sixth Sense, The","Drama, History",Movie,1935,Soviet Union,100,Unknown,0.0
Sleepless in Seattle,"Comedy, Drama, Romance",Movie,1993,United States of America,105,PG,6.736
Sleepy Hollow,"Fantasy, Thriller, Mystery, Horror",Movie,1999,United States of America,105,Unknown,7.187
Sling Blade,Drama,Movie,1996,United States of America,135,Unknown,7.539
Slither,"Comedy, Crime, Thriller",Movie,1973,United States of America,97,Unknown,5.808
Slumdog Millionaire,"Drama, Romance",Movie,2008,United Kingdom,120,Unknown,7.729
Smashed,"Comedy, Drama, Romance",Movie,2012,United States of America,85,Unknown,6.495
Smokin' Aces,"Action, Comedy, Crime, Drama",Movie,2006,France,109,R,6.488
Snatch,"Crime, Comedy",Movie,2000,United Kingdom,103,R,7.816
"Sessions, The",Unknown,Movie,2013,Unknown,107,Unknown,0.0
Snow Falling On Cedars,"Drama, Romance",Movie,1999,United States of America,127,PG-13,6.1
Snow White and the Huntsman,"Adventure, Fantasy, Drama",Movie,2012,United States of America,127,PG-13,5.987
So I Married an Axe Murderer,"Comedy, Crime, Romance",Movie,1993,United States of America,93,PG-13,6.1
"Social Network, The",Drama,Movie,2010,United States of America,121,Unknown,7.371
Solaris,"Drama, Science Fiction, Mystery",Movie,2002,United States of America,99,Unknown,5.9
Soldier,"Science Fiction, Action, Drama, Fantasy",Movie,1998,United States of America,99,R,6.402
Someone To Watch Over Me,"Drama, Romance, Thriller",Movie,1987,United States of America,103,R,5.906
Something's Gotta Give,"Drama, Comedy, Romance",Movie,2003,United States of America,128,PG-13,6.647
Source Code,"Thriller, Science Fiction, Mystery",Movie,2011,Canada,93,PG-13,7.301
South Park,"Animation, Comedy",Movie,1999,United States of America,81,R,7.3
Space Milkshake,"Science Fiction, Comedy",Movie,2012,Canada,85,Unknown,5.2
Spanglish,"Drama, Comedy",Movie,2004,United States of America,130,PG-13,6.028
Spartan,"Mystery, Action, Drama, Thriller, Crime",Movie,2004,Germany,102,Unknown,6.178
Speed Racer,"Family, Action, Adventure, Comedy",Movie,2008,United States of America,135,Unknown,6.325
Sphere,"Science Fiction, Mystery, Thriller",Movie,1998,United States of America,134,PG-13,6.123
Spider Man Across the Spider Verse,"Animation, Action, Adventure, Science Fiction",Movie,2023,United States of America,140,PG,8.339
Spider Man,"Action, Science Fiction",Movie,2002,United States of America,121,PG-13,7.316
St. Elmo's Fire,"Drama, Romance, Comedy",Movie,1985,United States of America,108,R,6.127
Star Trek First Contact,"Science Fiction, Action, Adventure, Thriller",Movie,1996,United States of America,111,PG-13,7.295
Star Trek Generations,"Science Fiction, Action, Adventure, Thriller",Movie,1994,United States of America,117,PG,6.508
Star Trek II The Wrath of Khan,"Action, Adventure, Science Fiction, Thriller",Movie,1982,United States of America,112,PG,7.447
Star Trek Nemesis,"Science Fiction, Action, Adventure, Thriller",Movie,2002,United States of America,116,PG-13,6.295
Star Trek The Motion Picture,"Science Fiction, Adventure, Mystery",Movie,1979,United States of America,131,G,6.474
Star Trek,"Science Fiction, Action, Adventure",Movie,2009,United States of America,127,PG-13,7.427
Star Wars A New Hope,"Adventure, Action, Science Fiction",Movie,1977,United States of America,121,Unknown,8.204
"Rock, The",Documentary,Movie,2023,Unknown,15,Unknown,10.0
Star Wars Attack of the Clones,"Adventure, Action, Science Fiction",Movie,2002,United States of America,142,NR,6.6
Star Wars Return of the Jedi,"Adventure, Action, Science Fiction",Movie,1983,United States of America,132,Unknown,7.905
Star Wars Revenge of the Sith,"Adventure, Action, Science Fiction",Movie,2005,United States of America,140,PG-13,7.453
Star Wars The Empire Strikes Back,"Adventure, Action, Science Fiction",Movie,1980,United States of America,124,PG,8.395
Star Wars The Force Awakens,"Adventure, Action, Science Fiction",Movie,2015,United States of America,136,Unknown,7.255
Star Wars The Phantom Menace,"Adventure, Action, Science Fiction",Movie,1999,United States of America,136,Unknown,6.567
Starman,"Science Fiction, Romance, Drama",Movie,1984,United States of America,115,PG,6.9
"Last Station, The",Unknown,Movie,2013,Chile,90,Unknown,5.0
Starship Troopers,"Adventure, Action, Thriller, Science Fiction",Movie,1997,United States of America,129,Unknown,7.088
State and Main,"Comedy, Drama",Movie,2000,France,106,Unknown,6.255
Station West,Western,Movie,1948,United States of America,87,Unknown,6.1
Stepmom,"Drama, Romance, Comedy",Movie,1998,United States of America,125,PG-13,7.153
"Sting, The","Documentary, Music, TV Movie",Movie,2017,Germany,59,Unknown,5.5
Silver Bullet,"Mystery, Crime, Drama",Movie,2024,Unknown,52,Unknown,0.0
Stir of Echoes,"Horror, Mystery, Thriller",Movie,1999,United States of America,99,R,6.673
Storytelling,"Comedy, Drama",Movie,2001,United States of America,87,R,6.5
Straight Outta Compton,"Drama, Music, History",Movie,2015,United Kingdom,147,R,7.785
Strange Days,"Crime, Drama, Science Fiction, Thriller",Movie,1995,United States of America,145,Unknown,7.002
Strangers on a Train,"Crime, Thriller",Movie,1951,United States of America,101,Unknown,7.67
"Stuntman, The",Action,Movie,1982,China,88,Unknown,5.8
"Substance, The","Drama, Horror, Science Fiction",Movie,2024,France,141,R,7.149
Sugar and Spice,"Drama, Comedy",Movie,1997,Canada,10,Unknown,1.0
Sunset Blvd.,Documentary,Movie,2019,United States of America,2,Unknown,0.0
Sunshine Cleaning,"Comedy, Drama",Movie,2008,United States of America,91,R,6.594
Super 8,"Thriller, Science Fiction, Mystery",Movie,2011,United States of America,112,PG-13,6.769
Superbad,Comedy,Movie,2007,United States of America,113,R,7.259
Supergirl,"Adventure, Fantasy, Action, Science Fiction",Movie,1984,Netherlands,124,PG,5.306
"Surfer King, The","Comedy, Family",Movie,2007,United States of America,95,Unknown,3.7
Surrogates,"Science Fiction, Action, Thriller",Movie,2009,United States of America,89,PG-13,6.135
Suspect Zero,"Crime, Thriller",Movie,2004,Germany,99,R,5.5
Sweeney Todd The Demon Barber of Fleet Street,"TV Movie, Horror, Drama, Music, Thriller",Movie,2008,Spain,173,Unknown,0.0
"Sweet Hereafter, The",Drama,Movie,1997,Canada,112,Unknown,6.896
Sweet Smell of Success,Drama,Movie,1957,United States of America,97,Unknown,7.606
Swingers,Documentary,Movie,2020,United Kingdom,47,Unknown,4.5
Swordfish,"Action, Crime, Thriller",Movie,2001,United States of America,99,R,6.249
"Synecdoche, New York",Drama,Movie,2008,United States of America,124,R,7.551
Syriana,"Drama, Thriller",Movie,2005,United States of America,128,R,6.4
Spare Me,"Horror, Comedy",Movie,Unknown,Australia,0,Unknown,0.0
Take Shelter,"Thriller, Drama, Horror",Movie,2011,United States of America,120,Unknown,7.042
Taking Lives,Thriller,Movie,2004,United States of America,103,R,6.4
"Taking of Pelham One Two Three, The","Crime, Thriller, TV Movie",Movie,1998,United States of America,100,Unknown,5.1
Taking Sides,"Drama, War, Music",Movie,2002,Austria,108,Unknown,6.2
"Talented Mr. Ripley, The","Thriller, Crime, Drama",Movie,1999,United States of America,140,R,7.2
Tall in the Saddle,Western,Movie,1944,United States of America,87,NR,6.5
Tamara Drewe,"Comedy, Romance",Movie,2010,United Kingdom,111,R,5.874
"Teachers' Lounge, The",Drama,Movie,2023,Germany,98,Unknown,7.237
Taxi Driver,"Crime, Drama",Movie,1976,United States of America,114,R,8.134
Teenage Mutant Ninja Turtles Mutant Mayhem,"Animation, Comedy, Action, Science Fiction",Movie,2023,Canada,100,PG,7.209
Ted,"Comedy, Fantasy",Movie,2012,United States of America,107,Unknown,6.447
Terminator 2 Judgement Day,"Action, Thriller, Science Fiction",Movie,1991,France,137,R,8.1
Tenet,"Action, Thriller, Science Fiction",Movie,2020,United Kingdom,150,PG-13,7.176
Terminator,"Comedy, Science Fiction, Action",Movie,2004,Belarus,102,Unknown,5.1
Terminator Salvation,"Action, Science Fiction, Thriller",Movie,2009,United States of America,115,PG-13,6.07
The Rage Carrie 2,"Horror, Thriller, Science Fiction",Movie,1999,United States of America,104,R,5.636
There's Something About Mary,"Romance, Comedy",Movie,1998,United States of America,120,R,6.618
They,"Horror, Thriller",Movie,2002,United States of America,90,PG-13,5.041
Lost Horizon,"Action, Adventure, Thriller",Movie,Unknown,South Africa,125,Unknown,0.0
"Thing, The",Horror,Movie,2023,France,81,Unknown,5.7
Thirteen Days,"History, Thriller",Movie,2000,United States of America,145,PG-13,7.004
This Boy's Life,Drama,Movie,1993,United States of America,115,R,7.1
This is 40,Comedy,Movie,2012,United States of America,134,R,5.896
Thor Ragnarok,"Action, Adventure, Science Fiction",Movie,2017,United States of America,131,PG-13,7.583
Thor,"Adventure, Fantasy, Action",Movie,2011,United States of America,115,PG-13,6.768
Three Kings,Drama,Movie,2020,United Kingdom,60,Unknown,0.0
Three Men and a Baby,"TV Movie, Comedy, Drama",Movie,2022,Canada,84,G,7.8
"Three Musketeers, The","Adventure, Action, Drama, History",Movie,2023,Belgium,121,NR,6.945
Thunderbirds,"War, Romance, Adventure, Drama",Movie,1952,United States of America,81,NR,5.7
Thunderheart,"Crime, Mystery, Thriller",Movie,1992,United States of America,119,R,6.299
Timber Falls,"Horror, Thriller",Movie,2007,United States of America,97,Unknown,5.3
"Time Machine, The","Animation, Family",Movie,2006,Germany,82,Unknown,6.3
Tin Cup,"Drama, Romance, Comedy",Movie,1996,United States of America,135,R,6.071
Tin Men,"Comedy, Drama",Movie,1987,United States of America,112,R,6.354
Tinker Tailor Soldier Spy,"Drama, Thriller, Mystery",Movie,2011,Germany,127,R,6.618
Titanic,"Drama, Romance",Movie,1997,United States of America,194,PG-13,7.905
TMNT,"Adventure, Animation, Comedy, Family",Movie,2007,Hong Kong,87,PG,6.1
To Sleep with Anger,Drama,Movie,1990,United States of America,101,Unknown,6.7
Tombstone,"Western, Action",Movie,1993,United States of America,130,R,7.587
Tomorrow Never Dies,"Adventure, Action, Thriller",Movie,1997,United Kingdom,119,PG-13,6.375
Top Gun,"Action, Drama",Movie,1986,United States of America,110,PG,7.061
Total Recall,"Action, Adventure, Science Fiction",Movie,1990,United States of America,113,R,7.312
"Tourist, The","Comedy, Drama, Romance",Movie,2015,Indonesia,95,Unknown,0.0
"Town, The","Crime, Comedy",Movie,2017,South Korea,115,Unknown,6.0
Ticker,Unknown,Movie,2023,Unknown,9,Unknown,0.0
Toy Story,"Family, Comedy, Animation, Adventure",Movie,1995,United States of America,81,G,7.97
Traffic,"Thriller, Drama, Crime",Movie,2000,United States of America,147,Unknown,7.079
Training Day,"Action, Crime, Drama",Movie,2001,United States of America,122,R,7.509
"Theory of Everything, The",Music,Movie,2013,Unknown,48,Unknown,8.0
Trainspotting,"Drama, Crime",Movie,1996,United Kingdom,94,R,7.96
Transformers The Movie,"Animation, Science Fiction, Action, Adventure, Family",Movie,1986,United States of America,84,Unknown,7.2
Trap Livin',"Action, Crime",Movie,2023,United States of America,0,Unknown,0.0
Tremors,"Horror, Action, Science Fiction, Comedy",Movie,1990,United States of America,96,PG-13,6.923
TRON Legacy,"Adventure, Action, Science Fiction",Movie,2010,United States of America,126,PG,6.521
TRON,"Science Fiction, Action, Adventure",Movie,1982,United States of America,95,PG,6.651
Tropic Thunder,"Action, Comedy, Adventure, War",Movie,2008,Germany,107,R,6.697
True Grit,"Drama, Adventure, Western",Movie,2010,United States of America,110,Unknown,7.307
True Romance,"Action, Crime, Romance",Movie,1993,United States of America,119,R,7.545
Tristan and Isolde,Unknown,Movie,1920,Unknown,0,Unknown,0.0
"Truman Show, The","Comedy, Drama",Movie,1998,United States of America,103,PG,8.149
Tucker and Dale vs Evil,"Comedy, Horror",Movie,2010,Canada,89,R,7.391
Twilight New Moon,"Adventure, Fantasy, Drama, Romance",Movie,2009,United States of America,131,PG-13,5.995
Twilight,"Fantasy, Drama, Romance",Movie,2008,United Kingdom,122,PG-13,6.287
Twin Peaks,"Mystery, Drama, Thriller, TV Movie",Movie,1989,United States of America,116,Unknown,8.4
Twins,Comedy,Movie,1988,United States of America,107,PG,6.037
Twister,"Drama, Comedy",Movie,1989,United States of America,94,PG-13,5.5
Two For The Money,"Comedy, Crime, Drama, Thriller",Movie,2005,United States of America,122,R,6.0
U Turn,"Thriller, Horror, Crime",Movie,2018,India,129,Unknown,6.856
Un Singe en Hiver,"Drama, Comedy",Movie,1962,France,105,Unknown,7.6
Unbreakable,"Thriller, Drama, Mystery",Movie,2000,United States of America,106,PG-13,7.145
Under Fire,"Drama, War",Movie,1983,United States of America,128,R,6.7
Unknown,"Action, Mystery, Thriller",Movie,2011,United States of America,113,PG-13,6.686
Up in the Air,"Drama, Romance",Movie,2009,United States of America,110,Unknown,6.882
Up,"Animation, Comedy, Family, Adventure",Movie,2009,United States of America,96,Unknown,8.0
"Usual Suspects, The","Drama, Crime, Thriller",Movie,1995,United States of America,106,R,8.171
V for Vendetta,"Action, Thriller, Science Fiction",Movie,2006,Germany,132,Unknown,7.899
Valkyrie,"Drama, Thriller, War",Movie,2008,Germany,121,PG-13,6.9
Vanilla Sky,"Mystery, Romance, Science Fiction",Movie,2001,United States of America,136,R,6.819
"Verdict, The",Drama,Movie,1962,Poland,75,Unknown,0.0
Very Bad Things,"Comedy, Crime, Thriller",Movie,1998,United States of America,100,R,6.258
Virtuosity,"Action, Crime, Science Fiction, Thriller",Movie,1995,United States of America,106,R,5.5
"Visitor, The",Drama,Movie,2011,Germany,70,Unknown,5.6
Wag the Dog,"Comedy, Drama",Movie,1997,United States of America,97,R,6.944
"Walk to Remember, A","Drama, Romance",Movie,2002,United States of America,101,Unknown,7.759
Walking Tall,"Adventure, Drama, Action, Thriller",Movie,2004,United States of America,86,PG-13,6.331
"Ugly Truth, The",Drama,Movie,2021,Unknown,100,Unknown,5.2
Wall E,"Drama, Western",Movie,2025,United States of America,97,Unknown,6.4
Wall Street Money Never Sleeps,"Drama, Crime",Movie,2010,United States of America,133,PG-13,6.091
Wall Street,"Crime, Drama",Movie,1987,United States of America,126,R,7.163
War for the Planet of the Apes,"Drama, Science Fiction, War",Movie,2017,United States of America,140,PG-13,7.21
Wanted,"Action, Thriller, Crime",Movie,2008,United States of America,110,R,6.523
War Horse,"War, History, Adventure",Movie,2011,India,146,Unknown,7.298
War of the Worlds,"Science Fiction, Thriller",Movie,2025,United States of America,91,PG-13,4.4
Warrior,"Drama, Action",Movie,2011,United States of America,140,PG-13,7.8
Watchmen,"Mystery, Action, Science Fiction",Movie,2009,United States of America,163,R,7.345
Water for Elephants,"Drama, Romance",Movie,2011,United States of America,122,PG-13,6.9
Ordinary People,Documentary,Movie,2002,Unknown,55,Unknown,8.5
We Own the Night,"Drama, Crime, Thriller",Movie,2007,United States of America,118,R,6.7
What Lies Beneath,"Drama, Horror, Mystery, Thriller",Movie,2000,United States of America,130,PG-13,6.438
When a Stranger Calls,"Horror, Mystery",Movie,2006,United States of America,87,Unknown,5.748
"Village, The",Drama,Movie,1987,Unknown,112,Unknown,7.8
Warm Springs,"Drama, TV Movie",Movie,2005,Unknown,121,Unknown,6.8
Whiplash,"Drama, Music",Movie,2014,United States of America,107,Unknown,8.375
While She Was Out,"Drama, Thriller",Movie,2008,Canada,82,R,5.5
Out of Sight,Unknown,Movie,2015,Unknown,7,Unknown,0.0
"Whistleblower, The","Action, Crime, Mystery",Movie,2019,Australia,134,Unknown,6.3
White Christmas,Comedy,Movie,2023,Austria,100,Unknown,6.3
"White Ribbon, The","Drama, Mystery",Movie,2009,Italy,144,R,7.5
White Squall,"Drama, Adventure",Movie,1996,United Kingdom,129,PG-13,6.295
Whiteout,Thriller,Movie,2019,United States of America,11,Unknown,7.2
Wicked,"Fantasy, Romance, Drama",Movie,2021,United States of America,114,Unknown,7.8
Wild At Heart,"Crime, Thriller, Romance",Movie,1990,United States of America,125,R,7.0
"Wild Bunch, The","Family, Adventure, Comedy",Movie,2008,Germany,107,Unknown,5.6
Wild Hogs,"Action, Adventure, Comedy",Movie,2007,United States of America,100,PG-13,5.974
Who's Your Daddy,Unknown,Movie,2015,Unknown,0,Unknown,0.0
Wild Things Diamonds in the Rough,"Crime, Drama, Mystery",Movie,2005,United States of America,87,R,4.9
Wild Things,"Mystery, Thriller, Drama",Movie,1998,United States of America,108,R,6.363
Wild Wild West,"Action, Adventure, Comedy, Science Fiction, Western",Movie,1999,United States of America,106,PG-13,5.316
Willow,"Fantasy, Adventure, Action",Movie,1988,United States of America,126,PG,7.006
Wind Chill,"Drama, Horror, Thriller",Movie,2007,United Kingdom,91,R,5.808
Withnail and I,"Comedy, Drama",Movie,1987,United Kingdom,108,R,7.3
Witness,"Crime, Drama, Romance, Thriller",Movie,1985,United States of America,112,R,7.1
"Wizard of Oz, The","Animation, Fantasy, Family, Adventure",Movie,1982,Japan,78,NR,6.5
"Wolf of Wall Street, The","Crime, Drama, Comedy",Movie,2013,United States of America,180,R,8.028
Wonder Boys,"Comedy, Drama",Movie,2000,Germany,111,R,6.832
Wonder Woman,"Action, Adventure, Fantasy",Movie,2017,United States of America,141,PG-13,7.214
White Jazz,Music,Movie,2016,Unknown,60,Unknown,0.0
Wonka,"Comedy, Family, Fantasy",Movie,2023,United Kingdom,117,PG,7.058
"Woodsman, The","Action, Horror, Drama, Thriller",Movie,2012,United States of America,78,R,4.5
"World is not Enough, The","Adventure, Action, Thriller",Movie,1999,United Kingdom,128,PG-13,6.286
"Wrestler, The","Drama, Romance",Movie,1983,Mongolia,99,Unknown,6.833
"X Files Fight the Future, The","Mystery, Science Fiction, Thriller",Movie,1998,United States of America,121,Unknown,6.892
X Men Origins Wolverine,"Adventure, Action, Science Fiction",Movie,2009,United States of America,107,PG-13,6.278
X Men,"Action, Adventure, Science Fiction, Fantasy",Movie,2016,United States of America,144,PG-13,6.517
xXx,"Action, Adventure, Thriller, Crime",Movie,2002,United States of America,124,PG-13,5.964
Year One,"Comedy, Adventure",Movie,2009,United States of America,97,PG-13,4.99
Yes Man,"Comedy, Romance",Movie,2008,United Kingdom,104,PG-13,6.687
You've Got Mail,"Comedy, Romance",Movie,1998,United States of America,119,PG,6.697
You Can Count On Me,Drama,Movie,2000,United States of America,111,R,6.829
Youth in Revolt,"Comedy, Romance, Drama",Movie,2009,United States of America,89,R,6.156
Zero Dark Thirty,"Thriller, Drama",Movie,2012,United States of America,157,R,6.994
Zerophilia,"Comedy, Romance",Movie,2005,United States of America,90,Unknown,5.8
"Zone of Interest, The","Drama, History, War",Movie,2023,Poland,105,Unknown,7.0
Zootopia,"Animation, Adventure, Family, Comedy",Movie,2016,United States of America,109,PG,7.751
Zebra Girl,"Thriller, Mystery, Crime",Movie,2021,Unknown,79,Unknown,6.3
Win Win,Documentary,Movie,2024,Unknown,59,Unknown,9.0
Sugar,Drama,Movie,2025,Unknown,26,Unknown,0.0
"Things My Father Never Taught Me, The",Comedy,Movie,Unknown,Unknown,7,Unknown,0.0
True Lies,Romance,Movie,2024,France,9,Unknown,0.0
"Way Back, The",Adventure,Movie,Unknown,Portugal,0,Unknown,8.3
