date,headline,sentiment,stock_open,stock_close,stock_high,stock_low,stock_volume
2022-10-31,Netflix Reportedly Producing ‘Crash Bandicoot’ Animated Series,neutral,295.1300048828125,291.8800048828125,297.6199951171875,289.5,7505100
2022-10-31,Netflix Confirms ‘ONE PIECE: Into the Grand Line’ Release Date with First Look at Drum Island,positive,295.1300048828125,291.8800048828125,297.6199951171875,289.5,7505100
2022-10-31,'One Piece' Season 2 gets premiere date on Netflix,neutral,295.1300048828125,291.8800048828125,297.6199951171875,289.5,7505100
2022-10-31,'One Piece' Season 2 gets premiere date on Netflix,neutral,295.1300048828125,291.8800048828125,297.6199951171875,289.5,7505100
2022-10-31,Opinion | I Spoil Netflix’s Nuclear War Movie,negative,295.1300048828125,291.8800048828125,297.6199951171875,289.5,7505100
2022-10-31,Netflix’s “One Piece” Returning For Second Season In March,neutral,295.1300048828125,291.8800048828125,297.6199951171875,289.5,7505100
2022-10-31,Netflix Explores Floyd Mayweather vs. Manny Pacquiao Rematch,neutral,295.1300048828125,291.8800048828125,297.6199951171875,289.5,7505100
2022-10-31,"Netflix's Squid Game: The Challenge season 2 release date, cast and trailer",positive,295.1300048828125,291.8800048828125,297.6199951171875,289.5,7505100
2022-10-31,WWE RAW (10/20) Ranks No. 6 Worldwide On Netflix With 2.6 Million Global Views,negative,295.1300048828125,291.8800048828125,297.6199951171875,289.5,7505100
2022-10-31,5 Movies to Watch Before They Leave Netflix,negative,295.1300048828125,291.8800048828125,297.6199951171875,289.5,7505100
2022-11-01,5 Movies to Watch Before They Leave Netflix,negative,296.1700134277344,286.75,299.70001220703125,286.4200134277344,6916400
2022-11-01,Netflix: Kathryn Bigelow’s ‘A House of Dynamite’ Tops Weekly Streaming Through Oct. 26,positive,296.1700134277344,286.75,299.70001220703125,286.4200134277344,6916400
2022-11-01,Spanish Thriller 'City of Shadows' Comes to Netflix December 2026,positive,296.1700134277344,286.75,299.70001220703125,286.4200134277344,6916400
2022-11-01,Netflix Reportedly Producing ‘Crash Bandicoot’ Animated Series,neutral,296.1700134277344,286.75,299.70001220703125,286.4200134277344,6916400
2022-11-01,Netflix Confirms ‘ONE PIECE: Into the Grand Line’ Release Date with First Look at Drum Island,positive,296.1700134277344,286.75,299.70001220703125,286.4200134277344,6916400
2022-11-01,'One Piece' Season 2 gets premiere date on Netflix,neutral,296.1700134277344,286.75,299.70001220703125,286.4200134277344,6916400
2022-11-01,'One Piece' Season 2 gets premiere date on Netflix,neutral,296.1700134277344,286.75,299.70001220703125,286.4200134277344,6916400
2022-11-01,Opinion | I Spoil Netflix’s Nuclear War Movie,negative,296.1700134277344,286.75,299.70001220703125,286.4200134277344,6916400
2022-11-01,Netflix’s “One Piece” Returning For Second Season In March,neutral,296.1700134277344,286.75,299.70001220703125,286.4200134277344,6916400
2022-11-01,Netflix Explores Floyd Mayweather vs. Manny Pacquiao Rematch,neutral,296.1700134277344,286.75,299.70001220703125,286.4200134277344,6916400
2022-11-02,5 Movies to Watch Before They Leave Netflix,negative,286.3999938964844,273.0,287.3299865722656,272.8399963378906,10367600
2022-11-02,Netflix: Kathryn Bigelow’s ‘A House of Dynamite’ Tops Weekly Streaming Through Oct. 26,positive,286.3999938964844,273.0,287.3299865722656,272.8399963378906,10367600
2022-11-02,Spanish Thriller 'City of Shadows' Comes to Netflix December 2026,positive,286.3999938964844,273.0,287.3299865722656,272.8399963378906,10367600
2022-11-02,Netflix Reportedly Producing ‘Crash Bandicoot’ Animated Series,neutral,286.3999938964844,273.0,287.3299865722656,272.8399963378906,10367600
2022-11-02,Netflix Confirms ‘ONE PIECE: Into the Grand Line’ Release Date with First Look at Drum Island,positive,286.3999938964844,273.0,287.3299865722656,272.8399963378906,10367600
2022-11-02,'One Piece' Season 2 gets premiere date on Netflix,neutral,286.3999938964844,273.0,287.3299865722656,272.8399963378906,10367600
2022-11-02,'One Piece' Season 2 gets premiere date on Netflix,neutral,286.3999938964844,273.0,287.3299865722656,272.8399963378906,10367600
2022-11-02,Opinion | I Spoil Netflix’s Nuclear War Movie,negative,286.3999938964844,273.0,287.3299865722656,272.8399963378906,10367600
2022-11-02,Netflix’s “One Piece” Returning For Second Season In March,neutral,286.3999938964844,273.0,287.3299865722656,272.8399963378906,10367600
2022-11-02,Netflix Explores Floyd Mayweather vs. Manny Pacquiao Rematch,neutral,286.3999938964844,273.0,287.3299865722656,272.8399963378906,10367600
2022-11-03,5 Movies to Watch Before They Leave Netflix,negative,271.25,269.05999755859375,276.2900085449219,268.79998779296875,7057400
2022-11-03,Netflix: Kathryn Bigelow’s ‘A House of Dynamite’ Tops Weekly Streaming Through Oct. 26,positive,271.25,269.05999755859375,276.2900085449219,268.79998779296875,7057400
2022-11-03,Spanish Thriller 'City of Shadows' Comes to Netflix December 2026,positive,271.25,269.05999755859375,276.2900085449219,268.79998779296875,7057400
2022-11-03,Netflix Reportedly Producing ‘Crash Bandicoot’ Animated Series,neutral,271.25,269.05999755859375,276.2900085449219,268.79998779296875,7057400
2022-11-03,Netflix Confirms ‘ONE PIECE: Into the Grand Line’ Release Date with First Look at Drum Island,positive,271.25,269.05999755859375,276.2900085449219,268.79998779296875,7057400
2022-11-03,'One Piece' Season 2 gets premiere date on Netflix,neutral,271.25,269.05999755859375,276.2900085449219,268.79998779296875,7057400
2022-11-03,'One Piece' Season 2 gets premiere date on Netflix,neutral,271.25,269.05999755859375,276.2900085449219,268.79998779296875,7057400
2022-11-03,Opinion | I Spoil Netflix’s Nuclear War Movie,negative,271.25,269.05999755859375,276.2900085449219,268.79998779296875,7057400
2022-11-03,Netflix’s “One Piece” Returning For Second Season In March,neutral,271.25,269.05999755859375,276.2900085449219,268.79998779296875,7057400
2022-11-03,Netflix Explores Floyd Mayweather vs. Manny Pacquiao Rematch,neutral,271.25,269.05999755859375,276.2900085449219,268.79998779296875,7057400
2022-11-04,5 Movies to Watch Before They Leave Netflix,negative,272.0199890136719,260.7900085449219,274.9700012207031,255.32000732421875,11124700
2022-11-04,Netflix: Kathryn Bigelow’s ‘A House of Dynamite’ Tops Weekly Streaming Through Oct. 26,positive,272.0199890136719,260.7900085449219,274.9700012207031,255.32000732421875,11124700
2022-11-04,Spanish Thriller 'City of Shadows' Comes to Netflix December 2026,positive,272.0199890136719,260.7900085449219,274.9700012207031,255.32000732421875,11124700
2022-11-04,Netflix Reportedly Producing ‘Crash Bandicoot’ Animated Series,neutral,272.0199890136719,260.7900085449219,274.9700012207031,255.32000732421875,11124700
2022-11-04,Netflix Confirms ‘ONE PIECE: Into the Grand Line’ Release Date with First Look at Drum Island,positive,272.0199890136719,260.7900085449219,274.9700012207031,255.32000732421875,11124700
2022-11-04,'One Piece' Season 2 gets premiere date on Netflix,neutral,272.0199890136719,260.7900085449219,274.9700012207031,255.32000732421875,11124700
2022-11-04,'One Piece' Season 2 gets premiere date on Netflix,neutral,272.0199890136719,260.7900085449219,274.9700012207031,255.32000732421875,11124700
2022-11-04,Opinion | I Spoil Netflix’s Nuclear War Movie,negative,272.0199890136719,260.7900085449219,274.9700012207031,255.32000732421875,11124700
2022-11-04,Netflix’s “One Piece” Returning For Second Season In March,neutral,272.0199890136719,260.7900085449219,274.9700012207031,255.32000732421875,11124700
2022-11-04,Netflix Explores Floyd Mayweather vs. Manny Pacquiao Rematch,neutral,272.0199890136719,260.7900085449219,274.9700012207031,255.32000732421875,11124700
2022-11-07,5 Movies to Watch Before They Leave Netflix,negative,261.05999755859375,258.6000061035156,261.1499938964844,252.08999633789062,7927000
2022-11-07,Netflix: Kathryn Bigelow’s ‘A House of Dynamite’ Tops Weekly Streaming Through Oct. 26,positive,261.05999755859375,258.6000061035156,261.1499938964844,252.08999633789062,7927000
2022-11-07,Spanish Thriller 'City of Shadows' Comes to Netflix December 2026,positive,261.05999755859375,258.6000061035156,261.1499938964844,252.08999633789062,7927000
2022-11-07,Netflix Reportedly Producing ‘Crash Bandicoot’ Animated Series,neutral,261.05999755859375,258.6000061035156,261.1499938964844,252.08999633789062,7927000
2022-11-07,Netflix Confirms ‘ONE PIECE: Into the Grand Line’ Release Date with First Look at Drum Island,positive,261.05999755859375,258.6000061035156,261.1499938964844,252.08999633789062,7927000
2022-11-07,'One Piece' Season 2 gets premiere date on Netflix,neutral,261.05999755859375,258.6000061035156,261.1499938964844,252.08999633789062,7927000
2022-11-07,'One Piece' Season 2 gets premiere date on Netflix,neutral,261.05999755859375,258.6000061035156,261.1499938964844,252.08999633789062,7927000
2022-11-07,Opinion | I Spoil Netflix’s Nuclear War Movie,negative,261.05999755859375,258.6000061035156,261.1499938964844,252.08999633789062,7927000
2022-11-07,Netflix’s “One Piece” Returning For Second Season In March,neutral,261.05999755859375,258.6000061035156,261.1499938964844,252.08999633789062,7927000
2022-11-07,Netflix Explores Floyd Mayweather vs. Manny Pacquiao Rematch,neutral,261.05999755859375,258.6000061035156,261.1499938964844,252.08999633789062,7927000
2022-11-08,5 Movies to Watch Before They Leave Netflix,negative,259.9200134277344,263.4599914550781,266.0799865722656,256.8800048828125,7683800
2022-11-08,Netflix: Kathryn Bigelow’s ‘A House of Dynamite’ Tops Weekly Streaming Through Oct. 26,positive,259.9200134277344,263.4599914550781,266.0799865722656,256.8800048828125,7683800
2022-11-08,Spanish Thriller 'City of Shadows' Comes to Netflix December 2026,positive,259.9200134277344,263.4599914550781,266.0799865722656,256.8800048828125,7683800
2022-11-08,Netflix Reportedly Producing ‘Crash Bandicoot’ Animated Series,neutral,259.9200134277344,263.4599914550781,266.0799865722656,256.8800048828125,7683800
2022-11-08,Netflix Confirms ‘ONE PIECE: Into the Grand Line’ Release Date with First Look at Drum Island,positive,259.9200134277344,263.4599914550781,266.0799865722656,256.8800048828125,7683800
2022-11-08,'One Piece' Season 2 gets premiere date on Netflix,neutral,259.9200134277344,263.4599914550781,266.0799865722656,256.8800048828125,7683800
2022-11-08,'One Piece' Season 2 gets premiere date on Netflix,neutral,259.9200134277344,263.4599914550781,266.0799865722656,256.8800048828125,7683800
2022-11-08,Opinion | I Spoil Netflix’s Nuclear War Movie,negative,259.9200134277344,263.4599914550781,266.0799865722656,256.8800048828125,7683800
2022-11-08,Netflix’s “One Piece” Returning For Second Season In March,neutral,259.9200134277344,263.4599914550781,266.0799865722656,256.8800048828125,7683800
2022-11-08,Netflix Explores Floyd Mayweather vs. Manny Pacquiao Rematch,neutral,259.9200134277344,263.4599914550781,266.0799865722656,256.8800048828125,7683800
2022-11-09,5 Movies to Watch Before They Leave Netflix,negative,259.6600036621094,254.66000366210938,260.8999938964844,254.22000122070312,7266000
2022-11-09,Netflix: Kathryn Bigelow’s ‘A House of Dynamite’ Tops Weekly Streaming Through Oct. 26,positive,259.6600036621094,254.66000366210938,260.8999938964844,254.22000122070312,7266000
2022-11-09,Spanish Thriller 'City of Shadows' Comes to Netflix December 2026,positive,259.6600036621094,254.66000366210938,260.8999938964844,254.22000122070312,7266000
2022-11-09,Netflix Reportedly Producing ‘Crash Bandicoot’ Animated Series,neutral,259.6600036621094,254.66000366210938,260.8999938964844,254.22000122070312,7266000
2022-11-09,Netflix Confirms ‘ONE PIECE: Into the Grand Line’ Release Date with First Look at Drum Island,positive,259.6600036621094,254.66000366210938,260.8999938964844,254.22000122070312,7266000
2022-11-09,'One Piece' Season 2 gets premiere date on Netflix,neutral,259.6600036621094,254.66000366210938,260.8999938964844,254.22000122070312,7266000
2022-11-09,'One Piece' Season 2 gets premiere date on Netflix,neutral,259.6600036621094,254.66000366210938,260.8999938964844,254.22000122070312,7266000
2022-11-09,Opinion | I Spoil Netflix’s Nuclear War Movie,negative,259.6600036621094,254.66000366210938,260.8999938964844,254.22000122070312,7266000
2022-11-09,Netflix’s “One Piece” Returning For Second Season In March,neutral,259.6600036621094,254.66000366210938,260.8999938964844,254.22000122070312,7266000
2022-11-09,Netflix Explores Floyd Mayweather vs. Manny Pacquiao Rematch,neutral,259.6600036621094,254.66000366210938,260.8999938964844,254.22000122070312,7266000
2022-11-10,5 Movies to Watch Before They Leave Netflix,negative,265.989990234375,274.9700012207031,275.3599853515625,260.0899963378906,9667300
2022-11-10,Netflix: Kathryn Bigelow’s ‘A House of Dynamite’ Tops Weekly Streaming Through Oct. 26,positive,265.989990234375,274.9700012207031,275.3599853515625,260.0899963378906,9667300
2022-11-10,Spanish Thriller 'City of Shadows' Comes to Netflix December 2026,positive,265.989990234375,274.9700012207031,275.3599853515625,260.0899963378906,9667300
2022-11-10,Netflix Reportedly Producing ‘Crash Bandicoot’ Animated Series,neutral,265.989990234375,274.9700012207031,275.3599853515625,260.0899963378906,9667300
2022-11-10,Netflix Confirms ‘ONE PIECE: Into the Grand Line’ Release Date with First Look at Drum Island,positive,265.989990234375,274.9700012207031,275.3599853515625,260.0899963378906,9667300
2022-11-10,'One Piece' Season 2 gets premiere date on Netflix,neutral,265.989990234375,274.9700012207031,275.3599853515625,260.0899963378906,9667300
2022-11-10,'One Piece' Season 2 gets premiere date on Netflix,neutral,265.989990234375,274.9700012207031,275.3599853515625,260.0899963378906,9667300
2022-11-10,Opinion | I Spoil Netflix’s Nuclear War Movie,negative,265.989990234375,274.9700012207031,275.3599853515625,260.0899963378906,9667300
2022-11-10,Netflix’s “One Piece” Returning For Second Season In March,neutral,265.989990234375,274.9700012207031,275.3599853515625,260.0899963378906,9667300
2022-11-10,Netflix Explores Floyd Mayweather vs. Manny Pacquiao Rematch,neutral,265.989990234375,274.9700012207031,275.3599853515625,260.0899963378906,9667300
2022-11-11,5 Movies to Watch Before They Leave Netflix,negative,274.4700012207031,290.1300048828125,290.6600036621094,271.55999755859375,9573800
2022-11-11,Netflix: Kathryn Bigelow’s ‘A House of Dynamite’ Tops Weekly Streaming Through Oct. 26,positive,274.4700012207031,290.1300048828125,290.6600036621094,271.55999755859375,9573800
2022-11-11,Spanish Thriller 'City of Shadows' Comes to Netflix December 2026,positive,274.4700012207031,290.1300048828125,290.6600036621094,271.55999755859375,9573800
2022-11-11,Netflix Reportedly Producing ‘Crash Bandicoot’ Animated Series,neutral,274.4700012207031,290.1300048828125,290.6600036621094,271.55999755859375,9573800
2022-11-11,Netflix Confirms ‘ONE PIECE: Into the Grand Line’ Release Date with First Look at Drum Island,positive,274.4700012207031,290.1300048828125,290.6600036621094,271.55999755859375,9573800
2022-11-11,'One Piece' Season 2 gets premiere date on Netflix,neutral,274.4700012207031,290.1300048828125,290.6600036621094,271.55999755859375,9573800
2022-11-11,'One Piece' Season 2 gets premiere date on Netflix,neutral,274.4700012207031,290.1300048828125,290.6600036621094,271.55999755859375,9573800
2022-11-11,Opinion | I Spoil Netflix’s Nuclear War Movie,negative,274.4700012207031,290.1300048828125,290.6600036621094,271.55999755859375,9573800
2022-11-11,Netflix’s “One Piece” Returning For Second Season In March,neutral,274.4700012207031,290.1300048828125,290.6600036621094,271.55999755859375,9573800
2022-11-11,Netflix Explores Floyd Mayweather vs. Manny Pacquiao Rematch,neutral,274.4700012207031,290.1300048828125,290.6600036621094,271.55999755859375,9573800
2022-11-14,Netflix asks Who Killed the Montreal Expos? in new doc,negative,290.0,299.2699890136719,311.0,288.19000244140625,17978200
2022-11-14,5 Movies to Watch Before They Leave Netflix,negative,290.0,299.2699890136719,311.0,288.19000244140625,17978200
2022-11-14,Netflix: Kathryn Bigelow’s ‘A House of Dynamite’ Tops Weekly Streaming Through Oct. 26,positive,290.0,299.2699890136719,311.0,288.19000244140625,17978200
2022-11-14,Spanish Thriller 'City of Shadows' Comes to Netflix December 2026,positive,290.0,299.2699890136719,311.0,288.19000244140625,17978200
2022-11-14,Netflix Reportedly Producing ‘Crash Bandicoot’ Animated Series,neutral,290.0,299.2699890136719,311.0,288.19000244140625,17978200
2022-11-14,Netflix Confirms ‘ONE PIECE: Into the Grand Line’ Release Date with First Look at Drum Island,positive,290.0,299.2699890136719,311.0,288.19000244140625,17978200
2022-11-14,'One Piece' Season 2 gets premiere date on Netflix,neutral,290.0,299.2699890136719,311.0,288.19000244140625,17978200
2022-11-14,'One Piece' Season 2 gets premiere date on Netflix,neutral,290.0,299.2699890136719,311.0,288.19000244140625,17978200
2022-11-14,Opinion | I Spoil Netflix’s Nuclear War Movie,negative,290.0,299.2699890136719,311.0,288.19000244140625,17978200
2022-11-14,Netflix’s “One Piece” Returning For Second Season In March,neutral,290.0,299.2699890136719,311.0,288.19000244140625,17978200
2022-11-15,5 Movies to Watch Before They Leave Netflix,negative,309.20001220703125,310.20001220703125,312.7099914550781,302.54998779296875,14626900
2022-11-15,Netflix: Kathryn Bigelow’s ‘A House of Dynamite’ Tops Weekly Streaming Through Oct. 26,positive,309.20001220703125,310.20001220703125,312.7099914550781,302.54998779296875,14626900
2022-11-15,Spanish Thriller 'City of Shadows' Comes to Netflix December 2026,positive,309.20001220703125,310.20001220703125,312.7099914550781,302.54998779296875,14626900
2022-11-15,Netflix Reportedly Producing ‘Crash Bandicoot’ Animated Series,neutral,309.20001220703125,310.20001220703125,312.7099914550781,302.54998779296875,14626900
2022-11-15,Netflix Confirms ‘ONE PIECE: Into the Grand Line’ Release Date with First Look at Drum Island,positive,309.20001220703125,310.20001220703125,312.7099914550781,302.54998779296875,14626900
2022-11-15,'One Piece' Season 2 gets premiere date on Netflix,neutral,309.20001220703125,310.20001220703125,312.7099914550781,302.54998779296875,14626900
2022-11-15,'One Piece' Season 2 gets premiere date on Netflix,neutral,309.20001220703125,310.20001220703125,312.7099914550781,302.54998779296875,14626900
2022-11-15,Opinion | I Spoil Netflix’s Nuclear War Movie,negative,309.20001220703125,310.20001220703125,312.7099914550781,302.54998779296875,14626900
2022-11-15,Netflix’s “One Piece” Returning For Second Season In March,neutral,309.20001220703125,310.20001220703125,312.7099914550781,302.54998779296875,14626900
2022-11-15,Netflix Explores Floyd Mayweather vs. Manny Pacquiao Rematch,neutral,309.20001220703125,310.20001220703125,312.7099914550781,302.54998779296875,14626900
2022-11-16,5 Movies to Watch Before They Leave Netflix,negative,309.94000244140625,306.0199890136719,310.489990234375,303.6099853515625,8038600
2022-11-16,Netflix: Kathryn Bigelow’s ‘A House of Dynamite’ Tops Weekly Streaming Through Oct. 26,positive,309.94000244140625,306.0199890136719,310.489990234375,303.6099853515625,8038600
2022-11-16,Spanish Thriller 'City of Shadows' Comes to Netflix December 2026,positive,309.94000244140625,306.0199890136719,310.489990234375,303.6099853515625,8038600
2022-11-16,Netflix Reportedly Producing ‘Crash Bandicoot’ Animated Series,neutral,309.94000244140625,306.0199890136719,310.489990234375,303.6099853515625,8038600
2022-11-16,Netflix Confirms ‘ONE PIECE: Into the Grand Line’ Release Date with First Look at Drum Island,positive,309.94000244140625,306.0199890136719,310.489990234375,303.6099853515625,8038600
2022-11-16,'One Piece' Season 2 gets premiere date on Netflix,neutral,309.94000244140625,306.0199890136719,310.489990234375,303.6099853515625,8038600
2022-11-16,'One Piece' Season 2 gets premiere date on Netflix,neutral,309.94000244140625,306.0199890136719,310.489990234375,303.6099853515625,8038600
2022-11-16,Opinion | I Spoil Netflix’s Nuclear War Movie,negative,309.94000244140625,306.0199890136719,310.489990234375,303.6099853515625,8038600
2022-11-16,Netflix’s “One Piece” Returning For Second Season In March,neutral,309.94000244140625,306.0199890136719,310.489990234375,303.6099853515625,8038600
2022-11-16,Netflix Explores Floyd Mayweather vs. Manny Pacquiao Rematch,neutral,309.94000244140625,306.0199890136719,310.489990234375,303.6099853515625,8038600
2022-11-17,5 Movies to Watch Before They Leave Netflix,negative,294.7200012207031,295.2799987792969,299.82000732421875,291.0,9838200
2022-11-17,Netflix: Kathryn Bigelow’s ‘A House of Dynamite’ Tops Weekly Streaming Through Oct. 26,positive,294.7200012207031,295.2799987792969,299.82000732421875,291.0,9838200
2022-11-17,Spanish Thriller 'City of Shadows' Comes to Netflix December 2026,positive,294.7200012207031,295.2799987792969,299.82000732421875,291.0,9838200
2022-11-17,Netflix Reportedly Producing ‘Crash Bandicoot’ Animated Series,neutral,294.7200012207031,295.2799987792969,299.82000732421875,291.0,9838200
2022-11-17,Netflix Confirms ‘ONE PIECE: Into the Grand Line’ Release Date with First Look at Drum Island,positive,294.7200012207031,295.2799987792969,299.82000732421875,291.0,9838200
2022-11-17,'One Piece' Season 2 gets premiere date on Netflix,neutral,294.7200012207031,295.2799987792969,299.82000732421875,291.0,9838200
2022-11-17,'One Piece' Season 2 gets premiere date on Netflix,neutral,294.7200012207031,295.2799987792969,299.82000732421875,291.0,9838200
2022-11-17,Opinion | I Spoil Netflix’s Nuclear War Movie,negative,294.7200012207031,295.2799987792969,299.82000732421875,291.0,9838200
2022-11-17,Netflix’s “One Piece” Returning For Second Season In March,neutral,294.7200012207031,295.2799987792969,299.82000732421875,291.0,9838200
2022-11-17,Netflix Explores Floyd Mayweather vs. Manny Pacquiao Rematch,neutral,294.7200012207031,295.2799987792969,299.82000732421875,291.0,9838200
2022-11-18,Netflix asks Who Killed the Montreal Expos? in new doc,negative,297.3299865722656,287.9800109863281,298.0,287.0,8400100
2022-11-18,5 Movies to Watch Before They Leave Netflix,negative,297.3299865722656,287.9800109863281,298.0,287.0,8400100
2022-11-18,Netflix: Kathryn Bigelow’s ‘A House of Dynamite’ Tops Weekly Streaming Through Oct. 26,positive,297.3299865722656,287.9800109863281,298.0,287.0,8400100
2022-11-18,Spanish Thriller 'City of Shadows' Comes to Netflix December 2026,positive,297.3299865722656,287.9800109863281,298.0,287.0,8400100
2022-11-18,Netflix Reportedly Producing ‘Crash Bandicoot’ Animated Series,neutral,297.3299865722656,287.9800109863281,298.0,287.0,8400100
2022-11-18,Netflix Confirms ‘ONE PIECE: Into the Grand Line’ Release Date with First Look at Drum Island,positive,297.3299865722656,287.9800109863281,298.0,287.0,8400100
2022-11-18,'One Piece' Season 2 gets premiere date on Netflix,neutral,297.3299865722656,287.9800109863281,298.0,287.0,8400100
2022-11-18,'One Piece' Season 2 gets premiere date on Netflix,neutral,297.3299865722656,287.9800109863281,298.0,287.0,8400100
2022-11-18,Opinion | I Spoil Netflix’s Nuclear War Movie,negative,297.3299865722656,287.9800109863281,298.0,287.0,8400100
2022-11-18,Netflix’s “One Piece” Returning For Second Season In March,neutral,297.3299865722656,287.9800109863281,298.0,287.0,8400100
2022-11-21,5 Movies to Watch Before They Leave Netflix,negative,291.0,285.04998779296875,291.8699951171875,282.6600036621094,7256500
2022-11-21,Netflix: Kathryn Bigelow’s ‘A House of Dynamite’ Tops Weekly Streaming Through Oct. 26,positive,291.0,285.04998779296875,291.8699951171875,282.6600036621094,7256500
2022-11-21,Spanish Thriller 'City of Shadows' Comes to Netflix December 2026,positive,291.0,285.04998779296875,291.8699951171875,282.6600036621094,7256500
2022-11-21,Netflix Reportedly Producing ‘Crash Bandicoot’ Animated Series,neutral,291.0,285.04998779296875,291.8699951171875,282.6600036621094,7256500
2022-11-21,Netflix Confirms ‘ONE PIECE: Into the Grand Line’ Release Date with First Look at Drum Island,positive,291.0,285.04998779296875,291.8699951171875,282.6600036621094,7256500
2022-11-21,'One Piece' Season 2 gets premiere date on Netflix,neutral,291.0,285.04998779296875,291.8699951171875,282.6600036621094,7256500
2022-11-21,'One Piece' Season 2 gets premiere date on Netflix,neutral,291.0,285.04998779296875,291.8699951171875,282.6600036621094,7256500
2022-11-21,Opinion | I Spoil Netflix’s Nuclear War Movie,negative,291.0,285.04998779296875,291.8699951171875,282.6600036621094,7256500
2022-11-21,Netflix’s “One Piece” Returning For Second Season In March,neutral,291.0,285.04998779296875,291.8699951171875,282.6600036621094,7256500
2022-11-21,Netflix Explores Floyd Mayweather vs. Manny Pacquiao Rematch,neutral,291.0,285.04998779296875,291.8699951171875,282.6600036621094,7256500
2022-11-22,5 Movies to Watch Before They Leave Netflix,negative,284.989990234375,286.69000244140625,286.9800109863281,277.3399963378906,6245100
2022-11-22,Netflix: Kathryn Bigelow’s ‘A House of Dynamite’ Tops Weekly Streaming Through Oct. 26,positive,284.989990234375,286.69000244140625,286.9800109863281,277.3399963378906,6245100
2022-11-22,Spanish Thriller 'City of Shadows' Comes to Netflix December 2026,positive,284.989990234375,286.69000244140625,286.9800109863281,277.3399963378906,6245100
2022-11-22,Netflix Reportedly Producing ‘Crash Bandicoot’ Animated Series,neutral,284.989990234375,286.69000244140625,286.9800109863281,277.3399963378906,6245100
2022-11-22,Netflix Confirms ‘ONE PIECE: Into the Grand Line’ Release Date with First Look at Drum Island,positive,284.989990234375,286.69000244140625,286.9800109863281,277.3399963378906,6245100
2022-11-22,'One Piece' Season 2 gets premiere date on Netflix,neutral,284.989990234375,286.69000244140625,286.9800109863281,277.3399963378906,6245100
2022-11-22,'One Piece' Season 2 gets premiere date on Netflix,neutral,284.989990234375,286.69000244140625,286.9800109863281,277.3399963378906,6245100
2022-11-22,Opinion | I Spoil Netflix’s Nuclear War Movie,negative,284.989990234375,286.69000244140625,286.9800109863281,277.3399963378906,6245100
2022-11-22,Netflix’s “One Piece” Returning For Second Season In March,neutral,284.989990234375,286.69000244140625,286.9800109863281,277.3399963378906,6245100
2022-11-22,Netflix Explores Floyd Mayweather vs. Manny Pacquiao Rematch,neutral,284.989990234375,286.69000244140625,286.9800109863281,277.3399963378906,6245100
2022-11-23,5 Movies to Watch Before They Leave Netflix,negative,285.9100036621094,291.5,292.4700012207031,283.760009765625,5919000
2022-11-23,Netflix: Kathryn Bigelow’s ‘A House of Dynamite’ Tops Weekly Streaming Through Oct. 26,positive,285.9100036621094,291.5,292.4700012207031,283.760009765625,5919000
2022-11-23,Spanish Thriller 'City of Shadows' Comes to Netflix December 2026,positive,285.9100036621094,291.5,292.4700012207031,283.760009765625,5919000
2022-11-23,Netflix Reportedly Producing ‘Crash Bandicoot’ Animated Series,neutral,285.9100036621094,291.5,292.4700012207031,283.760009765625,5919000
2022-11-23,Netflix Confirms ‘ONE PIECE: Into the Grand Line’ Release Date with First Look at Drum Island,positive,285.9100036621094,291.5,292.4700012207031,283.760009765625,5919000
2022-11-23,'One Piece' Season 2 gets premiere date on Netflix,neutral,285.9100036621094,291.5,292.4700012207031,283.760009765625,5919000
2022-11-23,'One Piece' Season 2 gets premiere date on Netflix,neutral,285.9100036621094,291.5,292.4700012207031,283.760009765625,5919000
2022-11-23,Opinion | I Spoil Netflix’s Nuclear War Movie,negative,285.9100036621094,291.5,292.4700012207031,283.760009765625,5919000
2022-11-23,Netflix’s “One Piece” Returning For Second Season In March,neutral,285.9100036621094,291.5,292.4700012207031,283.760009765625,5919000
2022-11-23,Netflix Explores Floyd Mayweather vs. Manny Pacquiao Rematch,neutral,285.9100036621094,291.5,292.4700012207031,283.760009765625,5919000
2022-11-25,5 Movies to Watch Before They Leave Netflix,negative,289.0,285.5400085449219,289.2099914550781,284.1700134277344,3236000
2022-11-25,Netflix: Kathryn Bigelow’s ‘A House of Dynamite’ Tops Weekly Streaming Through Oct. 26,positive,289.0,285.5400085449219,289.2099914550781,284.1700134277344,3236000
2022-11-25,Spanish Thriller 'City of Shadows' Comes to Netflix December 2026,positive,289.0,285.5400085449219,289.2099914550781,284.1700134277344,3236000
2022-11-25,Netflix Reportedly Producing ‘Crash Bandicoot’ Animated Series,neutral,289.0,285.5400085449219,289.2099914550781,284.1700134277344,3236000
2022-11-25,Netflix Confirms ‘ONE PIECE: Into the Grand Line’ Release Date with First Look at Drum Island,positive,289.0,285.5400085449219,289.2099914550781,284.1700134277344,3236000
2022-11-25,'One Piece' Season 2 gets premiere date on Netflix,neutral,289.0,285.5400085449219,289.2099914550781,284.1700134277344,3236000
2022-11-25,'One Piece' Season 2 gets premiere date on Netflix,neutral,289.0,285.5400085449219,289.2099914550781,284.1700134277344,3236000
2022-11-25,Opinion | I Spoil Netflix’s Nuclear War Movie,negative,289.0,285.5400085449219,289.2099914550781,284.1700134277344,3236000
2022-11-25,Netflix’s “One Piece” Returning For Second Season In March,neutral,289.0,285.5400085449219,289.2099914550781,284.1700134277344,3236000
2022-11-25,Netflix Explores Floyd Mayweather vs. Manny Pacquiao Rematch,neutral,289.0,285.5400085449219,289.2099914550781,284.1700134277344,3236000
2022-11-28,Netflix asks Who Killed the Montreal Expos? in new doc,negative,284.0,281.1700134277344,289.54998779296875,280.5299987792969,4703400
2022-11-28,5 Movies to Watch Before They Leave Netflix,negative,284.0,281.1700134277344,289.54998779296875,280.5299987792969,4703400
2022-11-28,Netflix: Kathryn Bigelow’s ‘A House of Dynamite’ Tops Weekly Streaming Through Oct. 26,positive,284.0,281.1700134277344,289.54998779296875,280.5299987792969,4703400
2022-11-28,Spanish Thriller 'City of Shadows' Comes to Netflix December 2026,positive,284.0,281.1700134277344,289.54998779296875,280.5299987792969,4703400
2022-11-28,Netflix Reportedly Producing ‘Crash Bandicoot’ Animated Series,neutral,284.0,281.1700134277344,289.54998779296875,280.5299987792969,4703400
2022-11-28,Netflix Confirms ‘ONE PIECE: Into the Grand Line’ Release Date with First Look at Drum Island,positive,284.0,281.1700134277344,289.54998779296875,280.5299987792969,4703400
2022-11-28,'One Piece' Season 2 gets premiere date on Netflix,neutral,284.0,281.1700134277344,289.54998779296875,280.5299987792969,4703400
2022-11-28,'One Piece' Season 2 gets premiere date on Netflix,neutral,284.0,281.1700134277344,289.54998779296875,280.5299987792969,4703400
2022-11-28,Opinion | I Spoil Netflix’s Nuclear War Movie,negative,284.0,281.1700134277344,289.54998779296875,280.5299987792969,4703400
2022-11-28,Netflix’s “One Piece” Returning For Second Season In March,neutral,284.0,281.1700134277344,289.54998779296875,280.5299987792969,4703400
2022-11-29,5 Movies to Watch Before They Leave Netflix,negative,282.5,280.9599914550781,282.9599914550781,275.94000244140625,5786900
2022-11-29,Netflix: Kathryn Bigelow’s ‘A House of Dynamite’ Tops Weekly Streaming Through Oct. 26,positive,282.5,280.9599914550781,282.9599914550781,275.94000244140625,5786900
2022-11-29,Spanish Thriller 'City of Shadows' Comes to Netflix December 2026,positive,282.5,280.9599914550781,282.9599914550781,275.94000244140625,5786900
2022-11-29,Netflix Reportedly Producing ‘Crash Bandicoot’ Animated Series,neutral,282.5,280.9599914550781,282.9599914550781,275.94000244140625,5786900
2022-11-29,Netflix Confirms ‘ONE PIECE: Into the Grand Line’ Release Date with First Look at Drum Island,positive,282.5,280.9599914550781,282.9599914550781,275.94000244140625,5786900
2022-11-29,'One Piece' Season 2 gets premiere date on Netflix,neutral,282.5,280.9599914550781,282.9599914550781,275.94000244140625,5786900
2022-11-29,'One Piece' Season 2 gets premiere date on Netflix,neutral,282.5,280.9599914550781,282.9599914550781,275.94000244140625,5786900
2022-11-29,Opinion | I Spoil Netflix’s Nuclear War Movie,negative,282.5,280.9599914550781,282.9599914550781,275.94000244140625,5786900
2022-11-29,Netflix’s “One Piece” Returning For Second Season In March,neutral,282.5,280.9599914550781,282.9599914550781,275.94000244140625,5786900
2022-11-29,Netflix Explores Floyd Mayweather vs. Manny Pacquiao Rematch,neutral,282.5,280.9599914550781,282.9599914550781,275.94000244140625,5786900
2022-11-30,5 Movies to Watch Before They Leave Netflix,negative,281.3699951171875,305.5299987792969,308.260009765625,280.4100036621094,16070100
2022-11-30,Netflix: Kathryn Bigelow’s ‘A House of Dynamite’ Tops Weekly Streaming Through Oct. 26,positive,281.3699951171875,305.5299987792969,308.260009765625,280.4100036621094,16070100
2022-11-30,Spanish Thriller 'City of Shadows' Comes to Netflix December 2026,positive,281.3699951171875,305.5299987792969,308.260009765625,280.4100036621094,16070100
2022-11-30,Netflix Reportedly Producing ‘Crash Bandicoot’ Animated Series,neutral,281.3699951171875,305.5299987792969,308.260009765625,280.4100036621094,16070100
2022-11-30,Netflix Confirms ‘ONE PIECE: Into the Grand Line’ Release Date with First Look at Drum Island,positive,281.3699951171875,305.5299987792969,308.260009765625,280.4100036621094,16070100
2022-11-30,'One Piece' Season 2 gets premiere date on Netflix,neutral,281.3699951171875,305.5299987792969,308.260009765625,280.4100036621094,16070100
2022-11-30,'One Piece' Season 2 gets premiere date on Netflix,neutral,281.3699951171875,305.5299987792969,308.260009765625,280.4100036621094,16070100
2022-11-30,Opinion | I Spoil Netflix’s Nuclear War Movie,negative,281.3699951171875,305.5299987792969,308.260009765625,280.4100036621094,16070100
2022-11-30,Netflix’s “One Piece” Returning For Second Season In March,neutral,281.3699951171875,305.5299987792969,308.260009765625,280.4100036621094,16070100
2022-11-30,Netflix Explores Floyd Mayweather vs. Manny Pacquiao Rematch,neutral,281.3699951171875,305.5299987792969,308.260009765625,280.4100036621094,16070100
2022-12-01,5 Movies to Watch Before They Leave Netflix,negative,303.989990234375,316.95001220703125,319.79998779296875,303.0299987792969,14664900
2022-12-01,Netflix: Kathryn Bigelow’s ‘A House of Dynamite’ Tops Weekly Streaming Through Oct. 26,positive,303.989990234375,316.95001220703125,319.79998779296875,303.0299987792969,14664900
2022-12-01,Spanish Thriller 'City of Shadows' Comes to Netflix December 2026,positive,303.989990234375,316.95001220703125,319.79998779296875,303.0299987792969,14664900
2022-12-01,Netflix Reportedly Producing ‘Crash Bandicoot’ Animated Series,neutral,303.989990234375,316.95001220703125,319.79998779296875,303.0299987792969,14664900
2022-12-01,Netflix Confirms ‘ONE PIECE: Into the Grand Line’ Release Date with First Look at Drum Island,positive,303.989990234375,316.95001220703125,319.79998779296875,303.0299987792969,14664900
2022-12-01,'One Piece' Season 2 gets premiere date on Netflix,neutral,303.989990234375,316.95001220703125,319.79998779296875,303.0299987792969,14664900
2022-12-01,'One Piece' Season 2 gets premiere date on Netflix,neutral,303.989990234375,316.95001220703125,319.79998779296875,303.0299987792969,14664900
2022-12-01,Opinion | I Spoil Netflix’s Nuclear War Movie,negative,303.989990234375,316.95001220703125,319.79998779296875,303.0299987792969,14664900
2022-12-01,Netflix’s “One Piece” Returning For Second Season In March,neutral,303.989990234375,316.95001220703125,319.79998779296875,303.0299987792969,14664900
2022-12-01,Netflix Explores Floyd Mayweather vs. Manny Pacquiao Rematch,neutral,303.989990234375,316.95001220703125,319.79998779296875,303.0299987792969,14664900
2022-12-02,5 Movies to Watch Before They Leave Netflix,negative,310.489990234375,320.4100036621094,321.989990234375,310.0,12690600
2022-12-02,Netflix: Kathryn Bigelow’s ‘A House of Dynamite’ Tops Weekly Streaming Through Oct. 26,positive,310.489990234375,320.4100036621094,321.989990234375,310.0,12690600
2022-12-02,Spanish Thriller 'City of Shadows' Comes to Netflix December 2026,positive,310.489990234375,320.4100036621094,321.989990234375,310.0,12690600
2022-12-02,Netflix Reportedly Producing ‘Crash Bandicoot’ Animated Series,neutral,310.489990234375,320.4100036621094,321.989990234375,310.0,12690600
2022-12-02,Netflix Confirms ‘ONE PIECE: Into the Grand Line’ Release Date with First Look at Drum Island,positive,310.489990234375,320.4100036621094,321.989990234375,310.0,12690600
2022-12-02,'One Piece' Season 2 gets premiere date on Netflix,neutral,310.489990234375,320.4100036621094,321.989990234375,310.0,12690600
2022-12-02,'One Piece' Season 2 gets premiere date on Netflix,neutral,310.489990234375,320.4100036621094,321.989990234375,310.0,12690600
2022-12-02,Opinion | I Spoil Netflix’s Nuclear War Movie,negative,310.489990234375,320.4100036621094,321.989990234375,310.0,12690600
2022-12-02,Netflix’s “One Piece” Returning For Second Season In March,neutral,310.489990234375,320.4100036621094,321.989990234375,310.0,12690600
2022-12-02,Netflix Explores Floyd Mayweather vs. Manny Pacquiao Rematch,neutral,310.489990234375,320.4100036621094,321.989990234375,310.0,12690600
2022-12-05,5 Movies to Watch Before They Leave Netflix,negative,316.4599914550781,312.5899963378906,322.7699890136719,310.9200134277344,8423000
2022-12-05,Netflix: Kathryn Bigelow’s ‘A House of Dynamite’ Tops Weekly Streaming Through Oct. 26,positive,316.4599914550781,312.5899963378906,322.7699890136719,310.9200134277344,8423000
2022-12-05,Spanish Thriller 'City of Shadows' Comes to Netflix December 2026,positive,316.4599914550781,312.5899963378906,322.7699890136719,310.9200134277344,8423000
2022-12-05,Netflix Reportedly Producing ‘Crash Bandicoot’ Animated Series,neutral,316.4599914550781,312.5899963378906,322.7699890136719,310.9200134277344,8423000
2022-12-05,Netflix Confirms ‘ONE PIECE: Into the Grand Line’ Release Date with First Look at Drum Island,positive,316.4599914550781,312.5899963378906,322.7699890136719,310.9200134277344,8423000
2022-12-05,'One Piece' Season 2 gets premiere date on Netflix,neutral,316.4599914550781,312.5899963378906,322.7699890136719,310.9200134277344,8423000
2022-12-05,'One Piece' Season 2 gets premiere date on Netflix,neutral,316.4599914550781,312.5899963378906,322.7699890136719,310.9200134277344,8423000
2022-12-05,Opinion | I Spoil Netflix’s Nuclear War Movie,negative,316.4599914550781,312.5899963378906,322.7699890136719,310.9200134277344,8423000
2022-12-05,Netflix’s “One Piece” Returning For Second Season In March,neutral,316.4599914550781,312.5899963378906,322.7699890136719,310.9200134277344,8423000
2022-12-05,Netflix Explores Floyd Mayweather vs. Manny Pacquiao Rematch,neutral,316.4599914550781,312.5899963378906,322.7699890136719,310.9200134277344,8423000
2022-12-06,5 Movies to Watch Before They Leave Netflix,negative,311.0,305.55999755859375,313.2200012207031,303.1300048828125,7195400
2022-12-06,Netflix: Kathryn Bigelow’s ‘A House of Dynamite’ Tops Weekly Streaming Through Oct. 26,positive,311.0,305.55999755859375,313.2200012207031,303.1300048828125,7195400
2022-12-06,Spanish Thriller 'City of Shadows' Comes to Netflix December 2026,positive,311.0,305.55999755859375,313.2200012207031,303.1300048828125,7195400
2022-12-06,Netflix Reportedly Producing ‘Crash Bandicoot’ Animated Series,neutral,311.0,305.55999755859375,313.2200012207031,303.1300048828125,7195400
2022-12-06,Netflix Confirms ‘ONE PIECE: Into the Grand Line’ Release Date with First Look at Drum Island,positive,311.0,305.55999755859375,313.2200012207031,303.1300048828125,7195400
2022-12-06,'One Piece' Season 2 gets premiere date on Netflix,neutral,311.0,305.55999755859375,313.2200012207031,303.1300048828125,7195400
2022-12-06,'One Piece' Season 2 gets premiere date on Netflix,neutral,311.0,305.55999755859375,313.2200012207031,303.1300048828125,7195400
2022-12-06,Opinion | I Spoil Netflix’s Nuclear War Movie,negative,311.0,305.55999755859375,313.2200012207031,303.1300048828125,7195400
2022-12-06,Netflix’s “One Piece” Returning For Second Season In March,neutral,311.0,305.55999755859375,313.2200012207031,303.1300048828125,7195400
2022-12-06,Netflix Explores Floyd Mayweather vs. Manny Pacquiao Rematch,neutral,311.0,305.55999755859375,313.2200012207031,303.1300048828125,7195400
2022-12-07,5 Movies to Watch Before They Leave Netflix,negative,306.5,308.4200134277344,309.6099853515625,302.1000061035156,7821600
2022-12-07,Netflix: Kathryn Bigelow’s ‘A House of Dynamite’ Tops Weekly Streaming Through Oct. 26,positive,306.5,308.4200134277344,309.6099853515625,302.1000061035156,7821600
2022-12-07,Spanish Thriller 'City of Shadows' Comes to Netflix December 2026,positive,306.5,308.4200134277344,309.6099853515625,302.1000061035156,7821600
2022-12-07,Netflix Reportedly Producing ‘Crash Bandicoot’ Animated Series,neutral,306.5,308.4200134277344,309.6099853515625,302.1000061035156,7821600
2022-12-07,Netflix Confirms ‘ONE PIECE: Into the Grand Line’ Release Date with First Look at Drum Island,positive,306.5,308.4200134277344,309.6099853515625,302.1000061035156,7821600
2022-12-07,'One Piece' Season 2 gets premiere date on Netflix,neutral,306.5,308.4200134277344,309.6099853515625,302.1000061035156,7821600
2022-12-07,'One Piece' Season 2 gets premiere date on Netflix,neutral,306.5,308.4200134277344,309.6099853515625,302.1000061035156,7821600
2022-12-07,Opinion | I Spoil Netflix’s Nuclear War Movie,negative,306.5,308.4200134277344,309.6099853515625,302.1000061035156,7821600
2022-12-07,Netflix’s “One Piece” Returning For Second Season In March,neutral,306.5,308.4200134277344,309.6099853515625,302.1000061035156,7821600
2022-12-07,Netflix Explores Floyd Mayweather vs. Manny Pacquiao Rematch,neutral,306.5,308.4200134277344,309.6099853515625,302.1000061035156,7821600
2022-12-08,5 Movies to Watch Before They Leave Netflix,negative,309.1099853515625,310.260009765625,312.3800048828125,304.80999755859375,7205300
2022-12-08,Netflix: Kathryn Bigelow’s ‘A House of Dynamite’ Tops Weekly Streaming Through Oct. 26,positive,309.1099853515625,310.260009765625,312.3800048828125,304.80999755859375,7205300
2022-12-08,Spanish Thriller 'City of Shadows' Comes to Netflix December 2026,positive,309.1099853515625,310.260009765625,312.3800048828125,304.80999755859375,7205300
2022-12-08,Netflix Reportedly Producing ‘Crash Bandicoot’ Animated Series,neutral,309.1099853515625,310.260009765625,312.3800048828125,304.80999755859375,7205300
2022-12-08,Netflix Confirms ‘ONE PIECE: Into the Grand Line’ Release Date with First Look at Drum Island,positive,309.1099853515625,310.260009765625,312.3800048828125,304.80999755859375,7205300
2022-12-08,'One Piece' Season 2 gets premiere date on Netflix,neutral,309.1099853515625,310.260009765625,312.3800048828125,304.80999755859375,7205300
2022-12-08,'One Piece' Season 2 gets premiere date on Netflix,neutral,309.1099853515625,310.260009765625,312.3800048828125,304.80999755859375,7205300
2022-12-08,Opinion | I Spoil Netflix’s Nuclear War Movie,negative,309.1099853515625,310.260009765625,312.3800048828125,304.80999755859375,7205300
2022-12-08,Netflix’s “One Piece” Returning For Second Season In March,neutral,309.1099853515625,310.260009765625,312.3800048828125,304.80999755859375,7205300
2022-12-08,Netflix Explores Floyd Mayweather vs. Manny Pacquiao Rematch,neutral,309.1099853515625,310.260009765625,312.3800048828125,304.80999755859375,7205300
2022-12-09,5 Movies to Watch Before They Leave Netflix,negative,321.45001220703125,320.010009765625,329.0,319.5199890136719,14364000
2022-12-09,Netflix: Kathryn Bigelow’s ‘A House of Dynamite’ Tops Weekly Streaming Through Oct. 26,positive,321.45001220703125,320.010009765625,329.0,319.5199890136719,14364000
2022-12-09,Spanish Thriller 'City of Shadows' Comes to Netflix December 2026,positive,321.45001220703125,320.010009765625,329.0,319.5199890136719,14364000
2022-12-09,Netflix Reportedly Producing ‘Crash Bandicoot’ Animated Series,neutral,321.45001220703125,320.010009765625,329.0,319.5199890136719,14364000
2022-12-09,Netflix Confirms ‘ONE PIECE: Into the Grand Line’ Release Date with First Look at Drum Island,positive,321.45001220703125,320.010009765625,329.0,319.5199890136719,14364000
2022-12-09,'One Piece' Season 2 gets premiere date on Netflix,neutral,321.45001220703125,320.010009765625,329.0,319.5199890136719,14364000
2022-12-09,'One Piece' Season 2 gets premiere date on Netflix,neutral,321.45001220703125,320.010009765625,329.0,319.5199890136719,14364000
2022-12-09,Opinion | I Spoil Netflix’s Nuclear War Movie,negative,321.45001220703125,320.010009765625,329.0,319.5199890136719,14364000
2022-12-09,Netflix’s “One Piece” Returning For Second Season In March,neutral,321.45001220703125,320.010009765625,329.0,319.5199890136719,14364000
2022-12-09,Netflix Explores Floyd Mayweather vs. Manny Pacquiao Rematch,neutral,321.45001220703125,320.010009765625,329.0,319.5199890136719,14364000
2022-12-12,5 Movies to Watch Before They Leave Netflix,negative,320.0,315.17999267578125,323.17999267578125,308.8500061035156,10148600
2022-12-12,Netflix: Kathryn Bigelow’s ‘A House of Dynamite’ Tops Weekly Streaming Through Oct. 26,positive,320.0,315.17999267578125,323.17999267578125,308.8500061035156,10148600
2022-12-12,Spanish Thriller 'City of Shadows' Comes to Netflix December 2026,positive,320.0,315.17999267578125,323.17999267578125,308.8500061035156,10148600
2022-12-12,Netflix Reportedly Producing ‘Crash Bandicoot’ Animated Series,neutral,320.0,315.17999267578125,323.17999267578125,308.8500061035156,10148600
2022-12-12,Netflix Confirms ‘ONE PIECE: Into the Grand Line’ Release Date with First Look at Drum Island,positive,320.0,315.17999267578125,323.17999267578125,308.8500061035156,10148600
2022-12-12,'One Piece' Season 2 gets premiere date on Netflix,neutral,320.0,315.17999267578125,323.17999267578125,308.8500061035156,10148600
2022-12-12,'One Piece' Season 2 gets premiere date on Netflix,neutral,320.0,315.17999267578125,323.17999267578125,308.8500061035156,10148600
2022-12-12,Opinion | I Spoil Netflix’s Nuclear War Movie,negative,320.0,315.17999267578125,323.17999267578125,308.8500061035156,10148600
2022-12-12,Netflix’s “One Piece” Returning For Second Season In March,neutral,320.0,315.17999267578125,323.17999267578125,308.8500061035156,10148600
2022-12-12,Netflix Explores Floyd Mayweather vs. Manny Pacquiao Rematch,neutral,320.0,315.17999267578125,323.17999267578125,308.8500061035156,10148600
2022-12-13,Netflix asks Who Killed the Montreal Expos? in new doc,negative,328.0,320.3399963378906,332.7200012207031,317.20001220703125,10756400
2022-12-13,5 Movies to Watch Before They Leave Netflix,negative,328.0,320.3399963378906,332.7200012207031,317.20001220703125,10756400
2022-12-13,Netflix: Kathryn Bigelow’s ‘A House of Dynamite’ Tops Weekly Streaming Through Oct. 26,positive,328.0,320.3399963378906,332.7200012207031,317.20001220703125,10756400
2022-12-13,Spanish Thriller 'City of Shadows' Comes to Netflix December 2026,positive,328.0,320.3399963378906,332.7200012207031,317.20001220703125,10756400
2022-12-13,Netflix Reportedly Producing ‘Crash Bandicoot’ Animated Series,neutral,328.0,320.3399963378906,332.7200012207031,317.20001220703125,10756400
2022-12-13,Netflix Confirms ‘ONE PIECE: Into the Grand Line’ Release Date with First Look at Drum Island,positive,328.0,320.3399963378906,332.7200012207031,317.20001220703125,10756400
2022-12-13,'One Piece' Season 2 gets premiere date on Netflix,neutral,328.0,320.3399963378906,332.7200012207031,317.20001220703125,10756400
2022-12-13,'One Piece' Season 2 gets premiere date on Netflix,neutral,328.0,320.3399963378906,332.7200012207031,317.20001220703125,10756400
2022-12-13,Opinion | I Spoil Netflix’s Nuclear War Movie,negative,328.0,320.3399963378906,332.7200012207031,317.20001220703125,10756400
2022-12-13,Netflix’s “One Piece” Returning For Second Season In March,neutral,328.0,320.3399963378906,332.7200012207031,317.20001220703125,10756400
2022-12-14,Netflix asks Who Killed the Montreal Expos? in new doc,negative,318.9700012207031,317.8299865722656,324.7099914550781,314.4200134277344,7543300
2022-12-14,5 Movies to Watch Before They Leave Netflix,negative,318.9700012207031,317.8299865722656,324.7099914550781,314.4200134277344,7543300
2022-12-14,Netflix: Kathryn Bigelow’s ‘A House of Dynamite’ Tops Weekly Streaming Through Oct. 26,positive,318.9700012207031,317.8299865722656,324.7099914550781,314.4200134277344,7543300
2022-12-14,Spanish Thriller 'City of Shadows' Comes to Netflix December 2026,positive,318.9700012207031,317.8299865722656,324.7099914550781,314.4200134277344,7543300
2022-12-14,Netflix Reportedly Producing ‘Crash Bandicoot’ Animated Series,neutral,318.9700012207031,317.8299865722656,324.7099914550781,314.4200134277344,7543300
2022-12-14,Netflix Confirms ‘ONE PIECE: Into the Grand Line’ Release Date with First Look at Drum Island,positive,318.9700012207031,317.8299865722656,324.7099914550781,314.4200134277344,7543300
2022-12-14,'One Piece' Season 2 gets premiere date on Netflix,neutral,318.9700012207031,317.8299865722656,324.7099914550781,314.4200134277344,7543300
2022-12-14,'One Piece' Season 2 gets premiere date on Netflix,neutral,318.9700012207031,317.8299865722656,324.7099914550781,314.4200134277344,7543300
2022-12-14,Opinion | I Spoil Netflix’s Nuclear War Movie,negative,318.9700012207031,317.8299865722656,324.7099914550781,314.4200134277344,7543300
2022-12-14,Netflix’s “One Piece” Returning For Second Season In March,neutral,318.9700012207031,317.8299865722656,324.7099914550781,314.4200134277344,7543300
2022-12-15,5 Movies to Watch Before They Leave Netflix,negative,302.1199951171875,290.4100036621094,303.3900146484375,286.54998779296875,17724600
2022-12-15,Netflix: Kathryn Bigelow’s ‘A House of Dynamite’ Tops Weekly Streaming Through Oct. 26,positive,302.1199951171875,290.4100036621094,303.3900146484375,286.54998779296875,17724600
2022-12-15,Spanish Thriller 'City of Shadows' Comes to Netflix December 2026,positive,302.1199951171875,290.4100036621094,303.3900146484375,286.54998779296875,17724600
2022-12-15,Netflix Reportedly Producing ‘Crash Bandicoot’ Animated Series,neutral,302.1199951171875,290.4100036621094,303.3900146484375,286.54998779296875,17724600
2022-12-15,Netflix Confirms ‘ONE PIECE: Into the Grand Line’ Release Date with First Look at Drum Island,positive,302.1199951171875,290.4100036621094,303.3900146484375,286.54998779296875,17724600
2022-12-15,'One Piece' Season 2 gets premiere date on Netflix,neutral,302.1199951171875,290.4100036621094,303.3900146484375,286.54998779296875,17724600
2022-12-15,'One Piece' Season 2 gets premiere date on Netflix,neutral,302.1199951171875,290.4100036621094,303.3900146484375,286.54998779296875,17724600
2022-12-15,Opinion | I Spoil Netflix’s Nuclear War Movie,negative,302.1199951171875,290.4100036621094,303.3900146484375,286.54998779296875,17724600
2022-12-15,Netflix’s “One Piece” Returning For Second Season In March,neutral,302.1199951171875,290.4100036621094,303.3900146484375,286.54998779296875,17724600
2022-12-15,Netflix Explores Floyd Mayweather vs. Manny Pacquiao Rematch,neutral,302.1199951171875,290.4100036621094,303.3900146484375,286.54998779296875,17724600
2022-12-16,5 Movies to Watch Before They Leave Netflix,negative,288.760009765625,290.7099914550781,294.7200012207031,288.70001220703125,14080000
2022-12-16,Netflix: Kathryn Bigelow’s ‘A House of Dynamite’ Tops Weekly Streaming Through Oct. 26,positive,288.760009765625,290.7099914550781,294.7200012207031,288.70001220703125,14080000
2022-12-16,Spanish Thriller 'City of Shadows' Comes to Netflix December 2026,positive,288.760009765625,290.7099914550781,294.7200012207031,288.70001220703125,14080000
2022-12-16,Netflix Reportedly Producing ‘Crash Bandicoot’ Animated Series,neutral,288.760009765625,290.7099914550781,294.7200012207031,288.70001220703125,14080000
2022-12-16,Netflix Confirms ‘ONE PIECE: Into the Grand Line’ Release Date with First Look at Drum Island,positive,288.760009765625,290.7099914550781,294.7200012207031,288.70001220703125,14080000
2022-12-16,'One Piece' Season 2 gets premiere date on Netflix,neutral,288.760009765625,290.7099914550781,294.7200012207031,288.70001220703125,14080000
2022-12-16,'One Piece' Season 2 gets premiere date on Netflix,neutral,288.760009765625,290.7099914550781,294.7200012207031,288.70001220703125,14080000
2022-12-16,Opinion | I Spoil Netflix’s Nuclear War Movie,negative,288.760009765625,290.7099914550781,294.7200012207031,288.70001220703125,14080000
2022-12-16,Netflix’s “One Piece” Returning For Second Season In March,neutral,288.760009765625,290.7099914550781,294.7200012207031,288.70001220703125,14080000
2022-12-16,Netflix Explores Floyd Mayweather vs. Manny Pacquiao Rematch,neutral,288.760009765625,290.7099914550781,294.7200012207031,288.70001220703125,14080000
2022-12-19,Netflix’s ‘Nightmares of Nature’ filmed in Alapaha,neutral,289.7300109863281,288.29998779296875,292.25,286.1300048828125,6163700
2022-12-19,Netflix asks Who Killed the Montreal Expos? in new doc,negative,289.7300109863281,288.29998779296875,292.25,286.1300048828125,6163700
2022-12-19,5 Movies to Watch Before They Leave Netflix,negative,289.7300109863281,288.29998779296875,292.25,286.1300048828125,6163700
2022-12-19,Netflix: Kathryn Bigelow’s ‘A House of Dynamite’ Tops Weekly Streaming Through Oct. 26,positive,289.7300109863281,288.29998779296875,292.25,286.1300048828125,6163700
2022-12-19,Spanish Thriller 'City of Shadows' Comes to Netflix December 2026,positive,289.7300109863281,288.29998779296875,292.25,286.1300048828125,6163700
2022-12-19,Netflix Reportedly Producing ‘Crash Bandicoot’ Animated Series,neutral,289.7300109863281,288.29998779296875,292.25,286.1300048828125,6163700
2022-12-19,"DON’T NOD Admits Lost Records: Bloom & Rage Missed Expectations, Signs Deal With Netflix to Create New Game Based on “A Major IP”",negative,289.7300109863281,288.29998779296875,292.25,286.1300048828125,6163700
2022-12-19,Netflix Confirms ‘ONE PIECE: Into the Grand Line’ Release Date with First Look at Drum Island,positive,289.7300109863281,288.29998779296875,292.25,286.1300048828125,6163700
2022-12-19,'One Piece' Season 2 gets premiere date on Netflix,neutral,289.7300109863281,288.29998779296875,292.25,286.1300048828125,6163700
2022-12-19,'One Piece' Season 2 gets premiere date on Netflix,neutral,289.7300109863281,288.29998779296875,292.25,286.1300048828125,6163700
2022-12-20,5 Movies to Watch Before They Leave Netflix,negative,281.239990234375,288.19000244140625,289.2799987792969,280.80999755859375,6918100
2022-12-20,Netflix: Kathryn Bigelow’s ‘A House of Dynamite’ Tops Weekly Streaming Through Oct. 26,positive,281.239990234375,288.19000244140625,289.2799987792969,280.80999755859375,6918100
2022-12-20,Spanish Thriller 'City of Shadows' Comes to Netflix December 2026,positive,281.239990234375,288.19000244140625,289.2799987792969,280.80999755859375,6918100
2022-12-20,Netflix Reportedly Producing ‘Crash Bandicoot’ Animated Series,neutral,281.239990234375,288.19000244140625,289.2799987792969,280.80999755859375,6918100
2022-12-20,Netflix Confirms ‘ONE PIECE: Into the Grand Line’ Release Date with First Look at Drum Island,positive,281.239990234375,288.19000244140625,289.2799987792969,280.80999755859375,6918100
2022-12-20,'One Piece' Season 2 gets premiere date on Netflix,neutral,281.239990234375,288.19000244140625,289.2799987792969,280.80999755859375,6918100
2022-12-20,'One Piece' Season 2 gets premiere date on Netflix,neutral,281.239990234375,288.19000244140625,289.2799987792969,280.80999755859375,6918100
2022-12-20,Opinion | I Spoil Netflix’s Nuclear War Movie,negative,281.239990234375,288.19000244140625,289.2799987792969,280.80999755859375,6918100
2022-12-20,Netflix’s “One Piece” Returning For Second Season In March,neutral,281.239990234375,288.19000244140625,289.2799987792969,280.80999755859375,6918100
2022-12-20,Netflix Explores Floyd Mayweather vs. Manny Pacquiao Rematch,neutral,281.239990234375,288.19000244140625,289.2799987792969,280.80999755859375,6918100
2022-12-21,5 Movies to Watch Before They Leave Netflix,negative,289.989990234375,297.9599914550781,300.6600036621094,286.5,6376200
2022-12-21,Netflix: Kathryn Bigelow’s ‘A House of Dynamite’ Tops Weekly Streaming Through Oct. 26,positive,289.989990234375,297.9599914550781,300.6600036621094,286.5,6376200
2022-12-21,Spanish Thriller 'City of Shadows' Comes to Netflix December 2026,positive,289.989990234375,297.9599914550781,300.6600036621094,286.5,6376200
2022-12-21,Netflix Reportedly Producing ‘Crash Bandicoot’ Animated Series,neutral,289.989990234375,297.9599914550781,300.6600036621094,286.5,6376200
2022-12-21,Netflix Confirms ‘ONE PIECE: Into the Grand Line’ Release Date with First Look at Drum Island,positive,289.989990234375,297.9599914550781,300.6600036621094,286.5,6376200
2022-12-21,'One Piece' Season 2 gets premiere date on Netflix,neutral,289.989990234375,297.9599914550781,300.6600036621094,286.5,6376200
2022-12-21,'One Piece' Season 2 gets premiere date on Netflix,neutral,289.989990234375,297.9599914550781,300.6600036621094,286.5,6376200
2022-12-21,Opinion | I Spoil Netflix’s Nuclear War Movie,negative,289.989990234375,297.9599914550781,300.6600036621094,286.5,6376200
2022-12-21,Netflix’s “One Piece” Returning For Second Season In March,neutral,289.989990234375,297.9599914550781,300.6600036621094,286.5,6376200
2022-12-21,Netflix Explores Floyd Mayweather vs. Manny Pacquiao Rematch,neutral,289.989990234375,297.9599914550781,300.6600036621094,286.5,6376200
2022-12-22,5 Movies to Watch Before They Leave Netflix,negative,298.0899963378906,297.75,298.8800048828125,290.80999755859375,7856200
2022-12-22,Netflix: Kathryn Bigelow’s ‘A House of Dynamite’ Tops Weekly Streaming Through Oct. 26,positive,298.0899963378906,297.75,298.8800048828125,290.80999755859375,7856200
2022-12-22,Spanish Thriller 'City of Shadows' Comes to Netflix December 2026,positive,298.0899963378906,297.75,298.8800048828125,290.80999755859375,7856200
2022-12-22,Netflix Reportedly Producing ‘Crash Bandicoot’ Animated Series,neutral,298.0899963378906,297.75,298.8800048828125,290.80999755859375,7856200
2022-12-22,Netflix Confirms ‘ONE PIECE: Into the Grand Line’ Release Date with First Look at Drum Island,positive,298.0899963378906,297.75,298.8800048828125,290.80999755859375,7856200
2022-12-22,'One Piece' Season 2 gets premiere date on Netflix,neutral,298.0899963378906,297.75,298.8800048828125,290.80999755859375,7856200
2022-12-22,'One Piece' Season 2 gets premiere date on Netflix,neutral,298.0899963378906,297.75,298.8800048828125,290.80999755859375,7856200
2022-12-22,Opinion | I Spoil Netflix’s Nuclear War Movie,negative,298.0899963378906,297.75,298.8800048828125,290.80999755859375,7856200
2022-12-22,Netflix’s “One Piece” Returning For Second Season In March,neutral,298.0899963378906,297.75,298.8800048828125,290.80999755859375,7856200
2022-12-22,Netflix Explores Floyd Mayweather vs. Manny Pacquiao Rematch,neutral,298.0899963378906,297.75,298.8800048828125,290.80999755859375,7856200
2022-12-23,5 Movies to Watch Before They Leave Netflix,negative,296.17999267578125,294.9599914550781,298.4599914550781,291.9100036621094,4251100
2022-12-23,Netflix: Kathryn Bigelow’s ‘A House of Dynamite’ Tops Weekly Streaming Through Oct. 26,positive,296.17999267578125,294.9599914550781,298.4599914550781,291.9100036621094,4251100
2022-12-23,Spanish Thriller 'City of Shadows' Comes to Netflix December 2026,positive,296.17999267578125,294.9599914550781,298.4599914550781,291.9100036621094,4251100
2022-12-23,Netflix Reportedly Producing ‘Crash Bandicoot’ Animated Series,neutral,296.17999267578125,294.9599914550781,298.4599914550781,291.9100036621094,4251100
2022-12-23,Netflix Confirms ‘ONE PIECE: Into the Grand Line’ Release Date with First Look at Drum Island,positive,296.17999267578125,294.9599914550781,298.4599914550781,291.9100036621094,4251100
2022-12-23,'One Piece' Season 2 gets premiere date on Netflix,neutral,296.17999267578125,294.9599914550781,298.4599914550781,291.9100036621094,4251100
2022-12-23,'One Piece' Season 2 gets premiere date on Netflix,neutral,296.17999267578125,294.9599914550781,298.4599914550781,291.9100036621094,4251100
2022-12-23,Opinion | I Spoil Netflix’s Nuclear War Movie,negative,296.17999267578125,294.9599914550781,298.4599914550781,291.9100036621094,4251100
2022-12-23,Netflix’s “One Piece” Returning For Second Season In March,neutral,296.17999267578125,294.9599914550781,298.4599914550781,291.9100036621094,4251100
2022-12-23,Netflix Explores Floyd Mayweather vs. Manny Pacquiao Rematch,neutral,296.17999267578125,294.9599914550781,298.4599914550781,291.9100036621094,4251100
2022-12-27,5 Movies to Watch Before They Leave Netflix,negative,293.19000244140625,284.1700134277344,293.57000732421875,282.1300048828125,5778100
2022-12-27,Netflix: Kathryn Bigelow’s ‘A House of Dynamite’ Tops Weekly Streaming Through Oct. 26,positive,293.19000244140625,284.1700134277344,293.57000732421875,282.1300048828125,5778100
2022-12-27,Spanish Thriller 'City of Shadows' Comes to Netflix December 2026,positive,293.19000244140625,284.1700134277344,293.57000732421875,282.1300048828125,5778100
2022-12-27,Netflix Reportedly Producing ‘Crash Bandicoot’ Animated Series,neutral,293.19000244140625,284.1700134277344,293.57000732421875,282.1300048828125,5778100
2022-12-27,Netflix Confirms ‘ONE PIECE: Into the Grand Line’ Release Date with First Look at Drum Island,positive,293.19000244140625,284.1700134277344,293.57000732421875,282.1300048828125,5778100
2022-12-27,'One Piece' Season 2 gets premiere date on Netflix,neutral,293.19000244140625,284.1700134277344,293.57000732421875,282.1300048828125,5778100
2022-12-27,'One Piece' Season 2 gets premiere date on Netflix,neutral,293.19000244140625,284.1700134277344,293.57000732421875,282.1300048828125,5778100
2022-12-27,Opinion | I Spoil Netflix’s Nuclear War Movie,negative,293.19000244140625,284.1700134277344,293.57000732421875,282.1300048828125,5778100
2022-12-27,Netflix’s “One Piece” Returning For Second Season In March,neutral,293.19000244140625,284.1700134277344,293.57000732421875,282.1300048828125,5778100
2022-12-27,Netflix Explores Floyd Mayweather vs. Manny Pacquiao Rematch,neutral,293.19000244140625,284.1700134277344,293.57000732421875,282.1300048828125,5778100
2022-12-28,5 Movies to Watch Before They Leave Netflix,negative,281.9200134277344,276.8800048828125,285.19000244140625,273.4100036621094,5964400
2022-12-28,Netflix: Kathryn Bigelow’s ‘A House of Dynamite’ Tops Weekly Streaming Through Oct. 26,positive,281.9200134277344,276.8800048828125,285.19000244140625,273.4100036621094,5964400
2022-12-28,Spanish Thriller 'City of Shadows' Comes to Netflix December 2026,positive,281.9200134277344,276.8800048828125,285.19000244140625,273.4100036621094,5964400
2022-12-28,Netflix Reportedly Producing ‘Crash Bandicoot’ Animated Series,neutral,281.9200134277344,276.8800048828125,285.19000244140625,273.4100036621094,5964400
2022-12-28,Netflix Confirms ‘ONE PIECE: Into the Grand Line’ Release Date with First Look at Drum Island,positive,281.9200134277344,276.8800048828125,285.19000244140625,273.4100036621094,5964400
2022-12-28,'One Piece' Season 2 gets premiere date on Netflix,neutral,281.9200134277344,276.8800048828125,285.19000244140625,273.4100036621094,5964400
2022-12-28,'One Piece' Season 2 gets premiere date on Netflix,neutral,281.9200134277344,276.8800048828125,285.19000244140625,273.4100036621094,5964400
2022-12-28,Opinion | I Spoil Netflix’s Nuclear War Movie,negative,281.9200134277344,276.8800048828125,285.19000244140625,273.4100036621094,5964400
2022-12-28,Netflix’s “One Piece” Returning For Second Season In March,neutral,281.9200134277344,276.8800048828125,285.19000244140625,273.4100036621094,5964400
2022-12-28,Netflix Explores Floyd Mayweather vs. Manny Pacquiao Rematch,neutral,281.9200134277344,276.8800048828125,285.19000244140625,273.4100036621094,5964400
2022-12-29,5 Movies to Watch Before They Leave Netflix,negative,283.17999267578125,291.1199951171875,295.5,281.010009765625,9588500
2022-12-29,Netflix: Kathryn Bigelow’s ‘A House of Dynamite’ Tops Weekly Streaming Through Oct. 26,positive,283.17999267578125,291.1199951171875,295.5,281.010009765625,9588500
2022-12-29,Spanish Thriller 'City of Shadows' Comes to Netflix December 2026,positive,283.17999267578125,291.1199951171875,295.5,281.010009765625,9588500
2022-12-29,Netflix Reportedly Producing ‘Crash Bandicoot’ Animated Series,neutral,283.17999267578125,291.1199951171875,295.5,281.010009765625,9588500
2022-12-29,Netflix Confirms ‘ONE PIECE: Into the Grand Line’ Release Date with First Look at Drum Island,positive,283.17999267578125,291.1199951171875,295.5,281.010009765625,9588500
2022-12-29,'One Piece' Season 2 gets premiere date on Netflix,neutral,283.17999267578125,291.1199951171875,295.5,281.010009765625,9588500
2022-12-29,'One Piece' Season 2 gets premiere date on Netflix,neutral,283.17999267578125,291.1199951171875,295.5,281.010009765625,9588500
2022-12-29,Opinion | I Spoil Netflix’s Nuclear War Movie,negative,283.17999267578125,291.1199951171875,295.5,281.010009765625,9588500
2022-12-29,Netflix’s “One Piece” Returning For Second Season In March,neutral,283.17999267578125,291.1199951171875,295.5,281.010009765625,9588500
2022-12-29,Netflix Explores Floyd Mayweather vs. Manny Pacquiao Rematch,neutral,283.17999267578125,291.1199951171875,295.5,281.010009765625,9588500
2022-12-30,New on Netflix in November 2025 — here are the 5 best new shows and movies to stream,positive,285.5299987792969,294.8800048828125,295.010009765625,283.2200012207031,7566900
2022-12-30,Netflix reaches settlement with ex-India legal head in gender bias lawsuit,negative,285.5299987792969,294.8800048828125,295.010009765625,283.2200012207031,7566900
2022-12-30,When One Piece Season 2 Arrives on Netflix: Release Date Revealed,neutral,285.5299987792969,294.8800048828125,295.010009765625,283.2200012207031,7566900
2022-12-30,"#SHOWBIZ: 'BoBoiBoy' No.1 on Netflix Malaysia, Indonesia, Singapore, Vietnam",neutral,285.5299987792969,294.8800048828125,295.010009765625,283.2200012207031,7566900
2022-12-30,Netflix Starts Real-Time Voting For Live Shows - And Other Content 10/28/2025,neutral,285.5299987792969,294.8800048828125,295.010009765625,283.2200012207031,7566900
2022-12-30,"Netflix CTO confirms vertical video experiments ahead, says 'not competing with TikTok'",neutral,285.5299987792969,294.8800048828125,295.010009765625,283.2200012207031,7566900
2022-12-30,Netflix’s ‘Boots’ Climbs Charts with Gritty Gay Marine Story,neutral,285.5299987792969,294.8800048828125,295.010009765625,283.2200012207031,7566900
2022-12-30,Netflix Negotiates Theatrical Release for Brad Pitt Sequel Film,neutral,285.5299987792969,294.8800048828125,295.010009765625,283.2200012207031,7566900
2022-12-30,"Netflix Real-Time Voting Brings Interactions to Live Shows, Starting with 'Star Search' Revival",neutral,285.5299987792969,294.8800048828125,295.010009765625,283.2200012207031,7566900
2022-12-30,Idli Kadai Movie Now Streaming in Netflix,neutral,285.5299987792969,294.8800048828125,295.010009765625,283.2200012207031,7566900
2023-01-03,New on Netflix in November 2025 — here are the 5 best new shows and movies to stream,positive,298.05999755859375,294.95001220703125,298.3900146484375,288.70001220703125,6764000
2023-01-03,Netflix reaches settlement with ex-India legal head in gender bias lawsuit,negative,298.05999755859375,294.95001220703125,298.3900146484375,288.70001220703125,6764000
2023-01-03,When One Piece Season 2 Arrives on Netflix: Release Date Revealed,neutral,298.05999755859375,294.95001220703125,298.3900146484375,288.70001220703125,6764000
2023-01-03,"#SHOWBIZ: 'BoBoiBoy' No.1 on Netflix Malaysia, Indonesia, Singapore, Vietnam",neutral,298.05999755859375,294.95001220703125,298.3900146484375,288.70001220703125,6764000
2023-01-03,Netflix Starts Real-Time Voting For Live Shows - And Other Content 10/28/2025,neutral,298.05999755859375,294.95001220703125,298.3900146484375,288.70001220703125,6764000
2023-01-03,"Netflix CTO confirms vertical video experiments ahead, says 'not competing with TikTok'",neutral,298.05999755859375,294.95001220703125,298.3900146484375,288.70001220703125,6764000
2023-01-03,Netflix’s ‘Boots’ Climbs Charts with Gritty Gay Marine Story,neutral,298.05999755859375,294.95001220703125,298.3900146484375,288.70001220703125,6764000
2023-01-03,Netflix Negotiates Theatrical Release for Brad Pitt Sequel Film,neutral,298.05999755859375,294.95001220703125,298.3900146484375,288.70001220703125,6764000
2023-01-03,"Netflix Real-Time Voting Brings Interactions to Live Shows, Starting with 'Star Search' Revival",neutral,298.05999755859375,294.95001220703125,298.3900146484375,288.70001220703125,6764000
2023-01-03,Idli Kadai Movie Now Streaming in Netflix,neutral,298.05999755859375,294.95001220703125,298.3900146484375,288.70001220703125,6764000
2023-01-04,New on Netflix in November 2025 — here are the 5 best new shows and movies to stream,positive,298.239990234375,309.4100036621094,311.1400146484375,295.510009765625,9345100
2023-01-04,Netflix reaches settlement with ex-India legal head in gender bias lawsuit,negative,298.239990234375,309.4100036621094,311.1400146484375,295.510009765625,9345100
2023-01-04,When One Piece Season 2 Arrives on Netflix: Release Date Revealed,neutral,298.239990234375,309.4100036621094,311.1400146484375,295.510009765625,9345100
2023-01-04,"#SHOWBIZ: 'BoBoiBoy' No.1 on Netflix Malaysia, Indonesia, Singapore, Vietnam",neutral,298.239990234375,309.4100036621094,311.1400146484375,295.510009765625,9345100
2023-01-04,Netflix Starts Real-Time Voting For Live Shows - And Other Content 10/28/2025,neutral,298.239990234375,309.4100036621094,311.1400146484375,295.510009765625,9345100
2023-01-04,"Netflix CTO confirms vertical video experiments ahead, says 'not competing with TikTok'",neutral,298.239990234375,309.4100036621094,311.1400146484375,295.510009765625,9345100
2023-01-04,Netflix’s ‘Boots’ Climbs Charts with Gritty Gay Marine Story,neutral,298.239990234375,309.4100036621094,311.1400146484375,295.510009765625,9345100
2023-01-04,Netflix Negotiates Theatrical Release for Brad Pitt Sequel Film,neutral,298.239990234375,309.4100036621094,311.1400146484375,295.510009765625,9345100
2023-01-04,"Netflix Real-Time Voting Brings Interactions to Live Shows, Starting with 'Star Search' Revival",neutral,298.239990234375,309.4100036621094,311.1400146484375,295.510009765625,9345100
2023-01-04,Idli Kadai Movie Now Streaming in Netflix,neutral,298.239990234375,309.4100036621094,311.1400146484375,295.510009765625,9345100
2023-01-05,New on Netflix in November 2025 — here are the 5 best new shows and movies to stream,positive,307.0,309.70001220703125,314.17999267578125,304.54998779296875,8328400
2023-01-05,Netflix reaches settlement with ex-India legal head in gender bias lawsuit,negative,307.0,309.70001220703125,314.17999267578125,304.54998779296875,8328400
2023-01-05,When One Piece Season 2 Arrives on Netflix: Release Date Revealed,neutral,307.0,309.70001220703125,314.17999267578125,304.54998779296875,8328400
2023-01-05,"#SHOWBIZ: 'BoBoiBoy' No.1 on Netflix Malaysia, Indonesia, Singapore, Vietnam",neutral,307.0,309.70001220703125,314.17999267578125,304.54998779296875,8328400
2023-01-05,Netflix Starts Real-Time Voting For Live Shows - And Other Content 10/28/2025,neutral,307.0,309.70001220703125,314.17999267578125,304.54998779296875,8328400
2023-01-05,"Netflix CTO confirms vertical video experiments ahead, says 'not competing with TikTok'",neutral,307.0,309.70001220703125,314.17999267578125,304.54998779296875,8328400
2023-01-05,Netflix’s ‘Boots’ Climbs Charts with Gritty Gay Marine Story,neutral,307.0,309.70001220703125,314.17999267578125,304.54998779296875,8328400
2023-01-05,Netflix Negotiates Theatrical Release for Brad Pitt Sequel Film,neutral,307.0,309.70001220703125,314.17999267578125,304.54998779296875,8328400
2023-01-05,"Netflix Real-Time Voting Brings Interactions to Live Shows, Starting with 'Star Search' Revival",neutral,307.0,309.70001220703125,314.17999267578125,304.54998779296875,8328400
2023-01-05,Idli Kadai Movie Now Streaming in Netflix,neutral,307.0,309.70001220703125,314.17999267578125,304.54998779296875,8328400
2023-01-06,New on Netflix in November 2025 — here are the 5 best new shows and movies to stream,positive,311.57000732421875,315.54998779296875,316.7699890136719,303.69000244140625,8959800
2023-01-06,Netflix reaches settlement with ex-India legal head in gender bias lawsuit,negative,311.57000732421875,315.54998779296875,316.7699890136719,303.69000244140625,8959800
2023-01-06,When One Piece Season 2 Arrives on Netflix: Release Date Revealed,neutral,311.57000732421875,315.54998779296875,316.7699890136719,303.69000244140625,8959800
2023-01-06,"#SHOWBIZ: 'BoBoiBoy' No.1 on Netflix Malaysia, Indonesia, Singapore, Vietnam",neutral,311.57000732421875,315.54998779296875,316.7699890136719,303.69000244140625,8959800
2023-01-06,Netflix Starts Real-Time Voting For Live Shows - And Other Content 10/28/2025,neutral,311.57000732421875,315.54998779296875,316.7699890136719,303.69000244140625,8959800
2023-01-06,"Netflix CTO confirms vertical video experiments ahead, says 'not competing with TikTok'",neutral,311.57000732421875,315.54998779296875,316.7699890136719,303.69000244140625,8959800
2023-01-06,Netflix’s ‘Boots’ Climbs Charts with Gritty Gay Marine Story,neutral,311.57000732421875,315.54998779296875,316.7699890136719,303.69000244140625,8959800
2023-01-06,Netflix Negotiates Theatrical Release for Brad Pitt Sequel Film,neutral,311.57000732421875,315.54998779296875,316.7699890136719,303.69000244140625,8959800
2023-01-06,"Netflix Real-Time Voting Brings Interactions to Live Shows, Starting with 'Star Search' Revival",neutral,311.57000732421875,315.54998779296875,316.7699890136719,303.69000244140625,8959800
2023-01-06,Idli Kadai Movie Now Streaming in Netflix,neutral,311.57000732421875,315.54998779296875,316.7699890136719,303.69000244140625,8959800
2023-01-09,New on Netflix in November 2025 — here are the 5 best new shows and movies to stream,positive,316.8299865722656,315.1700134277344,321.70001220703125,313.2200012207031,6766600
2023-01-09,Netflix reaches settlement with ex-India legal head in gender bias lawsuit,negative,316.8299865722656,315.1700134277344,321.70001220703125,313.2200012207031,6766600
2023-01-09,When One Piece Season 2 Arrives on Netflix: Release Date Revealed,neutral,316.8299865722656,315.1700134277344,321.70001220703125,313.2200012207031,6766600
2023-01-09,"#SHOWBIZ: 'BoBoiBoy' No.1 on Netflix Malaysia, Indonesia, Singapore, Vietnam",neutral,316.8299865722656,315.1700134277344,321.70001220703125,313.2200012207031,6766600
2023-01-09,Netflix Starts Real-Time Voting For Live Shows - And Other Content 10/28/2025,neutral,316.8299865722656,315.1700134277344,321.70001220703125,313.2200012207031,6766600
2023-01-09,"Netflix CTO confirms vertical video experiments ahead, says 'not competing with TikTok'",neutral,316.8299865722656,315.1700134277344,321.70001220703125,313.2200012207031,6766600
2023-01-09,Netflix’s ‘Boots’ Climbs Charts with Gritty Gay Marine Story,neutral,316.8299865722656,315.1700134277344,321.70001220703125,313.2200012207031,6766600
2023-01-09,Netflix Negotiates Theatrical Release for Brad Pitt Sequel Film,neutral,316.8299865722656,315.1700134277344,321.70001220703125,313.2200012207031,6766600
2023-01-09,"Netflix Real-Time Voting Brings Interactions to Live Shows, Starting with 'Star Search' Revival",neutral,316.8299865722656,315.1700134277344,321.70001220703125,313.2200012207031,6766600
2023-01-09,Idli Kadai Movie Now Streaming in Netflix,neutral,316.8299865722656,315.1700134277344,321.70001220703125,313.2200012207031,6766600
2023-01-10,New on Netflix in November 2025 — here are the 5 best new shows and movies to stream,positive,311.07000732421875,327.5400085449219,329.3500061035156,311.07000732421875,13072300
2023-01-10,Netflix reaches settlement with ex-India legal head in gender bias lawsuit,negative,311.07000732421875,327.5400085449219,329.3500061035156,311.07000732421875,13072300
2023-01-10,When One Piece Season 2 Arrives on Netflix: Release Date Revealed,neutral,311.07000732421875,327.5400085449219,329.3500061035156,311.07000732421875,13072300
2023-01-10,"#SHOWBIZ: 'BoBoiBoy' No.1 on Netflix Malaysia, Indonesia, Singapore, Vietnam",neutral,311.07000732421875,327.5400085449219,329.3500061035156,311.07000732421875,13072300
2023-01-10,Netflix Starts Real-Time Voting For Live Shows - And Other Content 10/28/2025,neutral,311.07000732421875,327.5400085449219,329.3500061035156,311.07000732421875,13072300
2023-01-10,"Netflix CTO confirms vertical video experiments ahead, says 'not competing with TikTok'",neutral,311.07000732421875,327.5400085449219,329.3500061035156,311.07000732421875,13072300
2023-01-10,Netflix’s ‘Boots’ Climbs Charts with Gritty Gay Marine Story,neutral,311.07000732421875,327.5400085449219,329.3500061035156,311.07000732421875,13072300
2023-01-10,Netflix Negotiates Theatrical Release for Brad Pitt Sequel Film,neutral,311.07000732421875,327.5400085449219,329.3500061035156,311.07000732421875,13072300
2023-01-10,"Netflix Real-Time Voting Brings Interactions to Live Shows, Starting with 'Star Search' Revival",neutral,311.07000732421875,327.5400085449219,329.3500061035156,311.07000732421875,13072300
2023-01-10,Idli Kadai Movie Now Streaming in Netflix,neutral,311.07000732421875,327.5400085449219,329.3500061035156,311.07000732421875,13072300
2023-01-11,New on Netflix in November 2025 — here are the 5 best new shows and movies to stream,positive,326.5,327.260009765625,328.8800048828125,321.3500061035156,9579700
2023-01-11,Netflix reaches settlement with ex-India legal head in gender bias lawsuit,negative,326.5,327.260009765625,328.8800048828125,321.3500061035156,9579700
2023-01-11,When One Piece Season 2 Arrives on Netflix: Release Date Revealed,neutral,326.5,327.260009765625,328.8800048828125,321.3500061035156,9579700
2023-01-11,"#SHOWBIZ: 'BoBoiBoy' No.1 on Netflix Malaysia, Indonesia, Singapore, Vietnam",neutral,326.5,327.260009765625,328.8800048828125,321.3500061035156,9579700
2023-01-11,Netflix Starts Real-Time Voting For Live Shows - And Other Content 10/28/2025,neutral,326.5,327.260009765625,328.8800048828125,321.3500061035156,9579700
2023-01-11,"Netflix CTO confirms vertical video experiments ahead, says 'not competing with TikTok'",neutral,326.5,327.260009765625,328.8800048828125,321.3500061035156,9579700
2023-01-11,Netflix’s ‘Boots’ Climbs Charts with Gritty Gay Marine Story,neutral,326.5,327.260009765625,328.8800048828125,321.3500061035156,9579700
2023-01-11,Netflix Negotiates Theatrical Release for Brad Pitt Sequel Film,neutral,326.5,327.260009765625,328.8800048828125,321.3500061035156,9579700
2023-01-11,"Netflix Real-Time Voting Brings Interactions to Live Shows, Starting with 'Star Search' Revival",neutral,326.5,327.260009765625,328.8800048828125,321.3500061035156,9579700
2023-01-11,Idli Kadai Movie Now Streaming in Netflix,neutral,326.5,327.260009765625,328.8800048828125,321.3500061035156,9579700
2023-01-12,New on Netflix in November 2025 — here are the 5 best new shows and movies to stream,positive,332.5,330.1300048828125,332.95001220703125,323.1400146484375,10856200
2023-01-12,Netflix reaches settlement with ex-India legal head in gender bias lawsuit,negative,332.5,330.1300048828125,332.95001220703125,323.1400146484375,10856200
2023-01-12,When One Piece Season 2 Arrives on Netflix: Release Date Revealed,neutral,332.5,330.1300048828125,332.95001220703125,323.1400146484375,10856200
2023-01-12,"#SHOWBIZ: 'BoBoiBoy' No.1 on Netflix Malaysia, Indonesia, Singapore, Vietnam",neutral,332.5,330.1300048828125,332.95001220703125,323.1400146484375,10856200
2023-01-12,Netflix Starts Real-Time Voting For Live Shows - And Other Content 10/28/2025,neutral,332.5,330.1300048828125,332.95001220703125,323.1400146484375,10856200
2023-01-12,"Netflix CTO confirms vertical video experiments ahead, says 'not competing with TikTok'",neutral,332.5,330.1300048828125,332.95001220703125,323.1400146484375,10856200
2023-01-12,Netflix’s ‘Boots’ Climbs Charts with Gritty Gay Marine Story,neutral,332.5,330.1300048828125,332.95001220703125,323.1400146484375,10856200
2023-01-12,Netflix Negotiates Theatrical Release for Brad Pitt Sequel Film,neutral,332.5,330.1300048828125,332.95001220703125,323.1400146484375,10856200
2023-01-12,"Netflix Real-Time Voting Brings Interactions to Live Shows, Starting with 'Star Search' Revival",neutral,332.5,330.1300048828125,332.95001220703125,323.1400146484375,10856200
2023-01-12,Idli Kadai Movie Now Streaming in Netflix,neutral,332.5,330.1300048828125,332.95001220703125,323.1400146484375,10856200
2023-01-13,New on Netflix in November 2025 — here are the 5 best new shows and movies to stream,positive,329.9700012207031,332.82000732421875,336.6499938964844,328.8900146484375,8286800
2023-01-13,Netflix reaches settlement with ex-India legal head in gender bias lawsuit,negative,329.9700012207031,332.82000732421875,336.6499938964844,328.8900146484375,8286800
2023-01-13,When One Piece Season 2 Arrives on Netflix: Release Date Revealed,neutral,329.9700012207031,332.82000732421875,336.6499938964844,328.8900146484375,8286800
2023-01-13,"#SHOWBIZ: 'BoBoiBoy' No.1 on Netflix Malaysia, Indonesia, Singapore, Vietnam",neutral,329.9700012207031,332.82000732421875,336.6499938964844,328.8900146484375,8286800
2023-01-13,Netflix Starts Real-Time Voting For Live Shows - And Other Content 10/28/2025,neutral,329.9700012207031,332.82000732421875,336.6499938964844,328.8900146484375,8286800
2023-01-13,"Netflix CTO confirms vertical video experiments ahead, says 'not competing with TikTok'",neutral,329.9700012207031,332.82000732421875,336.6499938964844,328.8900146484375,8286800
2023-01-13,Netflix’s ‘Boots’ Climbs Charts with Gritty Gay Marine Story,neutral,329.9700012207031,332.82000732421875,336.6499938964844,328.8900146484375,8286800
2023-01-13,Netflix Negotiates Theatrical Release for Brad Pitt Sequel Film,neutral,329.9700012207031,332.82000732421875,336.6499938964844,328.8900146484375,8286800
2023-01-13,"Netflix Real-Time Voting Brings Interactions to Live Shows, Starting with 'Star Search' Revival",neutral,329.9700012207031,332.82000732421875,336.6499938964844,328.8900146484375,8286800
2023-01-13,Idli Kadai Movie Now Streaming in Netflix,neutral,329.9700012207031,332.82000732421875,336.6499938964844,328.8900146484375,8286800
2023-01-17,New on Netflix in November 2025 — here are the 5 best new shows and movies to stream,positive,331.0799865722656,326.2200012207031,332.5,323.6000061035156,9247000
2023-01-17,Netflix reaches settlement with ex-India legal head in gender bias lawsuit,negative,331.0799865722656,326.2200012207031,332.5,323.6000061035156,9247000
2023-01-17,When One Piece Season 2 Arrives on Netflix: Release Date Revealed,neutral,331.0799865722656,326.2200012207031,332.5,323.6000061035156,9247000
2023-01-17,"#SHOWBIZ: 'BoBoiBoy' No.1 on Netflix Malaysia, Indonesia, Singapore, Vietnam",neutral,331.0799865722656,326.2200012207031,332.5,323.6000061035156,9247000
2023-01-17,Netflix Starts Real-Time Voting For Live Shows - And Other Content 10/28/2025,neutral,331.0799865722656,326.2200012207031,332.5,323.6000061035156,9247000
2023-01-17,"Netflix CTO confirms vertical video experiments ahead, says 'not competing with TikTok'",neutral,331.0799865722656,326.2200012207031,332.5,323.6000061035156,9247000
2023-01-17,Netflix’s ‘Boots’ Climbs Charts with Gritty Gay Marine Story,neutral,331.0799865722656,326.2200012207031,332.5,323.6000061035156,9247000
2023-01-17,Netflix Negotiates Theatrical Release for Brad Pitt Sequel Film,neutral,331.0799865722656,326.2200012207031,332.5,323.6000061035156,9247000
2023-01-17,"Netflix Real-Time Voting Brings Interactions to Live Shows, Starting with 'Star Search' Revival",neutral,331.0799865722656,326.2200012207031,332.5,323.6000061035156,9247000
2023-01-17,Idli Kadai Movie Now Streaming in Netflix,neutral,331.0799865722656,326.2200012207031,332.5,323.6000061035156,9247000
2023-01-18,See Stranger Things Season 5 before anyone else on Netflix — here's how,neutral,326.75,326.3299865722656,330.0799865722656,321.25,7814100
2023-01-18,New on Netflix in November 2025 — here are the 5 best new shows and movies to stream,positive,326.75,326.3299865722656,330.0799865722656,321.25,7814100
2023-01-18,Netflix reaches settlement with ex-India legal head in gender bias lawsuit,negative,326.75,326.3299865722656,330.0799865722656,321.25,7814100
2023-01-18,When One Piece Season 2 Arrives on Netflix: Release Date Revealed,neutral,326.75,326.3299865722656,330.0799865722656,321.25,7814100
2023-01-18,"#SHOWBIZ: 'BoBoiBoy' No.1 on Netflix Malaysia, Indonesia, Singapore, Vietnam",neutral,326.75,326.3299865722656,330.0799865722656,321.25,7814100
2023-01-18,Netflix Starts Real-Time Voting For Live Shows - And Other Content 10/28/2025,neutral,326.75,326.3299865722656,330.0799865722656,321.25,7814100
2023-01-18,"Netflix CTO confirms vertical video experiments ahead, says 'not competing with TikTok'",neutral,326.75,326.3299865722656,330.0799865722656,321.25,7814100
2023-01-18,Netflix’s ‘Boots’ Climbs Charts with Gritty Gay Marine Story,neutral,326.75,326.3299865722656,330.0799865722656,321.25,7814100
2023-01-18,Netflix Negotiates Theatrical Release for Brad Pitt Sequel Film,neutral,326.75,326.3299865722656,330.0799865722656,321.25,7814100
2023-01-18,"Netflix Real-Time Voting Brings Interactions to Live Shows, Starting with 'Star Search' Revival",neutral,326.75,326.3299865722656,330.0799865722656,321.25,7814100
2023-01-19,See Stranger Things Season 5 before anyone else on Netflix — here's how,neutral,322.57000732421875,315.7799987792969,324.8900146484375,313.3900146484375,18008200
2023-01-19,New on Netflix in November 2025 — here are the 5 best new shows and movies to stream,positive,322.57000732421875,315.7799987792969,324.8900146484375,313.3900146484375,18008200
2023-01-19,Netflix reaches settlement with ex-India legal head in gender bias lawsuit,negative,322.57000732421875,315.7799987792969,324.8900146484375,313.3900146484375,18008200
2023-01-19,When One Piece Season 2 Arrives on Netflix: Release Date Revealed,neutral,322.57000732421875,315.7799987792969,324.8900146484375,313.3900146484375,18008200
2023-01-19,"#SHOWBIZ: 'BoBoiBoy' No.1 on Netflix Malaysia, Indonesia, Singapore, Vietnam",neutral,322.57000732421875,315.7799987792969,324.8900146484375,313.3900146484375,18008200
2023-01-19,Netflix Starts Real-Time Voting For Live Shows - And Other Content 10/28/2025,neutral,322.57000732421875,315.7799987792969,324.8900146484375,313.3900146484375,18008200
2023-01-19,"Netflix CTO confirms vertical video experiments ahead, says 'not competing with TikTok'",neutral,322.57000732421875,315.7799987792969,324.8900146484375,313.3900146484375,18008200
2023-01-19,Netflix’s ‘Boots’ Climbs Charts with Gritty Gay Marine Story,neutral,322.57000732421875,315.7799987792969,324.8900146484375,313.3900146484375,18008200
2023-01-19,Netflix Negotiates Theatrical Release for Brad Pitt Sequel Film,neutral,322.57000732421875,315.7799987792969,324.8900146484375,313.3900146484375,18008200
2023-01-19,"Netflix Real-Time Voting Brings Interactions to Live Shows, Starting with 'Star Search' Revival",neutral,322.57000732421875,315.7799987792969,324.8900146484375,313.3900146484375,18008200
2023-01-20,See Stranger Things Season 5 before anyone else on Netflix — here's how,neutral,336.7900085449219,342.5,344.0,332.6300048828125,28430300
2023-01-20,New on Netflix in November 2025 — here are the 5 best new shows and movies to stream,positive,336.7900085449219,342.5,344.0,332.6300048828125,28430300
2023-01-20,Netflix reaches settlement with ex-India legal head in gender bias lawsuit,negative,336.7900085449219,342.5,344.0,332.6300048828125,28430300
2023-01-20,When One Piece Season 2 Arrives on Netflix: Release Date Revealed,neutral,336.7900085449219,342.5,344.0,332.6300048828125,28430300
2023-01-20,"#SHOWBIZ: 'BoBoiBoy' No.1 on Netflix Malaysia, Indonesia, Singapore, Vietnam",neutral,336.7900085449219,342.5,344.0,332.6300048828125,28430300
2023-01-20,Netflix Starts Real-Time Voting For Live Shows - And Other Content 10/28/2025,neutral,336.7900085449219,342.5,344.0,332.6300048828125,28430300
2023-01-20,"Netflix CTO confirms vertical video experiments ahead, says 'not competing with TikTok'",neutral,336.7900085449219,342.5,344.0,332.6300048828125,28430300
2023-01-20,Netflix’s ‘Boots’ Climbs Charts with Gritty Gay Marine Story,neutral,336.7900085449219,342.5,344.0,332.6300048828125,28430300
2023-01-20,Netflix Negotiates Theatrical Release for Brad Pitt Sequel Film,neutral,336.7900085449219,342.5,344.0,332.6300048828125,28430300
2023-01-20,"Netflix Real-Time Voting Brings Interactions to Live Shows, Starting with 'Star Search' Revival",neutral,336.7900085449219,342.5,344.0,332.6300048828125,28430300
2023-01-23,See Stranger Things Season 5 before anyone else on Netflix — here's how,neutral,341.7200012207031,357.4200134277344,362.25,340.6300048828125,15646900
2023-01-23,New on Netflix in November 2025 — here are the 5 best new shows and movies to stream,positive,341.7200012207031,357.4200134277344,362.25,340.6300048828125,15646900
2023-01-23,Netflix reaches settlement with ex-India legal head in gender bias lawsuit,negative,341.7200012207031,357.4200134277344,362.25,340.6300048828125,15646900
2023-01-23,When One Piece Season 2 Arrives on Netflix: Release Date Revealed,neutral,341.7200012207031,357.4200134277344,362.25,340.6300048828125,15646900
2023-01-23,"#SHOWBIZ: 'BoBoiBoy' No.1 on Netflix Malaysia, Indonesia, Singapore, Vietnam",neutral,341.7200012207031,357.4200134277344,362.25,340.6300048828125,15646900
2023-01-23,Netflix Starts Real-Time Voting For Live Shows - And Other Content 10/28/2025,neutral,341.7200012207031,357.4200134277344,362.25,340.6300048828125,15646900
2023-01-23,"Netflix CTO confirms vertical video experiments ahead, says 'not competing with TikTok'",neutral,341.7200012207031,357.4200134277344,362.25,340.6300048828125,15646900
2023-01-23,Netflix’s ‘Boots’ Climbs Charts with Gritty Gay Marine Story,neutral,341.7200012207031,357.4200134277344,362.25,340.6300048828125,15646900
2023-01-23,Netflix Negotiates Theatrical Release for Brad Pitt Sequel Film,neutral,341.7200012207031,357.4200134277344,362.25,340.6300048828125,15646900
2023-01-23,"Netflix Real-Time Voting Brings Interactions to Live Shows, Starting with 'Star Search' Revival",neutral,341.7200012207031,357.4200134277344,362.25,340.6300048828125,15646900
2023-01-24,New on Netflix in November 2025 — here are the 5 best new shows and movies to stream,positive,357.5299987792969,363.8299865722656,365.6499938964844,355.1400146484375,11796500
2023-01-24,Netflix reaches settlement with ex-India legal head in gender bias lawsuit,negative,357.5299987792969,363.8299865722656,365.6499938964844,355.1400146484375,11796500
2023-01-24,When One Piece Season 2 Arrives on Netflix: Release Date Revealed,neutral,357.5299987792969,363.8299865722656,365.6499938964844,355.1400146484375,11796500
2023-01-24,"#SHOWBIZ: 'BoBoiBoy' No.1 on Netflix Malaysia, Indonesia, Singapore, Vietnam",neutral,357.5299987792969,363.8299865722656,365.6499938964844,355.1400146484375,11796500
2023-01-24,Netflix Starts Real-Time Voting For Live Shows - And Other Content 10/28/2025,neutral,357.5299987792969,363.8299865722656,365.6499938964844,355.1400146484375,11796500
2023-01-24,"Netflix CTO confirms vertical video experiments ahead, says 'not competing with TikTok'",neutral,357.5299987792969,363.8299865722656,365.6499938964844,355.1400146484375,11796500
2023-01-24,Netflix’s ‘Boots’ Climbs Charts with Gritty Gay Marine Story,neutral,357.5299987792969,363.8299865722656,365.6499938964844,355.1400146484375,11796500
2023-01-24,Netflix Negotiates Theatrical Release for Brad Pitt Sequel Film,neutral,357.5299987792969,363.8299865722656,365.6499938964844,355.1400146484375,11796500
2023-01-24,"Netflix Real-Time Voting Brings Interactions to Live Shows, Starting with 'Star Search' Revival",neutral,357.5299987792969,363.8299865722656,365.6499938964844,355.1400146484375,11796500
2023-01-24,Idli Kadai Movie Now Streaming in Netflix,neutral,357.5299987792969,363.8299865722656,365.6499938964844,355.1400146484375,11796500
2023-01-25,New on Netflix in November 2025 — here are the 5 best new shows and movies to stream,positive,360.57000732421875,367.9599914550781,368.8999938964844,358.5,7766900
2023-01-25,Netflix reaches settlement with ex-India legal head in gender bias lawsuit,negative,360.57000732421875,367.9599914550781,368.8999938964844,358.5,7766900
2023-01-25,When One Piece Season 2 Arrives on Netflix: Release Date Revealed,neutral,360.57000732421875,367.9599914550781,368.8999938964844,358.5,7766900
2023-01-25,"#SHOWBIZ: 'BoBoiBoy' No.1 on Netflix Malaysia, Indonesia, Singapore, Vietnam",neutral,360.57000732421875,367.9599914550781,368.8999938964844,358.5,7766900
2023-01-25,Netflix Starts Real-Time Voting For Live Shows - And Other Content 10/28/2025,neutral,360.57000732421875,367.9599914550781,368.8999938964844,358.5,7766900
2023-01-25,"Netflix CTO confirms vertical video experiments ahead, says 'not competing with TikTok'",neutral,360.57000732421875,367.9599914550781,368.8999938964844,358.5,7766900
2023-01-25,Netflix’s ‘Boots’ Climbs Charts with Gritty Gay Marine Story,neutral,360.57000732421875,367.9599914550781,368.8999938964844,358.5,7766900
2023-01-25,Netflix Negotiates Theatrical Release for Brad Pitt Sequel Film,neutral,360.57000732421875,367.9599914550781,368.8999938964844,358.5,7766900
2023-01-25,"Netflix Real-Time Voting Brings Interactions to Live Shows, Starting with 'Star Search' Revival",neutral,360.57000732421875,367.9599914550781,368.8999938964844,358.5,7766900
2023-01-25,Idli Kadai Movie Now Streaming in Netflix,neutral,360.57000732421875,367.9599914550781,368.8999938964844,358.5,7766900
2023-01-26,New on Netflix in November 2025 — here are the 5 best new shows and movies to stream,positive,368.7699890136719,364.8699951171875,369.0199890136719,361.70001220703125,8256800
2023-01-26,Netflix reaches settlement with ex-India legal head in gender bias lawsuit,negative,368.7699890136719,364.8699951171875,369.0199890136719,361.70001220703125,8256800
2023-01-26,When One Piece Season 2 Arrives on Netflix: Release Date Revealed,neutral,368.7699890136719,364.8699951171875,369.0199890136719,361.70001220703125,8256800
2023-01-26,"#SHOWBIZ: 'BoBoiBoy' No.1 on Netflix Malaysia, Indonesia, Singapore, Vietnam",neutral,368.7699890136719,364.8699951171875,369.0199890136719,361.70001220703125,8256800
2023-01-26,Netflix Starts Real-Time Voting For Live Shows - And Other Content 10/28/2025,neutral,368.7699890136719,364.8699951171875,369.0199890136719,361.70001220703125,8256800
2023-01-26,"Netflix CTO confirms vertical video experiments ahead, says 'not competing with TikTok'",neutral,368.7699890136719,364.8699951171875,369.0199890136719,361.70001220703125,8256800
2023-01-26,Netflix’s ‘Boots’ Climbs Charts with Gritty Gay Marine Story,neutral,368.7699890136719,364.8699951171875,369.0199890136719,361.70001220703125,8256800
2023-01-26,Netflix Negotiates Theatrical Release for Brad Pitt Sequel Film,neutral,368.7699890136719,364.8699951171875,369.0199890136719,361.70001220703125,8256800
2023-01-26,"Netflix Real-Time Voting Brings Interactions to Live Shows, Starting with 'Star Search' Revival",neutral,368.7699890136719,364.8699951171875,369.0199890136719,361.70001220703125,8256800
2023-01-26,Idli Kadai Movie Now Streaming in Netflix,neutral,368.7699890136719,364.8699951171875,369.0199890136719,361.70001220703125,8256800
2023-01-27,See Stranger Things Season 5 before anyone else on Netflix — here's how,neutral,363.20001220703125,360.7699890136719,365.9200134277344,360.5899963378906,6703500
2023-01-27,New on Netflix in November 2025 — here are the 5 best new shows and movies to stream,positive,363.20001220703125,360.7699890136719,365.9200134277344,360.5899963378906,6703500
2023-01-27,Netflix reaches settlement with ex-India legal head in gender bias lawsuit,negative,363.20001220703125,360.7699890136719,365.9200134277344,360.5899963378906,6703500
2023-01-27,When One Piece Season 2 Arrives on Netflix: Release Date Revealed,neutral,363.20001220703125,360.7699890136719,365.9200134277344,360.5899963378906,6703500
2023-01-27,"#SHOWBIZ: 'BoBoiBoy' No.1 on Netflix Malaysia, Indonesia, Singapore, Vietnam",neutral,363.20001220703125,360.7699890136719,365.9200134277344,360.5899963378906,6703500
2023-01-27,Netflix Starts Real-Time Voting For Live Shows - And Other Content 10/28/2025,neutral,363.20001220703125,360.7699890136719,365.9200134277344,360.5899963378906,6703500
2023-01-27,"Netflix CTO confirms vertical video experiments ahead, says 'not competing with TikTok'",neutral,363.20001220703125,360.7699890136719,365.9200134277344,360.5899963378906,6703500
2023-01-27,Netflix’s ‘Boots’ Climbs Charts with Gritty Gay Marine Story,neutral,363.20001220703125,360.7699890136719,365.9200134277344,360.5899963378906,6703500
2023-01-27,Netflix Negotiates Theatrical Release for Brad Pitt Sequel Film,neutral,363.20001220703125,360.7699890136719,365.9200134277344,360.5899963378906,6703500
2023-01-27,"Netflix Real-Time Voting Brings Interactions to Live Shows, Starting with 'Star Search' Revival",neutral,363.20001220703125,360.7699890136719,365.9200134277344,360.5899963378906,6703500
2023-01-30,New on Netflix in November 2025 — here are the 5 best new shows and movies to stream,positive,358.44000244140625,353.1099853515625,360.95001220703125,352.8599853515625,5127600
2023-01-30,Netflix reaches settlement with ex-India legal head in gender bias lawsuit,negative,358.44000244140625,353.1099853515625,360.95001220703125,352.8599853515625,5127600
2023-01-30,When One Piece Season 2 Arrives on Netflix: Release Date Revealed,neutral,358.44000244140625,353.1099853515625,360.95001220703125,352.8599853515625,5127600
2023-01-30,"#SHOWBIZ: 'BoBoiBoy' No.1 on Netflix Malaysia, Indonesia, Singapore, Vietnam",neutral,358.44000244140625,353.1099853515625,360.95001220703125,352.8599853515625,5127600
2023-01-30,Netflix Starts Real-Time Voting For Live Shows - And Other Content 10/28/2025,neutral,358.44000244140625,353.1099853515625,360.95001220703125,352.8599853515625,5127600
2023-01-30,"Netflix CTO confirms vertical video experiments ahead, says 'not competing with TikTok'",neutral,358.44000244140625,353.1099853515625,360.95001220703125,352.8599853515625,5127600
2023-01-30,Netflix’s ‘Boots’ Climbs Charts with Gritty Gay Marine Story,neutral,358.44000244140625,353.1099853515625,360.95001220703125,352.8599853515625,5127600
2023-01-30,Netflix Negotiates Theatrical Release for Brad Pitt Sequel Film,neutral,358.44000244140625,353.1099853515625,360.95001220703125,352.8599853515625,5127600
2023-01-30,"Netflix Real-Time Voting Brings Interactions to Live Shows, Starting with 'Star Search' Revival",neutral,358.44000244140625,353.1099853515625,360.95001220703125,352.8599853515625,5127600
2023-01-30,Idli Kadai Movie Now Streaming in Netflix,neutral,358.44000244140625,353.1099853515625,360.95001220703125,352.8599853515625,5127600
2023-01-31,New on Netflix in November 2025 — here are the 5 best new shows and movies to stream,positive,349.9800109863281,353.8599853515625,355.95001220703125,348.7099914550781,5660700
2023-01-31,Netflix reaches settlement with ex-India legal head in gender bias lawsuit,negative,349.9800109863281,353.8599853515625,355.95001220703125,348.7099914550781,5660700
2023-01-31,When One Piece Season 2 Arrives on Netflix: Release Date Revealed,neutral,349.9800109863281,353.8599853515625,355.95001220703125,348.7099914550781,5660700
2023-01-31,"#SHOWBIZ: 'BoBoiBoy' No.1 on Netflix Malaysia, Indonesia, Singapore, Vietnam",neutral,349.9800109863281,353.8599853515625,355.95001220703125,348.7099914550781,5660700
2023-01-31,Netflix Starts Real-Time Voting For Live Shows - And Other Content 10/28/2025,neutral,349.9800109863281,353.8599853515625,355.95001220703125,348.7099914550781,5660700
2023-01-31,"Netflix CTO confirms vertical video experiments ahead, says 'not competing with TikTok'",neutral,349.9800109863281,353.8599853515625,355.95001220703125,348.7099914550781,5660700
2023-01-31,Netflix’s ‘Boots’ Climbs Charts with Gritty Gay Marine Story,neutral,349.9800109863281,353.8599853515625,355.95001220703125,348.7099914550781,5660700
2023-01-31,Netflix Negotiates Theatrical Release for Brad Pitt Sequel Film,neutral,349.9800109863281,353.8599853515625,355.95001220703125,348.7099914550781,5660700
2023-01-31,"Netflix Real-Time Voting Brings Interactions to Live Shows, Starting with 'Star Search' Revival",neutral,349.9800109863281,353.8599853515625,355.95001220703125,348.7099914550781,5660700
2023-01-31,Idli Kadai Movie Now Streaming in Netflix,neutral,349.9800109863281,353.8599853515625,355.95001220703125,348.7099914550781,5660700
2023-02-01,See Stranger Things Season 5 before anyone else on Netflix — here's how,neutral,353.8599853515625,361.989990234375,365.3900146484375,349.9100036621094,8005200
2023-02-01,New on Netflix in November 2025 — here are the 5 best new shows and movies to stream,positive,353.8599853515625,361.989990234375,365.3900146484375,349.9100036621094,8005200
2023-02-01,Netflix reaches settlement with ex-India legal head in gender bias lawsuit,negative,353.8599853515625,361.989990234375,365.3900146484375,349.9100036621094,8005200
2023-02-01,When One Piece Season 2 Arrives on Netflix: Release Date Revealed,neutral,353.8599853515625,361.989990234375,365.3900146484375,349.9100036621094,8005200
2023-02-01,"#SHOWBIZ: 'BoBoiBoy' No.1 on Netflix Malaysia, Indonesia, Singapore, Vietnam",neutral,353.8599853515625,361.989990234375,365.3900146484375,349.9100036621094,8005200
2023-02-01,Netflix Starts Real-Time Voting For Live Shows - And Other Content 10/28/2025,neutral,353.8599853515625,361.989990234375,365.3900146484375,349.9100036621094,8005200
2023-02-01,"Netflix CTO confirms vertical video experiments ahead, says 'not competing with TikTok'",neutral,353.8599853515625,361.989990234375,365.3900146484375,349.9100036621094,8005200
2023-02-01,Netflix’s ‘Boots’ Climbs Charts with Gritty Gay Marine Story,neutral,353.8599853515625,361.989990234375,365.3900146484375,349.9100036621094,8005200
2023-02-01,Netflix Negotiates Theatrical Release for Brad Pitt Sequel Film,neutral,353.8599853515625,361.989990234375,365.3900146484375,349.9100036621094,8005200
2023-02-01,"Netflix Real-Time Voting Brings Interactions to Live Shows, Starting with 'Star Search' Revival",neutral,353.8599853515625,361.989990234375,365.3900146484375,349.9100036621094,8005200
2023-02-02,‘Intense’ Danish thriller shoots up Netflix top 10,positive,365.1600036621094,366.8900146484375,368.32000732421875,358.42999267578125,7857000
2023-02-02,Netflix’s Costly Fantasy Series Returns with Major Change in Just 3 Days,negative,365.1600036621094,366.8900146484375,368.32000732421875,358.42999267578125,7857000
2023-02-02,See Stranger Things Season 5 before anyone else on Netflix — here's how,neutral,365.1600036621094,366.8900146484375,368.32000732421875,358.42999267578125,7857000
2023-02-02,New on Netflix in November 2025 — here are the 5 best new shows and movies to stream,positive,365.1600036621094,366.8900146484375,368.32000732421875,358.42999267578125,7857000
2023-02-02,Netflix reaches settlement with ex-India legal head in gender bias lawsuit,negative,365.1600036621094,366.8900146484375,368.32000732421875,358.42999267578125,7857000
2023-02-02,When One Piece Season 2 Arrives on Netflix: Release Date Revealed,neutral,365.1600036621094,366.8900146484375,368.32000732421875,358.42999267578125,7857000
2023-02-02,"#SHOWBIZ: 'BoBoiBoy' No.1 on Netflix Malaysia, Indonesia, Singapore, Vietnam",neutral,365.1600036621094,366.8900146484375,368.32000732421875,358.42999267578125,7857000
2023-02-02,Netflix Starts Real-Time Voting For Live Shows - And Other Content 10/28/2025,neutral,365.1600036621094,366.8900146484375,368.32000732421875,358.42999267578125,7857000
2023-02-02,"Netflix CTO confirms vertical video experiments ahead, says 'not competing with TikTok'",neutral,365.1600036621094,366.8900146484375,368.32000732421875,358.42999267578125,7857000
2023-02-02,Netflix’s ‘Boots’ Climbs Charts with Gritty Gay Marine Story,neutral,365.1600036621094,366.8900146484375,368.32000732421875,358.42999267578125,7857000
2023-02-03,‘Intense’ Danish thriller shoots up Netflix top 10,positive,359.0799865722656,365.8999938964844,379.42999267578125,359.0,9402000
2023-02-03,Netflix’s Costly Fantasy Series Returns with Major Change in Just 3 Days,negative,359.0799865722656,365.8999938964844,379.42999267578125,359.0,9402000
2023-02-03,See Stranger Things Season 5 before anyone else on Netflix — here's how,neutral,359.0799865722656,365.8999938964844,379.42999267578125,359.0,9402000
2023-02-03,New on Netflix in November 2025 — here are the 5 best new shows and movies to stream,positive,359.0799865722656,365.8999938964844,379.42999267578125,359.0,9402000
2023-02-03,Netflix reaches settlement with ex-India legal head in gender bias lawsuit,negative,359.0799865722656,365.8999938964844,379.42999267578125,359.0,9402000
2023-02-03,When One Piece Season 2 Arrives on Netflix: Release Date Revealed,neutral,359.0799865722656,365.8999938964844,379.42999267578125,359.0,9402000
2023-02-03,"#SHOWBIZ: 'BoBoiBoy' No.1 on Netflix Malaysia, Indonesia, Singapore, Vietnam",neutral,359.0799865722656,365.8999938964844,379.42999267578125,359.0,9402000
2023-02-03,Netflix Starts Real-Time Voting For Live Shows - And Other Content 10/28/2025,neutral,359.0799865722656,365.8999938964844,379.42999267578125,359.0,9402000
2023-02-03,"Netflix CTO confirms vertical video experiments ahead, says 'not competing with TikTok'",neutral,359.0799865722656,365.8999938964844,379.42999267578125,359.0,9402000
2023-02-03,Netflix’s ‘Boots’ Climbs Charts with Gritty Gay Marine Story,neutral,359.0799865722656,365.8999938964844,379.42999267578125,359.0,9402000
2023-02-06,‘Intense’ Danish thriller shoots up Netflix top 10,positive,363.6400146484375,361.4800109863281,368.45001220703125,360.67999267578125,4994900
2023-02-06,Netflix’s Costly Fantasy Series Returns with Major Change in Just 3 Days,negative,363.6400146484375,361.4800109863281,368.45001220703125,360.67999267578125,4994900
2023-02-06,See Stranger Things Season 5 before anyone else on Netflix — here's how,neutral,363.6400146484375,361.4800109863281,368.45001220703125,360.67999267578125,4994900
2023-02-06,New on Netflix in November 2025 — here are the 5 best new shows and movies to stream,positive,363.6400146484375,361.4800109863281,368.45001220703125,360.67999267578125,4994900
2023-02-06,Netflix reaches settlement with ex-India legal head in gender bias lawsuit,negative,363.6400146484375,361.4800109863281,368.45001220703125,360.67999267578125,4994900
2023-02-06,When One Piece Season 2 Arrives on Netflix: Release Date Revealed,neutral,363.6400146484375,361.4800109863281,368.45001220703125,360.67999267578125,4994900
2023-02-06,"#SHOWBIZ: 'BoBoiBoy' No.1 on Netflix Malaysia, Indonesia, Singapore, Vietnam",neutral,363.6400146484375,361.4800109863281,368.45001220703125,360.67999267578125,4994900
2023-02-06,Netflix Starts Real-Time Voting For Live Shows - And Other Content 10/28/2025,neutral,363.6400146484375,361.4800109863281,368.45001220703125,360.67999267578125,4994900
2023-02-06,"Netflix CTO confirms vertical video experiments ahead, says 'not competing with TikTok'",neutral,363.6400146484375,361.4800109863281,368.45001220703125,360.67999267578125,4994900
2023-02-06,Netflix’s ‘Boots’ Climbs Charts with Gritty Gay Marine Story,neutral,363.6400146484375,361.4800109863281,368.45001220703125,360.67999267578125,4994900
2023-02-07,‘Intense’ Danish thriller shoots up Netflix top 10,positive,358.510009765625,362.95001220703125,364.17999267578125,354.17999267578125,6289400
2023-02-07,Netflix’s Costly Fantasy Series Returns with Major Change in Just 3 Days,negative,358.510009765625,362.95001220703125,364.17999267578125,354.17999267578125,6289400
2023-02-07,See Stranger Things Season 5 before anyone else on Netflix — here's how,neutral,358.510009765625,362.95001220703125,364.17999267578125,354.17999267578125,6289400
2023-02-07,New on Netflix in November 2025 — here are the 5 best new shows and movies to stream,positive,358.510009765625,362.95001220703125,364.17999267578125,354.17999267578125,6289400
2023-02-07,Netflix reaches settlement with ex-India legal head in gender bias lawsuit,negative,358.510009765625,362.95001220703125,364.17999267578125,354.17999267578125,6289400
2023-02-07,When One Piece Season 2 Arrives on Netflix: Release Date Revealed,neutral,358.510009765625,362.95001220703125,364.17999267578125,354.17999267578125,6289400
2023-02-07,"#SHOWBIZ: 'BoBoiBoy' No.1 on Netflix Malaysia, Indonesia, Singapore, Vietnam",neutral,358.510009765625,362.95001220703125,364.17999267578125,354.17999267578125,6289400
2023-02-07,Netflix Starts Real-Time Voting For Live Shows - And Other Content 10/28/2025,neutral,358.510009765625,362.95001220703125,364.17999267578125,354.17999267578125,6289400
2023-02-07,"Netflix CTO confirms vertical video experiments ahead, says 'not competing with TikTok'",neutral,358.510009765625,362.95001220703125,364.17999267578125,354.17999267578125,6289400
2023-02-07,Netflix’s ‘Boots’ Climbs Charts with Gritty Gay Marine Story,neutral,358.510009765625,362.95001220703125,364.17999267578125,354.17999267578125,6289400
2023-02-08,‘Intense’ Danish thriller shoots up Netflix top 10,positive,360.0199890136719,366.8299865722656,368.19000244140625,358.30999755859375,6253200
2023-02-08,Netflix’s Costly Fantasy Series Returns with Major Change in Just 3 Days,negative,360.0199890136719,366.8299865722656,368.19000244140625,358.30999755859375,6253200
2023-02-08,See Stranger Things Season 5 before anyone else on Netflix — here's how,neutral,360.0199890136719,366.8299865722656,368.19000244140625,358.30999755859375,6253200
2023-02-08,New on Netflix in November 2025 — here are the 5 best new shows and movies to stream,positive,360.0199890136719,366.8299865722656,368.19000244140625,358.30999755859375,6253200
2023-02-08,Netflix reaches settlement with ex-India legal head in gender bias lawsuit,negative,360.0199890136719,366.8299865722656,368.19000244140625,358.30999755859375,6253200
2023-02-08,When One Piece Season 2 Arrives on Netflix: Release Date Revealed,neutral,360.0199890136719,366.8299865722656,368.19000244140625,358.30999755859375,6253200
2023-02-08,"#SHOWBIZ: 'BoBoiBoy' No.1 on Netflix Malaysia, Indonesia, Singapore, Vietnam",neutral,360.0199890136719,366.8299865722656,368.19000244140625,358.30999755859375,6253200
2023-02-08,Netflix Starts Real-Time Voting For Live Shows - And Other Content 10/28/2025,neutral,360.0199890136719,366.8299865722656,368.19000244140625,358.30999755859375,6253200
2023-02-08,"Netflix CTO confirms vertical video experiments ahead, says 'not competing with TikTok'",neutral,360.0199890136719,366.8299865722656,368.19000244140625,358.30999755859375,6253200
2023-02-08,Netflix’s ‘Boots’ Climbs Charts with Gritty Gay Marine Story,neutral,360.0199890136719,366.8299865722656,368.19000244140625,358.30999755859375,6253200
2023-02-09,‘Intense’ Danish thriller shoots up Netflix top 10,positive,372.4100036621094,362.5,373.8299865722656,361.739990234375,6901100
2023-02-09,Netflix’s Costly Fantasy Series Returns with Major Change in Just 3 Days,negative,372.4100036621094,362.5,373.8299865722656,361.739990234375,6901100
2023-02-09,See Stranger Things Season 5 before anyone else on Netflix — here's how,neutral,372.4100036621094,362.5,373.8299865722656,361.739990234375,6901100
2023-02-09,New on Netflix in November 2025 — here are the 5 best new shows and movies to stream,positive,372.4100036621094,362.5,373.8299865722656,361.739990234375,6901100
2023-02-09,Netflix reaches settlement with ex-India legal head in gender bias lawsuit,negative,372.4100036621094,362.5,373.8299865722656,361.739990234375,6901100
2023-02-09,When One Piece Season 2 Arrives on Netflix: Release Date Revealed,neutral,372.4100036621094,362.5,373.8299865722656,361.739990234375,6901100
2023-02-09,"#SHOWBIZ: 'BoBoiBoy' No.1 on Netflix Malaysia, Indonesia, Singapore, Vietnam",neutral,372.4100036621094,362.5,373.8299865722656,361.739990234375,6901100
2023-02-09,Netflix Starts Real-Time Voting For Live Shows - And Other Content 10/28/2025,neutral,372.4100036621094,362.5,373.8299865722656,361.739990234375,6901100
2023-02-09,"Netflix CTO confirms vertical video experiments ahead, says 'not competing with TikTok'",neutral,372.4100036621094,362.5,373.8299865722656,361.739990234375,6901100
2023-02-09,Netflix’s ‘Boots’ Climbs Charts with Gritty Gay Marine Story,neutral,372.4100036621094,362.5,373.8299865722656,361.739990234375,6901100
2023-02-10,‘Intense’ Danish thriller shoots up Netflix top 10,positive,359.1600036621094,347.3599853515625,362.1400146484375,347.1400146484375,7291100
2023-02-10,Netflix’s Costly Fantasy Series Returns with Major Change in Just 3 Days,negative,359.1600036621094,347.3599853515625,362.1400146484375,347.1400146484375,7291100
2023-02-10,See Stranger Things Season 5 before anyone else on Netflix — here's how,neutral,359.1600036621094,347.3599853515625,362.1400146484375,347.1400146484375,7291100
2023-02-10,New on Netflix in November 2025 — here are the 5 best new shows and movies to stream,positive,359.1600036621094,347.3599853515625,362.1400146484375,347.1400146484375,7291100
2023-02-10,Netflix reaches settlement with ex-India legal head in gender bias lawsuit,negative,359.1600036621094,347.3599853515625,362.1400146484375,347.1400146484375,7291100
2023-02-10,When One Piece Season 2 Arrives on Netflix: Release Date Revealed,neutral,359.1600036621094,347.3599853515625,362.1400146484375,347.1400146484375,7291100
2023-02-10,"#SHOWBIZ: 'BoBoiBoy' No.1 on Netflix Malaysia, Indonesia, Singapore, Vietnam",neutral,359.1600036621094,347.3599853515625,362.1400146484375,347.1400146484375,7291100
2023-02-10,Netflix Starts Real-Time Voting For Live Shows - And Other Content 10/28/2025,neutral,359.1600036621094,347.3599853515625,362.1400146484375,347.1400146484375,7291100
2023-02-10,"Netflix CTO confirms vertical video experiments ahead, says 'not competing with TikTok'",neutral,359.1600036621094,347.3599853515625,362.1400146484375,347.1400146484375,7291100
2023-02-10,Netflix’s ‘Boots’ Climbs Charts with Gritty Gay Marine Story,neutral,359.1600036621094,347.3599853515625,362.1400146484375,347.1400146484375,7291100
2023-02-13,‘Intense’ Danish thriller shoots up Netflix top 10,positive,349.5,358.57000732421875,359.70001220703125,344.25,7134400
2023-02-13,Netflix’s Costly Fantasy Series Returns with Major Change in Just 3 Days,negative,349.5,358.57000732421875,359.70001220703125,344.25,7134400
2023-02-13,See Stranger Things Season 5 before anyone else on Netflix — here's how,neutral,349.5,358.57000732421875,359.70001220703125,344.25,7134400
2023-02-13,New on Netflix in November 2025 — here are the 5 best new shows and movies to stream,positive,349.5,358.57000732421875,359.70001220703125,344.25,7134400
2023-02-13,Netflix reaches settlement with ex-India legal head in gender bias lawsuit,negative,349.5,358.57000732421875,359.70001220703125,344.25,7134400
2023-02-13,When One Piece Season 2 Arrives on Netflix: Release Date Revealed,neutral,349.5,358.57000732421875,359.70001220703125,344.25,7134400
2023-02-13,"#SHOWBIZ: 'BoBoiBoy' No.1 on Netflix Malaysia, Indonesia, Singapore, Vietnam",neutral,349.5,358.57000732421875,359.70001220703125,344.25,7134400
2023-02-13,Netflix Starts Real-Time Voting For Live Shows - And Other Content 10/28/2025,neutral,349.5,358.57000732421875,359.70001220703125,344.25,7134400
2023-02-13,"Netflix CTO confirms vertical video experiments ahead, says 'not competing with TikTok'",neutral,349.5,358.57000732421875,359.70001220703125,344.25,7134400
2023-02-13,Netflix’s ‘Boots’ Climbs Charts with Gritty Gay Marine Story,neutral,349.5,358.57000732421875,359.70001220703125,344.25,7134400
2023-02-14,‘Intense’ Danish thriller shoots up Netflix top 10,positive,357.54998779296875,359.9599914550781,363.75,353.3999938964844,4624800
2023-02-14,Netflix’s Costly Fantasy Series Returns with Major Change in Just 3 Days,negative,357.54998779296875,359.9599914550781,363.75,353.3999938964844,4624800
2023-02-14,See Stranger Things Season 5 before anyone else on Netflix — here's how,neutral,357.54998779296875,359.9599914550781,363.75,353.3999938964844,4624800
2023-02-14,New on Netflix in November 2025 — here are the 5 best new shows and movies to stream,positive,357.54998779296875,359.9599914550781,363.75,353.3999938964844,4624800
2023-02-14,Netflix reaches settlement with ex-India legal head in gender bias lawsuit,negative,357.54998779296875,359.9599914550781,363.75,353.3999938964844,4624800
2023-02-14,When One Piece Season 2 Arrives on Netflix: Release Date Revealed,neutral,357.54998779296875,359.9599914550781,363.75,353.3999938964844,4624800
2023-02-14,"#SHOWBIZ: 'BoBoiBoy' No.1 on Netflix Malaysia, Indonesia, Singapore, Vietnam",neutral,357.54998779296875,359.9599914550781,363.75,353.3999938964844,4624800
2023-02-14,Netflix Starts Real-Time Voting For Live Shows - And Other Content 10/28/2025,neutral,357.54998779296875,359.9599914550781,363.75,353.3999938964844,4624800
2023-02-14,"Netflix CTO confirms vertical video experiments ahead, says 'not competing with TikTok'",neutral,357.54998779296875,359.9599914550781,363.75,353.3999938964844,4624800
2023-02-14,Netflix’s ‘Boots’ Climbs Charts with Gritty Gay Marine Story,neutral,357.54998779296875,359.9599914550781,363.75,353.3999938964844,4624800
2023-02-15,‘Intense’ Danish thriller shoots up Netflix top 10,positive,356.6300048828125,361.4200134277344,362.8800048828125,354.239990234375,3966000
2023-02-15,Netflix’s Costly Fantasy Series Returns with Major Change in Just 3 Days,negative,356.6300048828125,361.4200134277344,362.8800048828125,354.239990234375,3966000
2023-02-15,See Stranger Things Season 5 before anyone else on Netflix — here's how,neutral,356.6300048828125,361.4200134277344,362.8800048828125,354.239990234375,3966000
2023-02-15,New on Netflix in November 2025 — here are the 5 best new shows and movies to stream,positive,356.6300048828125,361.4200134277344,362.8800048828125,354.239990234375,3966000
2023-02-15,Netflix reaches settlement with ex-India legal head in gender bias lawsuit,negative,356.6300048828125,361.4200134277344,362.8800048828125,354.239990234375,3966000
2023-02-15,When One Piece Season 2 Arrives on Netflix: Release Date Revealed,neutral,356.6300048828125,361.4200134277344,362.8800048828125,354.239990234375,3966000
2023-02-15,"#SHOWBIZ: 'BoBoiBoy' No.1 on Netflix Malaysia, Indonesia, Singapore, Vietnam",neutral,356.6300048828125,361.4200134277344,362.8800048828125,354.239990234375,3966000
2023-02-15,Netflix Starts Real-Time Voting For Live Shows - And Other Content 10/28/2025,neutral,356.6300048828125,361.4200134277344,362.8800048828125,354.239990234375,3966000
2023-02-15,"Netflix CTO confirms vertical video experiments ahead, says 'not competing with TikTok'",neutral,356.6300048828125,361.4200134277344,362.8800048828125,354.239990234375,3966000
2023-02-15,Netflix’s ‘Boots’ Climbs Charts with Gritty Gay Marine Story,neutral,356.6300048828125,361.4200134277344,362.8800048828125,354.239990234375,3966000
2023-02-16,‘Intense’ Danish thriller shoots up Netflix top 10,positive,355.0,350.7099914550781,361.5,350.30999755859375,5215700
2023-02-16,Netflix’s Costly Fantasy Series Returns with Major Change in Just 3 Days,negative,355.0,350.7099914550781,361.5,350.30999755859375,5215700
2023-02-16,See Stranger Things Season 5 before anyone else on Netflix — here's how,neutral,355.0,350.7099914550781,361.5,350.30999755859375,5215700
2023-02-16,New on Netflix in November 2025 — here are the 5 best new shows and movies to stream,positive,355.0,350.7099914550781,361.5,350.30999755859375,5215700
2023-02-16,Netflix reaches settlement with ex-India legal head in gender bias lawsuit,negative,355.0,350.7099914550781,361.5,350.30999755859375,5215700
2023-02-16,When One Piece Season 2 Arrives on Netflix: Release Date Revealed,neutral,355.0,350.7099914550781,361.5,350.30999755859375,5215700
2023-02-16,"#SHOWBIZ: 'BoBoiBoy' No.1 on Netflix Malaysia, Indonesia, Singapore, Vietnam",neutral,355.0,350.7099914550781,361.5,350.30999755859375,5215700
2023-02-16,Netflix Starts Real-Time Voting For Live Shows - And Other Content 10/28/2025,neutral,355.0,350.7099914550781,361.5,350.30999755859375,5215700
2023-02-16,"Netflix CTO confirms vertical video experiments ahead, says 'not competing with TikTok'",neutral,355.0,350.7099914550781,361.5,350.30999755859375,5215700
2023-02-16,Netflix’s ‘Boots’ Climbs Charts with Gritty Gay Marine Story,neutral,355.0,350.7099914550781,361.5,350.30999755859375,5215700
2023-02-17,‘Intense’ Danish thriller shoots up Netflix top 10,positive,347.9100036621094,347.9599914550781,349.0,342.44000244140625,5294700
2023-02-17,Netflix’s Costly Fantasy Series Returns with Major Change in Just 3 Days,negative,347.9100036621094,347.9599914550781,349.0,342.44000244140625,5294700
2023-02-17,See Stranger Things Season 5 before anyone else on Netflix — here's how,neutral,347.9100036621094,347.9599914550781,349.0,342.44000244140625,5294700
2023-02-17,New on Netflix in November 2025 — here are the 5 best new shows and movies to stream,positive,347.9100036621094,347.9599914550781,349.0,342.44000244140625,5294700
2023-02-17,Netflix reaches settlement with ex-India legal head in gender bias lawsuit,negative,347.9100036621094,347.9599914550781,349.0,342.44000244140625,5294700
2023-02-17,When One Piece Season 2 Arrives on Netflix: Release Date Revealed,neutral,347.9100036621094,347.9599914550781,349.0,342.44000244140625,5294700
2023-02-17,"#SHOWBIZ: 'BoBoiBoy' No.1 on Netflix Malaysia, Indonesia, Singapore, Vietnam",neutral,347.9100036621094,347.9599914550781,349.0,342.44000244140625,5294700
2023-02-17,Netflix Starts Real-Time Voting For Live Shows - And Other Content 10/28/2025,neutral,347.9100036621094,347.9599914550781,349.0,342.44000244140625,5294700
2023-02-17,"Netflix CTO confirms vertical video experiments ahead, says 'not competing with TikTok'",neutral,347.9100036621094,347.9599914550781,349.0,342.44000244140625,5294700
2023-02-17,Netflix’s ‘Boots’ Climbs Charts with Gritty Gay Marine Story,neutral,347.9100036621094,347.9599914550781,349.0,342.44000244140625,5294700
2023-02-21,‘Intense’ Danish thriller shoots up Netflix top 10,positive,342.8500061035156,337.5,344.1300048828125,336.4200134277344,5710300
2023-02-21,Netflix’s Costly Fantasy Series Returns with Major Change in Just 3 Days,negative,342.8500061035156,337.5,344.1300048828125,336.4200134277344,5710300
2023-02-21,See Stranger Things Season 5 before anyone else on Netflix — here's how,neutral,342.8500061035156,337.5,344.1300048828125,336.4200134277344,5710300
2023-02-21,New on Netflix in November 2025 — here are the 5 best new shows and movies to stream,positive,342.8500061035156,337.5,344.1300048828125,336.4200134277344,5710300
2023-02-21,Netflix reaches settlement with ex-India legal head in gender bias lawsuit,negative,342.8500061035156,337.5,344.1300048828125,336.4200134277344,5710300
2023-02-21,When One Piece Season 2 Arrives on Netflix: Release Date Revealed,neutral,342.8500061035156,337.5,344.1300048828125,336.4200134277344,5710300
2023-02-21,"#SHOWBIZ: 'BoBoiBoy' No.1 on Netflix Malaysia, Indonesia, Singapore, Vietnam",neutral,342.8500061035156,337.5,344.1300048828125,336.4200134277344,5710300
2023-02-21,Netflix Starts Real-Time Voting For Live Shows - And Other Content 10/28/2025,neutral,342.8500061035156,337.5,344.1300048828125,336.4200134277344,5710300
2023-02-21,"Netflix CTO confirms vertical video experiments ahead, says 'not competing with TikTok'",neutral,342.8500061035156,337.5,344.1300048828125,336.4200134277344,5710300
2023-02-21,Netflix’s ‘Boots’ Climbs Charts with Gritty Gay Marine Story,neutral,342.8500061035156,337.5,344.1300048828125,336.4200134277344,5710300
2023-02-22,‘Intense’ Danish thriller shoots up Netflix top 10,positive,337.5,334.8800048828125,341.9100036621094,332.82000732421875,4546200
2023-02-22,Netflix’s Costly Fantasy Series Returns with Major Change in Just 3 Days,negative,337.5,334.8800048828125,341.9100036621094,332.82000732421875,4546200
2023-02-22,See Stranger Things Season 5 before anyone else on Netflix — here's how,neutral,337.5,334.8800048828125,341.9100036621094,332.82000732421875,4546200
2023-02-22,New on Netflix in November 2025 — here are the 5 best new shows and movies to stream,positive,337.5,334.8800048828125,341.9100036621094,332.82000732421875,4546200
2023-02-22,Netflix reaches settlement with ex-India legal head in gender bias lawsuit,negative,337.5,334.8800048828125,341.9100036621094,332.82000732421875,4546200
2023-02-22,When One Piece Season 2 Arrives on Netflix: Release Date Revealed,neutral,337.5,334.8800048828125,341.9100036621094,332.82000732421875,4546200
2023-02-22,"#SHOWBIZ: 'BoBoiBoy' No.1 on Netflix Malaysia, Indonesia, Singapore, Vietnam",neutral,337.5,334.8800048828125,341.9100036621094,332.82000732421875,4546200
2023-02-22,Netflix Starts Real-Time Voting For Live Shows - And Other Content 10/28/2025,neutral,337.5,334.8800048828125,341.9100036621094,332.82000732421875,4546200
2023-02-22,"Netflix CTO confirms vertical video experiments ahead, says 'not competing with TikTok'",neutral,337.5,334.8800048828125,341.9100036621094,332.82000732421875,4546200
2023-02-22,Netflix’s ‘Boots’ Climbs Charts with Gritty Gay Marine Story,neutral,337.5,334.8800048828125,341.9100036621094,332.82000732421875,4546200
2023-02-23,‘Intense’ Danish thriller shoots up Netflix top 10,positive,331.2300109863281,323.6499938964844,331.2799987792969,314.29998779296875,13238700
2023-02-23,Netflix’s Costly Fantasy Series Returns with Major Change in Just 3 Days,negative,331.2300109863281,323.6499938964844,331.2799987792969,314.29998779296875,13238700
2023-02-23,See Stranger Things Season 5 before anyone else on Netflix — here's how,neutral,331.2300109863281,323.6499938964844,331.2799987792969,314.29998779296875,13238700
2023-02-23,New on Netflix in November 2025 — here are the 5 best new shows and movies to stream,positive,331.2300109863281,323.6499938964844,331.2799987792969,314.29998779296875,13238700
2023-02-23,Netflix reaches settlement with ex-India legal head in gender bias lawsuit,negative,331.2300109863281,323.6499938964844,331.2799987792969,314.29998779296875,13238700
2023-02-23,When One Piece Season 2 Arrives on Netflix: Release Date Revealed,neutral,331.2300109863281,323.6499938964844,331.2799987792969,314.29998779296875,13238700
2023-02-23,"#SHOWBIZ: 'BoBoiBoy' No.1 on Netflix Malaysia, Indonesia, Singapore, Vietnam",neutral,331.2300109863281,323.6499938964844,331.2799987792969,314.29998779296875,13238700
2023-02-23,Netflix Starts Real-Time Voting For Live Shows - And Other Content 10/28/2025,neutral,331.2300109863281,323.6499938964844,331.2799987792969,314.29998779296875,13238700
2023-02-23,"Netflix CTO confirms vertical video experiments ahead, says 'not competing with TikTok'",neutral,331.2300109863281,323.6499938964844,331.2799987792969,314.29998779296875,13238700
2023-02-23,Netflix’s ‘Boots’ Climbs Charts with Gritty Gay Marine Story,neutral,331.2300109863281,323.6499938964844,331.2799987792969,314.29998779296875,13238700
2023-02-24,‘Intense’ Danish thriller shoots up Netflix top 10,positive,319.29998779296875,317.1499938964844,321.5,314.5199890136719,6830700
2023-02-24,Netflix’s Costly Fantasy Series Returns with Major Change in Just 3 Days,negative,319.29998779296875,317.1499938964844,321.5,314.5199890136719,6830700
2023-02-24,See Stranger Things Season 5 before anyone else on Netflix — here's how,neutral,319.29998779296875,317.1499938964844,321.5,314.5199890136719,6830700
2023-02-24,New on Netflix in November 2025 — here are the 5 best new shows and movies to stream,positive,319.29998779296875,317.1499938964844,321.5,314.5199890136719,6830700
2023-02-24,Netflix reaches settlement with ex-India legal head in gender bias lawsuit,negative,319.29998779296875,317.1499938964844,321.5,314.5199890136719,6830700
2023-02-24,When One Piece Season 2 Arrives on Netflix: Release Date Revealed,neutral,319.29998779296875,317.1499938964844,321.5,314.5199890136719,6830700
2023-02-24,"#SHOWBIZ: 'BoBoiBoy' No.1 on Netflix Malaysia, Indonesia, Singapore, Vietnam",neutral,319.29998779296875,317.1499938964844,321.5,314.5199890136719,6830700
2023-02-24,Netflix Starts Real-Time Voting For Live Shows - And Other Content 10/28/2025,neutral,319.29998779296875,317.1499938964844,321.5,314.5199890136719,6830700
2023-02-24,"Netflix CTO confirms vertical video experiments ahead, says 'not competing with TikTok'",neutral,319.29998779296875,317.1499938964844,321.5,314.5199890136719,6830700
2023-02-24,Netflix’s ‘Boots’ Climbs Charts with Gritty Gay Marine Story,neutral,319.29998779296875,317.1499938964844,321.5,314.5199890136719,6830700
2023-02-27,‘Intense’ Danish thriller shoots up Netflix top 10,positive,323.8699951171875,323.0299987792969,330.0,322.1199951171875,6142600
2023-02-27,Netflix’s Costly Fantasy Series Returns with Major Change in Just 3 Days,negative,323.8699951171875,323.0299987792969,330.0,322.1199951171875,6142600
2023-02-27,See Stranger Things Season 5 before anyone else on Netflix — here's how,neutral,323.8699951171875,323.0299987792969,330.0,322.1199951171875,6142600
2023-02-27,New on Netflix in November 2025 — here are the 5 best new shows and movies to stream,positive,323.8699951171875,323.0299987792969,330.0,322.1199951171875,6142600
2023-02-27,Netflix reaches settlement with ex-India legal head in gender bias lawsuit,negative,323.8699951171875,323.0299987792969,330.0,322.1199951171875,6142600
2023-02-27,When One Piece Season 2 Arrives on Netflix: Release Date Revealed,neutral,323.8699951171875,323.0299987792969,330.0,322.1199951171875,6142600
2023-02-27,"#SHOWBIZ: 'BoBoiBoy' No.1 on Netflix Malaysia, Indonesia, Singapore, Vietnam",neutral,323.8699951171875,323.0299987792969,330.0,322.1199951171875,6142600
2023-02-27,Netflix Starts Real-Time Voting For Live Shows - And Other Content 10/28/2025,neutral,323.8699951171875,323.0299987792969,330.0,322.1199951171875,6142600
2023-02-27,"Netflix CTO confirms vertical video experiments ahead, says 'not competing with TikTok'",neutral,323.8699951171875,323.0299987792969,330.0,322.1199951171875,6142600
2023-02-27,Netflix’s ‘Boots’ Climbs Charts with Gritty Gay Marine Story,neutral,323.8699951171875,323.0299987792969,330.0,322.1199951171875,6142600
2023-02-28,‘Intense’ Danish thriller shoots up Netflix top 10,positive,323.70001220703125,322.1300048828125,327.6199951171875,321.1700134277344,3676100
2023-02-28,Netflix’s Costly Fantasy Series Returns with Major Change in Just 3 Days,negative,323.70001220703125,322.1300048828125,327.6199951171875,321.1700134277344,3676100
2023-02-28,See Stranger Things Season 5 before anyone else on Netflix — here's how,neutral,323.70001220703125,322.1300048828125,327.6199951171875,321.1700134277344,3676100
2023-02-28,New on Netflix in November 2025 — here are the 5 best new shows and movies to stream,positive,323.70001220703125,322.1300048828125,327.6199951171875,321.1700134277344,3676100
2023-02-28,Netflix reaches settlement with ex-India legal head in gender bias lawsuit,negative,323.70001220703125,322.1300048828125,327.6199951171875,321.1700134277344,3676100
2023-02-28,When One Piece Season 2 Arrives on Netflix: Release Date Revealed,neutral,323.70001220703125,322.1300048828125,327.6199951171875,321.1700134277344,3676100
2023-02-28,"#SHOWBIZ: 'BoBoiBoy' No.1 on Netflix Malaysia, Indonesia, Singapore, Vietnam",neutral,323.70001220703125,322.1300048828125,327.6199951171875,321.1700134277344,3676100
2023-02-28,Netflix Starts Real-Time Voting For Live Shows - And Other Content 10/28/2025,neutral,323.70001220703125,322.1300048828125,327.6199951171875,321.1700134277344,3676100
2023-02-28,"Netflix CTO confirms vertical video experiments ahead, says 'not competing with TikTok'",neutral,323.70001220703125,322.1300048828125,327.6199951171875,321.1700134277344,3676100
2023-02-28,Netflix’s ‘Boots’ Climbs Charts with Gritty Gay Marine Story,neutral,323.70001220703125,322.1300048828125,327.6199951171875,321.1700134277344,3676100
2023-03-01,‘Intense’ Danish thriller shoots up Netflix top 10,positive,321.54998779296875,313.4800109863281,326.6000061035156,312.3599853515625,4911300
2023-03-01,Netflix’s Costly Fantasy Series Returns with Major Change in Just 3 Days,negative,321.54998779296875,313.4800109863281,326.6000061035156,312.3599853515625,4911300
2023-03-01,See Stranger Things Season 5 before anyone else on Netflix — here's how,neutral,321.54998779296875,313.4800109863281,326.6000061035156,312.3599853515625,4911300
2023-03-01,New on Netflix in November 2025 — here are the 5 best new shows and movies to stream,positive,321.54998779296875,313.4800109863281,326.6000061035156,312.3599853515625,4911300
2023-03-01,Netflix reaches settlement with ex-India legal head in gender bias lawsuit,negative,321.54998779296875,313.4800109863281,326.6000061035156,312.3599853515625,4911300
2023-03-01,When One Piece Season 2 Arrives on Netflix: Release Date Revealed,neutral,321.54998779296875,313.4800109863281,326.6000061035156,312.3599853515625,4911300
2023-03-01,"#SHOWBIZ: 'BoBoiBoy' No.1 on Netflix Malaysia, Indonesia, Singapore, Vietnam",neutral,321.54998779296875,313.4800109863281,326.6000061035156,312.3599853515625,4911300
2023-03-01,Netflix Starts Real-Time Voting For Live Shows - And Other Content 10/28/2025,neutral,321.54998779296875,313.4800109863281,326.6000061035156,312.3599853515625,4911300
2023-03-01,"Netflix CTO confirms vertical video experiments ahead, says 'not competing with TikTok'",neutral,321.54998779296875,313.4800109863281,326.6000061035156,312.3599853515625,4911300
2023-03-01,Netflix’s ‘Boots’ Climbs Charts with Gritty Gay Marine Story,neutral,321.54998779296875,313.4800109863281,326.6000061035156,312.3599853515625,4911300
2023-03-02,‘Intense’ Danish thriller shoots up Netflix top 10,positive,310.9599914550781,311.8800048828125,315.57000732421875,310.3800048828125,4911000
2023-03-02,Netflix’s Costly Fantasy Series Returns with Major Change in Just 3 Days,negative,310.9599914550781,311.8800048828125,315.57000732421875,310.3800048828125,4911000
2023-03-02,See Stranger Things Season 5 before anyone else on Netflix — here's how,neutral,310.9599914550781,311.8800048828125,315.57000732421875,310.3800048828125,4911000
2023-03-02,New on Netflix in November 2025 — here are the 5 best new shows and movies to stream,positive,310.9599914550781,311.8800048828125,315.57000732421875,310.3800048828125,4911000
2023-03-02,Netflix reaches settlement with ex-India legal head in gender bias lawsuit,negative,310.9599914550781,311.8800048828125,315.57000732421875,310.3800048828125,4911000
2023-03-02,When One Piece Season 2 Arrives on Netflix: Release Date Revealed,neutral,310.9599914550781,311.8800048828125,315.57000732421875,310.3800048828125,4911000
2023-03-02,"#SHOWBIZ: 'BoBoiBoy' No.1 on Netflix Malaysia, Indonesia, Singapore, Vietnam",neutral,310.9599914550781,311.8800048828125,315.57000732421875,310.3800048828125,4911000
2023-03-02,Netflix Starts Real-Time Voting For Live Shows - And Other Content 10/28/2025,neutral,310.9599914550781,311.8800048828125,315.57000732421875,310.3800048828125,4911000
2023-03-02,"Netflix CTO confirms vertical video experiments ahead, says 'not competing with TikTok'",neutral,310.9599914550781,311.8800048828125,315.57000732421875,310.3800048828125,4911000
2023-03-02,Netflix’s ‘Boots’ Climbs Charts with Gritty Gay Marine Story,neutral,310.9599914550781,311.8800048828125,315.57000732421875,310.3800048828125,4911000
2023-03-03,‘Intense’ Danish thriller shoots up Netflix top 10,positive,315.45001220703125,315.17999267578125,317.489990234375,310.82000732421875,5953300
2023-03-03,Netflix’s Costly Fantasy Series Returns with Major Change in Just 3 Days,negative,315.45001220703125,315.17999267578125,317.489990234375,310.82000732421875,5953300
2023-03-03,See Stranger Things Season 5 before anyone else on Netflix — here's how,neutral,315.45001220703125,315.17999267578125,317.489990234375,310.82000732421875,5953300
2023-03-03,New on Netflix in November 2025 — here are the 5 best new shows and movies to stream,positive,315.45001220703125,315.17999267578125,317.489990234375,310.82000732421875,5953300
2023-03-03,Netflix reaches settlement with ex-India legal head in gender bias lawsuit,negative,315.45001220703125,315.17999267578125,317.489990234375,310.82000732421875,5953300
2023-03-03,When One Piece Season 2 Arrives on Netflix: Release Date Revealed,neutral,315.45001220703125,315.17999267578125,317.489990234375,310.82000732421875,5953300
2023-03-03,"#SHOWBIZ: 'BoBoiBoy' No.1 on Netflix Malaysia, Indonesia, Singapore, Vietnam",neutral,315.45001220703125,315.17999267578125,317.489990234375,310.82000732421875,5953300
2023-03-03,Netflix Starts Real-Time Voting For Live Shows - And Other Content 10/28/2025,neutral,315.45001220703125,315.17999267578125,317.489990234375,310.82000732421875,5953300
2023-03-03,"Netflix CTO confirms vertical video experiments ahead, says 'not competing with TikTok'",neutral,315.45001220703125,315.17999267578125,317.489990234375,310.82000732421875,5953300
2023-03-03,Netflix’s ‘Boots’ Climbs Charts with Gritty Gay Marine Story,neutral,315.45001220703125,315.17999267578125,317.489990234375,310.82000732421875,5953300
2023-03-06,‘Intense’ Danish thriller shoots up Netflix top 10,positive,317.0,312.0299987792969,323.29998779296875,311.8399963378906,5660700
2023-03-06,Netflix’s Costly Fantasy Series Returns with Major Change in Just 3 Days,negative,317.0,312.0299987792969,323.29998779296875,311.8399963378906,5660700
2023-03-06,See Stranger Things Season 5 before anyone else on Netflix — here's how,neutral,317.0,312.0299987792969,323.29998779296875,311.8399963378906,5660700
2023-03-06,New on Netflix in November 2025 — here are the 5 best new shows and movies to stream,positive,317.0,312.0299987792969,323.29998779296875,311.8399963378906,5660700
2023-03-06,Netflix reaches settlement with ex-India legal head in gender bias lawsuit,negative,317.0,312.0299987792969,323.29998779296875,311.8399963378906,5660700
2023-03-06,When One Piece Season 2 Arrives on Netflix: Release Date Revealed,neutral,317.0,312.0299987792969,323.29998779296875,311.8399963378906,5660700
2023-03-06,"#SHOWBIZ: 'BoBoiBoy' No.1 on Netflix Malaysia, Indonesia, Singapore, Vietnam",neutral,317.0,312.0299987792969,323.29998779296875,311.8399963378906,5660700
2023-03-06,Netflix Starts Real-Time Voting For Live Shows - And Other Content 10/28/2025,neutral,317.0,312.0299987792969,323.29998779296875,311.8399963378906,5660700
2023-03-06,"Netflix CTO confirms vertical video experiments ahead, says 'not competing with TikTok'",neutral,317.0,312.0299987792969,323.29998779296875,311.8399963378906,5660700
2023-03-06,Netflix’s ‘Boots’ Climbs Charts with Gritty Gay Marine Story,neutral,317.0,312.0299987792969,323.29998779296875,311.8399963378906,5660700
2023-03-07,‘Intense’ Danish thriller shoots up Netflix top 10,positive,312.67999267578125,308.4700012207031,314.29998779296875,306.6199951171875,4553100
2023-03-07,Netflix’s Costly Fantasy Series Returns with Major Change in Just 3 Days,negative,312.67999267578125,308.4700012207031,314.29998779296875,306.6199951171875,4553100
2023-03-07,See Stranger Things Season 5 before anyone else on Netflix — here's how,neutral,312.67999267578125,308.4700012207031,314.29998779296875,306.6199951171875,4553100
2023-03-07,New on Netflix in November 2025 — here are the 5 best new shows and movies to stream,positive,312.67999267578125,308.4700012207031,314.29998779296875,306.6199951171875,4553100
2023-03-07,Netflix reaches settlement with ex-India legal head in gender bias lawsuit,negative,312.67999267578125,308.4700012207031,314.29998779296875,306.6199951171875,4553100
2023-03-07,When One Piece Season 2 Arrives on Netflix: Release Date Revealed,neutral,312.67999267578125,308.4700012207031,314.29998779296875,306.6199951171875,4553100
2023-03-07,"#SHOWBIZ: 'BoBoiBoy' No.1 on Netflix Malaysia, Indonesia, Singapore, Vietnam",neutral,312.67999267578125,308.4700012207031,314.29998779296875,306.6199951171875,4553100
2023-03-07,Netflix Starts Real-Time Voting For Live Shows - And Other Content 10/28/2025,neutral,312.67999267578125,308.4700012207031,314.29998779296875,306.6199951171875,4553100
2023-03-07,"Netflix CTO confirms vertical video experiments ahead, says 'not competing with TikTok'",neutral,312.67999267578125,308.4700012207031,314.29998779296875,306.6199951171875,4553100
2023-03-07,Netflix’s ‘Boots’ Climbs Charts with Gritty Gay Marine Story,neutral,312.67999267578125,308.4700012207031,314.29998779296875,306.6199951171875,4553100
2023-03-08,‘Intense’ Danish thriller shoots up Netflix top 10,positive,309.2900085449219,311.7900085449219,311.8299865722656,305.75,3479500
2023-03-08,Netflix’s Costly Fantasy Series Returns with Major Change in Just 3 Days,negative,309.2900085449219,311.7900085449219,311.8299865722656,305.75,3479500
2023-03-08,See Stranger Things Season 5 before anyone else on Netflix — here's how,neutral,309.2900085449219,311.7900085449219,311.8299865722656,305.75,3479500
2023-03-08,New on Netflix in November 2025 — here are the 5 best new shows and movies to stream,positive,309.2900085449219,311.7900085449219,311.8299865722656,305.75,3479500
2023-03-08,Netflix reaches settlement with ex-India legal head in gender bias lawsuit,negative,309.2900085449219,311.7900085449219,311.8299865722656,305.75,3479500
2023-03-08,When One Piece Season 2 Arrives on Netflix: Release Date Revealed,neutral,309.2900085449219,311.7900085449219,311.8299865722656,305.75,3479500
2023-03-08,"#SHOWBIZ: 'BoBoiBoy' No.1 on Netflix Malaysia, Indonesia, Singapore, Vietnam",neutral,309.2900085449219,311.7900085449219,311.8299865722656,305.75,3479500
2023-03-08,Netflix Starts Real-Time Voting For Live Shows - And Other Content 10/28/2025,neutral,309.2900085449219,311.7900085449219,311.8299865722656,305.75,3479500
2023-03-08,"Netflix CTO confirms vertical video experiments ahead, says 'not competing with TikTok'",neutral,309.2900085449219,311.7900085449219,311.8299865722656,305.75,3479500
2023-03-08,Netflix’s ‘Boots’ Climbs Charts with Gritty Gay Marine Story,neutral,309.2900085449219,311.7900085449219,311.8299865722656,305.75,3479500
2023-03-09,‘Intense’ Danish thriller shoots up Netflix top 10,positive,312.0799865722656,297.7799987792969,312.510009765625,294.8800048828125,7443400
2023-03-09,Netflix’s Costly Fantasy Series Returns with Major Change in Just 3 Days,negative,312.0799865722656,297.7799987792969,312.510009765625,294.8800048828125,7443400
2023-03-09,See Stranger Things Season 5 before anyone else on Netflix — here's how,neutral,312.0799865722656,297.7799987792969,312.510009765625,294.8800048828125,7443400
2023-03-09,New on Netflix in November 2025 — here are the 5 best new shows and movies to stream,positive,312.0799865722656,297.7799987792969,312.510009765625,294.8800048828125,7443400
2023-03-09,Netflix reaches settlement with ex-India legal head in gender bias lawsuit,negative,312.0799865722656,297.7799987792969,312.510009765625,294.8800048828125,7443400
2023-03-09,When One Piece Season 2 Arrives on Netflix: Release Date Revealed,neutral,312.0799865722656,297.7799987792969,312.510009765625,294.8800048828125,7443400
2023-03-09,"#SHOWBIZ: 'BoBoiBoy' No.1 on Netflix Malaysia, Indonesia, Singapore, Vietnam",neutral,312.0799865722656,297.7799987792969,312.510009765625,294.8800048828125,7443400
2023-03-09,Netflix Starts Real-Time Voting For Live Shows - And Other Content 10/28/2025,neutral,312.0799865722656,297.7799987792969,312.510009765625,294.8800048828125,7443400
2023-03-09,"Netflix CTO confirms vertical video experiments ahead, says 'not competing with TikTok'",neutral,312.0799865722656,297.7799987792969,312.510009765625,294.8800048828125,7443400
2023-03-09,Netflix’s ‘Boots’ Climbs Charts with Gritty Gay Marine Story,neutral,312.0799865722656,297.7799987792969,312.510009765625,294.8800048828125,7443400
2023-03-10,‘Intense’ Danish thriller shoots up Netflix top 10,positive,297.8999938964844,292.760009765625,298.7900085449219,289.0,5759300
2023-03-10,Netflix’s Costly Fantasy Series Returns with Major Change in Just 3 Days,negative,297.8999938964844,292.760009765625,298.7900085449219,289.0,5759300
2023-03-10,See Stranger Things Season 5 before anyone else on Netflix — here's how,neutral,297.8999938964844,292.760009765625,298.7900085449219,289.0,5759300
2023-03-10,New on Netflix in November 2025 — here are the 5 best new shows and movies to stream,positive,297.8999938964844,292.760009765625,298.7900085449219,289.0,5759300
2023-03-10,Netflix reaches settlement with ex-India legal head in gender bias lawsuit,negative,297.8999938964844,292.760009765625,298.7900085449219,289.0,5759300
2023-03-10,When One Piece Season 2 Arrives on Netflix: Release Date Revealed,neutral,297.8999938964844,292.760009765625,298.7900085449219,289.0,5759300
2023-03-10,"#SHOWBIZ: 'BoBoiBoy' No.1 on Netflix Malaysia, Indonesia, Singapore, Vietnam",neutral,297.8999938964844,292.760009765625,298.7900085449219,289.0,5759300
2023-03-10,Netflix Starts Real-Time Voting For Live Shows - And Other Content 10/28/2025,neutral,297.8999938964844,292.760009765625,298.7900085449219,289.0,5759300
2023-03-10,"Netflix CTO confirms vertical video experiments ahead, says 'not competing with TikTok'",neutral,297.8999938964844,292.760009765625,298.7900085449219,289.0,5759300
2023-03-10,Netflix’s ‘Boots’ Climbs Charts with Gritty Gay Marine Story,neutral,297.8999938964844,292.760009765625,298.7900085449219,289.0,5759300
2023-03-13,‘Intense’ Danish thriller shoots up Netflix top 10,positive,287.3399963378906,293.510009765625,299.239990234375,285.3299865722656,6292400
2023-03-13,Netflix’s Costly Fantasy Series Returns with Major Change in Just 3 Days,negative,287.3399963378906,293.510009765625,299.239990234375,285.3299865722656,6292400
2023-03-13,See Stranger Things Season 5 before anyone else on Netflix — here's how,neutral,287.3399963378906,293.510009765625,299.239990234375,285.3299865722656,6292400
2023-03-13,New on Netflix in November 2025 — here are the 5 best new shows and movies to stream,positive,287.3399963378906,293.510009765625,299.239990234375,285.3299865722656,6292400
2023-03-13,Netflix reaches settlement with ex-India legal head in gender bias lawsuit,negative,287.3399963378906,293.510009765625,299.239990234375,285.3299865722656,6292400
2023-03-13,When One Piece Season 2 Arrives on Netflix: Release Date Revealed,neutral,287.3399963378906,293.510009765625,299.239990234375,285.3299865722656,6292400
2023-03-13,"#SHOWBIZ: 'BoBoiBoy' No.1 on Netflix Malaysia, Indonesia, Singapore, Vietnam",neutral,287.3399963378906,293.510009765625,299.239990234375,285.3299865722656,6292400
2023-03-13,Netflix Starts Real-Time Voting For Live Shows - And Other Content 10/28/2025,neutral,287.3399963378906,293.510009765625,299.239990234375,285.3299865722656,6292400
2023-03-13,"Netflix CTO confirms vertical video experiments ahead, says 'not competing with TikTok'",neutral,287.3399963378906,293.510009765625,299.239990234375,285.3299865722656,6292400
2023-03-13,Netflix’s ‘Boots’ Climbs Charts with Gritty Gay Marine Story,neutral,287.3399963378906,293.510009765625,299.239990234375,285.3299865722656,6292400
2023-03-14,‘Intense’ Danish thriller shoots up Netflix top 10,positive,295.9700012207031,294.94000244140625,297.45001220703125,290.30999755859375,5956700
2023-03-14,Netflix’s Costly Fantasy Series Returns with Major Change in Just 3 Days,negative,295.9700012207031,294.94000244140625,297.45001220703125,290.30999755859375,5956700
2023-03-14,See Stranger Things Season 5 before anyone else on Netflix — here's how,neutral,295.9700012207031,294.94000244140625,297.45001220703125,290.30999755859375,5956700
2023-03-14,New on Netflix in November 2025 — here are the 5 best new shows and movies to stream,positive,295.9700012207031,294.94000244140625,297.45001220703125,290.30999755859375,5956700
2023-03-14,Netflix reaches settlement with ex-India legal head in gender bias lawsuit,negative,295.9700012207031,294.94000244140625,297.45001220703125,290.30999755859375,5956700
2023-03-14,When One Piece Season 2 Arrives on Netflix: Release Date Revealed,neutral,295.9700012207031,294.94000244140625,297.45001220703125,290.30999755859375,5956700
2023-03-14,"#SHOWBIZ: 'BoBoiBoy' No.1 on Netflix Malaysia, Indonesia, Singapore, Vietnam",neutral,295.9700012207031,294.94000244140625,297.45001220703125,290.30999755859375,5956700
2023-03-14,Netflix Starts Real-Time Voting For Live Shows - And Other Content 10/28/2025,neutral,295.9700012207031,294.94000244140625,297.45001220703125,290.30999755859375,5956700
2023-03-14,"Netflix CTO confirms vertical video experiments ahead, says 'not competing with TikTok'",neutral,295.9700012207031,294.94000244140625,297.45001220703125,290.30999755859375,5956700
2023-03-14,Netflix’s ‘Boots’ Climbs Charts with Gritty Gay Marine Story,neutral,295.9700012207031,294.94000244140625,297.45001220703125,290.30999755859375,5956700
2023-03-15,‘Intense’ Danish thriller shoots up Netflix top 10,positive,292.510009765625,303.7900085449219,306.30999755859375,292.2799987792969,9215300
2023-03-15,Netflix’s Costly Fantasy Series Returns with Major Change in Just 3 Days,negative,292.510009765625,303.7900085449219,306.30999755859375,292.2799987792969,9215300
2023-03-15,See Stranger Things Season 5 before anyone else on Netflix — here's how,neutral,292.510009765625,303.7900085449219,306.30999755859375,292.2799987792969,9215300
2023-03-15,New on Netflix in November 2025 — here are the 5 best new shows and movies to stream,positive,292.510009765625,303.7900085449219,306.30999755859375,292.2799987792969,9215300
2023-03-15,Netflix reaches settlement with ex-India legal head in gender bias lawsuit,negative,292.510009765625,303.7900085449219,306.30999755859375,292.2799987792969,9215300
2023-03-15,When One Piece Season 2 Arrives on Netflix: Release Date Revealed,neutral,292.510009765625,303.7900085449219,306.30999755859375,292.2799987792969,9215300
2023-03-15,"#SHOWBIZ: 'BoBoiBoy' No.1 on Netflix Malaysia, Indonesia, Singapore, Vietnam",neutral,292.510009765625,303.7900085449219,306.30999755859375,292.2799987792969,9215300
2023-03-15,Netflix Starts Real-Time Voting For Live Shows - And Other Content 10/28/2025,neutral,292.510009765625,303.7900085449219,306.30999755859375,292.2799987792969,9215300
2023-03-15,"Netflix CTO confirms vertical video experiments ahead, says 'not competing with TikTok'",neutral,292.510009765625,303.7900085449219,306.30999755859375,292.2799987792969,9215300
2023-03-15,Netflix’s ‘Boots’ Climbs Charts with Gritty Gay Marine Story,neutral,292.510009765625,303.7900085449219,306.30999755859375,292.2799987792969,9215300
2023-03-16,‘Intense’ Danish thriller shoots up Netflix top 10,positive,304.75,310.05999755859375,316.6000061035156,301.7099914550781,7903700
2023-03-16,Netflix’s Costly Fantasy Series Returns with Major Change in Just 3 Days,negative,304.75,310.05999755859375,316.6000061035156,301.7099914550781,7903700
2023-03-16,See Stranger Things Season 5 before anyone else on Netflix — here's how,neutral,304.75,310.05999755859375,316.6000061035156,301.7099914550781,7903700
2023-03-16,New on Netflix in November 2025 — here are the 5 best new shows and movies to stream,positive,304.75,310.05999755859375,316.6000061035156,301.7099914550781,7903700
2023-03-16,Netflix reaches settlement with ex-India legal head in gender bias lawsuit,negative,304.75,310.05999755859375,316.6000061035156,301.7099914550781,7903700
2023-03-16,When One Piece Season 2 Arrives on Netflix: Release Date Revealed,neutral,304.75,310.05999755859375,316.6000061035156,301.7099914550781,7903700
2023-03-16,"#SHOWBIZ: 'BoBoiBoy' No.1 on Netflix Malaysia, Indonesia, Singapore, Vietnam",neutral,304.75,310.05999755859375,316.6000061035156,301.7099914550781,7903700
2023-03-16,Netflix Starts Real-Time Voting For Live Shows - And Other Content 10/28/2025,neutral,304.75,310.05999755859375,316.6000061035156,301.7099914550781,7903700
2023-03-16,"Netflix CTO confirms vertical video experiments ahead, says 'not competing with TikTok'",neutral,304.75,310.05999755859375,316.6000061035156,301.7099914550781,7903700
2023-03-16,Netflix’s ‘Boots’ Climbs Charts with Gritty Gay Marine Story,neutral,304.75,310.05999755859375,316.6000061035156,301.7099914550781,7903700
2023-03-17,‘Intense’ Danish thriller shoots up Netflix top 10,positive,310.05999755859375,303.5,310.760009765625,300.0,6918800
2023-03-17,Netflix’s Costly Fantasy Series Returns with Major Change in Just 3 Days,negative,310.05999755859375,303.5,310.760009765625,300.0,6918800
2023-03-17,See Stranger Things Season 5 before anyone else on Netflix — here's how,neutral,310.05999755859375,303.5,310.760009765625,300.0,6918800
2023-03-17,New on Netflix in November 2025 — here are the 5 best new shows and movies to stream,positive,310.05999755859375,303.5,310.760009765625,300.0,6918800
2023-03-17,Netflix reaches settlement with ex-India legal head in gender bias lawsuit,negative,310.05999755859375,303.5,310.760009765625,300.0,6918800
2023-03-17,When One Piece Season 2 Arrives on Netflix: Release Date Revealed,neutral,310.05999755859375,303.5,310.760009765625,300.0,6918800
2023-03-17,"#SHOWBIZ: 'BoBoiBoy' No.1 on Netflix Malaysia, Indonesia, Singapore, Vietnam",neutral,310.05999755859375,303.5,310.760009765625,300.0,6918800
2023-03-17,Netflix Starts Real-Time Voting For Live Shows - And Other Content 10/28/2025,neutral,310.05999755859375,303.5,310.760009765625,300.0,6918800
2023-03-17,"Netflix CTO confirms vertical video experiments ahead, says 'not competing with TikTok'",neutral,310.05999755859375,303.5,310.760009765625,300.0,6918800
2023-03-17,Netflix’s ‘Boots’ Climbs Charts with Gritty Gay Marine Story,neutral,310.05999755859375,303.5,310.760009765625,300.0,6918800
2023-03-20,New on Netflix in November 2025 — here are the 5 best new shows and movies to stream,positive,299.7900085449219,305.1300048828125,307.5,296.0,5113400
2023-03-20,‘Intense’ Danish thriller shoots up Netflix top 10,positive,299.7900085449219,305.1300048828125,307.5,296.0,5113400
2023-03-20,Netflix’s Costly Fantasy Series Returns with Major Change in Just 3 Days,negative,299.7900085449219,305.1300048828125,307.5,296.0,5113400
2023-03-20,See Stranger Things Season 5 before anyone else on Netflix — here's how,neutral,299.7900085449219,305.1300048828125,307.5,296.0,5113400
2023-03-20,Netflix reaches settlement with ex-India legal head in gender bias lawsuit,negative,299.7900085449219,305.1300048828125,307.5,296.0,5113400
2023-03-20,When One Piece Season 2 Arrives on Netflix: Release Date Revealed,neutral,299.7900085449219,305.1300048828125,307.5,296.0,5113400
2023-03-20,"#SHOWBIZ: 'BoBoiBoy' No.1 on Netflix Malaysia, Indonesia, Singapore, Vietnam",neutral,299.7900085449219,305.1300048828125,307.5,296.0,5113400
2023-03-20,Netflix Starts Real-Time Voting For Live Shows - And Other Content 10/28/2025,neutral,299.7900085449219,305.1300048828125,307.5,296.0,5113400
2023-03-20,"Netflix CTO confirms vertical video experiments ahead, says 'not competing with TikTok'",neutral,299.7900085449219,305.1300048828125,307.5,296.0,5113400
2023-03-20,Netflix’s ‘Boots’ Climbs Charts with Gritty Gay Marine Story,neutral,299.7900085449219,305.1300048828125,307.5,296.0,5113400
2023-03-21,New on Netflix in November 2025 — here are the 5 best new shows and movies to stream,positive,306.32000732421875,305.7900085449219,307.9200134277344,300.42999267578125,4886300
2023-03-21,‘Intense’ Danish thriller shoots up Netflix top 10,positive,306.32000732421875,305.7900085449219,307.9200134277344,300.42999267578125,4886300
2023-03-21,Netflix’s Costly Fantasy Series Returns with Major Change in Just 3 Days,negative,306.32000732421875,305.7900085449219,307.9200134277344,300.42999267578125,4886300
2023-03-21,See Stranger Things Season 5 before anyone else on Netflix — here's how,neutral,306.32000732421875,305.7900085449219,307.9200134277344,300.42999267578125,4886300
2023-03-21,Netflix reaches settlement with ex-India legal head in gender bias lawsuit,negative,306.32000732421875,305.7900085449219,307.9200134277344,300.42999267578125,4886300
2023-03-21,When One Piece Season 2 Arrives on Netflix: Release Date Revealed,neutral,306.32000732421875,305.7900085449219,307.9200134277344,300.42999267578125,4886300
2023-03-21,"#SHOWBIZ: 'BoBoiBoy' No.1 on Netflix Malaysia, Indonesia, Singapore, Vietnam",neutral,306.32000732421875,305.7900085449219,307.9200134277344,300.42999267578125,4886300
2023-03-21,Netflix Starts Real-Time Voting For Live Shows - And Other Content 10/28/2025,neutral,306.32000732421875,305.7900085449219,307.9200134277344,300.42999267578125,4886300
2023-03-21,"Netflix CTO confirms vertical video experiments ahead, says 'not competing with TikTok'",neutral,306.32000732421875,305.7900085449219,307.9200134277344,300.42999267578125,4886300
2023-03-21,Netflix’s ‘Boots’ Climbs Charts with Gritty Gay Marine Story,neutral,306.32000732421875,305.7900085449219,307.9200134277344,300.42999267578125,4886300
2023-03-22,New on Netflix in November 2025 — here are the 5 best new shows and movies to stream,positive,306.30999755859375,293.8999938964844,306.45001220703125,293.5400085449219,5808000
2023-03-22,‘Intense’ Danish thriller shoots up Netflix top 10,positive,306.30999755859375,293.8999938964844,306.45001220703125,293.5400085449219,5808000
2023-03-22,Netflix’s Costly Fantasy Series Returns with Major Change in Just 3 Days,negative,306.30999755859375,293.8999938964844,306.45001220703125,293.5400085449219,5808000
2023-03-22,See Stranger Things Season 5 before anyone else on Netflix — here's how,neutral,306.30999755859375,293.8999938964844,306.45001220703125,293.5400085449219,5808000
2023-03-22,Netflix reaches settlement with ex-India legal head in gender bias lawsuit,negative,306.30999755859375,293.8999938964844,306.45001220703125,293.5400085449219,5808000
2023-03-22,When One Piece Season 2 Arrives on Netflix: Release Date Revealed,neutral,306.30999755859375,293.8999938964844,306.45001220703125,293.5400085449219,5808000
2023-03-22,"#SHOWBIZ: 'BoBoiBoy' No.1 on Netflix Malaysia, Indonesia, Singapore, Vietnam",neutral,306.30999755859375,293.8999938964844,306.45001220703125,293.5400085449219,5808000
2023-03-22,Netflix Starts Real-Time Voting For Live Shows - And Other Content 10/28/2025,neutral,306.30999755859375,293.8999938964844,306.45001220703125,293.5400085449219,5808000
2023-03-22,"Netflix CTO confirms vertical video experiments ahead, says 'not competing with TikTok'",neutral,306.30999755859375,293.8999938964844,306.45001220703125,293.5400085449219,5808000
2023-03-22,Netflix’s ‘Boots’ Climbs Charts with Gritty Gay Marine Story,neutral,306.30999755859375,293.8999938964844,306.45001220703125,293.5400085449219,5808000
2023-03-23,New on Netflix in November 2025 — here are the 5 best new shows and movies to stream,positive,304.67999267578125,320.3699951171875,322.7799987792969,304.1400146484375,15653300
2023-03-23,‘Intense’ Danish thriller shoots up Netflix top 10,positive,304.67999267578125,320.3699951171875,322.7799987792969,304.1400146484375,15653300
2023-03-23,Netflix’s Costly Fantasy Series Returns with Major Change in Just 3 Days,negative,304.67999267578125,320.3699951171875,322.7799987792969,304.1400146484375,15653300
2023-03-23,See Stranger Things Season 5 before anyone else on Netflix — here's how,neutral,304.67999267578125,320.3699951171875,322.7799987792969,304.1400146484375,15653300
2023-03-23,Netflix reaches settlement with ex-India legal head in gender bias lawsuit,negative,304.67999267578125,320.3699951171875,322.7799987792969,304.1400146484375,15653300
2023-03-23,When One Piece Season 2 Arrives on Netflix: Release Date Revealed,neutral,304.67999267578125,320.3699951171875,322.7799987792969,304.1400146484375,15653300
2023-03-23,"#SHOWBIZ: 'BoBoiBoy' No.1 on Netflix Malaysia, Indonesia, Singapore, Vietnam",neutral,304.67999267578125,320.3699951171875,322.7799987792969,304.1400146484375,15653300
2023-03-23,Netflix Starts Real-Time Voting For Live Shows - And Other Content 10/28/2025,neutral,304.67999267578125,320.3699951171875,322.7799987792969,304.1400146484375,15653300
2023-03-23,"Netflix CTO confirms vertical video experiments ahead, says 'not competing with TikTok'",neutral,304.67999267578125,320.3699951171875,322.7799987792969,304.1400146484375,15653300
2023-03-23,Netflix’s ‘Boots’ Climbs Charts with Gritty Gay Marine Story,neutral,304.67999267578125,320.3699951171875,322.7799987792969,304.1400146484375,15653300
2023-03-24,New on Netflix in November 2025 — here are the 5 best new shows and movies to stream,positive,320.6300048828125,328.3900146484375,331.8299865722656,320.6300048828125,12991700
2023-03-24,‘Intense’ Danish thriller shoots up Netflix top 10,positive,320.6300048828125,328.3900146484375,331.8299865722656,320.6300048828125,12991700
2023-03-24,Netflix’s Costly Fantasy Series Returns with Major Change in Just 3 Days,negative,320.6300048828125,328.3900146484375,331.8299865722656,320.6300048828125,12991700
2023-03-24,See Stranger Things Season 5 before anyone else on Netflix — here's how,neutral,320.6300048828125,328.3900146484375,331.8299865722656,320.6300048828125,12991700
2023-03-24,Netflix reaches settlement with ex-India legal head in gender bias lawsuit,negative,320.6300048828125,328.3900146484375,331.8299865722656,320.6300048828125,12991700
2023-03-24,When One Piece Season 2 Arrives on Netflix: Release Date Revealed,neutral,320.6300048828125,328.3900146484375,331.8299865722656,320.6300048828125,12991700
2023-03-24,"#SHOWBIZ: 'BoBoiBoy' No.1 on Netflix Malaysia, Indonesia, Singapore, Vietnam",neutral,320.6300048828125,328.3900146484375,331.8299865722656,320.6300048828125,12991700
2023-03-24,Netflix Starts Real-Time Voting For Live Shows - And Other Content 10/28/2025,neutral,320.6300048828125,328.3900146484375,331.8299865722656,320.6300048828125,12991700
2023-03-24,"Netflix CTO confirms vertical video experiments ahead, says 'not competing with TikTok'",neutral,320.6300048828125,328.3900146484375,331.8299865722656,320.6300048828125,12991700
2023-03-24,Netflix’s ‘Boots’ Climbs Charts with Gritty Gay Marine Story,neutral,320.6300048828125,328.3900146484375,331.8299865722656,320.6300048828125,12991700
2023-03-27,New on Netflix in November 2025 — here are the 5 best new shows and movies to stream,positive,327.54998779296875,327.6600036621094,336.44000244140625,324.4100036621094,8625800
2023-03-27,‘Intense’ Danish thriller shoots up Netflix top 10,positive,327.54998779296875,327.6600036621094,336.44000244140625,324.4100036621094,8625800
2023-03-27,Netflix’s Costly Fantasy Series Returns with Major Change in Just 3 Days,negative,327.54998779296875,327.6600036621094,336.44000244140625,324.4100036621094,8625800
2023-03-27,See Stranger Things Season 5 before anyone else on Netflix — here's how,neutral,327.54998779296875,327.6600036621094,336.44000244140625,324.4100036621094,8625800
2023-03-27,Netflix reaches settlement with ex-India legal head in gender bias lawsuit,negative,327.54998779296875,327.6600036621094,336.44000244140625,324.4100036621094,8625800
2023-03-27,When One Piece Season 2 Arrives on Netflix: Release Date Revealed,neutral,327.54998779296875,327.6600036621094,336.44000244140625,324.4100036621094,8625800
2023-03-27,"#SHOWBIZ: 'BoBoiBoy' No.1 on Netflix Malaysia, Indonesia, Singapore, Vietnam",neutral,327.54998779296875,327.6600036621094,336.44000244140625,324.4100036621094,8625800
2023-03-27,Netflix Starts Real-Time Voting For Live Shows - And Other Content 10/28/2025,neutral,327.54998779296875,327.6600036621094,336.44000244140625,324.4100036621094,8625800
2023-03-27,"Netflix CTO confirms vertical video experiments ahead, says 'not competing with TikTok'",neutral,327.54998779296875,327.6600036621094,336.44000244140625,324.4100036621094,8625800
2023-03-27,Netflix’s ‘Boots’ Climbs Charts with Gritty Gay Marine Story,neutral,327.54998779296875,327.6600036621094,336.44000244140625,324.4100036621094,8625800
2023-03-28,New on Netflix in November 2025 — here are the 5 best new shows and movies to stream,positive,326.05999755859375,323.5199890136719,333.32000732421875,321.2799987792969,6489400
2023-03-28,‘Intense’ Danish thriller shoots up Netflix top 10,positive,326.05999755859375,323.5199890136719,333.32000732421875,321.2799987792969,6489400
2023-03-28,Netflix’s Costly Fantasy Series Returns with Major Change in Just 3 Days,negative,326.05999755859375,323.5199890136719,333.32000732421875,321.2799987792969,6489400
2023-03-28,See Stranger Things Season 5 before anyone else on Netflix — here's how,neutral,326.05999755859375,323.5199890136719,333.32000732421875,321.2799987792969,6489400
2023-03-28,Netflix reaches settlement with ex-India legal head in gender bias lawsuit,negative,326.05999755859375,323.5199890136719,333.32000732421875,321.2799987792969,6489400
2023-03-28,When One Piece Season 2 Arrives on Netflix: Release Date Revealed,neutral,326.05999755859375,323.5199890136719,333.32000732421875,321.2799987792969,6489400
2023-03-28,"#SHOWBIZ: 'BoBoiBoy' No.1 on Netflix Malaysia, Indonesia, Singapore, Vietnam",neutral,326.05999755859375,323.5199890136719,333.32000732421875,321.2799987792969,6489400
2023-03-28,Netflix Starts Real-Time Voting For Live Shows - And Other Content 10/28/2025,neutral,326.05999755859375,323.5199890136719,333.32000732421875,321.2799987792969,6489400
2023-03-28,"Netflix CTO confirms vertical video experiments ahead, says 'not competing with TikTok'",neutral,326.05999755859375,323.5199890136719,333.32000732421875,321.2799987792969,6489400
2023-03-28,Netflix’s ‘Boots’ Climbs Charts with Gritty Gay Marine Story,neutral,326.05999755859375,323.5199890136719,333.32000732421875,321.2799987792969,6489400
2023-03-29,New on Netflix in November 2025 — here are the 5 best new shows and movies to stream,positive,326.2900085449219,332.0299987792969,332.8500061035156,325.7300109863281,6287300
2023-03-29,‘Intense’ Danish thriller shoots up Netflix top 10,positive,326.2900085449219,332.0299987792969,332.8500061035156,325.7300109863281,6287300
2023-03-29,Netflix’s Costly Fantasy Series Returns with Major Change in Just 3 Days,negative,326.2900085449219,332.0299987792969,332.8500061035156,325.7300109863281,6287300
2023-03-29,See Stranger Things Season 5 before anyone else on Netflix — here's how,neutral,326.2900085449219,332.0299987792969,332.8500061035156,325.7300109863281,6287300
2023-03-29,Netflix reaches settlement with ex-India legal head in gender bias lawsuit,negative,326.2900085449219,332.0299987792969,332.8500061035156,325.7300109863281,6287300
2023-03-29,When One Piece Season 2 Arrives on Netflix: Release Date Revealed,neutral,326.2900085449219,332.0299987792969,332.8500061035156,325.7300109863281,6287300
2023-03-29,"#SHOWBIZ: 'BoBoiBoy' No.1 on Netflix Malaysia, Indonesia, Singapore, Vietnam",neutral,326.2900085449219,332.0299987792969,332.8500061035156,325.7300109863281,6287300
2023-03-29,Netflix Starts Real-Time Voting For Live Shows - And Other Content 10/28/2025,neutral,326.2900085449219,332.0299987792969,332.8500061035156,325.7300109863281,6287300
2023-03-29,"Netflix CTO confirms vertical video experiments ahead, says 'not competing with TikTok'",neutral,326.2900085449219,332.0299987792969,332.8500061035156,325.7300109863281,6287300
2023-03-29,Netflix’s ‘Boots’ Climbs Charts with Gritty Gay Marine Story,neutral,326.2900085449219,332.0299987792969,332.8500061035156,325.7300109863281,6287300
2023-03-30,New on Netflix in November 2025 — here are the 5 best new shows and movies to stream,positive,340.2699890136719,338.42999267578125,343.2900085449219,335.29998779296875,7131500
2023-03-30,‘Intense’ Danish thriller shoots up Netflix top 10,positive,340.2699890136719,338.42999267578125,343.2900085449219,335.29998779296875,7131500
2023-03-30,Netflix’s Costly Fantasy Series Returns with Major Change in Just 3 Days,negative,340.2699890136719,338.42999267578125,343.2900085449219,335.29998779296875,7131500
2023-03-30,See Stranger Things Season 5 before anyone else on Netflix — here's how,neutral,340.2699890136719,338.42999267578125,343.2900085449219,335.29998779296875,7131500
2023-03-30,Netflix reaches settlement with ex-India legal head in gender bias lawsuit,negative,340.2699890136719,338.42999267578125,343.2900085449219,335.29998779296875,7131500
2023-03-30,When One Piece Season 2 Arrives on Netflix: Release Date Revealed,neutral,340.2699890136719,338.42999267578125,343.2900085449219,335.29998779296875,7131500
2023-03-30,"#SHOWBIZ: 'BoBoiBoy' No.1 on Netflix Malaysia, Indonesia, Singapore, Vietnam",neutral,340.2699890136719,338.42999267578125,343.2900085449219,335.29998779296875,7131500
2023-03-30,Netflix Starts Real-Time Voting For Live Shows - And Other Content 10/28/2025,neutral,340.2699890136719,338.42999267578125,343.2900085449219,335.29998779296875,7131500
2023-03-30,"Netflix CTO confirms vertical video experiments ahead, says 'not competing with TikTok'",neutral,340.2699890136719,338.42999267578125,343.2900085449219,335.29998779296875,7131500
2023-03-30,Netflix’s ‘Boots’ Climbs Charts with Gritty Gay Marine Story,neutral,340.2699890136719,338.42999267578125,343.2900085449219,335.29998779296875,7131500

2023-04-03,Crash Bandicoot animated tv show apparently in the works at Netflix,negative,341.8299865722656,348.2799987792969,348.5799865722656,340.3999938964844,4413700
2023-04-03,"Crash Bandicoot Is Returning to Netflix, But I Hope It’s Nothing Like His Last Appearance",positive,341.8299865722656,348.2799987792969,348.5799865722656,340.3999938964844,4413700
2023-04-03,New on Netflix in November 2025 — here are the 5 best new shows and movies to stream,positive,341.8299865722656,348.2799987792969,348.5799865722656,340.3999938964844,4413700
2023-04-03,‘Intense’ Danish thriller shoots up Netflix top 10,positive,341.8299865722656,348.2799987792969,348.5799865722656,340.3999938964844,4413700
2023-04-03,Netflix’s Costly Fantasy Series Returns with Major Change in Just 3 Days,negative,341.8299865722656,348.2799987792969,348.5799865722656,340.3999938964844,4413700
2023-04-03,Bridgerton: Who Edwina Sharma marries in the books vs. the Netflix series,neutral,341.8299865722656,348.2799987792969,348.5799865722656,340.3999938964844,4413700
2023-04-03,See Stranger Things Season 5 before anyone else on Netflix — here's how,neutral,341.8299865722656,348.2799987792969,348.5799865722656,340.3999938964844,4413700
2023-04-03,Netflix reaches settlement with ex-India legal head in gender bias lawsuit,negative,341.8299865722656,348.2799987792969,348.5799865722656,340.3999938964844,4413700
2023-04-03,When One Piece Season 2 Arrives on Netflix: Release Date Revealed,neutral,341.8299865722656,348.2799987792969,348.5799865722656,340.3999938964844,4413700
2023-04-03,"#SHOWBIZ: 'BoBoiBoy' No.1 on Netflix Malaysia, Indonesia, Singapore, Vietnam",neutral,341.8299865722656,348.2799987792969,348.5799865722656,340.3999938964844,4413700
2023-04-04,Crash Bandicoot animated tv show apparently in the works at Netflix,negative,348.489990234375,346.75,349.79998779296875,343.95001220703125,3298100
2023-04-04,"Crash Bandicoot Is Returning to Netflix, But I Hope It’s Nothing Like His Last Appearance",positive,348.489990234375,346.75,349.79998779296875,343.95001220703125,3298100
2023-04-04,New on Netflix in November 2025 — here are the 5 best new shows and movies to stream,positive,348.489990234375,346.75,349.79998779296875,343.95001220703125,3298100
2023-04-04,‘Intense’ Danish thriller shoots up Netflix top 10,positive,348.489990234375,346.75,349.79998779296875,343.95001220703125,3298100
2023-04-04,Netflix’s Costly Fantasy Series Returns with Major Change in Just 3 Days,negative,348.489990234375,346.75,349.79998779296875,343.95001220703125,3298100
2023-04-04,Bridgerton: Who Edwina Sharma marries in the books vs. the Netflix series,neutral,348.489990234375,346.75,349.79998779296875,343.95001220703125,3298100
2023-04-04,See Stranger Things Season 5 before anyone else on Netflix — here's how,neutral,348.489990234375,346.75,349.79998779296875,343.95001220703125,3298100
2023-04-04,Netflix reaches settlement with ex-India legal head in gender bias lawsuit,negative,348.489990234375,346.75,349.79998779296875,343.95001220703125,3298100
2023-04-04,When One Piece Season 2 Arrives on Netflix: Release Date Revealed,neutral,348.489990234375,346.75,349.79998779296875,343.95001220703125,3298100
2023-04-04,"#SHOWBIZ: 'BoBoiBoy' No.1 on Netflix Malaysia, Indonesia, Singapore, Vietnam",neutral,348.489990234375,346.75,349.79998779296875,343.95001220703125,3298100
2023-04-05,Crash Bandicoot animated tv show apparently in the works at Netflix,negative,345.29998779296875,342.3500061035156,345.42999267578125,336.25,4205500
2023-04-05,"Crash Bandicoot Is Returning to Netflix, But I Hope It’s Nothing Like His Last Appearance",positive,345.29998779296875,342.3500061035156,345.42999267578125,336.25,4205500
2023-04-05,New on Netflix in November 2025 — here are the 5 best new shows and movies to stream,positive,345.29998779296875,342.3500061035156,345.42999267578125,336.25,4205500
2023-04-05,‘Intense’ Danish thriller shoots up Netflix top 10,positive,345.29998779296875,342.3500061035156,345.42999267578125,336.25,4205500
2023-04-05,Netflix’s Costly Fantasy Series Returns with Major Change in Just 3 Days,negative,345.29998779296875,342.3500061035156,345.42999267578125,336.25,4205500
2023-04-05,Bridgerton: Who Edwina Sharma marries in the books vs. the Netflix series,neutral,345.29998779296875,342.3500061035156,345.42999267578125,336.25,4205500
2023-04-05,See Stranger Things Season 5 before anyone else on Netflix — here's how,neutral,345.29998779296875,342.3500061035156,345.42999267578125,336.25,4205500
2023-04-05,Netflix reaches settlement with ex-India legal head in gender bias lawsuit,negative,345.29998779296875,342.3500061035156,345.42999267578125,336.25,4205500
2023-04-05,When One Piece Season 2 Arrives on Netflix: Release Date Revealed,neutral,345.29998779296875,342.3500061035156,345.42999267578125,336.25,4205500
2023-04-05,"#SHOWBIZ: 'BoBoiBoy' No.1 on Netflix Malaysia, Indonesia, Singapore, Vietnam",neutral,345.29998779296875,342.3500061035156,345.42999267578125,336.25,4205500
2023-04-06,Crash Bandicoot animated tv show apparently in the works at Netflix,negative,339.3399963378906,339.3299865722656,340.4800109863281,332.6300048828125,4660500
2023-04-06,"Crash Bandicoot Is Returning to Netflix, But I Hope It’s Nothing Like His Last Appearance",positive,339.3399963378906,339.3299865722656,340.4800109863281,332.6300048828125,4660500
2023-04-06,New on Netflix in November 2025 — here are the 5 best new shows and movies to stream,positive,339.3399963378906,339.3299865722656,340.4800109863281,332.6300048828125,4660500
2023-04-06,‘Intense’ Danish thriller shoots up Netflix top 10,positive,339.3399963378906,339.3299865722656,340.4800109863281,332.6300048828125,4660500
2023-04-06,Netflix’s Costly Fantasy Series Returns with Major Change in Just 3 Days,negative,339.3399963378906,339.3299865722656,340.4800109863281,332.6300048828125,4660500
2023-04-06,Bridgerton: Who Edwina Sharma marries in the books vs. the Netflix series,neutral,339.3399963378906,339.3299865722656,340.4800109863281,332.6300048828125,4660500
2023-04-06,See Stranger Things Season 5 before anyone else on Netflix — here's how,neutral,339.3399963378906,339.3299865722656,340.4800109863281,332.6300048828125,4660500
2023-04-06,Netflix reaches settlement with ex-India legal head in gender bias lawsuit,negative,339.3399963378906,339.3299865722656,340.4800109863281,332.6300048828125,4660500
2023-04-06,When One Piece Season 2 Arrives on Netflix: Release Date Revealed,neutral,339.3399963378906,339.3299865722656,340.4800109863281,332.6300048828125,4660500
2023-04-06,"#SHOWBIZ: 'BoBoiBoy' No.1 on Netflix Malaysia, Indonesia, Singapore, Vietnam",neutral,339.3399963378906,339.3299865722656,340.4800109863281,332.6300048828125,4660500
2023-04-10,Crash Bandicoot animated tv show apparently in the works at Netflix,negative,335.2699890136719,338.989990234375,339.8800048828125,333.3599853515625,2657900
2023-04-10,"Crash Bandicoot Is Returning to Netflix, But I Hope It’s Nothing Like His Last Appearance",positive,335.2699890136719,338.989990234375,339.8800048828125,333.3599853515625,2657900
2023-04-10,New on Netflix in November 2025 — here are the 5 best new shows and movies to stream,positive,335.2699890136719,338.989990234375,339.8800048828125,333.3599853515625,2657900
2023-04-10,‘Intense’ Danish thriller shoots up Netflix top 10,positive,335.2699890136719,338.989990234375,339.8800048828125,333.3599853515625,2657900
2023-04-10,Netflix’s Costly Fantasy Series Returns with Major Change in Just 3 Days,negative,335.2699890136719,338.989990234375,339.8800048828125,333.3599853515625,2657900
2023-04-10,Bridgerton: Who Edwina Sharma marries in the books vs. the Netflix series,neutral,335.2699890136719,338.989990234375,339.8800048828125,333.3599853515625,2657900
2023-04-10,See Stranger Things Season 5 before anyone else on Netflix — here's how,neutral,335.2699890136719,338.989990234375,339.8800048828125,333.3599853515625,2657900
2023-04-10,Netflix reaches settlement with ex-India legal head in gender bias lawsuit,negative,335.2699890136719,338.989990234375,339.8800048828125,333.3599853515625,2657900
2023-04-10,When One Piece Season 2 Arrives on Netflix: Release Date Revealed,neutral,335.2699890136719,338.989990234375,339.8800048828125,333.3599853515625,2657900
2023-04-10,"#SHOWBIZ: 'BoBoiBoy' No.1 on Netflix Malaysia, Indonesia, Singapore, Vietnam",neutral,335.2699890136719,338.989990234375,339.8800048828125,333.3599853515625,2657900
2023-04-11,Crash Bandicoot animated tv show apparently in the works at Netflix,negative,343.45001220703125,338.2099914550781,347.1400146484375,337.6400146484375,4044800
2023-04-11,"Crash Bandicoot Is Returning to Netflix, But I Hope It’s Nothing Like His Last Appearance",positive,343.45001220703125,338.2099914550781,347.1400146484375,337.6400146484375,4044800
2023-04-11,New on Netflix in November 2025 — here are the 5 best new shows and movies to stream,positive,343.45001220703125,338.2099914550781,347.1400146484375,337.6400146484375,4044800
2023-04-11,‘Intense’ Danish thriller shoots up Netflix top 10,positive,343.45001220703125,338.2099914550781,347.1400146484375,337.6400146484375,4044800
2023-04-11,Netflix’s Costly Fantasy Series Returns with Major Change in Just 3 Days,negative,343.45001220703125,338.2099914550781,347.1400146484375,337.6400146484375,4044800
2023-04-11,Bridgerton: Who Edwina Sharma marries in the books vs. the Netflix series,neutral,343.45001220703125,338.2099914550781,347.1400146484375,337.6400146484375,4044800
2023-04-11,See Stranger Things Season 5 before anyone else on Netflix — here's how,neutral,343.45001220703125,338.2099914550781,347.1400146484375,337.6400146484375,4044800
2023-04-11,Netflix reaches settlement with ex-India legal head in gender bias lawsuit,negative,343.45001220703125,338.2099914550781,347.1400146484375,337.6400146484375,4044800
2023-04-11,When One Piece Season 2 Arrives on Netflix: Release Date Revealed,neutral,343.45001220703125,338.2099914550781,347.1400146484375,337.6400146484375,4044800
2023-04-11,"#SHOWBIZ: 'BoBoiBoy' No.1 on Netflix Malaysia, Indonesia, Singapore, Vietnam",neutral,343.45001220703125,338.2099914550781,347.1400146484375,337.6400146484375,4044800
2023-04-12,Crash Bandicoot animated tv show apparently in the works at Netflix,negative,340.80999755859375,331.0299987792969,342.79998779296875,330.0400085449219,3965400
2023-04-12,"Crash Bandicoot Is Returning to Netflix, But I Hope It’s Nothing Like His Last Appearance",positive,340.80999755859375,331.0299987792969,342.79998779296875,330.0400085449219,3965400
2023-04-12,New on Netflix in November 2025 — here are the 5 best new shows and movies to stream,positive,340.80999755859375,331.0299987792969,342.79998779296875,330.0400085449219,3965400
2023-04-12,‘Intense’ Danish thriller shoots up Netflix top 10,positive,340.80999755859375,331.0299987792969,342.79998779296875,330.0400085449219,3965400
2023-04-12,Netflix’s Costly Fantasy Series Returns with Major Change in Just 3 Days,negative,340.80999755859375,331.0299987792969,342.79998779296875,330.0400085449219,3965400
2023-04-12,Bridgerton: Who Edwina Sharma marries in the books vs. the Netflix series,neutral,340.80999755859375,331.0299987792969,342.79998779296875,330.0400085449219,3965400
2023-04-12,See Stranger Things Season 5 before anyone else on Netflix — here's how,neutral,340.80999755859375,331.0299987792969,342.79998779296875,330.0400085449219,3965400
2023-04-12,Netflix reaches settlement with ex-India legal head in gender bias lawsuit,negative,340.80999755859375,331.0299987792969,342.79998779296875,330.0400085449219,3965400
2023-04-12,When One Piece Season 2 Arrives on Netflix: Release Date Revealed,neutral,340.80999755859375,331.0299987792969,342.79998779296875,330.0400085449219,3965400
2023-04-12,"#SHOWBIZ: 'BoBoiBoy' No.1 on Netflix Malaysia, Indonesia, Singapore, Vietnam",neutral,340.80999755859375,331.0299987792969,342.79998779296875,330.0400085449219,3965400
2023-04-13,Crash Bandicoot animated tv show apparently in the works at Netflix,negative,339.989990234375,346.19000244140625,346.42999267578125,338.75,7406400
2023-04-13,"Crash Bandicoot Is Returning to Netflix, But I Hope It’s Nothing Like His Last Appearance",positive,339.989990234375,346.19000244140625,346.42999267578125,338.75,7406400
2023-04-13,New on Netflix in November 2025 — here are the 5 best new shows and movies to stream,positive,339.989990234375,346.19000244140625,346.42999267578125,338.75,7406400
2023-04-13,‘Intense’ Danish thriller shoots up Netflix top 10,positive,339.989990234375,346.19000244140625,346.42999267578125,338.75,7406400
2023-04-13,Netflix’s Costly Fantasy Series Returns with Major Change in Just 3 Days,negative,339.989990234375,346.19000244140625,346.42999267578125,338.75,7406400
2023-04-13,Bridgerton: Who Edwina Sharma marries in the books vs. the Netflix series,neutral,339.989990234375,346.19000244140625,346.42999267578125,338.75,7406400
2023-04-13,See Stranger Things Season 5 before anyone else on Netflix — here's how,neutral,339.989990234375,346.19000244140625,346.42999267578125,338.75,7406400
2023-04-13,Netflix reaches settlement with ex-India legal head in gender bias lawsuit,negative,339.989990234375,346.19000244140625,346.42999267578125,338.75,7406400
2023-04-13,When One Piece Season 2 Arrives on Netflix: Release Date Revealed,neutral,339.989990234375,346.19000244140625,346.42999267578125,338.75,7406400
2023-04-13,"#SHOWBIZ: 'BoBoiBoy' No.1 on Netflix Malaysia, Indonesia, Singapore, Vietnam",neutral,339.989990234375,346.19000244140625,346.42999267578125,338.75,7406400
2023-04-14,Crash Bandicoot animated tv show apparently in the works at Netflix,negative,342.94000244140625,338.6300048828125,344.8500061035156,336.4100036621094,5350500
2023-04-14,"Crash Bandicoot Is Returning to Netflix, But I Hope It’s Nothing Like His Last Appearance",positive,342.94000244140625,338.6300048828125,344.8500061035156,336.4100036621094,5350500
2023-04-14,New on Netflix in November 2025 — here are the 5 best new shows and movies to stream,positive,342.94000244140625,338.6300048828125,344.8500061035156,336.4100036621094,5350500
2023-04-14,‘Intense’ Danish thriller shoots up Netflix top 10,positive,342.94000244140625,338.6300048828125,344.8500061035156,336.4100036621094,5350500
2023-04-14,Netflix’s Costly Fantasy Series Returns with Major Change in Just 3 Days,negative,342.94000244140625,338.6300048828125,344.8500061035156,336.4100036621094,5350500
2023-04-14,Bridgerton: Who Edwina Sharma marries in the books vs. the Netflix series,neutral,342.94000244140625,338.6300048828125,344.8500061035156,336.4100036621094,5350500
2023-04-14,See Stranger Things Season 5 before anyone else on Netflix — here's how,neutral,342.94000244140625,338.6300048828125,344.8500061035156,336.4100036621094,5350500
2023-04-14,Netflix reaches settlement with ex-India legal head in gender bias lawsuit,negative,342.94000244140625,338.6300048828125,344.8500061035156,336.4100036621094,5350500
2023-04-14,When One Piece Season 2 Arrives on Netflix: Release Date Revealed,neutral,342.94000244140625,338.6300048828125,344.8500061035156,336.4100036621094,5350500
2023-04-14,"#SHOWBIZ: 'BoBoiBoy' No.1 on Netflix Malaysia, Indonesia, Singapore, Vietnam",neutral,342.94000244140625,338.6300048828125,344.8500061035156,336.4100036621094,5350500
2023-04-17,Crash Bandicoot animated tv show apparently in the works at Netflix,negative,338.0,332.7200012207031,338.3900146484375,327.5,6136000
2023-04-17,"Crash Bandicoot Is Returning to Netflix, But I Hope It’s Nothing Like His Last Appearance",positive,338.0,332.7200012207031,338.3900146484375,327.5,6136000
2023-04-17,New on Netflix in November 2025 — here are the 5 best new shows and movies to stream,positive,338.0,332.7200012207031,338.3900146484375,327.5,6136000
2023-04-17,‘Intense’ Danish thriller shoots up Netflix top 10,positive,338.0,332.7200012207031,338.3900146484375,327.5,6136000
2023-04-17,Netflix’s Costly Fantasy Series Returns with Major Change in Just 3 Days,negative,338.0,332.7200012207031,338.3900146484375,327.5,6136000
2023-04-17,Bridgerton: Who Edwina Sharma marries in the books vs. the Netflix series,neutral,338.0,332.7200012207031,338.3900146484375,327.5,6136000
2023-04-17,See Stranger Things Season 5 before anyone else on Netflix — here's how,neutral,338.0,332.7200012207031,338.3900146484375,327.5,6136000
2023-04-17,Netflix reaches settlement with ex-India legal head in gender bias lawsuit,negative,338.0,332.7200012207031,338.3900146484375,327.5,6136000
2023-04-17,When One Piece Season 2 Arrives on Netflix: Release Date Revealed,neutral,338.0,332.7200012207031,338.3900146484375,327.5,6136000
2023-04-17,"#SHOWBIZ: 'BoBoiBoy' No.1 on Netflix Malaysia, Indonesia, Singapore, Vietnam",neutral,338.0,332.7200012207031,338.3900146484375,327.5,6136000
2023-04-18,Crash Bandicoot animated tv show apparently in the works at Netflix,negative,335.0,333.70001220703125,337.19000244140625,330.5,17944500
2023-04-18,"Crash Bandicoot Is Returning to Netflix, But I Hope It’s Nothing Like His Last Appearance",positive,335.0,333.70001220703125,337.19000244140625,330.5,17944500
2023-04-18,New on Netflix in November 2025 — here are the 5 best new shows and movies to stream,positive,335.0,333.70001220703125,337.19000244140625,330.5,17944500
2023-04-18,‘Intense’ Danish thriller shoots up Netflix top 10,positive,335.0,333.70001220703125,337.19000244140625,330.5,17944500
2023-04-18,Netflix’s Costly Fantasy Series Returns with Major Change in Just 3 Days,negative,335.0,333.70001220703125,337.19000244140625,330.5,17944500
2023-04-18,Bridgerton: Who Edwina Sharma marries in the books vs. the Netflix series,neutral,335.0,333.70001220703125,337.19000244140625,330.5,17944500
2023-04-18,See Stranger Things Season 5 before anyone else on Netflix — here's how,neutral,335.0,333.70001220703125,337.19000244140625,330.5,17944500
2023-04-18,Netflix reaches settlement with ex-India legal head in gender bias lawsuit,negative,335.0,333.70001220703125,337.19000244140625,330.5,17944500
2023-04-18,When One Piece Season 2 Arrives on Netflix: Release Date Revealed,neutral,335.0,333.70001220703125,337.19000244140625,330.5,17944500
2023-04-18,"#SHOWBIZ: 'BoBoiBoy' No.1 on Netflix Malaysia, Indonesia, Singapore, Vietnam",neutral,335.0,333.70001220703125,337.19000244140625,330.5,17944500
2023-04-19,"The Asset (Legenden, TV Series 2025) 'Netflix' Recap & Ending Explained: Can Ashley Ever Escape Miran’s World, or Is She Becoming the New Miran?",positive,324.2099914550781,323.1199951171875,325.75,316.1000061035156,22128300
2023-04-19,Crash Bandicoot animated tv show apparently in the works at Netflix,negative,324.2099914550781,323.1199951171875,325.75,316.1000061035156,22128300
2023-04-19,"Crash Bandicoot Is Returning to Netflix, But I Hope It’s Nothing Like His Last Appearance",positive,324.2099914550781,323.1199951171875,325.75,316.1000061035156,22128300
2023-04-19,New on Netflix in November 2025 — here are the 5 best new shows and movies to stream,positive,324.2099914550781,323.1199951171875,325.75,316.1000061035156,22128300
2023-04-19,‘Intense’ Danish thriller shoots up Netflix top 10,positive,324.2099914550781,323.1199951171875,325.75,316.1000061035156,22128300
2023-04-19,Netflix’s Costly Fantasy Series Returns with Major Change in Just 3 Days,negative,324.2099914550781,323.1199951171875,325.75,316.1000061035156,22128300
2023-04-19,Bridgerton: Who Edwina Sharma marries in the books vs. the Netflix series,neutral,324.2099914550781,323.1199951171875,325.75,316.1000061035156,22128300
2023-04-19,See Stranger Things Season 5 before anyone else on Netflix — here's how,neutral,324.2099914550781,323.1199951171875,325.75,316.1000061035156,22128300
2023-04-19,Netflix reaches settlement with ex-India legal head in gender bias lawsuit,negative,324.2099914550781,323.1199951171875,325.75,316.1000061035156,22128300
2023-04-19,When One Piece Season 2 Arrives on Netflix: Release Date Revealed,neutral,324.2099914550781,323.1199951171875,325.75,316.1000061035156,22128300
2023-04-20,"The Asset (Legenden, TV Series 2025) 'Netflix' Recap & Ending Explained: Can Ashley Ever Escape Miran’s World, or Is She Becoming the New Miran?",positive,320.3900146484375,325.3500061035156,331.42999267578125,318.3299865722656,9947800
2023-04-20,Crash Bandicoot animated tv show apparently in the works at Netflix,negative,320.3900146484375,325.3500061035156,331.42999267578125,318.3299865722656,9947800
2023-04-20,"Crash Bandicoot Is Returning to Netflix, But I Hope It’s Nothing Like His Last Appearance",positive,320.3900146484375,325.3500061035156,331.42999267578125,318.3299865722656,9947800
2023-04-20,New on Netflix in November 2025 — here are the 5 best new shows and movies to stream,positive,320.3900146484375,325.3500061035156,331.42999267578125,318.3299865722656,9947800
2023-04-20,‘Intense’ Danish thriller shoots up Netflix top 10,positive,320.3900146484375,325.3500061035156,331.42999267578125,318.3299865722656,9947800
2023-04-20,Netflix’s Costly Fantasy Series Returns with Major Change in Just 3 Days,negative,320.3900146484375,325.3500061035156,331.42999267578125,318.3299865722656,9947800
2023-04-20,Bridgerton: Who Edwina Sharma marries in the books vs. the Netflix series,neutral,320.3900146484375,325.3500061035156,331.42999267578125,318.3299865722656,9947800
2023-04-20,See Stranger Things Season 5 before anyone else on Netflix — here's how,neutral,320.3900146484375,325.3500061035156,331.42999267578125,318.3299865722656,9947800
2023-04-20,Netflix reaches settlement with ex-India legal head in gender bias lawsuit,negative,320.3900146484375,325.3500061035156,331.42999267578125,318.3299865722656,9947800
2023-04-20,When One Piece Season 2 Arrives on Netflix: Release Date Revealed,neutral,320.3900146484375,325.3500061035156,331.42999267578125,318.3299865722656,9947800
2023-04-21,"The Asset (Legenden, TV Series 2025) 'Netflix' Recap & Ending Explained: Can Ashley Ever Escape Miran’s World, or Is She Becoming the New Miran?",positive,323.0,327.9800109863281,328.2900085449219,319.5,6348000
2023-04-21,Crash Bandicoot animated tv show apparently in the works at Netflix,negative,323.0,327.9800109863281,328.2900085449219,319.5,6348000
2023-04-21,"Crash Bandicoot Is Returning to Netflix, But I Hope It’s Nothing Like His Last Appearance",positive,323.0,327.9800109863281,328.2900085449219,319.5,6348000
2023-04-21,New on Netflix in November 2025 — here are the 5 best new shows and movies to stream,positive,323.0,327.9800109863281,328.2900085449219,319.5,6348000
2023-04-21,‘Intense’ Danish thriller shoots up Netflix top 10,positive,323.0,327.9800109863281,328.2900085449219,319.5,6348000
2023-04-21,Netflix’s Costly Fantasy Series Returns with Major Change in Just 3 Days,negative,323.0,327.9800109863281,328.2900085449219,319.5,6348000
2023-04-21,Bridgerton: Who Edwina Sharma marries in the books vs. the Netflix series,neutral,323.0,327.9800109863281,328.2900085449219,319.5,6348000
2023-04-21,See Stranger Things Season 5 before anyone else on Netflix — here's how,neutral,323.0,327.9800109863281,328.2900085449219,319.5,6348000
2023-04-21,Netflix reaches settlement with ex-India legal head in gender bias lawsuit,negative,323.0,327.9800109863281,328.2900085449219,319.5,6348000
2023-04-21,When One Piece Season 2 Arrives on Netflix: Release Date Revealed,neutral,323.0,327.9800109863281,328.2900085449219,319.5,6348000
2023-04-24,"The Asset (Legenden, TV Series 2025) 'Netflix' Recap & Ending Explained: Can Ashley Ever Escape Miran’s World, or Is She Becoming the New Miran?",positive,330.20001220703125,329.0199890136719,334.6600036621094,326.75,5586600
2023-04-24,Crash Bandicoot animated tv show apparently in the works at Netflix,negative,330.20001220703125,329.0199890136719,334.6600036621094,326.75,5586600
2023-04-24,"Crash Bandicoot Is Returning to Netflix, But I Hope It’s Nothing Like His Last Appearance",positive,330.20001220703125,329.0199890136719,334.6600036621094,326.75,5586600
2023-04-24,New on Netflix in November 2025 — here are the 5 best new shows and movies to stream,positive,330.20001220703125,329.0199890136719,334.6600036621094,326.75,5586600
2023-04-24,‘Intense’ Danish thriller shoots up Netflix top 10,positive,330.20001220703125,329.0199890136719,334.6600036621094,326.75,5586600
2023-04-24,Netflix’s Costly Fantasy Series Returns with Major Change in Just 3 Days,negative,330.20001220703125,329.0199890136719,334.6600036621094,326.75,5586600
2023-04-24,Bridgerton: Who Edwina Sharma marries in the books vs. the Netflix series,neutral,330.20001220703125,329.0199890136719,334.6600036621094,326.75,5586600
2023-04-24,See Stranger Things Season 5 before anyone else on Netflix — here's how,neutral,330.20001220703125,329.0199890136719,334.6600036621094,326.75,5586600
2023-04-24,Netflix reaches settlement with ex-India legal head in gender bias lawsuit,negative,330.20001220703125,329.0199890136719,334.6600036621094,326.75,5586600
2023-04-24,When One Piece Season 2 Arrives on Netflix: Release Date Revealed,neutral,330.20001220703125,329.0199890136719,334.6600036621094,326.75,5586600
2023-04-25,"The Asset (Legenden, TV Series 2025) 'Netflix' Recap & Ending Explained: Can Ashley Ever Escape Miran’s World, or Is She Becoming the New Miran?",positive,328.5,322.54998779296875,328.6600036621094,321.1000061035156,5426600
2023-04-25,Crash Bandicoot animated tv show apparently in the works at Netflix,negative,328.5,322.54998779296875,328.6600036621094,321.1000061035156,5426600
2023-04-25,"Crash Bandicoot Is Returning to Netflix, But I Hope It’s Nothing Like His Last Appearance",positive,328.5,322.54998779296875,328.6600036621094,321.1000061035156,5426600
2023-04-25,New on Netflix in November 2025 — here are the 5 best new shows and movies to stream,positive,328.5,322.54998779296875,328.6600036621094,321.1000061035156,5426600
2023-04-25,‘Intense’ Danish thriller shoots up Netflix top 10,positive,328.5,322.54998779296875,328.6600036621094,321.1000061035156,5426600
2023-04-25,Netflix’s Costly Fantasy Series Returns with Major Change in Just 3 Days,negative,328.5,322.54998779296875,328.6600036621094,321.1000061035156,5426600
2023-04-25,Bridgerton: Who Edwina Sharma marries in the books vs. the Netflix series,neutral,328.5,322.54998779296875,328.6600036621094,321.1000061035156,5426600
2023-04-25,See Stranger Things Season 5 before anyone else on Netflix — here's how,neutral,328.5,322.54998779296875,328.6600036621094,321.1000061035156,5426600
2023-04-25,Netflix reaches settlement with ex-India legal head in gender bias lawsuit,negative,328.5,322.54998779296875,328.6600036621094,321.1000061035156,5426600
2023-04-25,When One Piece Season 2 Arrives on Netflix: Release Date Revealed,neutral,328.5,322.54998779296875,328.6600036621094,321.1000061035156,5426600
2023-04-26,"The Asset (Legenden, TV Series 2025) 'Netflix' Recap & Ending Explained: Can Ashley Ever Escape Miran’s World, or Is She Becoming the New Miran?",positive,321.3599853515625,321.1499938964844,325.8999938964844,320.4700012207031,4623200
2023-04-26,Crash Bandicoot animated tv show apparently in the works at Netflix,negative,321.3599853515625,321.1499938964844,325.8999938964844,320.4700012207031,4623200
2023-04-26,"Crash Bandicoot Is Returning to Netflix, But I Hope It’s Nothing Like His Last Appearance",positive,321.3599853515625,321.1499938964844,325.8999938964844,320.4700012207031,4623200
2023-04-26,New on Netflix in November 2025 — here are the 5 best new shows and movies to stream,positive,321.3599853515625,321.1499938964844,325.8999938964844,320.4700012207031,4623200
2023-04-26,‘Intense’ Danish thriller shoots up Netflix top 10,positive,321.3599853515625,321.1499938964844,325.8999938964844,320.4700012207031,4623200
2023-04-26,Netflix’s Costly Fantasy Series Returns with Major Change in Just 3 Days,negative,321.3599853515625,321.1499938964844,325.8999938964844,320.4700012207031,4623200
2023-04-26,Bridgerton: Who Edwina Sharma marries in the books vs. the Netflix series,neutral,321.3599853515625,321.1499938964844,325.8999938964844,320.4700012207031,4623200
2023-04-26,See Stranger Things Season 5 before anyone else on Netflix — here's how,neutral,321.3599853515625,321.1499938964844,325.8999938964844,320.4700012207031,4623200
2023-04-26,Netflix reaches settlement with ex-India legal head in gender bias lawsuit,negative,321.3599853515625,321.1499938964844,325.8999938964844,320.4700012207031,4623200
2023-04-26,When One Piece Season 2 Arrives on Netflix: Release Date Revealed,neutral,321.3599853515625,321.1499938964844,325.8999938964844,320.4700012207031,4623200
2023-04-27,"The Asset (Legenden, TV Series 2025) 'Netflix' Recap & Ending Explained: Can Ashley Ever Escape Miran’s World, or Is She Becoming the New Miran?",positive,324.29998779296875,325.8500061035156,327.45001220703125,317.44000244140625,5618800
2023-04-27,Crash Bandicoot animated tv show apparently in the works at Netflix,negative,324.29998779296875,325.8500061035156,327.45001220703125,317.44000244140625,5618800
2023-04-27,"Crash Bandicoot Is Returning to Netflix, But I Hope It’s Nothing Like His Last Appearance",positive,324.29998779296875,325.8500061035156,327.45001220703125,317.44000244140625,5618800
2023-04-27,New on Netflix in November 2025 — here are the 5 best new shows and movies to stream,positive,324.29998779296875,325.8500061035156,327.45001220703125,317.44000244140625,5618800
2023-04-27,‘Intense’ Danish thriller shoots up Netflix top 10,positive,324.29998779296875,325.8500061035156,327.45001220703125,317.44000244140625,5618800
2023-04-27,Netflix’s Costly Fantasy Series Returns with Major Change in Just 3 Days,negative,324.29998779296875,325.8500061035156,327.45001220703125,317.44000244140625,5618800
2023-04-27,Bridgerton: Who Edwina Sharma marries in the books vs. the Netflix series,neutral,324.29998779296875,325.8500061035156,327.45001220703125,317.44000244140625,5618800
2023-04-27,See Stranger Things Season 5 before anyone else on Netflix — here's how,neutral,324.29998779296875,325.8500061035156,327.45001220703125,317.44000244140625,5618800
2023-04-27,Netflix reaches settlement with ex-India legal head in gender bias lawsuit,negative,324.29998779296875,325.8500061035156,327.45001220703125,317.44000244140625,5618800
2023-04-27,When One Piece Season 2 Arrives on Netflix: Release Date Revealed,neutral,324.29998779296875,325.8500061035156,327.45001220703125,317.44000244140625,5618800
2023-04-28,"The Asset (Legenden, TV Series 2025) 'Netflix' Recap & Ending Explained: Can Ashley Ever Escape Miran’s World, or Is She Becoming the New Miran?",positive,325.239990234375,329.92999267578125,330.80999755859375,324.0,4228400
2023-04-28,Crash Bandicoot animated tv show apparently in the works at Netflix,negative,325.239990234375,329.92999267578125,330.80999755859375,324.0,4228400
2023-04-28,"Crash Bandicoot Is Returning to Netflix, But I Hope It’s Nothing Like His Last Appearance",positive,325.239990234375,329.92999267578125,330.80999755859375,324.0,4228400
2023-04-28,New on Netflix in November 2025 — here are the 5 best new shows and movies to stream,positive,325.239990234375,329.92999267578125,330.80999755859375,324.0,4228400
2023-04-28,‘Intense’ Danish thriller shoots up Netflix top 10,positive,325.239990234375,329.92999267578125,330.80999755859375,324.0,4228400
2023-04-28,Netflix’s Costly Fantasy Series Returns with Major Change in Just 3 Days,negative,325.239990234375,329.92999267578125,330.80999755859375,324.0,4228400
2023-04-28,Bridgerton: Who Edwina Sharma marries in the books vs. the Netflix series,neutral,325.239990234375,329.92999267578125,330.80999755859375,324.0,4228400
2023-04-28,See Stranger Things Season 5 before anyone else on Netflix — here's how,neutral,325.239990234375,329.92999267578125,330.80999755859375,324.0,4228400
2023-04-28,Netflix reaches settlement with ex-India legal head in gender bias lawsuit,negative,325.239990234375,329.92999267578125,330.80999755859375,324.0,4228400
2023-04-28,When One Piece Season 2 Arrives on Netflix: Release Date Revealed,neutral,325.239990234375,329.92999267578125,330.80999755859375,324.0,4228400
2023-05-01,"The Asset (Legenden, TV Series 2025) 'Netflix' Recap & Ending Explained: Can Ashley Ever Escape Miran’s World, or Is She Becoming the New Miran?",positive,329.44000244140625,324.1199951171875,331.2300109863281,318.0899963378906,5341500
2023-05-01,Crash Bandicoot animated tv show apparently in the works at Netflix,negative,329.44000244140625,324.1199951171875,331.2300109863281,318.0899963378906,5341500
2023-05-01,"Crash Bandicoot Is Returning to Netflix, But I Hope It’s Nothing Like His Last Appearance",positive,329.44000244140625,324.1199951171875,331.2300109863281,318.0899963378906,5341500
2023-05-01,New on Netflix in November 2025 — here are the 5 best new shows and movies to stream,positive,329.44000244140625,324.1199951171875,331.2300109863281,318.0899963378906,5341500
2023-05-01,‘Intense’ Danish thriller shoots up Netflix top 10,positive,329.44000244140625,324.1199951171875,331.2300109863281,318.0899963378906,5341500
2023-05-01,Netflix’s Costly Fantasy Series Returns with Major Change in Just 3 Days,negative,329.44000244140625,324.1199951171875,331.2300109863281,318.0899963378906,5341500
2023-05-01,Bridgerton: Who Edwina Sharma marries in the books vs. the Netflix series,neutral,329.44000244140625,324.1199951171875,331.2300109863281,318.0899963378906,5341500
2023-05-01,See Stranger Things Season 5 before anyone else on Netflix — here's how,neutral,329.44000244140625,324.1199951171875,331.2300109863281,318.0899963378906,5341500
2023-05-01,Netflix reaches settlement with ex-India legal head in gender bias lawsuit,negative,329.44000244140625,324.1199951171875,331.2300109863281,318.0899963378906,5341500
2023-05-01,When One Piece Season 2 Arrives on Netflix: Release Date Revealed,neutral,329.44000244140625,324.1199951171875,331.2300109863281,318.0899963378906,5341500
2023-05-02,"The Asset (Legenden, TV Series 2025) 'Netflix' Recap & Ending Explained: Can Ashley Ever Escape Miran’s World, or Is She Becoming the New Miran?",positive,325.0,317.54998779296875,326.07000732421875,315.6199951171875,4318600
2023-05-02,Crash Bandicoot animated tv show apparently in the works at Netflix,negative,325.0,317.54998779296875,326.07000732421875,315.6199951171875,4318600
2023-05-02,"Crash Bandicoot Is Returning to Netflix, But I Hope It’s Nothing Like His Last Appearance",positive,325.0,317.54998779296875,326.07000732421875,315.6199951171875,4318600
2023-05-02,New on Netflix in November 2025 — here are the 5 best new shows and movies to stream,positive,325.0,317.54998779296875,326.07000732421875,315.6199951171875,4318600
2023-05-02,‘Intense’ Danish thriller shoots up Netflix top 10,positive,325.0,317.54998779296875,326.07000732421875,315.6199951171875,4318600
2023-05-02,Netflix’s Costly Fantasy Series Returns with Major Change in Just 3 Days,negative,325.0,317.54998779296875,326.07000732421875,315.6199951171875,4318600
2023-05-02,Bridgerton: Who Edwina Sharma marries in the books vs. the Netflix series,neutral,325.0,317.54998779296875,326.07000732421875,315.6199951171875,4318600
2023-05-02,See Stranger Things Season 5 before anyone else on Netflix — here's how,neutral,325.0,317.54998779296875,326.07000732421875,315.6199951171875,4318600
2023-05-02,Netflix reaches settlement with ex-India legal head in gender bias lawsuit,negative,325.0,317.54998779296875,326.07000732421875,315.6199951171875,4318600
2023-05-02,When One Piece Season 2 Arrives on Netflix: Release Date Revealed,neutral,325.0,317.54998779296875,326.07000732421875,315.6199951171875,4318600
2023-05-03,"The Asset (Legenden, TV Series 2025) 'Netflix' Recap & Ending Explained: Can Ashley Ever Escape Miran’s World, or Is She Becoming the New Miran?",positive,317.54998779296875,319.29998779296875,324.6199951171875,315.8500061035156,5064100
2023-05-03,Crash Bandicoot animated tv show apparently in the works at Netflix,negative,317.54998779296875,319.29998779296875,324.6199951171875,315.8500061035156,5064100
2023-05-03,"Crash Bandicoot Is Returning to Netflix, But I Hope It’s Nothing Like His Last Appearance",positive,317.54998779296875,319.29998779296875,324.6199951171875,315.8500061035156,5064100
2023-05-03,New on Netflix in November 2025 — here are the 5 best new shows and movies to stream,positive,317.54998779296875,319.29998779296875,324.6199951171875,315.8500061035156,5064100
2023-05-03,‘Intense’ Danish thriller shoots up Netflix top 10,positive,317.54998779296875,319.29998779296875,324.6199951171875,315.8500061035156,5064100
2023-05-03,Netflix’s Costly Fantasy Series Returns with Major Change in Just 3 Days,negative,317.54998779296875,319.29998779296875,324.6199951171875,315.8500061035156,5064100
2023-05-03,Bridgerton: Who Edwina Sharma marries in the books vs. the Netflix series,neutral,317.54998779296875,319.29998779296875,324.6199951171875,315.8500061035156,5064100
2023-05-03,See Stranger Things Season 5 before anyone else on Netflix — here's how,neutral,317.54998779296875,319.29998779296875,324.6199951171875,315.8500061035156,5064100
2023-05-03,Netflix reaches settlement with ex-India legal head in gender bias lawsuit,negative,317.54998779296875,319.29998779296875,324.6199951171875,315.8500061035156,5064100
2023-05-03,When One Piece Season 2 Arrives on Netflix: Release Date Revealed,neutral,317.54998779296875,319.29998779296875,324.6199951171875,315.8500061035156,5064100
2023-05-04,"The Asset (Legenden, TV Series 2025) 'Netflix' Recap & Ending Explained: Can Ashley Ever Escape Miran’s World, or Is She Becoming the New Miran?",positive,319.010009765625,320.7799987792969,323.6099853515625,317.95001220703125,3879700
2023-05-04,Crash Bandicoot animated tv show apparently in the works at Netflix,negative,319.010009765625,320.7799987792969,323.6099853515625,317.95001220703125,3879700
2023-05-04,"Crash Bandicoot Is Returning to Netflix, But I Hope It’s Nothing Like His Last Appearance",positive,319.010009765625,320.7799987792969,323.6099853515625,317.95001220703125,3879700
2023-05-04,New on Netflix in November 2025 — here are the 5 best new shows and movies to stream,positive,319.010009765625,320.7799987792969,323.6099853515625,317.95001220703125,3879700
2023-05-04,‘Intense’ Danish thriller shoots up Netflix top 10,positive,319.010009765625,320.7799987792969,323.6099853515625,317.95001220703125,3879700
2023-05-04,Netflix’s Costly Fantasy Series Returns with Major Change in Just 3 Days,negative,319.010009765625,320.7799987792969,323.6099853515625,317.95001220703125,3879700
2023-05-04,Bridgerton: Who Edwina Sharma marries in the books vs. the Netflix series,neutral,319.010009765625,320.7799987792969,323.6099853515625,317.95001220703125,3879700
2023-05-04,See Stranger Things Season 5 before anyone else on Netflix — here's how,neutral,319.010009765625,320.7799987792969,323.6099853515625,317.95001220703125,3879700
2023-05-04,Netflix reaches settlement with ex-India legal head in gender bias lawsuit,negative,319.010009765625,320.7799987792969,323.6099853515625,317.95001220703125,3879700
2023-05-04,When One Piece Season 2 Arrives on Netflix: Release Date Revealed,neutral,319.010009765625,320.7799987792969,323.6099853515625,317.95001220703125,3879700
2023-05-05,"The Asset (Legenden, TV Series 2025) 'Netflix' Recap & Ending Explained: Can Ashley Ever Escape Miran’s World, or Is She Becoming the New Miran?",positive,323.6099853515625,322.760009765625,324.1499938964844,319.44000244140625,3990600
2023-05-05,Crash Bandicoot animated tv show apparently in the works at Netflix,negative,323.6099853515625,322.760009765625,324.1499938964844,319.44000244140625,3990600
2023-05-05,"Crash Bandicoot Is Returning to Netflix, But I Hope It’s Nothing Like His Last Appearance",positive,323.6099853515625,322.760009765625,324.1499938964844,319.44000244140625,3990600
2023-05-05,New on Netflix in November 2025 — here are the 5 best new shows and movies to stream,positive,323.6099853515625,322.760009765625,324.1499938964844,319.44000244140625,3990600
2023-05-05,‘Intense’ Danish thriller shoots up Netflix top 10,positive,323.6099853515625,322.760009765625,324.1499938964844,319.44000244140625,3990600
2023-05-05,Netflix’s Costly Fantasy Series Returns with Major Change in Just 3 Days,negative,323.6099853515625,322.760009765625,324.1499938964844,319.44000244140625,3990600
2023-05-05,Bridgerton: Who Edwina Sharma marries in the books vs. the Netflix series,neutral,323.6099853515625,322.760009765625,324.1499938964844,319.44000244140625,3990600
2023-05-05,See Stranger Things Season 5 before anyone else on Netflix — here's how,neutral,323.6099853515625,322.760009765625,324.1499938964844,319.44000244140625,3990600
2023-05-05,Netflix reaches settlement with ex-India legal head in gender bias lawsuit,negative,323.6099853515625,322.760009765625,324.1499938964844,319.44000244140625,3990600
2023-05-05,When One Piece Season 2 Arrives on Netflix: Release Date Revealed,neutral,323.6099853515625,322.760009765625,324.1499938964844,319.44000244140625,3990600
2023-05-08,"The Asset (Legenden, TV Series 2025) 'Netflix' Recap & Ending Explained: Can Ashley Ever Escape Miran’s World, or Is She Becoming the New Miran?",positive,322.989990234375,331.2099914550781,332.55999755859375,322.0299987792969,5488600
2023-05-08,Crash Bandicoot animated tv show apparently in the works at Netflix,negative,322.989990234375,331.2099914550781,332.55999755859375,322.0299987792969,5488600
2023-05-08,"Crash Bandicoot Is Returning to Netflix, But I Hope It’s Nothing Like His Last Appearance",positive,322.989990234375,331.2099914550781,332.55999755859375,322.0299987792969,5488600
2023-05-08,New on Netflix in November 2025 — here are the 5 best new shows and movies to stream,positive,322.989990234375,331.2099914550781,332.55999755859375,322.0299987792969,5488600
2023-05-08,‘Intense’ Danish thriller shoots up Netflix top 10,positive,322.989990234375,331.2099914550781,332.55999755859375,322.0299987792969,5488600
2023-05-08,Netflix’s Costly Fantasy Series Returns with Major Change in Just 3 Days,negative,322.989990234375,331.2099914550781,332.55999755859375,322.0299987792969,5488600
2023-05-08,Bridgerton: Who Edwina Sharma marries in the books vs. the Netflix series,neutral,322.989990234375,331.2099914550781,332.55999755859375,322.0299987792969,5488600
2023-05-08,See Stranger Things Season 5 before anyone else on Netflix — here's how,neutral,322.989990234375,331.2099914550781,332.55999755859375,322.0299987792969,5488600
2023-05-08,Netflix reaches settlement with ex-India legal head in gender bias lawsuit,negative,322.989990234375,331.2099914550781,332.55999755859375,322.0299987792969,5488600
2023-05-08,When One Piece Season 2 Arrives on Netflix: Release Date Revealed,neutral,322.989990234375,331.2099914550781,332.55999755859375,322.0299987792969,5488600
2023-05-09,"The Asset (Legenden, TV Series 2025) 'Netflix' Recap & Ending Explained: Can Ashley Ever Escape Miran’s World, or Is She Becoming the New Miran?",positive,330.6700134277344,332.1400146484375,336.32000732421875,329.739990234375,5544900
2023-05-09,Crash Bandicoot animated tv show apparently in the works at Netflix,negative,330.6700134277344,332.1400146484375,336.32000732421875,329.739990234375,5544900
2023-05-09,"Crash Bandicoot Is Returning to Netflix, But I Hope It’s Nothing Like His Last Appearance",positive,330.6700134277344,332.1400146484375,336.32000732421875,329.739990234375,5544900
2023-05-09,New on Netflix in November 2025 — here are the 5 best new shows and movies to stream,positive,330.6700134277344,332.1400146484375,336.32000732421875,329.739990234375,5544900
2023-05-09,‘Intense’ Danish thriller shoots up Netflix top 10,positive,330.6700134277344,332.1400146484375,336.32000732421875,329.739990234375,5544900
2023-05-09,Netflix’s Costly Fantasy Series Returns with Major Change in Just 3 Days,negative,330.6700134277344,332.1400146484375,336.32000732421875,329.739990234375,5544900
2023-05-09,Bridgerton: Who Edwina Sharma marries in the books vs. the Netflix series,neutral,330.6700134277344,332.1400146484375,336.32000732421875,329.739990234375,5544900
2023-05-09,See Stranger Things Season 5 before anyone else on Netflix — here's how,neutral,330.6700134277344,332.1400146484375,336.32000732421875,329.739990234375,5544900
2023-05-09,Netflix reaches settlement with ex-India legal head in gender bias lawsuit,negative,330.6700134277344,332.1400146484375,336.32000732421875,329.739990234375,5544900
2023-05-09,When One Piece Season 2 Arrives on Netflix: Release Date Revealed,neutral,330.6700134277344,332.1400146484375,336.32000732421875,329.739990234375,5544900
2023-05-10,"The Asset (Legenden, TV Series 2025) 'Netflix' Recap & Ending Explained: Can Ashley Ever Escape Miran’s World, or Is She Becoming the New Miran?",positive,335.2099914550781,335.4200134277344,337.1099853515625,329.510009765625,4289900
2023-05-10,Crash Bandicoot animated tv show apparently in the works at Netflix,negative,335.2099914550781,335.4200134277344,337.1099853515625,329.510009765625,4289900
2023-05-10,"Crash Bandicoot Is Returning to Netflix, But I Hope It’s Nothing Like His Last Appearance",positive,335.2099914550781,335.4200134277344,337.1099853515625,329.510009765625,4289900
2023-05-10,New on Netflix in November 2025 — here are the 5 best new shows and movies to stream,positive,335.2099914550781,335.4200134277344,337.1099853515625,329.510009765625,4289900
2023-05-10,‘Intense’ Danish thriller shoots up Netflix top 10,positive,335.2099914550781,335.4200134277344,337.1099853515625,329.510009765625,4289900
2023-05-10,Netflix’s Costly Fantasy Series Returns with Major Change in Just 3 Days,negative,335.2099914550781,335.4200134277344,337.1099853515625,329.510009765625,4289900
2023-05-10,Bridgerton: Who Edwina Sharma marries in the books vs. the Netflix series,neutral,335.2099914550781,335.4200134277344,337.1099853515625,329.510009765625,4289900
2023-05-10,See Stranger Things Season 5 before anyone else on Netflix — here's how,neutral,335.2099914550781,335.4200134277344,337.1099853515625,329.510009765625,4289900
2023-05-10,Netflix reaches settlement with ex-India legal head in gender bias lawsuit,negative,335.2099914550781,335.4200134277344,337.1099853515625,329.510009765625,4289900
2023-05-10,When One Piece Season 2 Arrives on Netflix: Release Date Revealed,neutral,335.2099914550781,335.4200134277344,337.1099853515625,329.510009765625,4289900
2023-05-11,"The Asset (Legenden, TV Series 2025) 'Netflix' Recap & Ending Explained: Can Ashley Ever Escape Miran’s World, or Is She Becoming the New Miran?",positive,334.9800109863281,344.760009765625,345.4700012207031,331.8399963378906,8033500
2023-05-11,Crash Bandicoot animated tv show apparently in the works at Netflix,negative,334.9800109863281,344.760009765625,345.4700012207031,331.8399963378906,8033500
2023-05-11,"Crash Bandicoot Is Returning to Netflix, But I Hope It’s Nothing Like His Last Appearance",positive,334.9800109863281,344.760009765625,345.4700012207031,331.8399963378906,8033500
2023-05-11,New on Netflix in November 2025 — here are the 5 best new shows and movies to stream,positive,334.9800109863281,344.760009765625,345.4700012207031,331.8399963378906,8033500
2023-05-11,‘Intense’ Danish thriller shoots up Netflix top 10,positive,334.9800109863281,344.760009765625,345.4700012207031,331.8399963378906,8033500
2023-05-11,Netflix’s Costly Fantasy Series Returns with Major Change in Just 3 Days,negative,334.9800109863281,344.760009765625,345.4700012207031,331.8399963378906,8033500
2023-05-11,Bridgerton: Who Edwina Sharma marries in the books vs. the Netflix series,neutral,334.9800109863281,344.760009765625,345.4700012207031,331.8399963378906,8033500
2023-05-11,See Stranger Things Season 5 before anyone else on Netflix — here's how,neutral,334.9800109863281,344.760009765625,345.4700012207031,331.8399963378906,8033500
2023-05-11,Netflix reaches settlement with ex-India legal head in gender bias lawsuit,negative,334.9800109863281,344.760009765625,345.4700012207031,331.8399963378906,8033500
2023-05-11,When One Piece Season 2 Arrives on Netflix: Release Date Revealed,neutral,334.9800109863281,344.760009765625,345.4700012207031,331.8399963378906,8033500
2023-05-12,"The Asset (Legenden, TV Series 2025) 'Netflix' Recap & Ending Explained: Can Ashley Ever Escape Miran’s World, or Is She Becoming the New Miran?",positive,344.760009765625,339.8900146484375,348.1700134277344,337.3599853515625,6082400
2023-05-12,Crash Bandicoot animated tv show apparently in the works at Netflix,negative,344.760009765625,339.8900146484375,348.1700134277344,337.3599853515625,6082400
2023-05-12,"Crash Bandicoot Is Returning to Netflix, But I Hope It’s Nothing Like His Last Appearance",positive,344.760009765625,339.8900146484375,348.1700134277344,337.3599853515625,6082400
2023-05-12,New on Netflix in November 2025 — here are the 5 best new shows and movies to stream,positive,344.760009765625,339.8900146484375,348.1700134277344,337.3599853515625,6082400
2023-05-12,‘Intense’ Danish thriller shoots up Netflix top 10,positive,344.760009765625,339.8900146484375,348.1700134277344,337.3599853515625,6082400
2023-05-12,Netflix’s Costly Fantasy Series Returns with Major Change in Just 3 Days,negative,344.760009765625,339.8900146484375,348.1700134277344,337.3599853515625,6082400
2023-05-12,Bridgerton: Who Edwina Sharma marries in the books vs. the Netflix series,neutral,344.760009765625,339.8900146484375,348.1700134277344,337.3599853515625,6082400
2023-05-12,See Stranger Things Season 5 before anyone else on Netflix — here's how,neutral,344.760009765625,339.8900146484375,348.1700134277344,337.3599853515625,6082400
2023-05-12,Netflix reaches settlement with ex-India legal head in gender bias lawsuit,negative,344.760009765625,339.8900146484375,348.1700134277344,337.3599853515625,6082400
2023-05-12,When One Piece Season 2 Arrives on Netflix: Release Date Revealed,neutral,344.760009765625,339.8900146484375,348.1700134277344,337.3599853515625,6082400
2023-05-15,"The Asset (Legenden, TV Series 2025) 'Netflix' Recap & Ending Explained: Can Ashley Ever Escape Miran’s World, or Is She Becoming the New Miran?",positive,340.6199951171875,335.8900146484375,341.8999938964844,335.5400085449219,3653000
2023-05-15,Crash Bandicoot animated tv show apparently in the works at Netflix,negative,340.6199951171875,335.8900146484375,341.8999938964844,335.5400085449219,3653000
2023-05-15,"Crash Bandicoot Is Returning to Netflix, But I Hope It’s Nothing Like His Last Appearance",positive,340.6199951171875,335.8900146484375,341.8999938964844,335.5400085449219,3653000
2023-05-15,New on Netflix in November 2025 — here are the 5 best new shows and movies to stream,positive,340.6199951171875,335.8900146484375,341.8999938964844,335.5400085449219,3653000
2023-05-15,‘Intense’ Danish thriller shoots up Netflix top 10,positive,340.6199951171875,335.8900146484375,341.8999938964844,335.5400085449219,3653000
2023-05-15,Netflix’s Costly Fantasy Series Returns with Major Change in Just 3 Days,negative,340.6199951171875,335.8900146484375,341.8999938964844,335.5400085449219,3653000
2023-05-15,Bridgerton: Who Edwina Sharma marries in the books vs. the Netflix series,neutral,340.6199951171875,335.8900146484375,341.8999938964844,335.5400085449219,3653000
2023-05-15,See Stranger Things Season 5 before anyone else on Netflix — here's how,neutral,340.6199951171875,335.8900146484375,341.8999938964844,335.5400085449219,3653000
2023-05-15,Netflix reaches settlement with ex-India legal head in gender bias lawsuit,negative,340.6199951171875,335.8900146484375,341.8999938964844,335.5400085449219,3653000
2023-05-15,When One Piece Season 2 Arrives on Netflix: Release Date Revealed,neutral,340.6199951171875,335.8900146484375,341.8999938964844,335.5400085449219,3653000
2023-05-16,"The Asset (Legenden, TV Series 2025) 'Netflix' Recap & Ending Explained: Can Ashley Ever Escape Miran’s World, or Is She Becoming the New Miran?",positive,334.0,333.75,335.1700134277344,331.9100036621094,3332200
2023-05-16,Crash Bandicoot animated tv show apparently in the works at Netflix,negative,334.0,333.75,335.1700134277344,331.9100036621094,3332200
2023-05-16,"Crash Bandicoot Is Returning to Netflix, But I Hope It’s Nothing Like His Last Appearance",positive,334.0,333.75,335.1700134277344,331.9100036621094,3332200
2023-05-16,New on Netflix in November 2025 — here are the 5 best new shows and movies to stream,positive,334.0,333.75,335.1700134277344,331.9100036621094,3332200
2023-05-16,‘Intense’ Danish thriller shoots up Netflix top 10,positive,334.0,333.75,335.1700134277344,331.9100036621094,3332200
2023-05-16,Netflix’s Costly Fantasy Series Returns with Major Change in Just 3 Days,negative,334.0,333.75,335.1700134277344,331.9100036621094,3332200
2023-05-16,Bridgerton: Who Edwina Sharma marries in the books vs. the Netflix series,neutral,334.0,333.75,335.1700134277344,331.9100036621094,3332200
2023-05-16,See Stranger Things Season 5 before anyone else on Netflix — here's how,neutral,334.0,333.75,335.1700134277344,331.9100036621094,3332200
2023-05-16,Netflix reaches settlement with ex-India legal head in gender bias lawsuit,negative,334.0,333.75,335.1700134277344,331.9100036621094,3332200
2023-05-16,When One Piece Season 2 Arrives on Netflix: Release Date Revealed,neutral,334.0,333.75,335.1700134277344,331.9100036621094,3332200
2023-05-17,"The Asset (Legenden, TV Series 2025) 'Netflix' Recap & Ending Explained: Can Ashley Ever Escape Miran’s World, or Is She Becoming the New Miran?",positive,331.760009765625,339.9599914550781,341.3800048828125,329.6199951171875,3958800
2023-05-17,Crash Bandicoot animated tv show apparently in the works at Netflix,negative,331.760009765625,339.9599914550781,341.3800048828125,329.6199951171875,3958800
2023-05-17,"Crash Bandicoot Is Returning to Netflix, But I Hope It’s Nothing Like His Last Appearance",positive,331.760009765625,339.9599914550781,341.3800048828125,329.6199951171875,3958800
2023-05-17,New on Netflix in November 2025 — here are the 5 best new shows and movies to stream,positive,331.760009765625,339.9599914550781,341.3800048828125,329.6199951171875,3958800
2023-05-17,‘Intense’ Danish thriller shoots up Netflix top 10,positive,331.760009765625,339.9599914550781,341.3800048828125,329.6199951171875,3958800
2023-05-17,Netflix’s Costly Fantasy Series Returns with Major Change in Just 3 Days,negative,331.760009765625,339.9599914550781,341.3800048828125,329.6199951171875,3958800
2023-05-17,Bridgerton: Who Edwina Sharma marries in the books vs. the Netflix series,neutral,331.760009765625,339.9599914550781,341.3800048828125,329.6199951171875,3958800
2023-05-17,See Stranger Things Season 5 before anyone else on Netflix — here's how,neutral,331.760009765625,339.9599914550781,341.3800048828125,329.6199951171875,3958800
2023-05-17,Netflix reaches settlement with ex-India legal head in gender bias lawsuit,negative,331.760009765625,339.9599914550781,341.3800048828125,329.6199951171875,3958800
2023-05-17,When One Piece Season 2 Arrives on Netflix: Release Date Revealed,neutral,331.760009765625,339.9599914550781,341.3800048828125,329.6199951171875,3958800
2023-05-18,"The Asset (Legenden, TV Series 2025) 'Netflix' Recap & Ending Explained: Can Ashley Ever Escape Miran’s World, or Is She Becoming the New Miran?",positive,347.25,371.2900085449219,375.8699951171875,346.3699951171875,20925200
2023-05-18,Crash Bandicoot animated tv show apparently in the works at Netflix,negative,347.25,371.2900085449219,375.8699951171875,346.3699951171875,20925200
2023-05-18,"Crash Bandicoot Is Returning to Netflix, But I Hope It’s Nothing Like His Last Appearance",positive,347.25,371.2900085449219,375.8699951171875,346.3699951171875,20925200
2023-05-18,New on Netflix in November 2025 — here are the 5 best new shows and movies to stream,positive,347.25,371.2900085449219,375.8699951171875,346.3699951171875,20925200
2023-05-18,‘Intense’ Danish thriller shoots up Netflix top 10,positive,347.25,371.2900085449219,375.8699951171875,346.3699951171875,20925200
2023-05-18,Netflix’s Costly Fantasy Series Returns with Major Change in Just 3 Days,negative,347.25,371.2900085449219,375.8699951171875,346.3699951171875,20925200
2023-05-18,Bridgerton: Who Edwina Sharma marries in the books vs. the Netflix series,neutral,347.25,371.2900085449219,375.8699951171875,346.3699951171875,20925200
2023-05-18,See Stranger Things Season 5 before anyone else on Netflix — here's how,neutral,347.25,371.2900085449219,375.8699951171875,346.3699951171875,20925200
2023-05-18,Netflix reaches settlement with ex-India legal head in gender bias lawsuit,negative,347.25,371.2900085449219,375.8699951171875,346.3699951171875,20925200
2023-05-18,When One Piece Season 2 Arrives on Netflix: Release Date Revealed,neutral,347.25,371.2900085449219,375.8699951171875,346.3699951171875,20925200
2023-05-19,"The Asset (Legenden, TV Series 2025) 'Netflix' Recap & Ending Explained: Can Ashley Ever Escape Miran’s World, or Is She Becoming the New Miran?",positive,369.8599853515625,365.3599853515625,369.989990234375,363.80999755859375,7859700
2023-05-19,Crash Bandicoot animated tv show apparently in the works at Netflix,negative,369.8599853515625,365.3599853515625,369.989990234375,363.80999755859375,7859700
2023-05-19,"Crash Bandicoot Is Returning to Netflix, But I Hope It’s Nothing Like His Last Appearance",positive,369.8599853515625,365.3599853515625,369.989990234375,363.80999755859375,7859700
2023-05-19,New on Netflix in November 2025 — here are the 5 best new shows and movies to stream,positive,369.8599853515625,365.3599853515625,369.989990234375,363.80999755859375,7859700
2023-05-19,‘Intense’ Danish thriller shoots up Netflix top 10,positive,369.8599853515625,365.3599853515625,369.989990234375,363.80999755859375,7859700
2023-05-19,Netflix’s Costly Fantasy Series Returns with Major Change in Just 3 Days,negative,369.8599853515625,365.3599853515625,369.989990234375,363.80999755859375,7859700
2023-05-19,Bridgerton: Who Edwina Sharma marries in the books vs. the Netflix series,neutral,369.8599853515625,365.3599853515625,369.989990234375,363.80999755859375,7859700
2023-05-19,See Stranger Things Season 5 before anyone else on Netflix — here's how,neutral,369.8599853515625,365.3599853515625,369.989990234375,363.80999755859375,7859700
2023-05-19,Netflix reaches settlement with ex-India legal head in gender bias lawsuit,negative,369.8599853515625,365.3599853515625,369.989990234375,363.80999755859375,7859700
2023-05-19,When One Piece Season 2 Arrives on Netflix: Release Date Revealed,neutral,369.8599853515625,365.3599853515625,369.989990234375,363.80999755859375,7859700
2023-05-22,"The Asset (Legenden, TV Series 2025) 'Netflix' Recap & Ending Explained: Can Ashley Ever Escape Miran’s World, or Is She Becoming the New Miran?",positive,365.3599853515625,363.010009765625,372.010009765625,362.5,5406400
2023-05-22,Crash Bandicoot animated tv show apparently in the works at Netflix,negative,365.3599853515625,363.010009765625,372.010009765625,362.5,5406400
2023-05-22,"Crash Bandicoot Is Returning to Netflix, But I Hope It’s Nothing Like His Last Appearance",positive,365.3599853515625,363.010009765625,372.010009765625,362.5,5406400
2023-05-22,New on Netflix in November 2025 — here are the 5 best new shows and movies to stream,positive,365.3599853515625,363.010009765625,372.010009765625,362.5,5406400
2023-05-22,‘Intense’ Danish thriller shoots up Netflix top 10,positive,365.3599853515625,363.010009765625,372.010009765625,362.5,5406400
2023-05-22,Netflix’s Costly Fantasy Series Returns with Major Change in Just 3 Days,negative,365.3599853515625,363.010009765625,372.010009765625,362.5,5406400
2023-05-22,Bridgerton: Who Edwina Sharma marries in the books vs. the Netflix series,neutral,365.3599853515625,363.010009765625,372.010009765625,362.5,5406400
2023-05-22,See Stranger Things Season 5 before anyone else on Netflix — here's how,neutral,365.3599853515625,363.010009765625,372.010009765625,362.5,5406400
2023-05-22,Netflix reaches settlement with ex-India legal head in gender bias lawsuit,negative,365.3599853515625,363.010009765625,372.010009765625,362.5,5406400
2023-05-22,When One Piece Season 2 Arrives on Netflix: Release Date Revealed,neutral,365.3599853515625,363.010009765625,372.010009765625,362.5,5406400
2023-05-23,"The Asset (Legenden, TV Series 2025) 'Netflix' Recap & Ending Explained: Can Ashley Ever Escape Miran’s World, or Is She Becoming the New Miran?",positive,360.239990234375,355.989990234375,364.1700134277344,354.30999755859375,6866100
2023-05-23,Crash Bandicoot animated tv show apparently in the works at Netflix,negative,360.239990234375,355.989990234375,364.1700134277344,354.30999755859375,6866100
2023-05-23,"Crash Bandicoot Is Returning to Netflix, But I Hope It’s Nothing Like His Last Appearance",positive,360.239990234375,355.989990234375,364.1700134277344,354.30999755859375,6866100
2023-05-23,New on Netflix in November 2025 — here are the 5 best new shows and movies to stream,positive,360.239990234375,355.989990234375,364.1700134277344,354.30999755859375,6866100
2023-05-23,‘Intense’ Danish thriller shoots up Netflix top 10,positive,360.239990234375,355.989990234375,364.1700134277344,354.30999755859375,6866100
2023-05-23,Netflix’s Costly Fantasy Series Returns with Major Change in Just 3 Days,negative,360.239990234375,355.989990234375,364.1700134277344,354.30999755859375,6866100
2023-05-23,Bridgerton: Who Edwina Sharma marries in the books vs. the Netflix series,neutral,360.239990234375,355.989990234375,364.1700134277344,354.30999755859375,6866100
2023-05-23,See Stranger Things Season 5 before anyone else on Netflix — here's how,neutral,360.239990234375,355.989990234375,364.1700134277344,354.30999755859375,6866100
2023-05-23,Netflix reaches settlement with ex-India legal head in gender bias lawsuit,negative,360.239990234375,355.989990234375,364.1700134277344,354.30999755859375,6866100
2023-05-23,When One Piece Season 2 Arrives on Netflix: Release Date Revealed,neutral,360.239990234375,355.989990234375,364.1700134277344,354.30999755859375,6866100
2023-05-24,"The Asset (Legenden, TV Series 2025) 'Netflix' Recap & Ending Explained: Can Ashley Ever Escape Miran’s World, or Is She Becoming the New Miran?",positive,356.92999267578125,364.8500061035156,367.1499938964844,356.6300048828125,7973300
2023-05-24,Crash Bandicoot animated tv show apparently in the works at Netflix,negative,356.92999267578125,364.8500061035156,367.1499938964844,356.6300048828125,7973300
2023-05-24,"Crash Bandicoot Is Returning to Netflix, But I Hope It’s Nothing Like His Last Appearance",positive,356.92999267578125,364.8500061035156,367.1499938964844,356.6300048828125,7973300
2023-05-24,New on Netflix in November 2025 — here are the 5 best new shows and movies to stream,positive,356.92999267578125,364.8500061035156,367.1499938964844,356.6300048828125,7973300
2023-05-24,‘Intense’ Danish thriller shoots up Netflix top 10,positive,356.92999267578125,364.8500061035156,367.1499938964844,356.6300048828125,7973300
2023-05-24,Netflix’s Costly Fantasy Series Returns with Major Change in Just 3 Days,negative,356.92999267578125,364.8500061035156,367.1499938964844,356.6300048828125,7973300
2023-05-24,Bridgerton: Who Edwina Sharma marries in the books vs. the Netflix series,neutral,356.92999267578125,364.8500061035156,367.1499938964844,356.6300048828125,7973300
2023-05-24,See Stranger Things Season 5 before anyone else on Netflix — here's how,neutral,356.92999267578125,364.8500061035156,367.1499938964844,356.6300048828125,7973300
2023-05-24,Netflix reaches settlement with ex-India legal head in gender bias lawsuit,negative,356.92999267578125,364.8500061035156,367.1499938964844,356.6300048828125,7973300
2023-05-24,When One Piece Season 2 Arrives on Netflix: Release Date Revealed,neutral,356.92999267578125,364.8500061035156,367.1499938964844,356.6300048828125,7973300
2023-05-25,"The Asset (Legenden, TV Series 2025) 'Netflix' Recap & Ending Explained: Can Ashley Ever Escape Miran’s World, or Is She Becoming the New Miran?",positive,359.6099853515625,359.0,367.45001220703125,357.4200134277344,6263100
2023-05-25,Crash Bandicoot animated tv show apparently in the works at Netflix,negative,359.6099853515625,359.0,367.45001220703125,357.4200134277344,6263100
2023-05-25,"Crash Bandicoot Is Returning to Netflix, But I Hope It’s Nothing Like His Last Appearance",positive,359.6099853515625,359.0,367.45001220703125,357.4200134277344,6263100
2023-05-25,New on Netflix in November 2025 — here are the 5 best new shows and movies to stream,positive,359.6099853515625,359.0,367.45001220703125,357.4200134277344,6263100
2023-05-25,‘Intense’ Danish thriller shoots up Netflix top 10,positive,359.6099853515625,359.0,367.45001220703125,357.4200134277344,6263100
2023-05-25,Netflix’s Costly Fantasy Series Returns with Major Change in Just 3 Days,negative,359.6099853515625,359.0,367.45001220703125,357.4200134277344,6263100
2023-05-25,Bridgerton: Who Edwina Sharma marries in the books vs. the Netflix series,neutral,359.6099853515625,359.0,367.45001220703125,357.4200134277344,6263100
2023-05-25,See Stranger Things Season 5 before anyone else on Netflix — here's how,neutral,359.6099853515625,359.0,367.45001220703125,357.4200134277344,6263100
2023-05-25,Netflix reaches settlement with ex-India legal head in gender bias lawsuit,negative,359.6099853515625,359.0,367.45001220703125,357.4200134277344,6263100
2023-05-25,When One Piece Season 2 Arrives on Netflix: Release Date Revealed,neutral,359.6099853515625,359.0,367.45001220703125,357.4200134277344,6263100
2023-05-26,"The Asset (Legenden, TV Series 2025) 'Netflix' Recap & Ending Explained: Can Ashley Ever Escape Miran’s World, or Is She Becoming the New Miran?",positive,361.1000061035156,378.8800048828125,383.760009765625,356.0,9360400
2023-05-26,Crash Bandicoot animated tv show apparently in the works at Netflix,negative,361.1000061035156,378.8800048828125,383.760009765625,356.0,9360400
2023-05-26,"Crash Bandicoot Is Returning to Netflix, But I Hope It’s Nothing Like His Last Appearance",positive,361.1000061035156,378.8800048828125,383.760009765625,356.0,9360400
2023-05-26,New on Netflix in November 2025 — here are the 5 best new shows and movies to stream,positive,361.1000061035156,378.8800048828125,383.760009765625,356.0,9360400
2023-05-26,‘Intense’ Danish thriller shoots up Netflix top 10,positive,361.1000061035156,378.8800048828125,383.760009765625,356.0,9360400
2023-05-26,Netflix’s Costly Fantasy Series Returns with Major Change in Just 3 Days,negative,361.1000061035156,378.8800048828125,383.760009765625,356.0,9360400
2023-05-26,Bridgerton: Who Edwina Sharma marries in the books vs. the Netflix series,neutral,361.1000061035156,378.8800048828125,383.760009765625,356.0,9360400
2023-05-26,See Stranger Things Season 5 before anyone else on Netflix — here's how,neutral,361.1000061035156,378.8800048828125,383.760009765625,356.0,9360400
2023-05-26,Netflix reaches settlement with ex-India legal head in gender bias lawsuit,negative,361.1000061035156,378.8800048828125,383.760009765625,356.0,9360400
2023-05-26,When One Piece Season 2 Arrives on Netflix: Release Date Revealed,neutral,361.1000061035156,378.8800048828125,383.760009765625,356.0,9360400
2023-05-30,"The Asset (Legenden, TV Series 2025) 'Netflix' Recap & Ending Explained: Can Ashley Ever Escape Miran’s World, or Is She Becoming the New Miran?",positive,397.4800109863281,392.9800109863281,405.1099853515625,385.7900085449219,10865000
2023-05-30,Crash Bandicoot animated tv show apparently in the works at Netflix,negative,397.4800109863281,392.9800109863281,405.1099853515625,385.7900085449219,10865000
2023-05-30,"Crash Bandicoot Is Returning to Netflix, But I Hope It’s Nothing Like His Last Appearance",positive,397.4800109863281,392.9800109863281,405.1099853515625,385.7900085449219,10865000
2023-05-30,New on Netflix in November 2025 — here are the 5 best new shows and movies to stream,positive,397.4800109863281,392.9800109863281,405.1099853515625,385.7900085449219,10865000
2023-05-30,‘Intense’ Danish thriller shoots up Netflix top 10,positive,397.4800109863281,392.9800109863281,405.1099853515625,385.7900085449219,10865000
2023-05-30,Netflix’s Costly Fantasy Series Returns with Major Change in Just 3 Days,negative,397.4800109863281,392.9800109863281,405.1099853515625,385.7900085449219,10865000
2023-05-30,Bridgerton: Who Edwina Sharma marries in the books vs. the Netflix series,neutral,397.4800109863281,392.9800109863281,405.1099853515625,385.7900085449219,10865000
2023-05-30,See Stranger Things Season 5 before anyone else on Netflix — here's how,neutral,397.4800109863281,392.9800109863281,405.1099853515625,385.7900085449219,10865000
2023-05-30,Netflix reaches settlement with ex-India legal head in gender bias lawsuit,negative,397.4800109863281,392.9800109863281,405.1099853515625,385.7900085449219,10865000
2023-05-30,When One Piece Season 2 Arrives on Netflix: Release Date Revealed,neutral,397.4800109863281,392.9800109863281,405.1099853515625,385.7900085449219,10865000
2023-05-31,"The Asset (Legenden, TV Series 2025) 'Netflix' Recap & Ending Explained: Can Ashley Ever Escape Miran’s World, or Is She Becoming the New Miran?",positive,391.8900146484375,395.2300109863281,396.260009765625,388.9100036621094,6988000
2023-05-31,Crash Bandicoot animated tv show apparently in the works at Netflix,negative,391.8900146484375,395.2300109863281,396.260009765625,388.9100036621094,6988000
2023-05-31,"Crash Bandicoot Is Returning to Netflix, But I Hope It’s Nothing Like His Last Appearance",positive,391.8900146484375,395.2300109863281,396.260009765625,388.9100036621094,6988000
2023-05-31,New on Netflix in November 2025 — here are the 5 best new shows and movies to stream,positive,391.8900146484375,395.2300109863281,396.260009765625,388.9100036621094,6988000
2023-05-31,‘Intense’ Danish thriller shoots up Netflix top 10,positive,391.8900146484375,395.2300109863281,396.260009765625,388.9100036621094,6988000
2023-05-31,Netflix’s Costly Fantasy Series Returns with Major Change in Just 3 Days,negative,391.8900146484375,395.2300109863281,396.260009765625,388.9100036621094,6988000
2023-05-31,Bridgerton: Who Edwina Sharma marries in the books vs. the Netflix series,neutral,391.8900146484375,395.2300109863281,396.260009765625,388.9100036621094,6988000
2023-05-31,See Stranger Things Season 5 before anyone else on Netflix — here's how,neutral,391.8900146484375,395.2300109863281,396.260009765625,388.9100036621094,6988000
2023-05-31,Netflix reaches settlement with ex-India legal head in gender bias lawsuit,negative,391.8900146484375,395.2300109863281,396.260009765625,388.9100036621094,6988000
2023-05-31,When One Piece Season 2 Arrives on Netflix: Release Date Revealed,neutral,391.8900146484375,395.2300109863281,396.260009765625,388.9100036621094,6988000
2023-06-01,"The Asset (Legenden, TV Series 2025) 'Netflix' Recap & Ending Explained: Can Ashley Ever Escape Miran’s World, or Is She Becoming the New Miran?",positive,397.4100036621094,403.1300048828125,407.5199890136719,393.0799865722656,7160100
2023-06-01,Crash Bandicoot animated tv show apparently in the works at Netflix,negative,397.4100036621094,403.1300048828125,407.5199890136719,393.0799865722656,7160100
2023-06-01,"Crash Bandicoot Is Returning to Netflix, But I Hope It’s Nothing Like His Last Appearance",positive,397.4100036621094,403.1300048828125,407.5199890136719,393.0799865722656,7160100
2023-06-01,New on Netflix in November 2025 — here are the 5 best new shows and movies to stream,positive,397.4100036621094,403.1300048828125,407.5199890136719,393.0799865722656,7160100
2023-06-01,‘Intense’ Danish thriller shoots up Netflix top 10,positive,397.4100036621094,403.1300048828125,407.5199890136719,393.0799865722656,7160100
2023-06-01,Netflix’s Costly Fantasy Series Returns with Major Change in Just 3 Days,negative,397.4100036621094,403.1300048828125,407.5199890136719,393.0799865722656,7160100
2023-06-01,Bridgerton: Who Edwina Sharma marries in the books vs. the Netflix series,neutral,397.4100036621094,403.1300048828125,407.5199890136719,393.0799865722656,7160100
2023-06-01,See Stranger Things Season 5 before anyone else on Netflix — here's how,neutral,397.4100036621094,403.1300048828125,407.5199890136719,393.0799865722656,7160100
2023-06-01,Netflix reaches settlement with ex-India legal head in gender bias lawsuit,negative,397.4100036621094,403.1300048828125,407.5199890136719,393.0799865722656,7160100
2023-06-01,When One Piece Season 2 Arrives on Netflix: Release Date Revealed,neutral,397.4100036621094,403.1300048828125,407.5199890136719,393.0799865722656,7160100
2023-06-02,"The Asset (Legenden, TV Series 2025) 'Netflix' Recap & Ending Explained: Can Ashley Ever Escape Miran’s World, or Is She Becoming the New Miran?",positive,402.8900146484375,400.4700012207031,406.5799865722656,395.8999938964844,5902400
2023-06-02,Crash Bandicoot animated tv show apparently in the works at Netflix,negative,402.8900146484375,400.4700012207031,406.5799865722656,395.8999938964844,5902400
2023-06-02,"Crash Bandicoot Is Returning to Netflix, But I Hope It’s Nothing Like His Last Appearance",positive,402.8900146484375,400.4700012207031,406.5799865722656,395.8999938964844,5902400
2023-06-02,New on Netflix in November 2025 — here are the 5 best new shows and movies to stream,positive,402.8900146484375,400.4700012207031,406.5799865722656,395.8999938964844,5902400
2023-06-02,‘Intense’ Danish thriller shoots up Netflix top 10,positive,402.8900146484375,400.4700012207031,406.5799865722656,395.8999938964844,5902400
2023-06-02,Netflix’s Costly Fantasy Series Returns with Major Change in Just 3 Days,negative,402.8900146484375,400.4700012207031,406.5799865722656,395.8999938964844,5902400
2023-06-02,Bridgerton: Who Edwina Sharma marries in the books vs. the Netflix series,neutral,402.8900146484375,400.4700012207031,406.5799865722656,395.8999938964844,5902400
2023-06-02,See Stranger Things Season 5 before anyone else on Netflix — here's how,neutral,402.8900146484375,400.4700012207031,406.5799865722656,395.8999938964844,5902400
2023-06-02,Netflix reaches settlement with ex-India legal head in gender bias lawsuit,negative,402.8900146484375,400.4700012207031,406.5799865722656,395.8999938964844,5902400
2023-06-02,When One Piece Season 2 Arrives on Netflix: Release Date Revealed,neutral,402.8900146484375,400.4700012207031,406.5799865722656,395.8999938964844,5902400
2023-06-05,Netflix Releases ‘Physical: Asia’ Featuring Team Philippines Led By Manny Pacquiao,neutral,400.4700012207031,403.5400085449219,413.8599853515625,400.1499938964844,7247400
2023-06-05,"The Asset (Legenden, TV Series 2025) 'Netflix' Recap & Ending Explained: Can Ashley Ever Escape Miran’s World, or Is She Becoming the New Miran?",positive,400.4700012207031,403.5400085449219,413.8599853515625,400.1499938964844,7247400
2023-06-05,Crash Bandicoot animated tv show apparently in the works at Netflix,negative,400.4700012207031,403.5400085449219,413.8599853515625,400.1499938964844,7247400
2023-06-05,"Crash Bandicoot Is Returning to Netflix, But I Hope It’s Nothing Like His Last Appearance",positive,400.4700012207031,403.5400085449219,413.8599853515625,400.1499938964844,7247400
2023-06-05,New on Netflix in November 2025 — here are the 5 best new shows and movies to stream,positive,400.4700012207031,403.5400085449219,413.8599853515625,400.1499938964844,7247400
2023-06-05,‘Intense’ Danish thriller shoots up Netflix top 10,positive,400.4700012207031,403.5400085449219,413.8599853515625,400.1499938964844,7247400
2023-06-05,Netflix’s Costly Fantasy Series Returns with Major Change in Just 3 Days,negative,400.4700012207031,403.5400085449219,413.8599853515625,400.1499938964844,7247400
2023-06-05,Bridgerton: Who Edwina Sharma marries in the books vs. the Netflix series,neutral,400.4700012207031,403.5400085449219,413.8599853515625,400.1499938964844,7247400
2023-06-05,See Stranger Things Season 5 before anyone else on Netflix — here's how,neutral,400.4700012207031,403.5400085449219,413.8599853515625,400.1499938964844,7247400
2023-06-05,Netflix reaches settlement with ex-India legal head in gender bias lawsuit,negative,400.4700012207031,403.5400085449219,413.8599853515625,400.1499938964844,7247400
2023-06-06,Netflix Releases ‘Physical: Asia’ Featuring Team Philippines Led By Manny Pacquiao,neutral,405.0,399.2900085449219,405.1199951171875,396.92999267578125,4991500
2023-06-06,"The Asset (Legenden, TV Series 2025) 'Netflix' Recap & Ending Explained: Can Ashley Ever Escape Miran’s World, or Is She Becoming the New Miran?",positive,405.0,399.2900085449219,405.1199951171875,396.92999267578125,4991500
2023-06-06,Crash Bandicoot animated tv show apparently in the works at Netflix,negative,405.0,399.2900085449219,405.1199951171875,396.92999267578125,4991500
2023-06-06,"Crash Bandicoot Is Returning to Netflix, But I Hope It’s Nothing Like His Last Appearance",positive,405.0,399.2900085449219,405.1199951171875,396.92999267578125,4991500
2023-06-06,New on Netflix in November 2025 — here are the 5 best new shows and movies to stream,positive,405.0,399.2900085449219,405.1199951171875,396.92999267578125,4991500
2023-06-06,‘Intense’ Danish thriller shoots up Netflix top 10,positive,405.0,399.2900085449219,405.1199951171875,396.92999267578125,4991500
2023-06-06,Netflix’s Costly Fantasy Series Returns with Major Change in Just 3 Days,negative,405.0,399.2900085449219,405.1199951171875,396.92999267578125,4991500
2023-06-06,Bridgerton: Who Edwina Sharma marries in the books vs. the Netflix series,neutral,405.0,399.2900085449219,405.1199951171875,396.92999267578125,4991500
2023-06-06,See Stranger Things Season 5 before anyone else on Netflix — here's how,neutral,405.0,399.2900085449219,405.1199951171875,396.92999267578125,4991500
2023-06-06,Netflix reaches settlement with ex-India legal head in gender bias lawsuit,negative,405.0,399.2900085449219,405.1199951171875,396.92999267578125,4991500
2023-06-07,Netflix Releases ‘Physical: Asia’ Featuring Team Philippines Led By Manny Pacquiao,neutral,410.42999267578125,399.7699890136719,418.95001220703125,399.2300109863281,11932400
2023-06-07,"The Asset (Legenden, TV Series 2025) 'Netflix' Recap & Ending Explained: Can Ashley Ever Escape Miran’s World, or Is She Becoming the New Miran?",positive,410.42999267578125,399.7699890136719,418.95001220703125,399.2300109863281,11932400
2023-06-07,Crash Bandicoot animated tv show apparently in the works at Netflix,negative,410.42999267578125,399.7699890136719,418.95001220703125,399.2300109863281,11932400
2023-06-07,"Crash Bandicoot Is Returning to Netflix, But I Hope It’s Nothing Like His Last Appearance",positive,410.42999267578125,399.7699890136719,418.95001220703125,399.2300109863281,11932400
2023-06-07,New on Netflix in November 2025 — here are the 5 best new shows and movies to stream,positive,410.42999267578125,399.7699890136719,418.95001220703125,399.2300109863281,11932400
2023-06-07,‘Intense’ Danish thriller shoots up Netflix top 10,positive,410.42999267578125,399.7699890136719,418.95001220703125,399.2300109863281,11932400
2023-06-07,Netflix’s Costly Fantasy Series Returns with Major Change in Just 3 Days,negative,410.42999267578125,399.7699890136719,418.95001220703125,399.2300109863281,11932400
2023-06-07,Bridgerton: Who Edwina Sharma marries in the books vs. the Netflix series,neutral,410.42999267578125,399.7699890136719,418.95001220703125,399.2300109863281,11932400
2023-06-07,See Stranger Things Season 5 before anyone else on Netflix — here's how,neutral,410.42999267578125,399.7699890136719,418.95001220703125,399.2300109863281,11932400
2023-06-07,Netflix reaches settlement with ex-India legal head in gender bias lawsuit,negative,410.42999267578125,399.7699890136719,418.95001220703125,399.2300109863281,11932400
2023-06-08,Netflix Releases ‘Physical: Asia’ Featuring Team Philippines Led By Manny Pacquiao,neutral,399.7699890136719,409.3699951171875,409.5400085449219,396.3399963378906,5991100
2023-06-08,"The Asset (Legenden, TV Series 2025) 'Netflix' Recap & Ending Explained: Can Ashley Ever Escape Miran’s World, or Is She Becoming the New Miran?",positive,399.7699890136719,409.3699951171875,409.5400085449219,396.3399963378906,5991100
2023-06-08,Crash Bandicoot animated tv show apparently in the works at Netflix,negative,399.7699890136719,409.3699951171875,409.5400085449219,396.3399963378906,5991100
2023-06-08,"Crash Bandicoot Is Returning to Netflix, But I Hope It’s Nothing Like His Last Appearance",positive,399.7699890136719,409.3699951171875,409.5400085449219,396.3399963378906,5991100
2023-06-08,New on Netflix in November 2025 — here are the 5 best new shows and movies to stream,positive,399.7699890136719,409.3699951171875,409.5400085449219,396.3399963378906,5991100
2023-06-08,‘Intense’ Danish thriller shoots up Netflix top 10,positive,399.7699890136719,409.3699951171875,409.5400085449219,396.3399963378906,5991100
2023-06-08,Netflix’s Costly Fantasy Series Returns with Major Change in Just 3 Days,negative,399.7699890136719,409.3699951171875,409.5400085449219,396.3399963378906,5991100
2023-06-08,Bridgerton: Who Edwina Sharma marries in the books vs. the Netflix series,neutral,399.7699890136719,409.3699951171875,409.5400085449219,396.3399963378906,5991100
2023-06-08,See Stranger Things Season 5 before anyone else on Netflix — here's how,neutral,399.7699890136719,409.3699951171875,409.5400085449219,396.3399963378906,5991100
2023-06-08,Netflix reaches settlement with ex-India legal head in gender bias lawsuit,negative,399.7699890136719,409.3699951171875,409.5400085449219,396.3399963378906,5991100
2023-06-09,Netflix Releases ‘Physical: Asia’ Featuring Team Philippines Led By Manny Pacquiao,neutral,424.5,420.0199890136719,425.8999938964844,414.760009765625,12363000
2023-06-09,"The Asset (Legenden, TV Series 2025) 'Netflix' Recap & Ending Explained: Can Ashley Ever Escape Miran’s World, or Is She Becoming the New Miran?",positive,424.5,420.0199890136719,425.8999938964844,414.760009765625,12363000
2023-06-09,Crash Bandicoot animated tv show apparently in the works at Netflix,negative,424.5,420.0199890136719,425.8999938964844,414.760009765625,12363000
2023-06-09,"Crash Bandicoot Is Returning to Netflix, But I Hope It’s Nothing Like His Last Appearance",positive,424.5,420.0199890136719,425.8999938964844,414.760009765625,12363000
2023-06-09,New on Netflix in November 2025 — here are the 5 best new shows and movies to stream,positive,424.5,420.0199890136719,425.8999938964844,414.760009765625,12363000
2023-06-09,‘Intense’ Danish thriller shoots up Netflix top 10,positive,424.5,420.0199890136719,425.8999938964844,414.760009765625,12363000
2023-06-09,Netflix’s Costly Fantasy Series Returns with Major Change in Just 3 Days,negative,424.5,420.0199890136719,425.8999938964844,414.760009765625,12363000
2023-06-09,Bridgerton: Who Edwina Sharma marries in the books vs. the Netflix series,neutral,424.5,420.0199890136719,425.8999938964844,414.760009765625,12363000
2023-06-09,See Stranger Things Season 5 before anyone else on Netflix — here's how,neutral,424.5,420.0199890136719,425.8999938964844,414.760009765625,12363000
2023-06-09,Netflix reaches settlement with ex-India legal head in gender bias lawsuit,negative,424.5,420.0199890136719,425.8999938964844,414.760009765625,12363000
2023-06-12,Netflix Releases ‘Physical: Asia’ Featuring Team Philippines Led By Manny Pacquiao,neutral,418.8299865722656,423.9700012207031,424.70001220703125,416.57000732421875,5959500
2023-06-12,"The Asset (Legenden, TV Series 2025) 'Netflix' Recap & Ending Explained: Can Ashley Ever Escape Miran’s World, or Is She Becoming the New Miran?",positive,418.8299865722656,423.9700012207031,424.70001220703125,416.57000732421875,5959500
2023-06-12,Crash Bandicoot animated tv show apparently in the works at Netflix,negative,418.8299865722656,423.9700012207031,424.70001220703125,416.57000732421875,5959500
2023-06-12,"Crash Bandicoot Is Returning to Netflix, But I Hope It’s Nothing Like His Last Appearance",positive,418.8299865722656,423.9700012207031,424.70001220703125,416.57000732421875,5959500
2023-06-12,New on Netflix in November 2025 — here are the 5 best new shows and movies to stream,positive,418.8299865722656,423.9700012207031,424.70001220703125,416.57000732421875,5959500
2023-06-12,‘Intense’ Danish thriller shoots up Netflix top 10,positive,418.8299865722656,423.9700012207031,424.70001220703125,416.57000732421875,5959500
2023-06-12,Netflix’s Costly Fantasy Series Returns with Major Change in Just 3 Days,negative,418.8299865722656,423.9700012207031,424.70001220703125,416.57000732421875,5959500
2023-06-12,Bridgerton: Who Edwina Sharma marries in the books vs. the Netflix series,neutral,418.8299865722656,423.9700012207031,424.70001220703125,416.57000732421875,5959500
2023-06-12,See Stranger Things Season 5 before anyone else on Netflix — here's how,neutral,418.8299865722656,423.9700012207031,424.70001220703125,416.57000732421875,5959500
2023-06-12,Netflix reaches settlement with ex-India legal head in gender bias lawsuit,negative,418.8299865722656,423.9700012207031,424.70001220703125,416.57000732421875,5959500
2023-06-13,Netflix Releases ‘Physical: Asia’ Featuring Team Philippines Led By Manny Pacquiao,neutral,430.010009765625,435.7300109863281,437.2699890136719,428.3999938964844,7820500
2023-06-13,"The Asset (Legenden, TV Series 2025) 'Netflix' Recap & Ending Explained: Can Ashley Ever Escape Miran’s World, or Is She Becoming the New Miran?",positive,430.010009765625,435.7300109863281,437.2699890136719,428.3999938964844,7820500
2023-06-13,Crash Bandicoot animated tv show apparently in the works at Netflix,negative,430.010009765625,435.7300109863281,437.2699890136719,428.3999938964844,7820500
2023-06-13,"Crash Bandicoot Is Returning to Netflix, But I Hope It’s Nothing Like His Last Appearance",positive,430.010009765625,435.7300109863281,437.2699890136719,428.3999938964844,7820500
2023-06-13,New on Netflix in November 2025 — here are the 5 best new shows and movies to stream,positive,430.010009765625,435.7300109863281,437.2699890136719,428.3999938964844,7820500
2023-06-13,‘Intense’ Danish thriller shoots up Netflix top 10,positive,430.010009765625,435.7300109863281,437.2699890136719,428.3999938964844,7820500
2023-06-13,Netflix’s Costly Fantasy Series Returns with Major Change in Just 3 Days,negative,430.010009765625,435.7300109863281,437.2699890136719,428.3999938964844,7820500
2023-06-13,Bridgerton: Who Edwina Sharma marries in the books vs. the Netflix series,neutral,430.010009765625,435.7300109863281,437.2699890136719,428.3999938964844,7820500
2023-06-13,See Stranger Things Season 5 before anyone else on Netflix — here's how,neutral,430.010009765625,435.7300109863281,437.2699890136719,428.3999938964844,7820500
2023-06-13,Netflix reaches settlement with ex-India legal head in gender bias lawsuit,negative,430.010009765625,435.7300109863281,437.2699890136719,428.3999938964844,7820500
2023-06-14,Netflix Releases ‘Physical: Asia’ Featuring Team Philippines Led By Manny Pacquiao,neutral,434.989990234375,440.8599853515625,447.3299865722656,433.5,8413100
2023-06-14,"The Asset (Legenden, TV Series 2025) 'Netflix' Recap & Ending Explained: Can Ashley Ever Escape Miran’s World, or Is She Becoming the New Miran?",positive,434.989990234375,440.8599853515625,447.3299865722656,433.5,8413100
2023-06-14,Crash Bandicoot animated tv show apparently in the works at Netflix,negative,434.989990234375,440.8599853515625,447.3299865722656,433.5,8413100
2023-06-14,"Crash Bandicoot Is Returning to Netflix, But I Hope It’s Nothing Like His Last Appearance",positive,434.989990234375,440.8599853515625,447.3299865722656,433.5,8413100
2023-06-14,New on Netflix in November 2025 — here are the 5 best new shows and movies to stream,positive,434.989990234375,440.8599853515625,447.3299865722656,433.5,8413100
2023-06-14,‘Intense’ Danish thriller shoots up Netflix top 10,positive,434.989990234375,440.8599853515625,447.3299865722656,433.5,8413100
2023-06-14,Netflix’s Costly Fantasy Series Returns with Major Change in Just 3 Days,negative,434.989990234375,440.8599853515625,447.3299865722656,433.5,8413100
2023-06-14,Bridgerton: Who Edwina Sharma marries in the books vs. the Netflix series,neutral,434.989990234375,440.8599853515625,447.3299865722656,433.5,8413100
2023-06-14,See Stranger Things Season 5 before anyone else on Netflix — here's how,neutral,434.989990234375,440.8599853515625,447.3299865722656,433.5,8413100
2023-06-14,Netflix reaches settlement with ex-India legal head in gender bias lawsuit,negative,434.989990234375,440.8599853515625,447.3299865722656,433.5,8413100
2023-06-15,Netflix Releases ‘Physical: Asia’ Featuring Team Philippines Led By Manny Pacquiao,neutral,444.1000061035156,445.2699890136719,448.6499938964844,439.5,7099900
2023-06-15,"The Asset (Legenden, TV Series 2025) 'Netflix' Recap & Ending Explained: Can Ashley Ever Escape Miran’s World, or Is She Becoming the New Miran?",positive,444.1000061035156,445.2699890136719,448.6499938964844,439.5,7099900
2023-06-15,Crash Bandicoot animated tv show apparently in the works at Netflix,negative,444.1000061035156,445.2699890136719,448.6499938964844,439.5,7099900
2023-06-15,"Crash Bandicoot Is Returning to Netflix, But I Hope It’s Nothing Like His Last Appearance",positive,444.1000061035156,445.2699890136719,448.6499938964844,439.5,7099900
2023-06-15,New on Netflix in November 2025 — here are the 5 best new shows and movies to stream,positive,444.1000061035156,445.2699890136719,448.6499938964844,439.5,7099900
2023-06-15,‘Intense’ Danish thriller shoots up Netflix top 10,positive,444.1000061035156,445.2699890136719,448.6499938964844,439.5,7099900
2023-06-15,Netflix’s Costly Fantasy Series Returns with Major Change in Just 3 Days,negative,444.1000061035156,445.2699890136719,448.6499938964844,439.5,7099900
2023-06-15,Bridgerton: Who Edwina Sharma marries in the books vs. the Netflix series,neutral,444.1000061035156,445.2699890136719,448.6499938964844,439.5,7099900
2023-06-15,See Stranger Things Season 5 before anyone else on Netflix — here's how,neutral,444.1000061035156,445.2699890136719,448.6499938964844,439.5,7099900
2023-06-15,Netflix reaches settlement with ex-India legal head in gender bias lawsuit,negative,444.1000061035156,445.2699890136719,448.6499938964844,439.5,7099900
2023-06-16,Netflix Releases ‘Physical: Asia’ Featuring Team Philippines Led By Manny Pacquiao,neutral,446.1499938964844,431.9599914550781,447.510009765625,430.8999938964844,8753700
2023-06-16,"The Asset (Legenden, TV Series 2025) 'Netflix' Recap & Ending Explained: Can Ashley Ever Escape Miran’s World, or Is She Becoming the New Miran?",positive,446.1499938964844,431.9599914550781,447.510009765625,430.8999938964844,8753700
2023-06-16,Crash Bandicoot animated tv show apparently in the works at Netflix,negative,446.1499938964844,431.9599914550781,447.510009765625,430.8999938964844,8753700
2023-06-16,"Crash Bandicoot Is Returning to Netflix, But I Hope It’s Nothing Like His Last Appearance",positive,446.1499938964844,431.9599914550781,447.510009765625,430.8999938964844,8753700
2023-06-16,New on Netflix in November 2025 — here are the 5 best new shows and movies to stream,positive,446.1499938964844,431.9599914550781,447.510009765625,430.8999938964844,8753700
2023-06-16,‘Intense’ Danish thriller shoots up Netflix top 10,positive,446.1499938964844,431.9599914550781,447.510009765625,430.8999938964844,8753700
2023-06-16,Netflix’s Costly Fantasy Series Returns with Major Change in Just 3 Days,negative,446.1499938964844,431.9599914550781,447.510009765625,430.8999938964844,8753700
2023-06-16,Bridgerton: Who Edwina Sharma marries in the books vs. the Netflix series,neutral,446.1499938964844,431.9599914550781,447.510009765625,430.8999938964844,8753700
2023-06-16,See Stranger Things Season 5 before anyone else on Netflix — here's how,neutral,446.1499938964844,431.9599914550781,447.510009765625,430.8999938964844,8753700
2023-06-16,Netflix reaches settlement with ex-India legal head in gender bias lawsuit,negative,446.1499938964844,431.9599914550781,447.510009765625,430.8999938964844,8753700
2023-06-20,Netflix Releases ‘Physical: Asia’ Featuring Team Philippines Led By Manny Pacquiao,neutral,430.17999267578125,434.70001220703125,440.0,430.0,4756000
2023-06-20,"The Asset (Legenden, TV Series 2025) 'Netflix' Recap & Ending Explained: Can Ashley Ever Escape Miran’s World, or Is She Becoming the New Miran?",positive,430.17999267578125,434.70001220703125,440.0,430.0,4756000
2023-06-20,Crash Bandicoot animated tv show apparently in the works at Netflix,negative,430.17999267578125,434.70001220703125,440.0,430.0,4756000
2023-06-20,"Crash Bandicoot Is Returning to Netflix, But I Hope It’s Nothing Like His Last Appearance",positive,430.17999267578125,434.70001220703125,440.0,430.0,4756000
2023-06-20,New on Netflix in November 2025 — here are the 5 best new shows and movies to stream,positive,430.17999267578125,434.70001220703125,440.0,430.0,4756000
2023-06-20,‘Intense’ Danish thriller shoots up Netflix top 10,positive,430.17999267578125,434.70001220703125,440.0,430.0,4756000
2023-06-20,Netflix’s Costly Fantasy Series Returns with Major Change in Just 3 Days,negative,430.17999267578125,434.70001220703125,440.0,430.0,4756000
2023-06-20,Bridgerton: Who Edwina Sharma marries in the books vs. the Netflix series,neutral,430.17999267578125,434.70001220703125,440.0,430.0,4756000
2023-06-20,See Stranger Things Season 5 before anyone else on Netflix — here's how,neutral,430.17999267578125,434.70001220703125,440.0,430.0,4756000
2023-06-20,Netflix reaches settlement with ex-India legal head in gender bias lawsuit,negative,430.17999267578125,434.70001220703125,440.0,430.0,4756000
2023-06-21,Netflix Releases ‘Physical: Asia’ Featuring Team Philippines Led By Manny Pacquiao,neutral,432.6499938964844,424.45001220703125,434.54998779296875,422.5400085449219,5146400
2023-06-21,"The Asset (Legenden, TV Series 2025) 'Netflix' Recap & Ending Explained: Can Ashley Ever Escape Miran’s World, or Is She Becoming the New Miran?",positive,432.6499938964844,424.45001220703125,434.54998779296875,422.5400085449219,5146400
2023-06-21,Crash Bandicoot animated tv show apparently in the works at Netflix,negative,432.6499938964844,424.45001220703125,434.54998779296875,422.5400085449219,5146400
2023-06-21,"Crash Bandicoot Is Returning to Netflix, But I Hope It’s Nothing Like His Last Appearance",positive,432.6499938964844,424.45001220703125,434.54998779296875,422.5400085449219,5146400
2023-06-21,New on Netflix in November 2025 — here are the 5 best new shows and movies to stream,positive,432.6499938964844,424.45001220703125,434.54998779296875,422.5400085449219,5146400
2023-06-21,‘Intense’ Danish thriller shoots up Netflix top 10,positive,432.6499938964844,424.45001220703125,434.54998779296875,422.5400085449219,5146400
2023-06-21,Netflix’s Costly Fantasy Series Returns with Major Change in Just 3 Days,negative,432.6499938964844,424.45001220703125,434.54998779296875,422.5400085449219,5146400
2023-06-21,Bridgerton: Who Edwina Sharma marries in the books vs. the Netflix series,neutral,432.6499938964844,424.45001220703125,434.54998779296875,422.5400085449219,5146400
2023-06-21,See Stranger Things Season 5 before anyone else on Netflix — here's how,neutral,432.6499938964844,424.45001220703125,434.54998779296875,422.5400085449219,5146400
2023-06-21,Netflix reaches settlement with ex-India legal head in gender bias lawsuit,negative,432.6499938964844,424.45001220703125,434.54998779296875,422.5400085449219,5146400
2023-06-22,Netflix Releases ‘Physical: Asia’ Featuring Team Philippines Led By Manny Pacquiao,neutral,422.92999267578125,422.4800109863281,424.7099914550781,418.67999267578125,4869500
2023-06-22,"The Asset (Legenden, TV Series 2025) 'Netflix' Recap & Ending Explained: Can Ashley Ever Escape Miran’s World, or Is She Becoming the New Miran?",positive,422.92999267578125,422.4800109863281,424.7099914550781,418.67999267578125,4869500
2023-06-22,Crash Bandicoot animated tv show apparently in the works at Netflix,negative,422.92999267578125,422.4800109863281,424.7099914550781,418.67999267578125,4869500
2023-06-22,"Crash Bandicoot Is Returning to Netflix, But I Hope It’s Nothing Like His Last Appearance",positive,422.92999267578125,422.4800109863281,424.7099914550781,418.67999267578125,4869500
2023-06-22,New on Netflix in November 2025 — here are the 5 best new shows and movies to stream,positive,422.92999267578125,422.4800109863281,424.7099914550781,418.67999267578125,4869500
2023-06-22,‘Intense’ Danish thriller shoots up Netflix top 10,positive,422.92999267578125,422.4800109863281,424.7099914550781,418.67999267578125,4869500
2023-06-22,Netflix’s Costly Fantasy Series Returns with Major Change in Just 3 Days,negative,422.92999267578125,422.4800109863281,424.7099914550781,418.67999267578125,4869500
2023-06-22,Bridgerton: Who Edwina Sharma marries in the books vs. the Netflix series,neutral,422.92999267578125,422.4800109863281,424.7099914550781,418.67999267578125,4869500
2023-06-22,See Stranger Things Season 5 before anyone else on Netflix — here's how,neutral,422.92999267578125,422.4800109863281,424.7099914550781,418.67999267578125,4869500
2023-06-22,Netflix reaches settlement with ex-India legal head in gender bias lawsuit,negative,422.92999267578125,422.4800109863281,424.7099914550781,418.67999267578125,4869500
2023-06-23,Netflix Releases ‘Physical: Asia’ Featuring Team Philippines Led By Manny Pacquiao,neutral,418.5899963378906,424.0199890136719,425.82000732421875,417.7300109863281,8298600
2023-06-23,"The Asset (Legenden, TV Series 2025) 'Netflix' Recap & Ending Explained: Can Ashley Ever Escape Miran’s World, or Is She Becoming the New Miran?",positive,418.5899963378906,424.0199890136719,425.82000732421875,417.7300109863281,8298600
2023-06-23,Crash Bandicoot animated tv show apparently in the works at Netflix,negative,418.5899963378906,424.0199890136719,425.82000732421875,417.7300109863281,8298600
2023-06-23,"Crash Bandicoot Is Returning to Netflix, But I Hope It’s Nothing Like His Last Appearance",positive,418.5899963378906,424.0199890136719,425.82000732421875,417.7300109863281,8298600
2023-06-23,New on Netflix in November 2025 — here are the 5 best new shows and movies to stream,positive,418.5899963378906,424.0199890136719,425.82000732421875,417.7300109863281,8298600
2023-06-23,‘Intense’ Danish thriller shoots up Netflix top 10,positive,418.5899963378906,424.0199890136719,425.82000732421875,417.7300109863281,8298600
2023-06-23,Netflix’s Costly Fantasy Series Returns with Major Change in Just 3 Days,negative,418.5899963378906,424.0199890136719,425.82000732421875,417.7300109863281,8298600
2023-06-23,Bridgerton: Who Edwina Sharma marries in the books vs. the Netflix series,neutral,418.5899963378906,424.0199890136719,425.82000732421875,417.7300109863281,8298600
2023-06-23,See Stranger Things Season 5 before anyone else on Netflix — here's how,neutral,418.5899963378906,424.0199890136719,425.82000732421875,417.7300109863281,8298600
2023-06-23,Netflix reaches settlement with ex-India legal head in gender bias lawsuit,negative,418.5899963378906,424.0199890136719,425.82000732421875,417.7300109863281,8298600
2023-06-26,Netflix Releases ‘Physical: Asia’ Featuring Team Philippines Led By Manny Pacquiao,neutral,422.44000244140625,415.94000244140625,430.9599914550781,414.8999938964844,4640000
2023-06-26,"The Asset (Legenden, TV Series 2025) 'Netflix' Recap & Ending Explained: Can Ashley Ever Escape Miran’s World, or Is She Becoming the New Miran?",positive,422.44000244140625,415.94000244140625,430.9599914550781,414.8999938964844,4640000
2023-06-26,Crash Bandicoot animated tv show apparently in the works at Netflix,negative,422.44000244140625,415.94000244140625,430.9599914550781,414.8999938964844,4640000
2023-06-26,"Crash Bandicoot Is Returning to Netflix, But I Hope It’s Nothing Like His Last Appearance",positive,422.44000244140625,415.94000244140625,430.9599914550781,414.8999938964844,4640000
2023-06-26,New on Netflix in November 2025 — here are the 5 best new shows and movies to stream,positive,422.44000244140625,415.94000244140625,430.9599914550781,414.8999938964844,4640000
2023-06-26,‘Intense’ Danish thriller shoots up Netflix top 10,positive,422.44000244140625,415.94000244140625,430.9599914550781,414.8999938964844,4640000
2023-06-26,Netflix’s Costly Fantasy Series Returns with Major Change in Just 3 Days,negative,422.44000244140625,415.94000244140625,430.9599914550781,414.8999938964844,4640000
2023-06-26,Bridgerton: Who Edwina Sharma marries in the books vs. the Netflix series,neutral,422.44000244140625,415.94000244140625,430.9599914550781,414.8999938964844,4640000
2023-06-26,See Stranger Things Season 5 before anyone else on Netflix — here's how,neutral,422.44000244140625,415.94000244140625,430.9599914550781,414.8999938964844,4640000
2023-06-26,Netflix reaches settlement with ex-India legal head in gender bias lawsuit,negative,422.44000244140625,415.94000244140625,430.9599914550781,414.8999938964844,4640000
2023-06-27,Netflix Releases ‘Physical: Asia’ Featuring Team Philippines Led By Manny Pacquiao,neutral,417.3900146484375,417.0799865722656,420.8800048828125,411.5,4818100
2023-06-27,"The Asset (Legenden, TV Series 2025) 'Netflix' Recap & Ending Explained: Can Ashley Ever Escape Miran’s World, or Is She Becoming the New Miran?",positive,417.3900146484375,417.0799865722656,420.8800048828125,411.5,4818100
2023-06-27,Crash Bandicoot animated tv show apparently in the works at Netflix,negative,417.3900146484375,417.0799865722656,420.8800048828125,411.5,4818100
2023-06-27,"Crash Bandicoot Is Returning to Netflix, But I Hope It’s Nothing Like His Last Appearance",positive,417.3900146484375,417.0799865722656,420.8800048828125,411.5,4818100
2023-06-27,New on Netflix in November 2025 — here are the 5 best new shows and movies to stream,positive,417.3900146484375,417.0799865722656,420.8800048828125,411.5,4818100
2023-06-27,‘Intense’ Danish thriller shoots up Netflix top 10,positive,417.3900146484375,417.0799865722656,420.8800048828125,411.5,4818100
2023-06-27,Netflix’s Costly Fantasy Series Returns with Major Change in Just 3 Days,negative,417.3900146484375,417.0799865722656,420.8800048828125,411.5,4818100
2023-06-27,Bridgerton: Who Edwina Sharma marries in the books vs. the Netflix series,neutral,417.3900146484375,417.0799865722656,420.8800048828125,411.5,4818100
2023-06-27,See Stranger Things Season 5 before anyone else on Netflix — here's how,neutral,417.3900146484375,417.0799865722656,420.8800048828125,411.5,4818100
2023-06-27,Netflix reaches settlement with ex-India legal head in gender bias lawsuit,negative,417.3900146484375,417.0799865722656,420.8800048828125,411.5,4818100
2023-06-28,Netflix Releases ‘Physical: Asia’ Featuring Team Philippines Led By Manny Pacquiao,neutral,423.1000061035156,429.8399963378906,437.2900085449219,422.8900146484375,8811300
2023-06-28,"The Asset (Legenden, TV Series 2025) 'Netflix' Recap & Ending Explained: Can Ashley Ever Escape Miran’s World, or Is She Becoming the New Miran?",positive,423.1000061035156,429.8399963378906,437.2900085449219,422.8900146484375,8811300
2023-06-28,Crash Bandicoot animated tv show apparently in the works at Netflix,negative,423.1000061035156,429.8399963378906,437.2900085449219,422.8900146484375,8811300
2023-06-28,"Crash Bandicoot Is Returning to Netflix, But I Hope It’s Nothing Like His Last Appearance",positive,423.1000061035156,429.8399963378906,437.2900085449219,422.8900146484375,8811300
2023-06-28,New on Netflix in November 2025 — here are the 5 best new shows and movies to stream,positive,423.1000061035156,429.8399963378906,437.2900085449219,422.8900146484375,8811300
2023-06-28,‘Intense’ Danish thriller shoots up Netflix top 10,positive,423.1000061035156,429.8399963378906,437.2900085449219,422.8900146484375,8811300
2023-06-28,Netflix’s Costly Fantasy Series Returns with Major Change in Just 3 Days,negative,423.1000061035156,429.8399963378906,437.2900085449219,422.8900146484375,8811300
2023-06-28,Bridgerton: Who Edwina Sharma marries in the books vs. the Netflix series,neutral,423.1000061035156,429.8399963378906,437.2900085449219,422.8900146484375,8811300
2023-06-28,See Stranger Things Season 5 before anyone else on Netflix — here's how,neutral,423.1000061035156,429.8399963378906,437.2900085449219,422.8900146484375,8811300
2023-06-28,Netflix reaches settlement with ex-India legal head in gender bias lawsuit,negative,423.1000061035156,429.8399963378906,437.2900085449219,422.8900146484375,8811300
2023-06-29,Netflix Releases ‘Physical: Asia’ Featuring Team Philippines Led By Manny Pacquiao,neutral,434.3299865722656,428.239990234375,437.8500061035156,426.1499938964844,4932300
2023-06-29,"The Asset (Legenden, TV Series 2025) 'Netflix' Recap & Ending Explained: Can Ashley Ever Escape Miran’s World, or Is She Becoming the New Miran?",positive,434.3299865722656,428.239990234375,437.8500061035156,426.1499938964844,4932300
2023-06-29,Crash Bandicoot animated tv show apparently in the works at Netflix,negative,434.3299865722656,428.239990234375,437.8500061035156,426.1499938964844,4932300
2023-06-29,"Crash Bandicoot Is Returning to Netflix, But I Hope It’s Nothing Like His Last Appearance",positive,434.3299865722656,428.239990234375,437.8500061035156,426.1499938964844,4932300
2023-06-29,New on Netflix in November 2025 — here are the 5 best new shows and movies to stream,positive,434.3299865722656,428.239990234375,437.8500061035156,426.1499938964844,4932300
2023-06-29,‘Intense’ Danish thriller shoots up Netflix top 10,positive,434.3299865722656,428.239990234375,437.8500061035156,426.1499938964844,4932300
2023-06-29,Netflix’s Costly Fantasy Series Returns with Major Change in Just 3 Days,negative,434.3299865722656,428.239990234375,437.8500061035156,426.1499938964844,4932300
2023-06-29,Bridgerton: Who Edwina Sharma marries in the books vs. the Netflix series,neutral,434.3299865722656,428.239990234375,437.8500061035156,426.1499938964844,4932300
2023-06-29,See Stranger Things Season 5 before anyone else on Netflix — here's how,neutral,434.3299865722656,428.239990234375,437.8500061035156,426.1499938964844,4932300
2023-06-29,Netflix reaches settlement with ex-India legal head in gender bias lawsuit,negative,434.3299865722656,428.239990234375,437.8500061035156,426.1499938964844,4932300
2023-06-30,Netflix Releases ‘Physical: Asia’ Featuring Team Philippines Led By Manny Pacquiao,neutral,431.1000061035156,440.489990234375,444.1199951171875,431.1000061035156,7346400
2023-06-30,"The Asset (Legenden, TV Series 2025) 'Netflix' Recap & Ending Explained: Can Ashley Ever Escape Miran’s World, or Is She Becoming the New Miran?",positive,431.1000061035156,440.489990234375,444.1199951171875,431.1000061035156,7346400
2023-06-30,Crash Bandicoot animated tv show apparently in the works at Netflix,negative,431.1000061035156,440.489990234375,444.1199951171875,431.1000061035156,7346400
2023-06-30,"Crash Bandicoot Is Returning to Netflix, But I Hope It’s Nothing Like His Last Appearance",positive,431.1000061035156,440.489990234375,444.1199951171875,431.1000061035156,7346400
2023-06-30,New on Netflix in November 2025 — here are the 5 best new shows and movies to stream,positive,431.1000061035156,440.489990234375,444.1199951171875,431.1000061035156,7346400
2023-06-30,‘Intense’ Danish thriller shoots up Netflix top 10,positive,431.1000061035156,440.489990234375,444.1199951171875,431.1000061035156,7346400
2023-06-30,Netflix’s Costly Fantasy Series Returns with Major Change in Just 3 Days,negative,431.1000061035156,440.489990234375,444.1199951171875,431.1000061035156,7346400
2023-06-30,Bridgerton: Who Edwina Sharma marries in the books vs. the Netflix series,neutral,431.1000061035156,440.489990234375,444.1199951171875,431.1000061035156,7346400
2023-06-30,See Stranger Things Season 5 before anyone else on Netflix — here's how,neutral,431.1000061035156,440.489990234375,444.1199951171875,431.1000061035156,7346400
2023-06-30,Netflix reaches settlement with ex-India legal head in gender bias lawsuit,negative,431.1000061035156,440.489990234375,444.1199951171875,431.1000061035156,7346400
2023-07-03,Netflix Releases ‘Physical: Asia’ Featuring Team Philippines Led By Manny Pacquiao,neutral,439.760009765625,441.44000244140625,441.54998779296875,431.6199951171875,3733200
2023-07-03,"The Asset (Legenden, TV Series 2025) 'Netflix' Recap & Ending Explained: Can Ashley Ever Escape Miran’s World, or Is She Becoming the New Miran?",positive,439.760009765625,441.44000244140625,441.54998779296875,431.6199951171875,3733200
2023-07-03,Crash Bandicoot animated tv show apparently in the works at Netflix,negative,439.760009765625,441.44000244140625,441.54998779296875,431.6199951171875,3733200
2023-07-03,"Crash Bandicoot Is Returning to Netflix, But I Hope It’s Nothing Like His Last Appearance",positive,439.760009765625,441.44000244140625,441.54998779296875,431.6199951171875,3733200
2023-07-03,New on Netflix in November 2025 — here are the 5 best new shows and movies to stream,positive,439.760009765625,441.44000244140625,441.54998779296875,431.6199951171875,3733200
2023-07-03,‘Intense’ Danish thriller shoots up Netflix top 10,positive,439.760009765625,441.44000244140625,441.54998779296875,431.6199951171875,3733200
2023-07-03,Netflix’s Costly Fantasy Series Returns with Major Change in Just 3 Days,negative,439.760009765625,441.44000244140625,441.54998779296875,431.6199951171875,3733200
2023-07-03,Bridgerton: Who Edwina Sharma marries in the books vs. the Netflix series,neutral,439.760009765625,441.44000244140625,441.54998779296875,431.6199951171875,3733200
2023-07-03,See Stranger Things Season 5 before anyone else on Netflix — here's how,neutral,439.760009765625,441.44000244140625,441.54998779296875,431.6199951171875,3733200
2023-07-03,Netflix reaches settlement with ex-India legal head in gender bias lawsuit,negative,439.760009765625,441.44000244140625,441.54998779296875,431.6199951171875,3733200
2023-07-05,Netflix Releases ‘Physical: Asia’ Featuring Team Philippines Led By Manny Pacquiao,neutral,444.9100036621094,445.8999938964844,450.9700012207031,439.6199951171875,6869500
2023-07-05,"The Asset (Legenden, TV Series 2025) 'Netflix' Recap & Ending Explained: Can Ashley Ever Escape Miran’s World, or Is She Becoming the New Miran?",positive,444.9100036621094,445.8999938964844,450.9700012207031,439.6199951171875,6869500
2023-07-05,Crash Bandicoot animated tv show apparently in the works at Netflix,negative,444.9100036621094,445.8999938964844,450.9700012207031,439.6199951171875,6869500
2023-07-05,"Crash Bandicoot Is Returning to Netflix, But I Hope It’s Nothing Like His Last Appearance",positive,444.9100036621094,445.8999938964844,450.9700012207031,439.6199951171875,6869500
2023-07-05,New on Netflix in November 2025 — here are the 5 best new shows and movies to stream,positive,444.9100036621094,445.8999938964844,450.9700012207031,439.6199951171875,6869500
2023-07-05,‘Intense’ Danish thriller shoots up Netflix top 10,positive,444.9100036621094,445.8999938964844,450.9700012207031,439.6199951171875,6869500
2023-07-05,Netflix’s Costly Fantasy Series Returns with Major Change in Just 3 Days,negative,444.9100036621094,445.8999938964844,450.9700012207031,439.6199951171875,6869500
2023-07-05,Bridgerton: Who Edwina Sharma marries in the books vs. the Netflix series,neutral,444.9100036621094,445.8999938964844,450.9700012207031,439.6199951171875,6869500
2023-07-05,See Stranger Things Season 5 before anyone else on Netflix — here's how,neutral,444.9100036621094,445.8999938964844,450.9700012207031,439.6199951171875,6869500
2023-07-05,Netflix reaches settlement with ex-India legal head in gender bias lawsuit,negative,444.9100036621094,445.8999938964844,450.9700012207031,439.6199951171875,6869500
2023-07-06,Netflix Releases ‘Physical: Asia’ Featuring Team Philippines Led By Manny Pacquiao,neutral,440.0,438.8399963378906,442.79998779296875,430.7200012207031,4938800
2023-07-06,"The Asset (Legenden, TV Series 2025) 'Netflix' Recap & Ending Explained: Can Ashley Ever Escape Miran’s World, or Is She Becoming the New Miran?",positive,440.0,438.8399963378906,442.79998779296875,430.7200012207031,4938800
2023-07-06,Crash Bandicoot animated tv show apparently in the works at Netflix,negative,440.0,438.8399963378906,442.79998779296875,430.7200012207031,4938800
2023-07-06,"Crash Bandicoot Is Returning to Netflix, But I Hope It’s Nothing Like His Last Appearance",positive,440.0,438.8399963378906,442.79998779296875,430.7200012207031,4938800
2023-07-06,New on Netflix in November 2025 — here are the 5 best new shows and movies to stream,positive,440.0,438.8399963378906,442.79998779296875,430.7200012207031,4938800
2023-07-06,‘Intense’ Danish thriller shoots up Netflix top 10,positive,440.0,438.8399963378906,442.79998779296875,430.7200012207031,4938800
2023-07-06,Netflix’s Costly Fantasy Series Returns with Major Change in Just 3 Days,negative,440.0,438.8399963378906,442.79998779296875,430.7200012207031,4938800
2023-07-06,Bridgerton: Who Edwina Sharma marries in the books vs. the Netflix series,neutral,440.0,438.8399963378906,442.79998779296875,430.7200012207031,4938800
2023-07-06,See Stranger Things Season 5 before anyone else on Netflix — here's how,neutral,440.0,438.8399963378906,442.79998779296875,430.7200012207031,4938800
2023-07-06,Netflix reaches settlement with ex-India legal head in gender bias lawsuit,negative,440.0,438.8399963378906,442.79998779296875,430.7200012207031,4938800
2023-07-07,Netflix Releases ‘Physical: Asia’ Featuring Team Philippines Led By Manny Pacquiao,neutral,438.6000061035156,438.1000061035156,442.3299865722656,435.8399963378906,4165100
2023-07-07,"The Asset (Legenden, TV Series 2025) 'Netflix' Recap & Ending Explained: Can Ashley Ever Escape Miran’s World, or Is She Becoming the New Miran?",positive,438.6000061035156,438.1000061035156,442.3299865722656,435.8399963378906,4165100
2023-07-07,Crash Bandicoot animated tv show apparently in the works at Netflix,negative,438.6000061035156,438.1000061035156,442.3299865722656,435.8399963378906,4165100
2023-07-07,"Crash Bandicoot Is Returning to Netflix, But I Hope It’s Nothing Like His Last Appearance",positive,438.6000061035156,438.1000061035156,442.3299865722656,435.8399963378906,4165100
2023-07-07,New on Netflix in November 2025 — here are the 5 best new shows and movies to stream,positive,438.6000061035156,438.1000061035156,442.3299865722656,435.8399963378906,4165100
2023-07-07,‘Intense’ Danish thriller shoots up Netflix top 10,positive,438.6000061035156,438.1000061035156,442.3299865722656,435.8399963378906,4165100
2023-07-07,Netflix’s Costly Fantasy Series Returns with Major Change in Just 3 Days,negative,438.6000061035156,438.1000061035156,442.3299865722656,435.8399963378906,4165100
2023-07-07,Bridgerton: Who Edwina Sharma marries in the books vs. the Netflix series,neutral,438.6000061035156,438.1000061035156,442.3299865722656,435.8399963378906,4165100
2023-07-07,See Stranger Things Season 5 before anyone else on Netflix — here's how,neutral,438.6000061035156,438.1000061035156,442.3299865722656,435.8399963378906,4165100
2023-07-07,Netflix reaches settlement with ex-India legal head in gender bias lawsuit,negative,438.6000061035156,438.1000061035156,442.3299865722656,435.8399963378906,4165100
2023-07-10,Netflix Releases ‘Physical: Asia’ Featuring Team Philippines Led By Manny Pacquiao,neutral,438.5199890136719,441.7099914550781,444.4100036621094,436.82000732421875,4251700
2023-07-10,"The Asset (Legenden, TV Series 2025) 'Netflix' Recap & Ending Explained: Can Ashley Ever Escape Miran’s World, or Is She Becoming the New Miran?",positive,438.5199890136719,441.7099914550781,444.4100036621094,436.82000732421875,4251700
2023-07-10,Crash Bandicoot animated tv show apparently in the works at Netflix,negative,438.5199890136719,441.7099914550781,444.4100036621094,436.82000732421875,4251700
2023-07-10,"Crash Bandicoot Is Returning to Netflix, But I Hope It’s Nothing Like His Last Appearance",positive,438.5199890136719,441.7099914550781,444.4100036621094,436.82000732421875,4251700
2023-07-10,New on Netflix in November 2025 — here are the 5 best new shows and movies to stream,positive,438.5199890136719,441.7099914550781,444.4100036621094,436.82000732421875,4251700
2023-07-10,‘Intense’ Danish thriller shoots up Netflix top 10,positive,438.5199890136719,441.7099914550781,444.4100036621094,436.82000732421875,4251700
2023-07-10,Netflix’s Costly Fantasy Series Returns with Major Change in Just 3 Days,negative,438.5199890136719,441.7099914550781,444.4100036621094,436.82000732421875,4251700
2023-07-10,Bridgerton: Who Edwina Sharma marries in the books vs. the Netflix series,neutral,438.5199890136719,441.7099914550781,444.4100036621094,436.82000732421875,4251700
2023-07-10,See Stranger Things Season 5 before anyone else on Netflix — here's how,neutral,438.5199890136719,441.7099914550781,444.4100036621094,436.82000732421875,4251700
2023-07-10,Netflix reaches settlement with ex-India legal head in gender bias lawsuit,negative,438.5199890136719,441.7099914550781,444.4100036621094,436.82000732421875,4251700
2023-07-11,Netflix Releases ‘Physical: Asia’ Featuring Team Philippines Led By Manny Pacquiao,neutral,438.6499938964844,440.2099914550781,440.79998779296875,431.0400085449219,4569200
2023-07-11,"The Asset (Legenden, TV Series 2025) 'Netflix' Recap & Ending Explained: Can Ashley Ever Escape Miran’s World, or Is She Becoming the New Miran?",positive,438.6499938964844,440.2099914550781,440.79998779296875,431.0400085449219,4569200
2023-07-11,Crash Bandicoot animated tv show apparently in the works at Netflix,negative,438.6499938964844,440.2099914550781,440.79998779296875,431.0400085449219,4569200
2023-07-11,"Crash Bandicoot Is Returning to Netflix, But I Hope It’s Nothing Like His Last Appearance",positive,438.6499938964844,440.2099914550781,440.79998779296875,431.0400085449219,4569200
2023-07-11,New on Netflix in November 2025 — here are the 5 best new shows and movies to stream,positive,438.6499938964844,440.2099914550781,440.79998779296875,431.0400085449219,4569200
2023-07-11,‘Intense’ Danish thriller shoots up Netflix top 10,positive,438.6499938964844,440.2099914550781,440.79998779296875,431.0400085449219,4569200
2023-07-11,Netflix’s Costly Fantasy Series Returns with Major Change in Just 3 Days,negative,438.6499938964844,440.2099914550781,440.79998779296875,431.0400085449219,4569200
2023-07-11,Bridgerton: Who Edwina Sharma marries in the books vs. the Netflix series,neutral,438.6499938964844,440.2099914550781,440.79998779296875,431.0400085449219,4569200
2023-07-11,See Stranger Things Season 5 before anyone else on Netflix — here's how,neutral,438.6499938964844,440.2099914550781,440.79998779296875,431.0400085449219,4569200
2023-07-11,Netflix reaches settlement with ex-India legal head in gender bias lawsuit,negative,438.6499938964844,440.2099914550781,440.79998779296875,431.0400085449219,4569200
2023-07-12,Netflix Releases ‘Physical: Asia’ Featuring Team Philippines Led By Manny Pacquiao,neutral,444.54998779296875,444.04998779296875,445.4100036621094,437.75,5731700
2023-07-12,"The Asset (Legenden, TV Series 2025) 'Netflix' Recap & Ending Explained: Can Ashley Ever Escape Miran’s World, or Is She Becoming the New Miran?",positive,444.54998779296875,444.04998779296875,445.4100036621094,437.75,5731700
2023-07-12,Crash Bandicoot animated tv show apparently in the works at Netflix,negative,444.54998779296875,444.04998779296875,445.4100036621094,437.75,5731700
2023-07-12,"Crash Bandicoot Is Returning to Netflix, But I Hope It’s Nothing Like His Last Appearance",positive,444.54998779296875,444.04998779296875,445.4100036621094,437.75,5731700
2023-07-12,New on Netflix in November 2025 — here are the 5 best new shows and movies to stream,positive,444.54998779296875,444.04998779296875,445.4100036621094,437.75,5731700
2023-07-12,‘Intense’ Danish thriller shoots up Netflix top 10,positive,444.54998779296875,444.04998779296875,445.4100036621094,437.75,5731700
2023-07-12,Netflix’s Costly Fantasy Series Returns with Major Change in Just 3 Days,negative,444.54998779296875,444.04998779296875,445.4100036621094,437.75,5731700
2023-07-12,Bridgerton: Who Edwina Sharma marries in the books vs. the Netflix series,neutral,444.54998779296875,444.04998779296875,445.4100036621094,437.75,5731700
2023-07-12,See Stranger Things Season 5 before anyone else on Netflix — here's how,neutral,444.54998779296875,444.04998779296875,445.4100036621094,437.75,5731700
2023-07-12,Netflix reaches settlement with ex-India legal head in gender bias lawsuit,negative,444.54998779296875,444.04998779296875,445.4100036621094,437.75,5731700
2023-07-13,Netflix Releases ‘Physical: Asia’ Featuring Team Philippines Led By Manny Pacquiao,neutral,447.0,450.3800048828125,451.6700134277344,441.17999267578125,6157500
2023-07-13,"The Asset (Legenden, TV Series 2025) 'Netflix' Recap & Ending Explained: Can Ashley Ever Escape Miran’s World, or Is She Becoming the New Miran?",positive,447.0,450.3800048828125,451.6700134277344,441.17999267578125,6157500
2023-07-13,Crash Bandicoot animated tv show apparently in the works at Netflix,negative,447.0,450.3800048828125,451.6700134277344,441.17999267578125,6157500
2023-07-13,"Crash Bandicoot Is Returning to Netflix, But I Hope It’s Nothing Like His Last Appearance",positive,447.0,450.3800048828125,451.6700134277344,441.17999267578125,6157500
2023-07-13,New on Netflix in November 2025 — here are the 5 best new shows and movies to stream,positive,447.0,450.3800048828125,451.6700134277344,441.17999267578125,6157500
2023-07-13,‘Intense’ Danish thriller shoots up Netflix top 10,positive,447.0,450.3800048828125,451.6700134277344,441.17999267578125,6157500
2023-07-13,Netflix’s Costly Fantasy Series Returns with Major Change in Just 3 Days,negative,447.0,450.3800048828125,451.6700134277344,441.17999267578125,6157500
2023-07-13,Bridgerton: Who Edwina Sharma marries in the books vs. the Netflix series,neutral,447.0,450.3800048828125,451.6700134277344,441.17999267578125,6157500
2023-07-13,See Stranger Things Season 5 before anyone else on Netflix — here's how,neutral,447.0,450.3800048828125,451.6700134277344,441.17999267578125,6157500
2023-07-13,Netflix reaches settlement with ex-India legal head in gender bias lawsuit,negative,447.0,450.3800048828125,451.6700134277344,441.17999267578125,6157500
2023-07-14,Netflix Releases ‘Physical: Asia’ Featuring Team Philippines Led By Manny Pacquiao,neutral,452.7900085449219,441.9100036621094,456.4800109863281,439.70001220703125,7195900
2023-07-14,"The Asset (Legenden, TV Series 2025) 'Netflix' Recap & Ending Explained: Can Ashley Ever Escape Miran’s World, or Is She Becoming the New Miran?",positive,452.7900085449219,441.9100036621094,456.4800109863281,439.70001220703125,7195900
2023-07-14,Crash Bandicoot animated tv show apparently in the works at Netflix,negative,452.7900085449219,441.9100036621094,456.4800109863281,439.70001220703125,7195900
2023-07-14,"Crash Bandicoot Is Returning to Netflix, But I Hope It’s Nothing Like His Last Appearance",positive,452.7900085449219,441.9100036621094,456.4800109863281,439.70001220703125,7195900
2023-07-14,New on Netflix in November 2025 — here are the 5 best new shows and movies to stream,positive,452.7900085449219,441.9100036621094,456.4800109863281,439.70001220703125,7195900
2023-07-14,‘Intense’ Danish thriller shoots up Netflix top 10,positive,452.7900085449219,441.9100036621094,456.4800109863281,439.70001220703125,7195900
2023-07-14,Netflix’s Costly Fantasy Series Returns with Major Change in Just 3 Days,negative,452.7900085449219,441.9100036621094,456.4800109863281,439.70001220703125,7195900
2023-07-14,Bridgerton: Who Edwina Sharma marries in the books vs. the Netflix series,neutral,452.7900085449219,441.9100036621094,456.4800109863281,439.70001220703125,7195900
2023-07-14,See Stranger Things Season 5 before anyone else on Netflix — here's how,neutral,452.7900085449219,441.9100036621094,456.4800109863281,439.70001220703125,7195900
2023-07-14,Netflix reaches settlement with ex-India legal head in gender bias lawsuit,negative,452.7900085449219,441.9100036621094,456.4800109863281,439.70001220703125,7195900
2023-07-17,Netflix Releases ‘Physical: Asia’ Featuring Team Philippines Led By Manny Pacquiao,neutral,445.57000732421875,450.04998779296875,456.67999267578125,445.1099853515625,6891700
2023-07-17,"The Asset (Legenden, TV Series 2025) 'Netflix' Recap & Ending Explained: Can Ashley Ever Escape Miran’s World, or Is She Becoming the New Miran?",positive,445.57000732421875,450.04998779296875,456.67999267578125,445.1099853515625,6891700
2023-07-17,Crash Bandicoot animated tv show apparently in the works at Netflix,negative,445.57000732421875,450.04998779296875,456.67999267578125,445.1099853515625,6891700
2023-07-17,"Crash Bandicoot Is Returning to Netflix, But I Hope It’s Nothing Like His Last Appearance",positive,445.57000732421875,450.04998779296875,456.67999267578125,445.1099853515625,6891700
2023-07-17,New on Netflix in November 2025 — here are the 5 best new shows and movies to stream,positive,445.57000732421875,450.04998779296875,456.67999267578125,445.1099853515625,6891700
2023-07-17,‘Intense’ Danish thriller shoots up Netflix top 10,positive,445.57000732421875,450.04998779296875,456.67999267578125,445.1099853515625,6891700
2023-07-17,Netflix’s Costly Fantasy Series Returns with Major Change in Just 3 Days,negative,445.57000732421875,450.04998779296875,456.67999267578125,445.1099853515625,6891700
2023-07-17,Bridgerton: Who Edwina Sharma marries in the books vs. the Netflix series,neutral,445.57000732421875,450.04998779296875,456.67999267578125,445.1099853515625,6891700
2023-07-17,See Stranger Things Season 5 before anyone else on Netflix — here's how,neutral,445.57000732421875,450.04998779296875,456.67999267578125,445.1099853515625,6891700
2023-07-17,Netflix reaches settlement with ex-India legal head in gender bias lawsuit,negative,445.57000732421875,450.04998779296875,456.67999267578125,445.1099853515625,6891700
2023-07-18,A House of Dynamite Ending: What Really Happens in Kathryn Bigelow’s Netflix Thriller,positive,451.0,474.79998779296875,478.1499938964844,448.7799987792969,13041800
2023-07-18,Netflix Releases ‘Physical: Asia’ Featuring Team Philippines Led By Manny Pacquiao,neutral,451.0,474.79998779296875,478.1499938964844,448.7799987792969,13041800
2023-07-18,"The Asset (Legenden, TV Series 2025) 'Netflix' Recap & Ending Explained: Can Ashley Ever Escape Miran’s World, or Is She Becoming the New Miran?",positive,451.0,474.79998779296875,478.1499938964844,448.7799987792969,13041800
2023-07-18,Crash Bandicoot animated tv show apparently in the works at Netflix,negative,451.0,474.79998779296875,478.1499938964844,448.7799987792969,13041800
2023-07-18,"Crash Bandicoot Is Returning to Netflix, But I Hope It’s Nothing Like His Last Appearance",positive,451.0,474.79998779296875,478.1499938964844,448.7799987792969,13041800
2023-07-18,New on Netflix in November 2025 — here are the 5 best new shows and movies to stream,positive,451.0,474.79998779296875,478.1499938964844,448.7799987792969,13041800
2023-07-18,‘Intense’ Danish thriller shoots up Netflix top 10,positive,451.0,474.79998779296875,478.1499938964844,448.7799987792969,13041800
2023-07-18,Netflix’s Costly Fantasy Series Returns with Major Change in Just 3 Days,negative,451.0,474.79998779296875,478.1499938964844,448.7799987792969,13041800
2023-07-18,Bridgerton: Who Edwina Sharma marries in the books vs. the Netflix series,neutral,451.0,474.79998779296875,478.1499938964844,448.7799987792969,13041800
2023-07-18,See Stranger Things Season 5 before anyone else on Netflix — here's how,neutral,451.0,474.79998779296875,478.1499938964844,448.7799987792969,13041800
2023-07-19,A House of Dynamite Ending: What Really Happens in Kathryn Bigelow’s Netflix Thriller,positive,476.8599853515625,477.5899963378906,485.0,470.0,20996500
2023-07-19,Netflix Releases ‘Physical: Asia’ Featuring Team Philippines Led By Manny Pacquiao,neutral,476.8599853515625,477.5899963378906,485.0,470.0,20996500
2023-07-19,"The Asset (Legenden, TV Series 2025) 'Netflix' Recap & Ending Explained: Can Ashley Ever Escape Miran’s World, or Is She Becoming the New Miran?",positive,476.8599853515625,477.5899963378906,485.0,470.0,20996500
2023-07-19,Crash Bandicoot animated tv show apparently in the works at Netflix,negative,476.8599853515625,477.5899963378906,485.0,470.0,20996500
2023-07-19,"Crash Bandicoot Is Returning to Netflix, But I Hope It’s Nothing Like His Last Appearance",positive,476.8599853515625,477.5899963378906,485.0,470.0,20996500
2023-07-19,New on Netflix in November 2025 — here are the 5 best new shows and movies to stream,positive,476.8599853515625,477.5899963378906,485.0,470.0,20996500
2023-07-19,‘Intense’ Danish thriller shoots up Netflix top 10,positive,476.8599853515625,477.5899963378906,485.0,470.0,20996500
2023-07-19,Netflix’s Costly Fantasy Series Returns with Major Change in Just 3 Days,negative,476.8599853515625,477.5899963378906,485.0,470.0,20996500
2023-07-19,Bridgerton: Who Edwina Sharma marries in the books vs. the Netflix series,neutral,476.8599853515625,477.5899963378906,485.0,470.0,20996500
2023-07-19,See Stranger Things Season 5 before anyone else on Netflix — here's how,neutral,476.8599853515625,477.5899963378906,485.0,470.0,20996500
2023-07-20,A House of Dynamite Ending: What Really Happens in Kathryn Bigelow’s Netflix Thriller,positive,447.0,437.4200134277344,448.5,432.0,23989700
2023-07-20,Netflix Releases ‘Physical: Asia’ Featuring Team Philippines Led By Manny Pacquiao,neutral,447.0,437.4200134277344,448.5,432.0,23989700
2023-07-20,"The Asset (Legenden, TV Series 2025) 'Netflix' Recap & Ending Explained: Can Ashley Ever Escape Miran’s World, or Is She Becoming the New Miran?",positive,447.0,437.4200134277344,448.5,432.0,23989700
2023-07-20,Crash Bandicoot animated tv show apparently in the works at Netflix,negative,447.0,437.4200134277344,448.5,432.0,23989700
2023-07-20,"Crash Bandicoot Is Returning to Netflix, But I Hope It’s Nothing Like His Last Appearance",positive,447.0,437.4200134277344,448.5,432.0,23989700
2023-07-20,New on Netflix in November 2025 — here are the 5 best new shows and movies to stream,positive,447.0,437.4200134277344,448.5,432.0,23989700
2023-07-20,‘Intense’ Danish thriller shoots up Netflix top 10,positive,447.0,437.4200134277344,448.5,432.0,23989700
2023-07-20,Netflix’s Costly Fantasy Series Returns with Major Change in Just 3 Days,negative,447.0,437.4200134277344,448.5,432.0,23989700
2023-07-20,Bridgerton: Who Edwina Sharma marries in the books vs. the Netflix series,neutral,447.0,437.4200134277344,448.5,432.0,23989700
2023-07-20,See Stranger Things Season 5 before anyone else on Netflix — here's how,neutral,447.0,437.4200134277344,448.5,432.0,23989700
2023-07-21,A House of Dynamite Ending: What Really Happens in Kathryn Bigelow’s Netflix Thriller,positive,437.3699951171875,427.5,438.239990234375,423.19000244140625,17340000
2023-07-21,Netflix Releases ‘Physical: Asia’ Featuring Team Philippines Led By Manny Pacquiao,neutral,437.3699951171875,427.5,438.239990234375,423.19000244140625,17340000
2023-07-21,"The Asset (Legenden, TV Series 2025) 'Netflix' Recap & Ending Explained: Can Ashley Ever Escape Miran’s World, or Is She Becoming the New Miran?",positive,437.3699951171875,427.5,438.239990234375,423.19000244140625,17340000
2023-07-21,Crash Bandicoot animated tv show apparently in the works at Netflix,negative,437.3699951171875,427.5,438.239990234375,423.19000244140625,17340000
2023-07-21,"Crash Bandicoot Is Returning to Netflix, But I Hope It’s Nothing Like His Last Appearance",positive,437.3699951171875,427.5,438.239990234375,423.19000244140625,17340000
2023-07-21,New on Netflix in November 2025 — here are the 5 best new shows and movies to stream,positive,437.3699951171875,427.5,438.239990234375,423.19000244140625,17340000
2023-07-21,‘Intense’ Danish thriller shoots up Netflix top 10,positive,437.3699951171875,427.5,438.239990234375,423.19000244140625,17340000
2023-07-21,Netflix’s Costly Fantasy Series Returns with Major Change in Just 3 Days,negative,437.3699951171875,427.5,438.239990234375,423.19000244140625,17340000
2023-07-21,Bridgerton: Who Edwina Sharma marries in the books vs. the Netflix series,neutral,437.3699951171875,427.5,438.239990234375,423.19000244140625,17340000
2023-07-21,See Stranger Things Season 5 before anyone else on Netflix — here's how,neutral,437.3699951171875,427.5,438.239990234375,423.19000244140625,17340000
2023-07-24,A House of Dynamite Ending: What Really Happens in Kathryn Bigelow’s Netflix Thriller,positive,425.0,428.3699951171875,428.6400146484375,419.19000244140625,8264400
2023-07-24,Netflix Releases ‘Physical: Asia’ Featuring Team Philippines Led By Manny Pacquiao,neutral,425.0,428.3699951171875,428.6400146484375,419.19000244140625,8264400
2023-07-24,"The Asset (Legenden, TV Series 2025) 'Netflix' Recap & Ending Explained: Can Ashley Ever Escape Miran’s World, or Is She Becoming the New Miran?",positive,425.0,428.3699951171875,428.6400146484375,419.19000244140625,8264400
2023-07-24,Crash Bandicoot animated tv show apparently in the works at Netflix,negative,425.0,428.3699951171875,428.6400146484375,419.19000244140625,8264400
2023-07-24,"Crash Bandicoot Is Returning to Netflix, But I Hope It’s Nothing Like His Last Appearance",positive,425.0,428.3699951171875,428.6400146484375,419.19000244140625,8264400
2023-07-24,New on Netflix in November 2025 — here are the 5 best new shows and movies to stream,positive,425.0,428.3699951171875,428.6400146484375,419.19000244140625,8264400
2023-07-24,‘Intense’ Danish thriller shoots up Netflix top 10,positive,425.0,428.3699951171875,428.6400146484375,419.19000244140625,8264400
2023-07-24,Netflix’s Costly Fantasy Series Returns with Major Change in Just 3 Days,negative,425.0,428.3699951171875,428.6400146484375,419.19000244140625,8264400
2023-07-24,Bridgerton: Who Edwina Sharma marries in the books vs. the Netflix series,neutral,425.0,428.3699951171875,428.6400146484375,419.19000244140625,8264400
2023-07-24,See Stranger Things Season 5 before anyone else on Netflix — here's how,neutral,425.0,428.3699951171875,428.6400146484375,419.19000244140625,8264400
2023-07-25,A House of Dynamite Ending: What Really Happens in Kathryn Bigelow’s Netflix Thriller,positive,427.17999267578125,427.70001220703125,430.8800048828125,426.1300048828125,4859800
2023-07-25,Netflix Releases ‘Physical: Asia’ Featuring Team Philippines Led By Manny Pacquiao,neutral,427.17999267578125,427.70001220703125,430.8800048828125,426.1300048828125,4859800
2023-07-25,"The Asset (Legenden, TV Series 2025) 'Netflix' Recap & Ending Explained: Can Ashley Ever Escape Miran’s World, or Is She Becoming the New Miran?",positive,427.17999267578125,427.70001220703125,430.8800048828125,426.1300048828125,4859800
2023-07-25,Crash Bandicoot animated tv show apparently in the works at Netflix,negative,427.17999267578125,427.70001220703125,430.8800048828125,426.1300048828125,4859800
2023-07-25,"Crash Bandicoot Is Returning to Netflix, But I Hope It’s Nothing Like His Last Appearance",positive,427.17999267578125,427.70001220703125,430.8800048828125,426.1300048828125,4859800
2023-07-25,New on Netflix in November 2025 — here are the 5 best new shows and movies to stream,positive,427.17999267578125,427.70001220703125,430.8800048828125,426.1300048828125,4859800
2023-07-25,‘Intense’ Danish thriller shoots up Netflix top 10,positive,427.17999267578125,427.70001220703125,430.8800048828125,426.1300048828125,4859800
2023-07-25,Netflix’s Costly Fantasy Series Returns with Major Change in Just 3 Days,negative,427.17999267578125,427.70001220703125,430.8800048828125,426.1300048828125,4859800
2023-07-25,Bridgerton: Who Edwina Sharma marries in the books vs. the Netflix series,neutral,427.17999267578125,427.70001220703125,430.8800048828125,426.1300048828125,4859800
2023-07-25,See Stranger Things Season 5 before anyone else on Netflix — here's how,neutral,427.17999267578125,427.70001220703125,430.8800048828125,426.1300048828125,4859800
2023-07-26,A House of Dynamite Ending: What Really Happens in Kathryn Bigelow’s Netflix Thriller,positive,424.20001220703125,422.6700134277344,425.260009765625,415.5899963378906,6009200
2023-07-26,Netflix Releases ‘Physical: Asia’ Featuring Team Philippines Led By Manny Pacquiao,neutral,424.20001220703125,422.6700134277344,425.260009765625,415.5899963378906,6009200
2023-07-26,"The Asset (Legenden, TV Series 2025) 'Netflix' Recap & Ending Explained: Can Ashley Ever Escape Miran’s World, or Is She Becoming the New Miran?",positive,424.20001220703125,422.6700134277344,425.260009765625,415.5899963378906,6009200
2023-07-26,Crash Bandicoot animated tv show apparently in the works at Netflix,negative,424.20001220703125,422.6700134277344,425.260009765625,415.5899963378906,6009200
2023-07-26,"Crash Bandicoot Is Returning to Netflix, But I Hope It’s Nothing Like His Last Appearance",positive,424.20001220703125,422.6700134277344,425.260009765625,415.5899963378906,6009200
2023-07-26,New on Netflix in November 2025 — here are the 5 best new shows and movies to stream,positive,424.20001220703125,422.6700134277344,425.260009765625,415.5899963378906,6009200
2023-07-26,‘Intense’ Danish thriller shoots up Netflix top 10,positive,424.20001220703125,422.6700134277344,425.260009765625,415.5899963378906,6009200
2023-07-26,Netflix’s Costly Fantasy Series Returns with Major Change in Just 3 Days,negative,424.20001220703125,422.6700134277344,425.260009765625,415.5899963378906,6009200
2023-07-26,Bridgerton: Who Edwina Sharma marries in the books vs. the Netflix series,neutral,424.20001220703125,422.6700134277344,425.260009765625,415.5899963378906,6009200
2023-07-26,See Stranger Things Season 5 before anyone else on Netflix — here's how,neutral,424.20001220703125,422.6700134277344,425.260009765625,415.5899963378906,6009200
2023-07-27,A House of Dynamite Ending: What Really Happens in Kathryn Bigelow’s Netflix Thriller,positive,426.8999938964844,413.1700134277344,427.5199890136719,411.8800048828125,6594500
2023-07-27,Netflix Releases ‘Physical: Asia’ Featuring Team Philippines Led By Manny Pacquiao,neutral,426.8999938964844,413.1700134277344,427.5199890136719,411.8800048828125,6594500
2023-07-27,"The Asset (Legenden, TV Series 2025) 'Netflix' Recap & Ending Explained: Can Ashley Ever Escape Miran’s World, or Is She Becoming the New Miran?",positive,426.8999938964844,413.1700134277344,427.5199890136719,411.8800048828125,6594500
2023-07-27,Crash Bandicoot animated tv show apparently in the works at Netflix,negative,426.8999938964844,413.1700134277344,427.5199890136719,411.8800048828125,6594500
2023-07-27,"Crash Bandicoot Is Returning to Netflix, But I Hope It’s Nothing Like His Last Appearance",positive,426.8999938964844,413.1700134277344,427.5199890136719,411.8800048828125,6594500
2023-07-27,New on Netflix in November 2025 — here are the 5 best new shows and movies to stream,positive,426.8999938964844,413.1700134277344,427.5199890136719,411.8800048828125,6594500
2023-07-27,‘Intense’ Danish thriller shoots up Netflix top 10,positive,426.8999938964844,413.1700134277344,427.5199890136719,411.8800048828125,6594500
2023-07-27,Netflix’s Costly Fantasy Series Returns with Major Change in Just 3 Days,negative,426.8999938964844,413.1700134277344,427.5199890136719,411.8800048828125,6594500
2023-07-27,Bridgerton: Who Edwina Sharma marries in the books vs. the Netflix series,neutral,426.8999938964844,413.1700134277344,427.5199890136719,411.8800048828125,6594500
2023-07-27,See Stranger Things Season 5 before anyone else on Netflix — here's how,neutral,426.8999938964844,413.1700134277344,427.5199890136719,411.8800048828125,6594500
2023-08-02,ITAT deletes ₹445 cr TP adjustment on Netflix India; rejects revenue’s bid to treat it as content or tech,negative,435.2300109863281,429.70001220703125,435.55999755859375,426.55999755859375,4912200
2023-08-02,Netflix Documentary Ignites Three Major Leads in Amy Bradley Cold Case,neutral,435.2300109863281,429.70001220703125,435.55999755859375,426.55999755859375,4912200
2023-08-02,What time is The Witcher season 4 released on Netflix?,neutral,435.2300109863281,429.70001220703125,435.55999755859375,426.55999755859375,4912200
2023-08-02,Watch: Stranger Things Season 5 trailer goes viral after Netflix accidentally shares clip,negative,435.2300109863281,429.70001220703125,435.55999755859375,426.55999755859375,4912200
2023-08-02,Canal+ takes on Netflix in Africa with $3bn bet on satellite TV,neutral,435.2300109863281,429.70001220703125,435.55999755859375,426.55999755859375,4912200
2023-08-02,'Filthy and 2 hours sleep': What it's like on Netflix's most traumatic show,negative,435.2300109863281,429.70001220703125,435.55999755859375,426.55999755859375,4912200
2023-08-02,One Piece Season 2 Release Date Finally Confirmed: Netflix Sets Sail for Epic Grand Line Adventure,positive,435.2300109863281,429.70001220703125,435.55999755859375,426.55999755859375,4912200
2023-08-02,Movie With Will Smith’s Oscar Winning Role To Hit Netflix Soon,positive,435.2300109863281,429.70001220703125,435.55999755859375,426.55999755859375,4912200
2023-08-02,Netflix SA film ' Love and Wine' faces copycat criticism,positive,435.2300109863281,429.70001220703125,435.55999755859375,426.55999755859375,4912200
2023-08-02,"Netflix reveals 5 new features coming to streaming app, including real-time voting and 'party games'",positive,435.2300109863281,429.70001220703125,435.55999755859375,426.55999755859375,4912200
2023-08-03,ITAT deletes ₹445 cr TP adjustment on Netflix India; rejects revenue’s bid to treat it as content or tech,negative,427.79998779296875,431.0,441.92999267578125,427.19000244140625,6243900
2023-08-03,Netflix Documentary Ignites Three Major Leads in Amy Bradley Cold Case,neutral,427.79998779296875,431.0,441.92999267578125,427.19000244140625,6243900
2023-08-03,What time is The Witcher season 4 released on Netflix?,neutral,427.79998779296875,431.0,441.92999267578125,427.19000244140625,6243900
2023-08-03,Watch: Stranger Things Season 5 trailer goes viral after Netflix accidentally shares clip,negative,427.79998779296875,431.0,441.92999267578125,427.19000244140625,6243900
2023-08-03,Canal+ takes on Netflix in Africa with $3bn bet on satellite TV,neutral,427.79998779296875,431.0,441.92999267578125,427.19000244140625,6243900
2023-08-03,'Filthy and 2 hours sleep': What it's like on Netflix's most traumatic show,negative,427.79998779296875,431.0,441.92999267578125,427.19000244140625,6243900
2023-08-03,One Piece Season 2 Release Date Finally Confirmed: Netflix Sets Sail for Epic Grand Line Adventure,positive,427.79998779296875,431.0,441.92999267578125,427.19000244140625,6243900
2023-08-03,Movie With Will Smith’s Oscar Winning Role To Hit Netflix Soon,positive,427.79998779296875,431.0,441.92999267578125,427.19000244140625,6243900
2023-08-03,Netflix SA film ' Love and Wine' faces copycat criticism,positive,427.79998779296875,431.0,441.92999267578125,427.19000244140625,6243900
2023-08-03,"Netflix reveals 5 new features coming to streaming app, including real-time voting and 'party games'",positive,427.79998779296875,431.0,441.92999267578125,427.19000244140625,6243900
2023-08-04,ITAT deletes ₹445 cr TP adjustment on Netflix India; rejects revenue’s bid to treat it as content or tech,negative,433.05999755859375,431.6000061035156,436.5,426.2699890136719,5441800
2023-08-04,Netflix Documentary Ignites Three Major Leads in Amy Bradley Cold Case,neutral,433.05999755859375,431.6000061035156,436.5,426.2699890136719,5441800
2023-08-04,What time is The Witcher season 4 released on Netflix?,neutral,433.05999755859375,431.6000061035156,436.5,426.2699890136719,5441800
2023-08-04,Watch: Stranger Things Season 5 trailer goes viral after Netflix accidentally shares clip,negative,433.05999755859375,431.6000061035156,436.5,426.2699890136719,5441800
2023-08-04,Canal+ takes on Netflix in Africa with $3bn bet on satellite TV,neutral,433.05999755859375,431.6000061035156,436.5,426.2699890136719,5441800
2023-08-04,'Filthy and 2 hours sleep': What it's like on Netflix's most traumatic show,negative,433.05999755859375,431.6000061035156,436.5,426.2699890136719,5441800
2023-08-04,One Piece Season 2 Release Date Finally Confirmed: Netflix Sets Sail for Epic Grand Line Adventure,positive,433.05999755859375,431.6000061035156,436.5,426.2699890136719,5441800
2023-08-04,Movie With Will Smith’s Oscar Winning Role To Hit Netflix Soon,positive,433.05999755859375,431.6000061035156,436.5,426.2699890136719,5441800
2023-08-04,Netflix SA film ' Love and Wine' faces copycat criticism,positive,433.05999755859375,431.6000061035156,436.5,426.2699890136719,5441800
2023-08-04,"Netflix reveals 5 new features coming to streaming app, including real-time voting and 'party games'",positive,433.05999755859375,431.6000061035156,436.5,426.2699890136719,5441800
2023-08-07,ITAT deletes ₹445 cr TP adjustment on Netflix India; rejects revenue’s bid to treat it as content or tech,negative,436.4599914550781,440.760009765625,441.1099853515625,428.9100036621094,4781300
2023-08-07,Netflix Documentary Ignites Three Major Leads in Amy Bradley Cold Case,neutral,436.4599914550781,440.760009765625,441.1099853515625,428.9100036621094,4781300
2023-08-07,What time is The Witcher season 4 released on Netflix?,neutral,436.4599914550781,440.760009765625,441.1099853515625,428.9100036621094,4781300
2023-08-07,Watch: Stranger Things Season 5 trailer goes viral after Netflix accidentally shares clip,negative,436.4599914550781,440.760009765625,441.1099853515625,428.9100036621094,4781300
2023-08-07,Canal+ takes on Netflix in Africa with $3bn bet on satellite TV,neutral,436.4599914550781,440.760009765625,441.1099853515625,428.9100036621094,4781300
2023-08-07,'Filthy and 2 hours sleep': What it's like on Netflix's most traumatic show,negative,436.4599914550781,440.760009765625,441.1099853515625,428.9100036621094,4781300
2023-08-07,One Piece Season 2 Release Date Finally Confirmed: Netflix Sets Sail for Epic Grand Line Adventure,positive,436.4599914550781,440.760009765625,441.1099853515625,428.9100036621094,4781300
2023-08-07,Movie With Will Smith’s Oscar Winning Role To Hit Netflix Soon,positive,436.4599914550781,440.760009765625,441.1099853515625,428.9100036621094,4781300
2023-08-07,Netflix SA film ' Love and Wine' faces copycat criticism,positive,436.4599914550781,440.760009765625,441.1099853515625,428.9100036621094,4781300
2023-08-07,"Netflix reveals 5 new features coming to streaming app, including real-time voting and 'party games'",positive,436.4599914550781,440.760009765625,441.1099853515625,428.9100036621094,4781300
2023-08-08,ITAT deletes ₹445 cr TP adjustment on Netflix India; rejects revenue’s bid to treat it as content or tech,negative,440.3599853515625,438.29998779296875,443.57000732421875,435.1000061035156,3767200
2023-08-08,Netflix Documentary Ignites Three Major Leads in Amy Bradley Cold Case,neutral,440.3599853515625,438.29998779296875,443.57000732421875,435.1000061035156,3767200
2023-08-08,What time is The Witcher season 4 released on Netflix?,neutral,440.3599853515625,438.29998779296875,443.57000732421875,435.1000061035156,3767200
2023-08-08,Watch: Stranger Things Season 5 trailer goes viral after Netflix accidentally shares clip,negative,440.3599853515625,438.29998779296875,443.57000732421875,435.1000061035156,3767200
2023-08-08,Canal+ takes on Netflix in Africa with $3bn bet on satellite TV,neutral,440.3599853515625,438.29998779296875,443.57000732421875,435.1000061035156,3767200
2023-08-08,'Filthy and 2 hours sleep': What it's like on Netflix's most traumatic show,negative,440.3599853515625,438.29998779296875,443.57000732421875,435.1000061035156,3767200
2023-08-08,One Piece Season 2 Release Date Finally Confirmed: Netflix Sets Sail for Epic Grand Line Adventure,positive,440.3599853515625,438.29998779296875,443.57000732421875,435.1000061035156,3767200
2023-08-08,Movie With Will Smith’s Oscar Winning Role To Hit Netflix Soon,positive,440.3599853515625,438.29998779296875,443.57000732421875,435.1000061035156,3767200
2023-08-08,Netflix SA film ' Love and Wine' faces copycat criticism,positive,440.3599853515625,438.29998779296875,443.57000732421875,435.1000061035156,3767200
2023-08-08,"Netflix reveals 5 new features coming to streaming app, including real-time voting and 'party games'",positive,440.3599853515625,438.29998779296875,443.57000732421875,435.1000061035156,3767200
2023-08-09,ITAT deletes ₹445 cr TP adjustment on Netflix India; rejects revenue’s bid to treat it as content or tech,negative,439.739990234375,428.8999938964844,440.6199951171875,427.5899963378906,3846600
2023-08-09,Netflix Documentary Ignites Three Major Leads in Amy Bradley Cold Case,neutral,439.739990234375,428.8999938964844,440.6199951171875,427.5899963378906,3846600
2023-08-09,What time is The Witcher season 4 released on Netflix?,neutral,439.739990234375,428.8999938964844,440.6199951171875,427.5899963378906,3846600
2023-08-09,Watch: Stranger Things Season 5 trailer goes viral after Netflix accidentally shares clip,negative,439.739990234375,428.8999938964844,440.6199951171875,427.5899963378906,3846600
2023-08-09,Canal+ takes on Netflix in Africa with $3bn bet on satellite TV,neutral,439.739990234375,428.8999938964844,440.6199951171875,427.5899963378906,3846600
2023-08-09,'Filthy and 2 hours sleep': What it's like on Netflix's most traumatic show,negative,439.739990234375,428.8999938964844,440.6199951171875,427.5899963378906,3846600
2023-08-09,One Piece Season 2 Release Date Finally Confirmed: Netflix Sets Sail for Epic Grand Line Adventure,positive,439.739990234375,428.8999938964844,440.6199951171875,427.5899963378906,3846600
2023-08-09,Movie With Will Smith’s Oscar Winning Role To Hit Netflix Soon,positive,439.739990234375,428.8999938964844,440.6199951171875,427.5899963378906,3846600
2023-08-09,Netflix SA film ' Love and Wine' faces copycat criticism,positive,439.739990234375,428.8999938964844,440.6199951171875,427.5899963378906,3846600
2023-08-09,"Netflix reveals 5 new features coming to streaming app, including real-time voting and 'party games'",positive,439.739990234375,428.8999938964844,440.6199951171875,427.5899963378906,3846600
2023-08-10,ITAT deletes ₹445 cr TP adjustment on Netflix India; rejects revenue’s bid to treat it as content or tech,negative,431.1199951171875,429.9800109863281,438.1199951171875,428.69000244140625,5467600
2023-08-10,Netflix Documentary Ignites Three Major Leads in Amy Bradley Cold Case,neutral,431.1199951171875,429.9800109863281,438.1199951171875,428.69000244140625,5467600
2023-08-10,What time is The Witcher season 4 released on Netflix?,neutral,431.1199951171875,429.9800109863281,438.1199951171875,428.69000244140625,5467600
2023-08-10,Watch: Stranger Things Season 5 trailer goes viral after Netflix accidentally shares clip,negative,431.1199951171875,429.9800109863281,438.1199951171875,428.69000244140625,5467600
2023-08-10,Canal+ takes on Netflix in Africa with $3bn bet on satellite TV,neutral,431.1199951171875,429.9800109863281,438.1199951171875,428.69000244140625,5467600
2023-08-10,'Filthy and 2 hours sleep': What it's like on Netflix's most traumatic show,negative,431.1199951171875,429.9800109863281,438.1199951171875,428.69000244140625,5467600
2023-08-10,One Piece Season 2 Release Date Finally Confirmed: Netflix Sets Sail for Epic Grand Line Adventure,positive,431.1199951171875,429.9800109863281,438.1199951171875,428.69000244140625,5467600
2023-08-10,Movie With Will Smith’s Oscar Winning Role To Hit Netflix Soon,positive,431.1199951171875,429.9800109863281,438.1199951171875,428.69000244140625,5467600
2023-08-10,Netflix SA film ' Love and Wine' faces copycat criticism,positive,431.1199951171875,429.9800109863281,438.1199951171875,428.69000244140625,5467600
2023-08-10,"Netflix reveals 5 new features coming to streaming app, including real-time voting and 'party games'",positive,431.1199951171875,429.9800109863281,438.1199951171875,428.69000244140625,5467600
2023-08-11,ITAT deletes ₹445 cr TP adjustment on Netflix India; rejects revenue’s bid to treat it as content or tech,negative,428.9800109863281,421.6600036621094,430.6300048828125,421.3299865722656,3927900
2023-08-11,Netflix Documentary Ignites Three Major Leads in Amy Bradley Cold Case,neutral,428.9800109863281,421.6600036621094,430.6300048828125,421.3299865722656,3927900
2023-08-11,What time is The Witcher season 4 released on Netflix?,neutral,428.9800109863281,421.6600036621094,430.6300048828125,421.3299865722656,3927900
2023-08-11,Watch: Stranger Things Season 5 trailer goes viral after Netflix accidentally shares clip,negative,428.9800109863281,421.6600036621094,430.6300048828125,421.3299865722656,3927900
2023-08-11,Canal+ takes on Netflix in Africa with $3bn bet on satellite TV,neutral,428.9800109863281,421.6600036621094,430.6300048828125,421.3299865722656,3927900
2023-08-11,'Filthy and 2 hours sleep': What it's like on Netflix's most traumatic show,negative,428.9800109863281,421.6600036621094,430.6300048828125,421.3299865722656,3927900
2023-08-11,One Piece Season 2 Release Date Finally Confirmed: Netflix Sets Sail for Epic Grand Line Adventure,positive,428.9800109863281,421.6600036621094,430.6300048828125,421.3299865722656,3927900
2023-08-11,Movie With Will Smith’s Oscar Winning Role To Hit Netflix Soon,positive,428.9800109863281,421.6600036621094,430.6300048828125,421.3299865722656,3927900
2023-08-11,Netflix SA film ' Love and Wine' faces copycat criticism,positive,428.9800109863281,421.6600036621094,430.6300048828125,421.3299865722656,3927900
2023-08-11,"Netflix reveals 5 new features coming to streaming app, including real-time voting and 'party games'",positive,428.9800109863281,421.6600036621094,430.6300048828125,421.3299865722656,3927900
2023-08-14,ITAT deletes ₹445 cr TP adjustment on Netflix India; rejects revenue’s bid to treat it as content or tech,negative,421.989990234375,427.7799987792969,428.8500061035156,418.7799987792969,3966000
2023-08-14,Netflix Documentary Ignites Three Major Leads in Amy Bradley Cold Case,neutral,421.989990234375,427.7799987792969,428.8500061035156,418.7799987792969,3966000
2023-08-14,What time is The Witcher season 4 released on Netflix?,neutral,421.989990234375,427.7799987792969,428.8500061035156,418.7799987792969,3966000
2023-08-14,Watch: Stranger Things Season 5 trailer goes viral after Netflix accidentally shares clip,negative,421.989990234375,427.7799987792969,428.8500061035156,418.7799987792969,3966000
2023-08-14,Canal+ takes on Netflix in Africa with $3bn bet on satellite TV,neutral,421.989990234375,427.7799987792969,428.8500061035156,418.7799987792969,3966000
2023-08-14,'Filthy and 2 hours sleep': What it's like on Netflix's most traumatic show,negative,421.989990234375,427.7799987792969,428.8500061035156,418.7799987792969,3966000
2023-08-14,One Piece Season 2 Release Date Finally Confirmed: Netflix Sets Sail for Epic Grand Line Adventure,positive,421.989990234375,427.7799987792969,428.8500061035156,418.7799987792969,3966000
2023-08-14,Movie With Will Smith’s Oscar Winning Role To Hit Netflix Soon,positive,421.989990234375,427.7799987792969,428.8500061035156,418.7799987792969,3966000
2023-08-14,Netflix SA film ' Love and Wine' faces copycat criticism,positive,421.989990234375,427.7799987792969,428.8500061035156,418.7799987792969,3966000
2023-08-14,"Netflix reveals 5 new features coming to streaming app, including real-time voting and 'party games'",positive,421.989990234375,427.7799987792969,428.8500061035156,418.7799987792969,3966000
2023-08-15,ITAT deletes ₹445 cr TP adjustment on Netflix India; rejects revenue’s bid to treat it as content or tech,negative,424.4100036621094,423.70001220703125,429.1199951171875,421.0400085449219,3368000
2023-08-15,Netflix Documentary Ignites Three Major Leads in Amy Bradley Cold Case,neutral,424.4100036621094,423.70001220703125,429.1199951171875,421.0400085449219,3368000
2023-08-15,What time is The Witcher season 4 released on Netflix?,neutral,424.4100036621094,423.70001220703125,429.1199951171875,421.0400085449219,3368000
2023-08-15,Watch: Stranger Things Season 5 trailer goes viral after Netflix accidentally shares clip,negative,424.4100036621094,423.70001220703125,429.1199951171875,421.0400085449219,3368000
2023-08-15,Canal+ takes on Netflix in Africa with $3bn bet on satellite TV,neutral,424.4100036621094,423.70001220703125,429.1199951171875,421.0400085449219,3368000
2023-08-15,'Filthy and 2 hours sleep': What it's like on Netflix's most traumatic show,negative,424.4100036621094,423.70001220703125,429.1199951171875,421.0400085449219,3368000
2023-08-15,One Piece Season 2 Release Date Finally Confirmed: Netflix Sets Sail for Epic Grand Line Adventure,positive,424.4100036621094,423.70001220703125,429.1199951171875,421.0400085449219,3368000
2023-08-15,Movie With Will Smith’s Oscar Winning Role To Hit Netflix Soon,positive,424.4100036621094,423.70001220703125,429.1199951171875,421.0400085449219,3368000
2023-08-15,Netflix SA film ' Love and Wine' faces copycat criticism,positive,424.4100036621094,423.70001220703125,429.1199951171875,421.0400085449219,3368000
2023-08-15,"Netflix reveals 5 new features coming to streaming app, including real-time voting and 'party games'",positive,424.4100036621094,423.70001220703125,429.1199951171875,421.0400085449219,3368000
2023-08-16,ITAT deletes ₹445 cr TP adjustment on Netflix India; rejects revenue’s bid to treat it as content or tech,negative,423.7300109863281,415.45001220703125,424.510009765625,415.25,3967000
2023-08-16,Netflix Documentary Ignites Three Major Leads in Amy Bradley Cold Case,neutral,423.7300109863281,415.45001220703125,424.510009765625,415.25,3967000
2023-08-16,What time is The Witcher season 4 released on Netflix?,neutral,423.7300109863281,415.45001220703125,424.510009765625,415.25,3967000
2023-08-16,Watch: Stranger Things Season 5 trailer goes viral after Netflix accidentally shares clip,negative,423.7300109863281,415.45001220703125,424.510009765625,415.25,3967000
2023-08-16,Canal+ takes on Netflix in Africa with $3bn bet on satellite TV,neutral,423.7300109863281,415.45001220703125,424.510009765625,415.25,3967000
2023-08-16,'Filthy and 2 hours sleep': What it's like on Netflix's most traumatic show,negative,423.7300109863281,415.45001220703125,424.510009765625,415.25,3967000
2023-08-16,One Piece Season 2 Release Date Finally Confirmed: Netflix Sets Sail for Epic Grand Line Adventure,positive,423.7300109863281,415.45001220703125,424.510009765625,415.25,3967000
2023-08-16,Movie With Will Smith’s Oscar Winning Role To Hit Netflix Soon,positive,423.7300109863281,415.45001220703125,424.510009765625,415.25,3967000
2023-08-16,Netflix SA film ' Love and Wine' faces copycat criticism,positive,423.7300109863281,415.45001220703125,424.510009765625,415.25,3967000
2023-08-16,"Netflix reveals 5 new features coming to streaming app, including real-time voting and 'party games'",positive,423.7300109863281,415.45001220703125,424.510009765625,415.25,3967000
2023-08-17,ITAT deletes ₹445 cr TP adjustment on Netflix India; rejects revenue’s bid to treat it as content or tech,negative,415.0,403.0,415.239990234375,401.5799865722656,6031500
2023-08-17,Netflix Documentary Ignites Three Major Leads in Amy Bradley Cold Case,neutral,415.0,403.0,415.239990234375,401.5799865722656,6031500
2023-08-17,What time is The Witcher season 4 released on Netflix?,neutral,415.0,403.0,415.239990234375,401.5799865722656,6031500
2023-08-17,Watch: Stranger Things Season 5 trailer goes viral after Netflix accidentally shares clip,negative,415.0,403.0,415.239990234375,401.5799865722656,6031500
2023-08-17,Canal+ takes on Netflix in Africa with $3bn bet on satellite TV,neutral,415.0,403.0,415.239990234375,401.5799865722656,6031500
2023-08-17,One Piece Season 2 Release Date Finally Confirmed: Netflix Sets Sail for Epic Grand Line Adventure,positive,415.0,403.0,415.239990234375,401.5799865722656,6031500
2023-08-17,'Filthy and 2 hours sleep': What it's like on Netflix's most traumatic show,negative,415.0,403.0,415.239990234375,401.5799865722656,6031500
2023-08-17,Movie With Will Smith’s Oscar Winning Role To Hit Netflix Soon,positive,415.0,403.0,415.239990234375,401.5799865722656,6031500
2023-08-17,Netflix SA film ' Love and Wine' faces copycat criticism,positive,415.0,403.0,415.239990234375,401.5799865722656,6031500
2023-08-17,"Netflix reveals 5 new features coming to streaming app, including real-time voting and 'party games'",positive,415.0,403.0,415.239990234375,401.5799865722656,6031500
2023-08-18,ITAT deletes ₹445 cr TP adjustment on Netflix India; rejects revenue’s bid to treat it as content or tech,negative,399.3299865722656,404.5299987792969,406.5199890136719,398.1499938964844,4312200
2023-08-18,Netflix Documentary Ignites Three Major Leads in Amy Bradley Cold Case,neutral,399.3299865722656,404.5299987792969,406.5199890136719,398.1499938964844,4312200
2023-08-18,What time is The Witcher season 4 released on Netflix?,neutral,399.3299865722656,404.5299987792969,406.5199890136719,398.1499938964844,4312200
2023-08-18,Watch: Stranger Things Season 5 trailer goes viral after Netflix accidentally shares clip,negative,399.3299865722656,404.5299987792969,406.5199890136719,398.1499938964844,4312200
2023-08-18,Canal+ takes on Netflix in Africa with $3bn bet on satellite TV,neutral,399.3299865722656,404.5299987792969,406.5199890136719,398.1499938964844,4312200
2023-08-18,'Filthy and 2 hours sleep': What it's like on Netflix's most traumatic show,negative,399.3299865722656,404.5299987792969,406.5199890136719,398.1499938964844,4312200
2023-08-18,One Piece Season 2 Release Date Finally Confirmed: Netflix Sets Sail for Epic Grand Line Adventure,positive,399.3299865722656,404.5299987792969,406.5199890136719,398.1499938964844,4312200
2023-08-18,Movie With Will Smith’s Oscar Winning Role To Hit Netflix Soon,positive,399.3299865722656,404.5299987792969,406.5199890136719,398.1499938964844,4312200
2023-08-18,Netflix SA film ' Love and Wine' faces copycat criticism,positive,399.3299865722656,404.5299987792969,406.5199890136719,398.1499938964844,4312200
2023-08-18,"Netflix reveals 5 new features coming to streaming app, including real-time voting and 'party games'",positive,399.3299865722656,404.5299987792969,406.5199890136719,398.1499938964844,4312200
2023-08-21,ITAT deletes ₹445 cr TP adjustment on Netflix India; rejects revenue’s bid to treat it as content or tech,negative,402.2300109863281,408.2900085449219,409.6099853515625,399.5,3861600
2023-08-21,Netflix Documentary Ignites Three Major Leads in Amy Bradley Cold Case,neutral,402.2300109863281,408.2900085449219,409.6099853515625,399.5,3861600
2023-08-21,What time is The Witcher season 4 released on Netflix?,neutral,402.2300109863281,408.2900085449219,409.6099853515625,399.5,3861600
2023-08-21,Watch: Stranger Things Season 5 trailer goes viral after Netflix accidentally shares clip,negative,402.2300109863281,408.2900085449219,409.6099853515625,399.5,3861600
2023-08-21,Canal+ takes on Netflix in Africa with $3bn bet on satellite TV,neutral,402.2300109863281,408.2900085449219,409.6099853515625,399.5,3861600
2023-08-21,'Filthy and 2 hours sleep': What it's like on Netflix's most traumatic show,negative,402.2300109863281,408.2900085449219,409.6099853515625,399.5,3861600
2023-08-21,One Piece Season 2 Release Date Finally Confirmed: Netflix Sets Sail for Epic Grand Line Adventure,positive,402.2300109863281,408.2900085449219,409.6099853515625,399.5,3861600
2023-08-21,Movie With Will Smith’s Oscar Winning Role To Hit Netflix Soon,positive,402.2300109863281,408.2900085449219,409.6099853515625,399.5,3861600
2023-08-21,Netflix SA film ' Love and Wine' faces copycat criticism,positive,402.2300109863281,408.2900085449219,409.6099853515625,399.5,3861600
2023-08-21,"Netflix reveals 5 new features coming to streaming app, including real-time voting and 'party games'",positive,402.2300109863281,408.2900085449219,409.6099853515625,399.5,3861600
2023-08-22,ITAT deletes ₹445 cr TP adjustment on Netflix India; rejects revenue’s bid to treat it as content or tech,negative,409.0,413.1700134277344,415.739990234375,407.3999938964844,3599700
2023-08-22,Netflix Documentary Ignites Three Major Leads in Amy Bradley Cold Case,neutral,409.0,413.1700134277344,415.739990234375,407.3999938964844,3599700
2023-08-22,What time is The Witcher season 4 released on Netflix?,neutral,409.0,413.1700134277344,415.739990234375,407.3999938964844,3599700
2023-08-22,Watch: Stranger Things Season 5 trailer goes viral after Netflix accidentally shares clip,negative,409.0,413.1700134277344,415.739990234375,407.3999938964844,3599700
2023-08-22,Canal+ takes on Netflix in Africa with $3bn bet on satellite TV,neutral,409.0,413.1700134277344,415.739990234375,407.3999938964844,3599700
2023-08-22,'Filthy and 2 hours sleep': What it's like on Netflix's most traumatic show,negative,409.0,413.1700134277344,415.739990234375,407.3999938964844,3599700
2023-08-22,One Piece Season 2 Release Date Finally Confirmed: Netflix Sets Sail for Epic Grand Line Adventure,positive,409.0,413.1700134277344,415.739990234375,407.3999938964844,3599700
2023-08-22,Movie With Will Smith’s Oscar Winning Role To Hit Netflix Soon,positive,409.0,413.1700134277344,415.739990234375,407.3999938964844,3599700
2023-08-22,Netflix SA film ' Love and Wine' faces copycat criticism,positive,409.0,413.1700134277344,415.739990234375,407.3999938964844,3599700
2023-08-22,"Netflix reveals 5 new features coming to streaming app, including real-time voting and 'party games'",positive,409.0,413.1700134277344,415.739990234375,407.3999938964844,3599700
2023-08-23,ITAT deletes ₹445 cr TP adjustment on Netflix India; rejects revenue’s bid to treat it as content or tech,negative,418.3999938964844,427.54998779296875,437.0199890136719,417.7099914550781,8174700
2023-08-23,Netflix Documentary Ignites Three Major Leads in Amy Bradley Cold Case,neutral,418.3999938964844,427.54998779296875,437.0199890136719,417.7099914550781,8174700
2023-08-23,What time is The Witcher season 4 released on Netflix?,neutral,418.3999938964844,427.54998779296875,437.0199890136719,417.7099914550781,8174700
2023-08-23,Watch: Stranger Things Season 5 trailer goes viral after Netflix accidentally shares clip,negative,418.3999938964844,427.54998779296875,437.0199890136719,417.7099914550781,8174700
2023-08-23,Canal+ takes on Netflix in Africa with $3bn bet on satellite TV,neutral,418.3999938964844,427.54998779296875,437.0199890136719,417.7099914550781,8174700
2023-08-23,'Filthy and 2 hours sleep': What it's like on Netflix's most traumatic show,negative,418.3999938964844,427.54998779296875,437.0199890136719,417.7099914550781,8174700
2023-08-23,One Piece Season 2 Release Date Finally Confirmed: Netflix Sets Sail for Epic Grand Line Adventure,positive,418.3999938964844,427.54998779296875,437.0199890136719,417.7099914550781,8174700
2023-08-23,Movie With Will Smith’s Oscar Winning Role To Hit Netflix Soon,positive,418.3999938964844,427.54998779296875,437.0199890136719,417.7099914550781,8174700
2023-08-23,Netflix SA film ' Love and Wine' faces copycat criticism,positive,418.3999938964844,427.54998779296875,437.0199890136719,417.7099914550781,8174700
2023-08-23,"Netflix reveals 5 new features coming to streaming app, including real-time voting and 'party games'",positive,418.3999938964844,427.54998779296875,437.0199890136719,417.7099914550781,8174700
2023-08-24,ITAT deletes ₹445 cr TP adjustment on Netflix India; rejects revenue’s bid to treat it as content or tech,negative,425.4100036621094,406.92999267578125,427.5899963378906,406.1700134277344,5687800
2023-08-24,Netflix Documentary Ignites Three Major Leads in Amy Bradley Cold Case,neutral,425.4100036621094,406.92999267578125,427.5899963378906,406.1700134277344,5687800
2023-08-24,What time is The Witcher season 4 released on Netflix?,neutral,425.4100036621094,406.92999267578125,427.5899963378906,406.1700134277344,5687800
2023-08-24,Watch: Stranger Things Season 5 trailer goes viral after Netflix accidentally shares clip,negative,425.4100036621094,406.92999267578125,427.5899963378906,406.1700134277344,5687800
2023-08-24,Canal+ takes on Netflix in Africa with $3bn bet on satellite TV,neutral,425.4100036621094,406.92999267578125,427.5899963378906,406.1700134277344,5687800
2023-08-24,'Filthy and 2 hours sleep': What it's like on Netflix's most traumatic show,negative,425.4100036621094,406.92999267578125,427.5899963378906,406.1700134277344,5687800
2023-08-24,One Piece Season 2 Release Date Finally Confirmed: Netflix Sets Sail for Epic Grand Line Adventure,positive,425.4100036621094,406.92999267578125,427.5899963378906,406.1700134277344,5687800
2023-08-24,Movie With Will Smith’s Oscar Winning Role To Hit Netflix Soon,positive,425.4100036621094,406.92999267578125,427.5899963378906,406.1700134277344,5687800
2023-08-24,Netflix SA film ' Love and Wine' faces copycat criticism,positive,425.4100036621094,406.92999267578125,427.5899963378906,406.1700134277344,5687800
2023-08-24,"Netflix reveals 5 new features coming to streaming app, including real-time voting and 'party games'",positive,425.4100036621094,406.92999267578125,427.5899963378906,406.1700134277344,5687800
2023-08-25,ITAT deletes ₹445 cr TP adjustment on Netflix India; rejects revenue’s bid to treat it as content or tech,negative,412.0,416.0299987792969,419.25,407.55999755859375,5390900
2023-08-25,Netflix Documentary Ignites Three Major Leads in Amy Bradley Cold Case,neutral,412.0,416.0299987792969,419.25,407.55999755859375,5390900
2023-08-25,What time is The Witcher season 4 released on Netflix?,neutral,412.0,416.0299987792969,419.25,407.55999755859375,5390900
2023-08-25,Watch: Stranger Things Season 5 trailer goes viral after Netflix accidentally shares clip,negative,412.0,416.0299987792969,419.25,407.55999755859375,5390900
2023-08-25,Canal+ takes on Netflix in Africa with $3bn bet on satellite TV,neutral,412.0,416.0299987792969,419.25,407.55999755859375,5390900
2023-08-25,'Filthy and 2 hours sleep': What it's like on Netflix's most traumatic show,negative,412.0,416.0299987792969,419.25,407.55999755859375,5390900
2023-08-25,One Piece Season 2 Release Date Finally Confirmed: Netflix Sets Sail for Epic Grand Line Adventure,positive,412.0,416.0299987792969,419.25,407.55999755859375,5390900
2023-08-25,Movie With Will Smith’s Oscar Winning Role To Hit Netflix Soon,positive,412.0,416.0299987792969,419.25,407.55999755859375,5390900
2023-08-25,Netflix SA film ' Love and Wine' faces copycat criticism,positive,412.0,416.0299987792969,419.25,407.55999755859375,5390900
2023-08-25,"Netflix reveals 5 new features coming to streaming app, including real-time voting and 'party games'",positive,412.0,416.0299987792969,419.25,407.55999755859375,5390900
2023-08-28,ITAT deletes ₹445 cr TP adjustment on Netflix India; rejects revenue’s bid to treat it as content or tech,negative,418.0400085449219,418.05999755859375,419.8299865722656,413.2699890136719,2928600
2023-08-28,Netflix Documentary Ignites Three Major Leads in Amy Bradley Cold Case,neutral,418.0400085449219,418.05999755859375,419.8299865722656,413.2699890136719,2928600
2023-08-28,What time is The Witcher season 4 released on Netflix?,neutral,418.0400085449219,418.05999755859375,419.8299865722656,413.2699890136719,2928600
2023-08-28,Watch: Stranger Things Season 5 trailer goes viral after Netflix accidentally shares clip,negative,418.0400085449219,418.05999755859375,419.8299865722656,413.2699890136719,2928600
2023-08-28,Canal+ takes on Netflix in Africa with $3bn bet on satellite TV,neutral,418.0400085449219,418.05999755859375,419.8299865722656,413.2699890136719,2928600
2023-08-28,'Filthy and 2 hours sleep': What it's like on Netflix's most traumatic show,negative,418.0400085449219,418.05999755859375,419.8299865722656,413.2699890136719,2928600
2023-08-28,One Piece Season 2 Release Date Finally Confirmed: Netflix Sets Sail for Epic Grand Line Adventure,positive,418.0400085449219,418.05999755859375,419.8299865722656,413.2699890136719,2928600
2023-08-28,Movie With Will Smith’s Oscar Winning Role To Hit Netflix Soon,positive,418.0400085449219,418.05999755859375,419.8299865722656,413.2699890136719,2928600
2023-08-28,Netflix SA film ' Love and Wine' faces copycat criticism,positive,418.0400085449219,418.05999755859375,419.8299865722656,413.2699890136719,2928600
2023-08-28,"Netflix reveals 5 new features coming to streaming app, including real-time voting and 'party games'",positive,418.0400085449219,418.05999755859375,419.8299865722656,413.2699890136719,2928600
2023-08-29,ITAT deletes ₹445 cr TP adjustment on Netflix India; rejects revenue’s bid to treat it as content or tech,negative,416.0,429.989990234375,432.1700134277344,414.5,4486700
2023-08-29,Netflix Documentary Ignites Three Major Leads in Amy Bradley Cold Case,neutral,416.0,429.989990234375,432.1700134277344,414.5,4486700
2023-08-29,What time is The Witcher season 4 released on Netflix?,neutral,416.0,429.989990234375,432.1700134277344,414.5,4486700
2023-08-29,Watch: Stranger Things Season 5 trailer goes viral after Netflix accidentally shares clip,negative,416.0,429.989990234375,432.1700134277344,414.5,4486700
2023-08-29,Canal+ takes on Netflix in Africa with $3bn bet on satellite TV,neutral,416.0,429.989990234375,432.1700134277344,414.5,4486700
2023-08-29,'Filthy and 2 hours sleep': What it's like on Netflix's most traumatic show,negative,416.0,429.989990234375,432.1700134277344,414.5,4486700
2023-08-29,One Piece Season 2 Release Date Finally Confirmed: Netflix Sets Sail for Epic Grand Line Adventure,positive,416.0,429.989990234375,432.1700134277344,414.5,4486700
2023-08-29,Movie With Will Smith’s Oscar Winning Role To Hit Netflix Soon,positive,416.0,429.989990234375,432.1700134277344,414.5,4486700
2023-08-29,Netflix SA film ' Love and Wine' faces copycat criticism,positive,416.0,429.989990234375,432.1700134277344,414.5,4486700
2023-08-29,"Netflix reveals 5 new features coming to streaming app, including real-time voting and 'party games'",positive,416.0,429.989990234375,432.1700134277344,414.5,4486700
2023-08-30,ITAT deletes ₹445 cr TP adjustment on Netflix India; rejects revenue’s bid to treat it as content or tech,negative,430.8500061035156,434.6700134277344,438.1600036621094,428.3500061035156,3625400
2023-08-30,Netflix Documentary Ignites Three Major Leads in Amy Bradley Cold Case,neutral,430.8500061035156,434.6700134277344,438.1600036621094,428.3500061035156,3625400
2023-08-30,What time is The Witcher season 4 released on Netflix?,neutral,430.8500061035156,434.6700134277344,438.1600036621094,428.3500061035156,3625400
2023-08-30,Watch: Stranger Things Season 5 trailer goes viral after Netflix accidentally shares clip,negative,430.8500061035156,434.6700134277344,438.1600036621094,428.3500061035156,3625400
2023-08-30,Canal+ takes on Netflix in Africa with $3bn bet on satellite TV,neutral,430.8500061035156,434.6700134277344,438.1600036621094,428.3500061035156,3625400
2023-08-30,'Filthy and 2 hours sleep': What it's like on Netflix's most traumatic show,negative,430.8500061035156,434.6700134277344,438.1600036621094,428.3500061035156,3625400
2023-08-30,One Piece Season 2 Release Date Finally Confirmed: Netflix Sets Sail for Epic Grand Line Adventure,positive,430.8500061035156,434.6700134277344,438.1600036621094,428.3500061035156,3625400
2023-08-30,Movie With Will Smith’s Oscar Winning Role To Hit Netflix Soon,positive,430.8500061035156,434.6700134277344,438.1600036621094,428.3500061035156,3625400
2023-08-30,Netflix SA film ' Love and Wine' faces copycat criticism,positive,430.8500061035156,434.6700134277344,438.1600036621094,428.3500061035156,3625400
2023-08-30,"Netflix reveals 5 new features coming to streaming app, including real-time voting and 'party games'",positive,430.8500061035156,434.6700134277344,438.1600036621094,428.3500061035156,3625400
2023-08-31,ITAT deletes ₹445 cr TP adjustment on Netflix India; rejects revenue’s bid to treat it as content or tech,negative,431.2300109863281,433.67999267578125,437.1499938964844,431.2300109863281,3803000
2023-08-31,Netflix Documentary Ignites Three Major Leads in Amy Bradley Cold Case,neutral,431.2300109863281,433.67999267578125,437.1499938964844,431.2300109863281,3803000
2023-08-31,What time is The Witcher season 4 released on Netflix?,neutral,431.2300109863281,433.67999267578125,437.1499938964844,431.2300109863281,3803000
2023-08-31,Watch: Stranger Things Season 5 trailer goes viral after Netflix accidentally shares clip,negative,431.2300109863281,433.67999267578125,437.1499938964844,431.2300109863281,3803000
2023-08-31,Canal+ takes on Netflix in Africa with $3bn bet on satellite TV,neutral,431.2300109863281,433.67999267578125,437.1499938964844,431.2300109863281,3803000
2023-08-31,'Filthy and 2 hours sleep': What it's like on Netflix's most traumatic show,negative,431.2300109863281,433.67999267578125,437.1499938964844,431.2300109863281,3803000
2023-08-31,One Piece Season 2 Release Date Finally Confirmed: Netflix Sets Sail for Epic Grand Line Adventure,positive,431.2300109863281,433.67999267578125,437.1499938964844,431.2300109863281,3803000
2023-08-31,Movie With Will Smith’s Oscar Winning Role To Hit Netflix Soon,positive,431.2300109863281,433.67999267578125,437.1499938964844,431.2300109863281,3803000
2023-08-31,Netflix SA film ' Love and Wine' faces copycat criticism,positive,431.2300109863281,433.67999267578125,437.1499938964844,431.2300109863281,3803000
2023-08-31,"Netflix reveals 5 new features coming to streaming app, including real-time voting and 'party games'",positive,431.2300109863281,433.67999267578125,437.1499938964844,431.2300109863281,3803000
2023-09-01,ITAT deletes ₹445 cr TP adjustment on Netflix India; rejects revenue’s bid to treat it as content or tech,negative,437.7300109863281,439.8800048828125,445.5,435.92999267578125,4793400
2023-09-01,Netflix Documentary Ignites Three Major Leads in Amy Bradley Cold Case,neutral,437.7300109863281,439.8800048828125,445.5,435.92999267578125,4793400
2023-09-01,What time is The Witcher season 4 released on Netflix?,neutral,437.7300109863281,439.8800048828125,445.5,435.92999267578125,4793400
2023-09-01,Watch: Stranger Things Season 5 trailer goes viral after Netflix accidentally shares clip,negative,437.7300109863281,439.8800048828125,445.5,435.92999267578125,4793400
2023-09-01,Canal+ takes on Netflix in Africa with $3bn bet on satellite TV,neutral,437.7300109863281,439.8800048828125,445.5,435.92999267578125,4793400
2023-09-01,One Piece Season 2 Release Date Finally Confirmed: Netflix Sets Sail for Epic Grand Line Adventure,positive,437.7300109863281,439.8800048828125,445.5,435.92999267578125,4793400
2023-09-01,'Filthy and 2 hours sleep': What it's like on Netflix's most traumatic show,negative,437.7300109863281,439.8800048828125,445.5,435.92999267578125,4793400
2023-09-01,Movie With Will Smith’s Oscar Winning Role To Hit Netflix Soon,positive,437.7300109863281,439.8800048828125,445.5,435.92999267578125,4793400
2023-09-01,Netflix SA film ' Love and Wine' faces copycat criticism,positive,437.7300109863281,439.8800048828125,445.5,435.92999267578125,4793400
2023-09-01,"Netflix reveals 5 new features coming to streaming app, including real-time voting and 'party games'",positive,437.7300109863281,439.8800048828125,445.5,435.92999267578125,4793400
2023-09-05,ITAT deletes ₹445 cr TP adjustment on Netflix India; rejects revenue’s bid to treat it as content or tech,negative,438.3900146484375,448.67999267578125,453.45001220703125,438.0,6155900
2023-09-05,Netflix Documentary Ignites Three Major Leads in Amy Bradley Cold Case,neutral,438.3900146484375,448.67999267578125,453.45001220703125,438.0,6155900
2023-09-05,What time is The Witcher season 4 released on Netflix?,neutral,438.3900146484375,448.67999267578125,453.45001220703125,438.0,6155900
2023-09-05,Watch: Stranger Things Season 5 trailer goes viral after Netflix accidentally shares clip,negative,438.3900146484375,448.67999267578125,453.45001220703125,438.0,6155900
2023-09-05,Canal+ takes on Netflix in Africa with $3bn bet on satellite TV,neutral,438.3900146484375,448.67999267578125,453.45001220703125,438.0,6155900
2023-09-05,One Piece Season 2 Release Date Finally Confirmed: Netflix Sets Sail for Epic Grand Line Adventure,positive,438.3900146484375,448.67999267578125,453.45001220703125,438.0,6155900
2023-09-05,'Filthy and 2 hours sleep': What it's like on Netflix's most traumatic show,negative,438.3900146484375,448.67999267578125,453.45001220703125,438.0,6155900
2023-09-05,Movie With Will Smith’s Oscar Winning Role To Hit Netflix Soon,positive,438.3900146484375,448.67999267578125,453.45001220703125,438.0,6155900
2023-09-05,Netflix SA film ' Love and Wine' faces copycat criticism,positive,438.3900146484375,448.67999267578125,453.45001220703125,438.0,6155900
2023-09-05,"Netflix reveals 5 new features coming to streaming app, including real-time voting and 'party games'",positive,438.3900146484375,448.67999267578125,453.45001220703125,438.0,6155900
2023-09-06,ITAT deletes ₹445 cr TP adjustment on Netflix India; rejects revenue’s bid to treat it as content or tech,negative,448.6099853515625,445.760009765625,451.3900146484375,440.489990234375,3862300
2023-09-06,Netflix Documentary Ignites Three Major Leads in Amy Bradley Cold Case,neutral,448.6099853515625,445.760009765625,451.3900146484375,440.489990234375,3862300
2023-09-06,What time is The Witcher season 4 released on Netflix?,neutral,448.6099853515625,445.760009765625,451.3900146484375,440.489990234375,3862300
2023-09-06,Watch: Stranger Things Season 5 trailer goes viral after Netflix accidentally shares clip,negative,448.6099853515625,445.760009765625,451.3900146484375,440.489990234375,3862300
2023-09-06,Canal+ takes on Netflix in Africa with $3bn bet on satellite TV,neutral,448.6099853515625,445.760009765625,451.3900146484375,440.489990234375,3862300
2023-09-06,'Filthy and 2 hours sleep': What it's like on Netflix's most traumatic show,negative,448.6099853515625,445.760009765625,451.3900146484375,440.489990234375,3862300
2023-09-06,One Piece Season 2 Release Date Finally Confirmed: Netflix Sets Sail for Epic Grand Line Adventure,positive,448.6099853515625,445.760009765625,451.3900146484375,440.489990234375,3862300
2023-09-06,Movie With Will Smith’s Oscar Winning Role To Hit Netflix Soon,positive,448.6099853515625,445.760009765625,451.3900146484375,440.489990234375,3862300
2023-09-06,Netflix SA film ' Love and Wine' faces copycat criticism,positive,448.6099853515625,445.760009765625,451.3900146484375,440.489990234375,3862300
2023-09-06,"Netflix reveals 5 new features coming to streaming app, including real-time voting and 'party games'",positive,448.6099853515625,445.760009765625,451.3900146484375,440.489990234375,3862300
2023-09-07,ITAT deletes ₹445 cr TP adjustment on Netflix India; rejects revenue’s bid to treat it as content or tech,negative,441.1499938964844,443.1400146484375,444.6000061035156,436.70001220703125,2922700
2023-09-07,Netflix Documentary Ignites Three Major Leads in Amy Bradley Cold Case,neutral,441.1499938964844,443.1400146484375,444.6000061035156,436.70001220703125,2922700
2023-09-07,What time is The Witcher season 4 released on Netflix?,neutral,441.1499938964844,443.1400146484375,444.6000061035156,436.70001220703125,2922700
2023-09-07,Watch: Stranger Things Season 5 trailer goes viral after Netflix accidentally shares clip,negative,441.1499938964844,443.1400146484375,444.6000061035156,436.70001220703125,2922700
2023-09-07,Canal+ takes on Netflix in Africa with $3bn bet on satellite TV,neutral,441.1499938964844,443.1400146484375,444.6000061035156,436.70001220703125,2922700
2023-09-07,'Filthy and 2 hours sleep': What it's like on Netflix's most traumatic show,negative,441.1499938964844,443.1400146484375,444.6000061035156,436.70001220703125,2922700
2023-09-07,One Piece Season 2 Release Date Finally Confirmed: Netflix Sets Sail for Epic Grand Line Adventure,positive,441.1499938964844,443.1400146484375,444.6000061035156,436.70001220703125,2922700
2023-09-07,Movie With Will Smith’s Oscar Winning Role To Hit Netflix Soon,positive,441.1499938964844,443.1400146484375,444.6000061035156,436.70001220703125,2922700
2023-09-07,Netflix SA film ' Love and Wine' faces copycat criticism,positive,441.1499938964844,443.1400146484375,444.6000061035156,436.70001220703125,2922700
2023-09-07,"Netflix reveals 5 new features coming to streaming app, including real-time voting and 'party games'",positive,441.1499938964844,443.1400146484375,444.6000061035156,436.70001220703125,2922700
2023-09-08,ITAT deletes ₹445 cr TP adjustment on Netflix India; rejects revenue’s bid to treat it as content or tech,negative,443.55999755859375,442.79998779296875,446.80999755859375,438.8500061035156,2697500
2023-09-08,Netflix Documentary Ignites Three Major Leads in Amy Bradley Cold Case,neutral,443.55999755859375,442.79998779296875,446.80999755859375,438.8500061035156,2697500
2023-09-08,What time is The Witcher season 4 released on Netflix?,neutral,443.55999755859375,442.79998779296875,446.80999755859375,438.8500061035156,2697500
2023-09-08,Watch: Stranger Things Season 5 trailer goes viral after Netflix accidentally shares clip,negative,443.55999755859375,442.79998779296875,446.80999755859375,438.8500061035156,2697500
2023-09-08,Canal+ takes on Netflix in Africa with $3bn bet on satellite TV,neutral,443.55999755859375,442.79998779296875,446.80999755859375,438.8500061035156,2697500
2023-09-08,'Filthy and 2 hours sleep': What it's like on Netflix's most traumatic show,negative,443.55999755859375,442.79998779296875,446.80999755859375,438.8500061035156,2697500
2023-09-08,One Piece Season 2 Release Date Finally Confirmed: Netflix Sets Sail for Epic Grand Line Adventure,positive,443.55999755859375,442.79998779296875,446.80999755859375,438.8500061035156,2697500
2023-09-08,Movie With Will Smith’s Oscar Winning Role To Hit Netflix Soon,positive,443.55999755859375,442.79998779296875,446.80999755859375,438.8500061035156,2697500
2023-09-08,Netflix SA film ' Love and Wine' faces copycat criticism,positive,443.55999755859375,442.79998779296875,446.80999755859375,438.8500061035156,2697500
2023-09-08,"Netflix reveals 5 new features coming to streaming app, including real-time voting and 'party games'",positive,443.55999755859375,442.79998779296875,446.80999755859375,438.8500061035156,2697500
2023-09-11,ITAT deletes ₹445 cr TP adjustment on Netflix India; rejects revenue’s bid to treat it as content or tech,negative,443.07000732421875,445.3599853515625,449.8900146484375,442.75,2913800
2023-09-11,Netflix Documentary Ignites Three Major Leads in Amy Bradley Cold Case,neutral,443.07000732421875,445.3599853515625,449.8900146484375,442.75,2913800
2023-09-11,What time is The Witcher season 4 released on Netflix?,neutral,443.07000732421875,445.3599853515625,449.8900146484375,442.75,2913800
2023-09-11,Acclaimed Movie That Won Will Smith an Oscar Is Coming to Netflix,positive,443.07000732421875,445.3599853515625,449.8900146484375,442.75,2913800
2023-09-11,Watch: Stranger Things Season 5 trailer goes viral after Netflix accidentally shares clip,negative,443.07000732421875,445.3599853515625,449.8900146484375,442.75,2913800
2023-09-11,Canal+ takes on Netflix in Africa with $3bn bet on satellite TV,neutral,443.07000732421875,445.3599853515625,449.8900146484375,442.75,2913800
2023-09-11,'Filthy and 2 hours sleep': What it's like on Netflix's most traumatic show,negative,443.07000732421875,445.3599853515625,449.8900146484375,442.75,2913800
2023-09-11,One Piece Season 2 Release Date Finally Confirmed: Netflix Sets Sail for Epic Grand Line Adventure,positive,443.07000732421875,445.3599853515625,449.8900146484375,442.75,2913800
2023-09-11,Netflix SA film ' Love and Wine' faces copycat criticism,positive,443.07000732421875,445.3599853515625,449.8900146484375,442.75,2913800
2023-09-11,"Netflix reveals 5 new features coming to streaming app, including real-time voting and 'party games'",positive,443.07000732421875,445.3599853515625,449.8900146484375,442.75,2913800
2023-09-12,ITAT deletes ₹445 cr TP adjustment on Netflix India; rejects revenue’s bid to treat it as content or tech,negative,442.8500061035156,434.69000244140625,445.44000244140625,434.1199951171875,3124000
2023-09-12,Netflix Documentary Ignites Three Major Leads in Amy Bradley Cold Case,neutral,442.8500061035156,434.69000244140625,445.44000244140625,434.1199951171875,3124000
2023-09-12,What time is The Witcher season 4 released on Netflix?,neutral,442.8500061035156,434.69000244140625,445.44000244140625,434.1199951171875,3124000
2023-09-12,Acclaimed Movie That Won Will Smith an Oscar Is Coming to Netflix,positive,442.8500061035156,434.69000244140625,445.44000244140625,434.1199951171875,3124000
2023-09-12,Watch: Stranger Things Season 5 trailer goes viral after Netflix accidentally shares clip,negative,442.8500061035156,434.69000244140625,445.44000244140625,434.1199951171875,3124000
2023-09-12,Canal+ takes on Netflix in Africa with $3bn bet on satellite TV,neutral,442.8500061035156,434.69000244140625,445.44000244140625,434.1199951171875,3124000
2023-09-12,'Filthy and 2 hours sleep': What it's like on Netflix's most traumatic show,negative,442.8500061035156,434.69000244140625,445.44000244140625,434.1199951171875,3124000
2023-09-12,One Piece Season 2 Release Date Finally Confirmed: Netflix Sets Sail for Epic Grand Line Adventure,positive,442.8500061035156,434.69000244140625,445.44000244140625,434.1199951171875,3124000
2023-09-12,Netflix SA film ' Love and Wine' faces copycat criticism,positive,442.8500061035156,434.69000244140625,445.44000244140625,434.1199951171875,3124000
2023-09-12,"Netflix reveals 5 new features coming to streaming app, including real-time voting and 'party games'",positive,442.8500061035156,434.69000244140625,445.44000244140625,434.1199951171875,3124000
2023-09-13,ITAT deletes ₹445 cr TP adjustment on Netflix India; rejects revenue’s bid to treat it as content or tech,negative,435.5,412.239990234375,438.3999938964844,410.69000244140625,11843000
2023-09-13,Netflix Documentary Ignites Three Major Leads in Amy Bradley Cold Case,neutral,435.5,412.239990234375,438.3999938964844,410.69000244140625,11843000
2023-09-13,What time is The Witcher season 4 released on Netflix?,neutral,435.5,412.239990234375,438.3999938964844,410.69000244140625,11843000
2023-09-13,Acclaimed Movie That Won Will Smith an Oscar Is Coming to Netflix,positive,435.5,412.239990234375,438.3999938964844,410.69000244140625,11843000
2023-09-13,Watch: Stranger Things Season 5 trailer goes viral after Netflix accidentally shares clip,negative,435.5,412.239990234375,438.3999938964844,410.69000244140625,11843000
2023-09-13,Canal+ takes on Netflix in Africa with $3bn bet on satellite TV,neutral,435.5,412.239990234375,438.3999938964844,410.69000244140625,11843000
2023-09-13,'Filthy and 2 hours sleep': What it's like on Netflix's most traumatic show,negative,435.5,412.239990234375,438.3999938964844,410.69000244140625,11843000
2023-09-13,One Piece Season 2 Release Date Finally Confirmed: Netflix Sets Sail for Epic Grand Line Adventure,positive,435.5,412.239990234375,438.3999938964844,410.69000244140625,11843000
2023-09-13,Netflix SA film ' Love and Wine' faces copycat criticism,positive,435.5,412.239990234375,438.3999938964844,410.69000244140625,11843000
2023-09-13,"Netflix reveals 5 new features coming to streaming app, including real-time voting and 'party games'",positive,435.5,412.239990234375,438.3999938964844,410.69000244140625,11843000
2023-09-14,ITAT deletes ₹445 cr TP adjustment on Netflix India; rejects revenue’s bid to treat it as content or tech,negative,410.3999938964844,400.489990234375,411.3900146484375,400.0,10709000
2023-09-14,Netflix Documentary Ignites Three Major Leads in Amy Bradley Cold Case,neutral,410.3999938964844,400.489990234375,411.3900146484375,400.0,10709000
2023-09-14,What time is The Witcher season 4 released on Netflix?,neutral,410.3999938964844,400.489990234375,411.3900146484375,400.0,10709000
2023-09-14,Acclaimed Movie That Won Will Smith an Oscar Is Coming to Netflix,positive,410.3999938964844,400.489990234375,411.3900146484375,400.0,10709000
2023-09-14,Watch: Stranger Things Season 5 trailer goes viral after Netflix accidentally shares clip,negative,410.3999938964844,400.489990234375,411.3900146484375,400.0,10709000
2023-09-14,Canal+ takes on Netflix in Africa with $3bn bet on satellite TV,neutral,410.3999938964844,400.489990234375,411.3900146484375,400.0,10709000
2023-09-14,'Filthy and 2 hours sleep': What it's like on Netflix's most traumatic show,negative,410.3999938964844,400.489990234375,411.3900146484375,400.0,10709000
2023-09-14,One Piece Season 2 Release Date Finally Confirmed: Netflix Sets Sail for Epic Grand Line Adventure,positive,410.3999938964844,400.489990234375,411.3900146484375,400.0,10709000
2023-09-14,Netflix SA film ' Love and Wine' faces copycat criticism,positive,410.3999938964844,400.489990234375,411.3900146484375,400.0,10709000
2023-09-14,"Netflix reveals 5 new features coming to streaming app, including real-time voting and 'party games'",positive,410.3999938964844,400.489990234375,411.3900146484375,400.0,10709000
2023-09-15,ITAT deletes ₹445 cr TP adjustment on Netflix India; rejects revenue’s bid to treat it as content or tech,negative,401.0,396.94000244140625,404.70001220703125,395.0299987792969,9116700
2023-09-15,Netflix Documentary Ignites Three Major Leads in Amy Bradley Cold Case,neutral,401.0,396.94000244140625,404.70001220703125,395.0299987792969,9116700
2023-09-15,What time is The Witcher season 4 released on Netflix?,neutral,401.0,396.94000244140625,404.70001220703125,395.0299987792969,9116700
2023-09-15,Acclaimed Movie That Won Will Smith an Oscar Is Coming to Netflix,positive,401.0,396.94000244140625,404.70001220703125,395.0299987792969,9116700
2023-09-15,Watch: Stranger Things Season 5 trailer goes viral after Netflix accidentally shares clip,negative,401.0,396.94000244140625,404.70001220703125,395.0299987792969,9116700
2023-09-15,Canal+ takes on Netflix in Africa with $3bn bet on satellite TV,neutral,401.0,396.94000244140625,404.70001220703125,395.0299987792969,9116700
2023-09-15,'Filthy and 2 hours sleep': What it's like on Netflix's most traumatic show,negative,401.0,396.94000244140625,404.70001220703125,395.0299987792969,9116700
2023-09-15,One Piece Season 2 Release Date Finally Confirmed: Netflix Sets Sail for Epic Grand Line Adventure,positive,401.0,396.94000244140625,404.70001220703125,395.0299987792969,9116700
2023-09-15,Netflix SA film ' Love and Wine' faces copycat criticism,positive,401.0,396.94000244140625,404.70001220703125,395.0299987792969,9116700
2023-09-15,"Netflix reveals 5 new features coming to streaming app, including real-time voting and 'party games'",positive,401.0,396.94000244140625,404.70001220703125,395.0299987792969,9116700
2023-09-18,ITAT deletes ₹445 cr TP adjustment on Netflix India; rejects revenue’s bid to treat it as content or tech,negative,395.5,394.3999938964844,399.4700012207031,392.6000061035156,4704700
2023-09-18,Netflix Documentary Ignites Three Major Leads in Amy Bradley Cold Case,neutral,395.5,394.3999938964844,399.4700012207031,392.6000061035156,4704700
2023-09-18,What time is The Witcher season 4 released on Netflix?,neutral,395.5,394.3999938964844,399.4700012207031,392.6000061035156,4704700
2023-09-18,Acclaimed Movie That Won Will Smith an Oscar Is Coming to Netflix,positive,395.5,394.3999938964844,399.4700012207031,392.6000061035156,4704700
2023-09-18,Watch: Stranger Things Season 5 trailer goes viral after Netflix accidentally shares clip,negative,395.5,394.3999938964844,399.4700012207031,392.6000061035156,4704700
2023-09-18,Canal+ takes on Netflix in Africa with $3bn bet on satellite TV,neutral,395.5,394.3999938964844,399.4700012207031,392.6000061035156,4704700
2023-09-18,'Filthy and 2 hours sleep': What it's like on Netflix's most traumatic show,negative,395.5,394.3999938964844,399.4700012207031,392.6000061035156,4704700
2023-09-18,One Piece Season 2 Release Date Finally Confirmed: Netflix Sets Sail for Epic Grand Line Adventure,positive,395.5,394.3999938964844,399.4700012207031,392.6000061035156,4704700
2023-09-18,Netflix SA film ' Love and Wine' faces copycat criticism,positive,395.5,394.3999938964844,399.4700012207031,392.6000061035156,4704700
2023-09-18,"Netflix reveals 5 new features coming to streaming app, including real-time voting and 'party games'",positive,395.5,394.3999938964844,399.4700012207031,392.6000061035156,4704700
2023-09-19,ITAT deletes ₹445 cr TP adjustment on Netflix India; rejects revenue’s bid to treat it as content or tech,negative,392.8399963378906,396.20001220703125,398.2300109863281,390.25,4076800
2023-09-19,Netflix Documentary Ignites Three Major Leads in Amy Bradley Cold Case,neutral,392.8399963378906,396.20001220703125,398.2300109863281,390.25,4076800
2023-09-19,What time is The Witcher season 4 released on Netflix?,neutral,392.8399963378906,396.20001220703125,398.2300109863281,390.25,4076800
2023-09-19,Acclaimed Movie That Won Will Smith an Oscar Is Coming to Netflix,positive,392.8399963378906,396.20001220703125,398.2300109863281,390.25,4076800
2023-09-19,Watch: Stranger Things Season 5 trailer goes viral after Netflix accidentally shares clip,negative,392.8399963378906,396.20001220703125,398.2300109863281,390.25,4076800
2023-09-19,Canal+ takes on Netflix in Africa with $3bn bet on satellite TV,neutral,392.8399963378906,396.20001220703125,398.2300109863281,390.25,4076800
2023-09-19,'Filthy and 2 hours sleep': What it's like on Netflix's most traumatic show,negative,392.8399963378906,396.20001220703125,398.2300109863281,390.25,4076800
2023-09-19,One Piece Season 2 Release Date Finally Confirmed: Netflix Sets Sail for Epic Grand Line Adventure,positive,392.8399963378906,396.20001220703125,398.2300109863281,390.25,4076800
2023-09-19,Netflix SA film ' Love and Wine' faces copycat criticism,positive,392.8399963378906,396.20001220703125,398.2300109863281,390.25,4076800
2023-09-19,"Netflix reveals 5 new features coming to streaming app, including real-time voting and 'party games'",positive,392.8399963378906,396.20001220703125,398.2300109863281,390.25,4076800
2023-09-20,ITAT deletes ₹445 cr TP adjustment on Netflix India; rejects revenue’s bid to treat it as content or tech,negative,397.04998779296875,386.29998779296875,397.989990234375,386.1199951171875,3866600
2023-09-20,Netflix Documentary Ignites Three Major Leads in Amy Bradley Cold Case,neutral,397.04998779296875,386.29998779296875,397.989990234375,386.1199951171875,3866600
2023-09-20,What time is The Witcher season 4 released on Netflix?,neutral,397.04998779296875,386.29998779296875,397.989990234375,386.1199951171875,3866600
2023-09-20,Acclaimed Movie That Won Will Smith an Oscar Is Coming to Netflix,positive,397.04998779296875,386.29998779296875,397.989990234375,386.1199951171875,3866600
2023-09-20,Watch: Stranger Things Season 5 trailer goes viral after Netflix accidentally shares clip,negative,397.04998779296875,386.29998779296875,397.989990234375,386.1199951171875,3866600
2023-09-20,Canal+ takes on Netflix in Africa with $3bn bet on satellite TV,neutral,397.04998779296875,386.29998779296875,397.989990234375,386.1199951171875,3866600
2023-09-20,'Filthy and 2 hours sleep': What it's like on Netflix's most traumatic show,negative,397.04998779296875,386.29998779296875,397.989990234375,386.1199951171875,3866600
2023-09-20,One Piece Season 2 Release Date Finally Confirmed: Netflix Sets Sail for Epic Grand Line Adventure,positive,397.04998779296875,386.29998779296875,397.989990234375,386.1199951171875,3866600
2023-09-20,Netflix SA film ' Love and Wine' faces copycat criticism,positive,397.04998779296875,386.29998779296875,397.989990234375,386.1199951171875,3866600
2023-09-20,"Netflix reveals 5 new features coming to streaming app, including real-time voting and 'party games'",positive,397.04998779296875,386.29998779296875,397.989990234375,386.1199951171875,3866600
2023-09-21,ITAT deletes ₹445 cr TP adjustment on Netflix India; rejects revenue’s bid to treat it as content or tech,negative,386.5,384.1499938964844,395.8999938964844,383.4200134277344,5547900
2023-09-21,Netflix Documentary Ignites Three Major Leads in Amy Bradley Cold Case,neutral,386.5,384.1499938964844,395.8999938964844,383.4200134277344,5547900
2023-09-21,What time is The Witcher season 4 released on Netflix?,neutral,386.5,384.1499938964844,395.8999938964844,383.4200134277344,5547900
2023-09-21,Acclaimed Movie That Won Will Smith an Oscar Is Coming to Netflix,positive,386.5,384.1499938964844,395.8999938964844,383.4200134277344,5547900
2023-09-21,Watch: Stranger Things Season 5 trailer goes viral after Netflix accidentally shares clip,negative,386.5,384.1499938964844,395.8999938964844,383.4200134277344,5547900
2023-09-21,Canal+ takes on Netflix in Africa with $3bn bet on satellite TV,neutral,386.5,384.1499938964844,395.8999938964844,383.4200134277344,5547900
2023-09-21,'Filthy and 2 hours sleep': What it's like on Netflix's most traumatic show,negative,386.5,384.1499938964844,395.8999938964844,383.4200134277344,5547900
2023-09-21,One Piece Season 2 Release Date Finally Confirmed: Netflix Sets Sail for Epic Grand Line Adventure,positive,386.5,384.1499938964844,395.8999938964844,383.4200134277344,5547900
2023-09-21,Netflix SA film ' Love and Wine' faces copycat criticism,positive,386.5,384.1499938964844,395.8999938964844,383.4200134277344,5547900
2023-09-21,"Netflix reveals 5 new features coming to streaming app, including real-time voting and 'party games'",positive,386.5,384.1499938964844,395.8999938964844,383.4200134277344,5547900
2023-09-22,ITAT deletes ₹445 cr TP adjustment on Netflix India; rejects revenue’s bid to treat it as content or tech,negative,385.0,379.80999755859375,386.8800048828125,378.3599853515625,3692800
2023-09-22,Netflix Documentary Ignites Three Major Leads in Amy Bradley Cold Case,neutral,385.0,379.80999755859375,386.8800048828125,378.3599853515625,3692800
2023-09-22,What time is The Witcher season 4 released on Netflix?,neutral,385.0,379.80999755859375,386.8800048828125,378.3599853515625,3692800
2023-09-22,Acclaimed Movie That Won Will Smith an Oscar Is Coming to Netflix,positive,385.0,379.80999755859375,386.8800048828125,378.3599853515625,3692800
2023-09-22,Watch: Stranger Things Season 5 trailer goes viral after Netflix accidentally shares clip,negative,385.0,379.80999755859375,386.8800048828125,378.3599853515625,3692800
2023-09-22,Canal+ takes on Netflix in Africa with $3bn bet on satellite TV,neutral,385.0,379.80999755859375,386.8800048828125,378.3599853515625,3692800
2023-09-22,'Filthy and 2 hours sleep': What it's like on Netflix's most traumatic show,negative,385.0,379.80999755859375,386.8800048828125,378.3599853515625,3692800
2023-09-22,One Piece Season 2 Release Date Finally Confirmed: Netflix Sets Sail for Epic Grand Line Adventure,positive,385.0,379.80999755859375,386.8800048828125,378.3599853515625,3692800
2023-09-22,Netflix SA film ' Love and Wine' faces copycat criticism,positive,385.0,379.80999755859375,386.8800048828125,378.3599853515625,3692800
2023-09-22,"Netflix reveals 5 new features coming to streaming app, including real-time voting and 'party games'",positive,385.0,379.80999755859375,386.8800048828125,378.3599853515625,3692800
2023-09-25,ITAT deletes ₹445 cr TP adjustment on Netflix India; rejects revenue’s bid to treat it as content or tech,negative,382.8999938964844,384.79998779296875,386.6199951171875,380.80999755859375,3757300
2023-09-25,Netflix Documentary Ignites Three Major Leads in Amy Bradley Cold Case,neutral,382.8999938964844,384.79998779296875,386.6199951171875,380.80999755859375,3757300
2023-09-25,What time is The Witcher season 4 released on Netflix?,neutral,382.8999938964844,384.79998779296875,386.6199951171875,380.80999755859375,3757300
2023-09-25,Acclaimed Movie That Won Will Smith an Oscar Is Coming to Netflix,positive,382.8999938964844,384.79998779296875,386.6199951171875,380.80999755859375,3757300
2023-09-25,Watch: Stranger Things Season 5 trailer goes viral after Netflix accidentally shares clip,negative,382.8999938964844,384.79998779296875,386.6199951171875,380.80999755859375,3757300
2023-09-25,Canal+ takes on Netflix in Africa with $3bn bet on satellite TV,neutral,382.8999938964844,384.79998779296875,386.6199951171875,380.80999755859375,3757300
2023-09-25,'Filthy and 2 hours sleep': What it's like on Netflix's most traumatic show,negative,382.8999938964844,384.79998779296875,386.6199951171875,380.80999755859375,3757300
2023-09-25,One Piece Season 2 Release Date Finally Confirmed: Netflix Sets Sail for Epic Grand Line Adventure,positive,382.8999938964844,384.79998779296875,386.6199951171875,380.80999755859375,3757300
2023-09-25,Netflix SA film ' Love and Wine' faces copycat criticism,positive,382.8999938964844,384.79998779296875,386.6199951171875,380.80999755859375,3757300
2023-09-25,"Netflix reveals 5 new features coming to streaming app, including real-time voting and 'party games'",positive,382.8999938964844,384.79998779296875,386.6199951171875,380.80999755859375,3757300
2023-09-26,ITAT deletes ₹445 cr TP adjustment on Netflix India; rejects revenue’s bid to treat it as content or tech,negative,382.8800048828125,379.25,384.55999755859375,377.3599853515625,4089400
2023-09-26,Netflix Documentary Ignites Three Major Leads in Amy Bradley Cold Case,neutral,382.8800048828125,379.25,384.55999755859375,377.3599853515625,4089400
2023-09-26,What time is The Witcher season 4 released on Netflix?,neutral,382.8800048828125,379.25,384.55999755859375,377.3599853515625,4089400
2023-09-26,Acclaimed Movie That Won Will Smith an Oscar Is Coming to Netflix,positive,382.8800048828125,379.25,384.55999755859375,377.3599853515625,4089400
2023-09-26,Watch: Stranger Things Season 5 trailer goes viral after Netflix accidentally shares clip,negative,382.8800048828125,379.25,384.55999755859375,377.3599853515625,4089400
2023-09-26,Canal+ takes on Netflix in Africa with $3bn bet on satellite TV,neutral,382.8800048828125,379.25,384.55999755859375,377.3599853515625,4089400
2023-09-26,'Filthy and 2 hours sleep': What it's like on Netflix's most traumatic show,negative,382.8800048828125,379.25,384.55999755859375,377.3599853515625,4089400
2023-09-26,One Piece Season 2 Release Date Finally Confirmed: Netflix Sets Sail for Epic Grand Line Adventure,positive,382.8800048828125,379.25,384.55999755859375,377.3599853515625,4089400
2023-09-26,Netflix SA film ' Love and Wine' faces copycat criticism,positive,382.8800048828125,379.25,384.55999755859375,377.3599853515625,4089400
2023-09-26,"Netflix reveals 5 new features coming to streaming app, including real-time voting and 'party games'",positive,382.8800048828125,379.25,384.55999755859375,377.3599853515625,4089400
2023-09-27,ITAT deletes ₹445 cr TP adjustment on Netflix India; rejects revenue’s bid to treat it as content or tech,negative,382.3999938964844,377.5899963378906,384.2200012207031,376.25,3843500
2023-09-27,Netflix Documentary Ignites Three Major Leads in Amy Bradley Cold Case,neutral,382.3999938964844,377.5899963378906,384.2200012207031,376.25,3843500
2023-09-27,What time is The Witcher season 4 released on Netflix?,neutral,382.3999938964844,377.5899963378906,384.2200012207031,376.25,3843500
2023-09-27,Acclaimed Movie That Won Will Smith an Oscar Is Coming to Netflix,positive,382.3999938964844,377.5899963378906,384.2200012207031,376.25,3843500
2023-09-27,Watch: Stranger Things Season 5 trailer goes viral after Netflix accidentally shares clip,negative,382.3999938964844,377.5899963378906,384.2200012207031,376.25,3843500
2023-09-27,Canal+ takes on Netflix in Africa with $3bn bet on satellite TV,neutral,382.3999938964844,377.5899963378906,384.2200012207031,376.25,3843500
2023-09-27,'Filthy and 2 hours sleep': What it's like on Netflix's most traumatic show,negative,382.3999938964844,377.5899963378906,384.2200012207031,376.25,3843500
2023-09-27,One Piece Season 2 Release Date Finally Confirmed: Netflix Sets Sail for Epic Grand Line Adventure,positive,382.3999938964844,377.5899963378906,384.2200012207031,376.25,3843500
2023-09-27,Netflix SA film ' Love and Wine' faces copycat criticism,positive,382.3999938964844,377.5899963378906,384.2200012207031,376.25,3843500
2023-09-27,"Netflix reveals 5 new features coming to streaming app, including real-time voting and 'party games'",positive,382.3999938964844,377.5899963378906,384.2200012207031,376.25,3843500
2023-09-28,ITAT deletes ₹445 cr TP adjustment on Netflix India; rejects revenue’s bid to treat it as content or tech,negative,375.6000061035156,376.3599853515625,378.9599914550781,371.1000061035156,4369900
2023-09-28,Netflix Documentary Ignites Three Major Leads in Amy Bradley Cold Case,neutral,375.6000061035156,376.3599853515625,378.9599914550781,371.1000061035156,4369900
2023-09-28,What time is The Witcher season 4 released on Netflix?,neutral,375.6000061035156,376.3599853515625,378.9599914550781,371.1000061035156,4369900
2023-09-28,Acclaimed Movie That Won Will Smith an Oscar Is Coming to Netflix,positive,375.6000061035156,376.3599853515625,378.9599914550781,371.1000061035156,4369900
2023-09-28,Watch: Stranger Things Season 5 trailer goes viral after Netflix accidentally shares clip,negative,375.6000061035156,376.3599853515625,378.9599914550781,371.1000061035156,4369900
2023-09-28,Canal+ takes on Netflix in Africa with $3bn bet on satellite TV,neutral,375.6000061035156,376.3599853515625,378.9599914550781,371.1000061035156,4369900
2023-09-28,'Filthy and 2 hours sleep': What it's like on Netflix's most traumatic show,negative,375.6000061035156,376.3599853515625,378.9599914550781,371.1000061035156,4369900
2023-09-28,One Piece Season 2 Release Date Finally Confirmed: Netflix Sets Sail for Epic Grand Line Adventure,positive,375.6000061035156,376.3599853515625,378.9599914550781,371.1000061035156,4369900
2023-09-28,Netflix SA film ' Love and Wine' faces copycat criticism,positive,375.6000061035156,376.3599853515625,378.9599914550781,371.1000061035156,4369900
2023-09-28,"Netflix reveals 5 new features coming to streaming app, including real-time voting and 'party games'",positive,375.6000061035156,376.3599853515625,378.9599914550781,371.1000061035156,4369900
2023-09-29,ITAT deletes ₹445 cr TP adjustment on Netflix India; rejects revenue’s bid to treat it as content or tech,negative,380.0,377.6000061035156,382.5799865722656,375.3500061035156,4205300
2023-09-29,Netflix Documentary Ignites Three Major Leads in Amy Bradley Cold Case,neutral,380.0,377.6000061035156,382.5799865722656,375.3500061035156,4205300
2023-09-29,What time is The Witcher season 4 released on Netflix?,neutral,380.0,377.6000061035156,382.5799865722656,375.3500061035156,4205300
2023-09-29,Acclaimed Movie That Won Will Smith an Oscar Is Coming to Netflix,positive,380.0,377.6000061035156,382.5799865722656,375.3500061035156,4205300
2023-09-29,Watch: Stranger Things Season 5 trailer goes viral after Netflix accidentally shares clip,negative,380.0,377.6000061035156,382.5799865722656,375.3500061035156,4205300
2023-09-29,Canal+ takes on Netflix in Africa with $3bn bet on satellite TV,neutral,380.0,377.6000061035156,382.5799865722656,375.3500061035156,4205300
2023-09-29,'Filthy and 2 hours sleep': What it's like on Netflix's most traumatic show,negative,380.0,377.6000061035156,382.5799865722656,375.3500061035156,4205300
2023-09-29,One Piece Season 2 Release Date Finally Confirmed: Netflix Sets Sail for Epic Grand Line Adventure,positive,380.0,377.6000061035156,382.5799865722656,375.3500061035156,4205300
2023-09-29,Netflix SA film ' Love and Wine' faces copycat criticism,positive,380.0,377.6000061035156,382.5799865722656,375.3500061035156,4205300
2023-09-29,"Netflix reveals 5 new features coming to streaming app, including real-time voting and 'party games'",positive,380.0,377.6000061035156,382.5799865722656,375.3500061035156,4205300
2023-10-02,ITAT deletes ₹445 cr TP adjustment on Netflix India; rejects revenue’s bid to treat it as content or tech,negative,377.4800109863281,380.3299865722656,384.80999755859375,376.79998779296875,3102100
2023-10-02,Netflix Documentary Ignites Three Major Leads in Amy Bradley Cold Case,neutral,377.4800109863281,380.3299865722656,384.80999755859375,376.79998779296875,3102100
2023-10-02,What time is The Witcher season 4 released on Netflix?,neutral,377.4800109863281,380.3299865722656,384.80999755859375,376.79998779296875,3102100
2023-10-02,Acclaimed Movie That Won Will Smith an Oscar Is Coming to Netflix,positive,377.4800109863281,380.3299865722656,384.80999755859375,376.79998779296875,3102100
2023-10-02,Watch: Stranger Things Season 5 trailer goes viral after Netflix accidentally shares clip,negative,377.4800109863281,380.3299865722656,384.80999755859375,376.79998779296875,3102100
2023-10-02,Canal+ takes on Netflix in Africa with $3bn bet on satellite TV,neutral,377.4800109863281,380.3299865722656,384.80999755859375,376.79998779296875,3102100
2023-10-02,'Filthy and 2 hours sleep': What it's like on Netflix's most traumatic show,negative,377.4800109863281,380.3299865722656,384.80999755859375,376.79998779296875,3102100
2023-10-02,One Piece Season 2 Release Date Finally Confirmed: Netflix Sets Sail for Epic Grand Line Adventure,positive,377.4800109863281,380.3299865722656,384.80999755859375,376.79998779296875,3102100
2023-10-02,Netflix SA film ' Love and Wine' faces copycat criticism,positive,377.4800109863281,380.3299865722656,384.80999755859375,376.79998779296875,3102100
2023-10-02,"Netflix reveals 5 new features coming to streaming app, including real-time voting and 'party games'",positive,377.4800109863281,380.3299865722656,384.80999755859375,376.79998779296875,3102100
2023-10-03,ITAT deletes ₹445 cr TP adjustment on Netflix India; rejects revenue’s bid to treat it as content or tech,negative,377.1099853515625,376.75,394.8999938964844,372.8500061035156,8878100
2023-10-03,Netflix Documentary Ignites Three Major Leads in Amy Bradley Cold Case,neutral,377.1099853515625,376.75,394.8999938964844,372.8500061035156,8878100
2023-10-03,What time is The Witcher season 4 released on Netflix?,neutral,377.1099853515625,376.75,394.8999938964844,372.8500061035156,8878100
2023-10-03,Acclaimed Movie That Won Will Smith an Oscar Is Coming to Netflix,positive,377.1099853515625,376.75,394.8999938964844,372.8500061035156,8878100
2023-10-03,Watch: Stranger Things Season 5 trailer goes viral after Netflix accidentally shares clip,negative,377.1099853515625,376.75,394.8999938964844,372.8500061035156,8878100
2023-10-03,Canal+ takes on Netflix in Africa with $3bn bet on satellite TV,neutral,377.1099853515625,376.75,394.8999938964844,372.8500061035156,8878100
2023-10-03,'Filthy and 2 hours sleep': What it's like on Netflix's most traumatic show,negative,377.1099853515625,376.75,394.8999938964844,372.8500061035156,8878100
2023-10-03,One Piece Season 2 Release Date Finally Confirmed: Netflix Sets Sail for Epic Grand Line Adventure,positive,377.1099853515625,376.75,394.8999938964844,372.8500061035156,8878100
2023-10-03,Netflix SA film ' Love and Wine' faces copycat criticism,positive,377.1099853515625,376.75,394.8999938964844,372.8500061035156,8878100
2023-10-03,"Netflix reveals 5 new features coming to streaming app, including real-time voting and 'party games'",positive,377.1099853515625,376.75,394.8999938964844,372.8500061035156,8878100
2023-10-05,ITAT deletes ₹445 cr TP adjustment on Netflix India; rejects revenue’s bid to treat it as content or tech,negative,378.010009765625,372.5899963378906,378.6000061035156,367.239990234375,5034800
2023-10-05,Netflix Documentary Ignites Three Major Leads in Amy Bradley Cold Case,neutral,378.010009765625,372.5899963378906,378.6000061035156,367.239990234375,5034800
2023-10-05,What time is The Witcher season 4 released on Netflix?,neutral,378.010009765625,372.5899963378906,378.6000061035156,367.239990234375,5034800
2023-10-05,Acclaimed Movie That Won Will Smith an Oscar Is Coming to Netflix,positive,378.010009765625,372.5899963378906,378.6000061035156,367.239990234375,5034800
2023-10-05,Watch: Stranger Things Season 5 trailer goes viral after Netflix accidentally shares clip,negative,378.010009765625,372.5899963378906,378.6000061035156,367.239990234375,5034800
2023-10-05,Canal+ takes on Netflix in Africa with $3bn bet on satellite TV,neutral,378.010009765625,372.5899963378906,378.6000061035156,367.239990234375,5034800
2023-10-05,'Filthy and 2 hours sleep': What it's like on Netflix's most traumatic show,negative,378.010009765625,372.5899963378906,378.6000061035156,367.239990234375,5034800
2023-10-05,One Piece Season 2 Release Date Finally Confirmed: Netflix Sets Sail for Epic Grand Line Adventure,positive,378.010009765625,372.5899963378906,378.6000061035156,367.239990234375,5034800
2023-10-05,Netflix SA film ' Love and Wine' faces copycat criticism,positive,378.010009765625,372.5899963378906,378.6000061035156,367.239990234375,5034800
2023-10-05,"Netflix reveals 5 new features coming to streaming app, including real-time voting and 'party games'",positive,378.010009765625,372.5899963378906,378.6000061035156,367.239990234375,5034800
2023-10-06,ITAT deletes ₹445 cr TP adjustment on Netflix India; rejects revenue’s bid to treat it as content or tech,negative,368.42999267578125,381.510009765625,382.5199890136719,367.7699890136719,4778100
2023-10-06,Netflix Documentary Ignites Three Major Leads in Amy Bradley Cold Case,neutral,368.42999267578125,381.510009765625,382.5199890136719,367.7699890136719,4778100
2023-10-06,What time is The Witcher season 4 released on Netflix?,neutral,368.42999267578125,381.510009765625,382.5199890136719,367.7699890136719,4778100
2023-10-06,Acclaimed Movie That Won Will Smith an Oscar Is Coming to Netflix,positive,368.42999267578125,381.510009765625,382.5199890136719,367.7699890136719,4778100
2023-10-06,Watch: Stranger Things Season 5 trailer goes viral after Netflix accidentally shares clip,negative,368.42999267578125,381.510009765625,382.5199890136719,367.7699890136719,4778100
2023-10-06,Canal+ takes on Netflix in Africa with $3bn bet on satellite TV,neutral,368.42999267578125,381.510009765625,382.5199890136719,367.7699890136719,4778100
2023-10-06,'Filthy and 2 hours sleep': What it's like on Netflix's most traumatic show,negative,368.42999267578125,381.510009765625,382.5199890136719,367.7699890136719,4778100
2023-10-06,One Piece Season 2 Release Date Finally Confirmed: Netflix Sets Sail for Epic Grand Line Adventure,positive,368.42999267578125,381.510009765625,382.5199890136719,367.7699890136719,4778100
2023-10-06,Netflix SA film ' Love and Wine' faces copycat criticism,positive,368.42999267578125,381.510009765625,382.5199890136719,367.7699890136719,4778100
2023-10-06,"Netflix reveals 5 new features coming to streaming app, including real-time voting and 'party games'",positive,368.42999267578125,381.510009765625,382.5199890136719,367.7699890136719,4778100
2023-10-09,ITAT deletes ₹445 cr TP adjustment on Netflix India; rejects revenue’s bid to treat it as content or tech,negative,378.04998779296875,385.95001220703125,387.1700134277344,377.760009765625,3299800
2023-10-09,Netflix Documentary Ignites Three Major Leads in Amy Bradley Cold Case,neutral,378.04998779296875,385.95001220703125,387.1700134277344,377.760009765625,3299800
2023-10-09,What time is The Witcher season 4 released on Netflix?,neutral,378.04998779296875,385.95001220703125,387.1700134277344,377.760009765625,3299800
2023-10-09,Acclaimed Movie That Won Will Smith an Oscar Is Coming to Netflix,positive,378.04998779296875,385.95001220703125,387.1700134277344,377.760009765625,3299800
2023-10-09,Watch: Stranger Things Season 5 trailer goes viral after Netflix accidentally shares clip,negative,378.04998779296875,385.95001220703125,387.1700134277344,377.760009765625,3299800
2023-10-09,Canal+ takes on Netflix in Africa with $3bn bet on satellite TV,neutral,378.04998779296875,385.95001220703125,387.1700134277344,377.760009765625,3299800
2023-10-09,'Filthy and 2 hours sleep': What it's like on Netflix's most traumatic show,negative,378.04998779296875,385.95001220703125,387.1700134277344,377.760009765625,3299800
2023-10-09,One Piece Season 2 Release Date Finally Confirmed: Netflix Sets Sail for Epic Grand Line Adventure,positive,378.04998779296875,385.95001220703125,387.1700134277344,377.760009765625,3299800
2023-10-09,Netflix SA film ' Love and Wine' faces copycat criticism,positive,378.04998779296875,385.95001220703125,387.1700134277344,377.760009765625,3299800
2023-10-09,"Netflix reveals 5 new features coming to streaming app, including real-time voting and 'party games'",positive,378.04998779296875,385.95001220703125,387.1700134277344,377.760009765625,3299800
2023-10-10,ITAT deletes ₹445 cr TP adjustment on Netflix India; rejects revenue’s bid to treat it as content or tech,negative,385.5799865722656,373.32000732421875,388.70001220703125,372.25,7288900
2023-10-10,Netflix Documentary Ignites Three Major Leads in Amy Bradley Cold Case,neutral,385.5799865722656,373.32000732421875,388.70001220703125,372.25,7288900
2023-10-10,What time is The Witcher season 4 released on Netflix?,neutral,385.5799865722656,373.32000732421875,388.70001220703125,372.25,7288900
2023-10-10,Acclaimed Movie That Won Will Smith an Oscar Is Coming to Netflix,positive,385.5799865722656,373.32000732421875,388.70001220703125,372.25,7288900
2023-10-10,Watch: Stranger Things Season 5 trailer goes viral after Netflix accidentally shares clip,negative,385.5799865722656,373.32000732421875,388.70001220703125,372.25,7288900
2023-10-10,Canal+ takes on Netflix in Africa with $3bn bet on satellite TV,neutral,385.5799865722656,373.32000732421875,388.70001220703125,372.25,7288900
2023-10-10,'Filthy and 2 hours sleep': What it's like on Netflix's most traumatic show,negative,385.5799865722656,373.32000732421875,388.70001220703125,372.25,7288900
2023-10-10,One Piece Season 2 Release Date Finally Confirmed: Netflix Sets Sail for Epic Grand Line Adventure,positive,385.5799865722656,373.32000732421875,388.70001220703125,372.25,7288900
2023-10-10,Netflix SA film ' Love and Wine' faces copycat criticism,positive,385.5799865722656,373.32000732421875,388.70001220703125,372.25,7288900
2023-10-10,"Netflix reveals 5 new features coming to streaming app, including real-time voting and 'party games'",positive,385.5799865722656,373.32000732421875,388.70001220703125,372.25,7288900
2023-10-11,ITAT deletes ₹445 cr TP adjustment on Netflix India; rejects revenue’s bid to treat it as content or tech,negative,372.7799987792969,365.92999267578125,377.80999755859375,365.3399963378906,9151400
2023-10-11,Netflix Documentary Ignites Three Major Leads in Amy Bradley Cold Case,neutral,372.7799987792969,365.92999267578125,377.80999755859375,365.3399963378906,9151400
2023-10-11,What time is The Witcher season 4 released on Netflix?,neutral,372.7799987792969,365.92999267578125,377.80999755859375,365.3399963378906,9151400
2023-10-11,Acclaimed Movie That Won Will Smith an Oscar Is Coming to Netflix,positive,372.7799987792969,365.92999267578125,377.80999755859375,365.3399963378906,9151400
2023-10-11,Watch: Stranger Things Season 5 trailer goes viral after Netflix accidentally shares clip,negative,372.7799987792969,365.92999267578125,377.80999755859375,365.3399963378906,9151400
2023-10-11,Canal+ takes on Netflix in Africa with $3bn bet on satellite TV,neutral,372.7799987792969,365.92999267578125,377.80999755859375,365.3399963378906,9151400
2023-10-11,'Filthy and 2 hours sleep': What it's like on Netflix's most traumatic show,negative,372.7799987792969,365.92999267578125,377.80999755859375,365.3399963378906,9151400
2023-10-11,One Piece Season 2 Release Date Finally Confirmed: Netflix Sets Sail for Epic Grand Line Adventure,positive,372.7799987792969,365.92999267578125,377.80999755859375,365.3399963378906,9151400
2023-10-11,Netflix SA film ' Love and Wine' faces copycat criticism,positive,372.7799987792969,365.92999267578125,377.80999755859375,365.3399963378906,9151400
2023-10-11,"Netflix reveals 5 new features coming to streaming app, including real-time voting and 'party games'",positive,372.7799987792969,365.92999267578125,377.80999755859375,365.3399963378906,9151400
2023-10-12,ITAT deletes ₹445 cr TP adjustment on Netflix India; rejects revenue’s bid to treat it as content or tech,negative,366.4800109863281,361.20001220703125,368.8299865722656,359.04998779296875,7376100
2023-10-12,Netflix Documentary Ignites Three Major Leads in Amy Bradley Cold Case,neutral,366.4800109863281,361.20001220703125,368.8299865722656,359.04998779296875,7376100
2023-10-12,What time is The Witcher season 4 released on Netflix?,neutral,366.4800109863281,361.20001220703125,368.8299865722656,359.04998779296875,7376100
2023-10-12,Acclaimed Movie That Won Will Smith an Oscar Is Coming to Netflix,positive,366.4800109863281,361.20001220703125,368.8299865722656,359.04998779296875,7376100
2023-10-12,Watch: Stranger Things Season 5 trailer goes viral after Netflix accidentally shares clip,negative,366.4800109863281,361.20001220703125,368.8299865722656,359.04998779296875,7376100
2023-10-12,Canal+ takes on Netflix in Africa with $3bn bet on satellite TV,neutral,366.4800109863281,361.20001220703125,368.8299865722656,359.04998779296875,7376100
2023-10-12,'Filthy and 2 hours sleep': What it's like on Netflix's most traumatic show,negative,366.4800109863281,361.20001220703125,368.8299865722656,359.04998779296875,7376100
2023-10-12,One Piece Season 2 Release Date Finally Confirmed: Netflix Sets Sail for Epic Grand Line Adventure,positive,366.4800109863281,361.20001220703125,368.8299865722656,359.04998779296875,7376100
2023-10-12,Netflix SA film ' Love and Wine' faces copycat criticism,positive,366.4800109863281,361.20001220703125,368.8299865722656,359.04998779296875,7376100
2023-10-12,"Netflix reveals 5 new features coming to streaming app, including real-time voting and 'party games'",positive,366.4800109863281,361.20001220703125,368.8299865722656,359.04998779296875,7376100
2023-10-13,ITAT deletes ₹445 cr TP adjustment on Netflix India; rejects revenue’s bid to treat it as content or tech,negative,355.6400146484375,355.67999267578125,358.92999267578125,352.04998779296875,6312600
2023-10-13,Netflix Documentary Ignites Three Major Leads in Amy Bradley Cold Case,neutral,355.6400146484375,355.67999267578125,358.92999267578125,352.04998779296875,6312600
2023-10-13,What time is The Witcher season 4 released on Netflix?,neutral,355.6400146484375,355.67999267578125,358.92999267578125,352.04998779296875,6312600
2023-10-13,Acclaimed Movie That Won Will Smith an Oscar Is Coming to Netflix,positive,355.6400146484375,355.67999267578125,358.92999267578125,352.04998779296875,6312600
2023-10-13,Watch: Stranger Things Season 5 trailer goes viral after Netflix accidentally shares clip,negative,355.6400146484375,355.67999267578125,358.92999267578125,352.04998779296875,6312600
2023-10-13,Canal+ takes on Netflix in Africa with $3bn bet on satellite TV,neutral,355.6400146484375,355.67999267578125,358.92999267578125,352.04998779296875,6312600
2023-10-13,'Filthy and 2 hours sleep': What it's like on Netflix's most traumatic show,negative,355.6400146484375,355.67999267578125,358.92999267578125,352.04998779296875,6312600
2023-10-13,One Piece Season 2 Release Date Finally Confirmed: Netflix Sets Sail for Epic Grand Line Adventure,positive,355.6400146484375,355.67999267578125,358.92999267578125,352.04998779296875,6312600
2023-10-13,Netflix SA film ' Love and Wine' faces copycat criticism,positive,355.6400146484375,355.67999267578125,358.92999267578125,352.04998779296875,6312600
2023-10-13,"Netflix reveals 5 new features coming to streaming app, including real-time voting and 'party games'",positive,355.6400146484375,355.67999267578125,358.92999267578125,352.04998779296875,6312600
2023-10-16,ITAT deletes ₹445 cr TP adjustment on Netflix India; rejects revenue’s bid to treat it as content or tech,negative,356.2099914550781,360.82000732421875,363.0799865722656,354.7699890136719,5128900
2023-10-16,Netflix Documentary Ignites Three Major Leads in Amy Bradley Cold Case,neutral,356.2099914550781,360.82000732421875,363.0799865722656,354.7699890136719,5128900
2023-10-16,What time is The Witcher season 4 released on Netflix?,neutral,356.2099914550781,360.82000732421875,363.0799865722656,354.7699890136719,5128900
2023-10-16,Acclaimed Movie That Won Will Smith an Oscar Is Coming to Netflix,positive,356.2099914550781,360.82000732421875,363.0799865722656,354.7699890136719,5128900
2023-10-16,Watch: Stranger Things Season 5 trailer goes viral after Netflix accidentally shares clip,negative,356.2099914550781,360.82000732421875,363.0799865722656,354.7699890136719,5128900
2023-10-16,Canal+ takes on Netflix in Africa with $3bn bet on satellite TV,neutral,356.2099914550781,360.82000732421875,363.0799865722656,354.7699890136719,5128900
2023-10-16,'Filthy and 2 hours sleep': What it's like on Netflix's most traumatic show,negative,356.2099914550781,360.82000732421875,363.0799865722656,354.7699890136719,5128900
2023-10-16,One Piece Season 2 Release Date Finally Confirmed: Netflix Sets Sail for Epic Grand Line Adventure,positive,356.2099914550781,360.82000732421875,363.0799865722656,354.7699890136719,5128900
2023-10-16,Netflix SA film ' Love and Wine' faces copycat criticism,positive,356.2099914550781,360.82000732421875,363.0799865722656,354.7699890136719,5128900
2023-10-16,"Netflix reveals 5 new features coming to streaming app, including real-time voting and 'party games'",positive,356.2099914550781,360.82000732421875,363.0799865722656,354.7699890136719,5128900
2023-10-17,ITAT deletes ₹445 cr TP adjustment on Netflix India; rejects revenue’s bid to treat it as content or tech,negative,361.1000061035156,355.7200012207031,362.70001220703125,353.8900146484375,5908400
2023-10-17,Netflix Documentary Ignites Three Major Leads in Amy Bradley Cold Case,neutral,361.1000061035156,355.7200012207031,362.70001220703125,353.8900146484375,5908400
2023-10-17,What time is The Witcher season 4 released on Netflix?,neutral,361.1000061035156,355.7200012207031,362.70001220703125,353.8900146484375,5908400
2023-10-17,Acclaimed Movie That Won Will Smith an Oscar Is Coming to Netflix,positive,361.1000061035156,355.7200012207031,362.70001220703125,353.8900146484375,5908400
2023-10-17,Watch: Stranger Things Season 5 trailer goes viral after Netflix accidentally shares clip,negative,361.1000061035156,355.7200012207031,362.70001220703125,353.8900146484375,5908400
2023-10-17,Canal+ takes on Netflix in Africa with $3bn bet on satellite TV,neutral,361.1000061035156,355.7200012207031,362.70001220703125,353.8900146484375,5908400
2023-10-17,'Filthy and 2 hours sleep': What it's like on Netflix's most traumatic show,negative,361.1000061035156,355.7200012207031,362.70001220703125,353.8900146484375,5908400
2023-10-17,One Piece Season 2 Release Date Finally Confirmed: Netflix Sets Sail for Epic Grand Line Adventure,positive,361.1000061035156,355.7200012207031,362.70001220703125,353.8900146484375,5908400
2023-10-17,Netflix SA film ' Love and Wine' faces copycat criticism,positive,361.1000061035156,355.7200012207031,362.70001220703125,353.8900146484375,5908400
2023-10-17,"Netflix reveals 5 new features coming to streaming app, including real-time voting and 'party games'",positive,361.1000061035156,355.7200012207031,362.70001220703125,353.8900146484375,5908400
2023-10-18,Kantara 2 OTT Price: How Amazon Prime Outbid Netflix To Bag Rishab Shetty Film,positive,351.0,346.19000244140625,354.7900085449219,344.7300109863281,11429600
2023-10-18,ITAT deletes ₹445 cr TP adjustment on Netflix India; rejects revenue’s bid to treat it as content or tech,negative,351.0,346.19000244140625,354.7900085449219,344.7300109863281,11429600
2023-10-18,Netflix Documentary Ignites Three Major Leads in Amy Bradley Cold Case,neutral,351.0,346.19000244140625,354.7900085449219,344.7300109863281,11429600
2023-10-18,What time is The Witcher season 4 released on Netflix?,neutral,351.0,346.19000244140625,354.7900085449219,344.7300109863281,11429600
2023-10-18,Acclaimed Movie That Won Will Smith an Oscar Is Coming to Netflix,positive,351.0,346.19000244140625,354.7900085449219,344.7300109863281,11429600
2023-10-18,Watch: Stranger Things Season 5 trailer goes viral after Netflix accidentally shares clip,negative,351.0,346.19000244140625,354.7900085449219,344.7300109863281,11429600
2023-10-18,Canal+ takes on Netflix in Africa with $3bn bet on satellite TV,neutral,351.0,346.19000244140625,354.7900085449219,344.7300109863281,11429600
2023-10-18,'Filthy and 2 hours sleep': What it's like on Netflix's most traumatic show,negative,351.0,346.19000244140625,354.7900085449219,344.7300109863281,11429600
2023-10-18,One Piece Season 2 Release Date Finally Confirmed: Netflix Sets Sail for Epic Grand Line Adventure,positive,351.0,346.19000244140625,354.7900085449219,344.7300109863281,11429600
2023-10-18,Netflix SA film ' Love and Wine' faces copycat criticism,positive,351.0,346.19000244140625,354.7900085449219,344.7300109863281,11429600
2023-10-19,ITAT deletes ₹445 cr TP adjustment on Netflix India; rejects revenue’s bid to treat it as content or tech,negative,404.739990234375,401.7699890136719,408.95001220703125,392.260009765625,28074400
2023-10-19,Netflix Documentary Ignites Three Major Leads in Amy Bradley Cold Case,neutral,404.739990234375,401.7699890136719,408.95001220703125,392.260009765625,28074400
2023-10-19,What time is The Witcher season 4 released on Netflix?,neutral,404.739990234375,401.7699890136719,408.95001220703125,392.260009765625,28074400
2023-10-19,Acclaimed Movie That Won Will Smith an Oscar Is Coming to Netflix,positive,404.739990234375,401.7699890136719,408.95001220703125,392.260009765625,28074400
2023-10-19,Watch: Stranger Things Season 5 trailer goes viral after Netflix accidentally shares clip,negative,404.739990234375,401.7699890136719,408.95001220703125,392.260009765625,28074400
2023-10-19,Canal+ takes on Netflix in Africa with $3bn bet on satellite TV,neutral,404.739990234375,401.7699890136719,408.95001220703125,392.260009765625,28074400
2023-10-19,'Filthy and 2 hours sleep': What it's like on Netflix's most traumatic show,negative,404.739990234375,401.7699890136719,408.95001220703125,392.260009765625,28074400
2023-10-19,One Piece Season 2 Release Date Finally Confirmed: Netflix Sets Sail for Epic Grand Line Adventure,positive,404.739990234375,401.7699890136719,408.95001220703125,392.260009765625,28074400
2023-10-19,Netflix SA film ' Love and Wine' faces copycat criticism,positive,404.739990234375,401.7699890136719,408.95001220703125,392.260009765625,28074400
2023-10-19,"Netflix reveals 5 new features coming to streaming app, including real-time voting and 'party games'",positive,404.739990234375,401.7699890136719,408.95001220703125,392.260009765625,28074400
2023-10-20,ITAT deletes ₹445 cr TP adjustment on Netflix India; rejects revenue’s bid to treat it as content or tech,negative,405.6300048828125,400.9599914550781,410.6400146484375,398.010009765625,12782900
2023-10-20,Netflix Documentary Ignites Three Major Leads in Amy Bradley Cold Case,neutral,405.6300048828125,400.9599914550781,410.6400146484375,398.010009765625,12782900
2023-10-20,What time is The Witcher season 4 released on Netflix?,neutral,405.6300048828125,400.9599914550781,410.6400146484375,398.010009765625,12782900
2023-10-20,Acclaimed Movie That Won Will Smith an Oscar Is Coming to Netflix,positive,405.6300048828125,400.9599914550781,410.6400146484375,398.010009765625,12782900
2023-10-20,Watch: Stranger Things Season 5 trailer goes viral after Netflix accidentally shares clip,negative,405.6300048828125,400.9599914550781,410.6400146484375,398.010009765625,12782900
2023-10-20,Canal+ takes on Netflix in Africa with $3bn bet on satellite TV,neutral,405.6300048828125,400.9599914550781,410.6400146484375,398.010009765625,12782900
2023-10-20,'Filthy and 2 hours sleep': What it's like on Netflix's most traumatic show,negative,405.6300048828125,400.9599914550781,410.6400146484375,398.010009765625,12782900
2023-10-20,One Piece Season 2 Release Date Finally Confirmed: Netflix Sets Sail for Epic Grand Line Adventure,positive,405.6300048828125,400.9599914550781,410.6400146484375,398.010009765625,12782900
2023-10-20,Netflix SA film ' Love and Wine' faces copycat criticism,positive,405.6300048828125,400.9599914550781,410.6400146484375,398.010009765625,12782900
2023-10-20,"Netflix reveals 5 new features coming to streaming app, including real-time voting and 'party games'",positive,405.6300048828125,400.9599914550781,410.6400146484375,398.010009765625,12782900
2023-10-23,Kantara 2 OTT Price: How Amazon Prime Outbid Netflix To Bag Rishab Shetty Film,positive,403.32000732421875,406.8399963378906,407.5400085449219,398.5199890136719,7390000
2023-10-23,ITAT deletes ₹445 cr TP adjustment on Netflix India; rejects revenue’s bid to treat it as content or tech,negative,403.32000732421875,406.8399963378906,407.5400085449219,398.5199890136719,7390000
2023-10-23,Netflix Documentary Ignites Three Major Leads in Amy Bradley Cold Case,neutral,403.32000732421875,406.8399963378906,407.5400085449219,398.5199890136719,7390000
2023-10-23,What time is The Witcher season 4 released on Netflix?,neutral,403.32000732421875,406.8399963378906,407.5400085449219,398.5199890136719,7390000
2023-10-23,Acclaimed Movie That Won Will Smith an Oscar Is Coming to Netflix,positive,403.32000732421875,406.8399963378906,407.5400085449219,398.5199890136719,7390000
2023-10-23,Watch: Stranger Things Season 5 trailer goes viral after Netflix accidentally shares clip,negative,403.32000732421875,406.8399963378906,407.5400085449219,398.5199890136719,7390000
2023-10-23,Canal+ takes on Netflix in Africa with $3bn bet on satellite TV,neutral,403.32000732421875,406.8399963378906,407.5400085449219,398.5199890136719,7390000
2023-10-23,'Filthy and 2 hours sleep': What it's like on Netflix's most traumatic show,negative,403.32000732421875,406.8399963378906,407.5400085449219,398.5199890136719,7390000
2023-10-23,One Piece Season 2 Release Date Finally Confirmed: Netflix Sets Sail for Epic Grand Line Adventure,positive,403.32000732421875,406.8399963378906,407.5400085449219,398.5199890136719,7390000
2023-10-23,Netflix SA film ' Love and Wine' faces copycat criticism,positive,403.32000732421875,406.8399963378906,407.5400085449219,398.5199890136719,7390000
2023-10-24,ITAT deletes ₹445 cr TP adjustment on Netflix India; rejects revenue’s bid to treat it as content or tech,negative,409.67999267578125,413.7300109863281,416.69000244140625,408.3900146484375,6459200
2023-10-24,Netflix Documentary Ignites Three Major Leads in Amy Bradley Cold Case,neutral,409.67999267578125,413.7300109863281,416.69000244140625,408.3900146484375,6459200
2023-10-24,What time is The Witcher season 4 released on Netflix?,neutral,409.67999267578125,413.7300109863281,416.69000244140625,408.3900146484375,6459200
2023-10-24,Acclaimed Movie That Won Will Smith an Oscar Is Coming to Netflix,positive,409.67999267578125,413.7300109863281,416.69000244140625,408.3900146484375,6459200
2023-10-24,Watch: Stranger Things Season 5 trailer goes viral after Netflix accidentally shares clip,negative,409.67999267578125,413.7300109863281,416.69000244140625,408.3900146484375,6459200
2023-10-24,Canal+ takes on Netflix in Africa with $3bn bet on satellite TV,neutral,409.67999267578125,413.7300109863281,416.69000244140625,408.3900146484375,6459200
2023-10-24,'Filthy and 2 hours sleep': What it's like on Netflix's most traumatic show,negative,409.67999267578125,413.7300109863281,416.69000244140625,408.3900146484375,6459200
2023-10-24,One Piece Season 2 Release Date Finally Confirmed: Netflix Sets Sail for Epic Grand Line Adventure,positive,409.67999267578125,413.7300109863281,416.69000244140625,408.3900146484375,6459200
2023-10-24,Netflix SA film ' Love and Wine' faces copycat criticism,positive,409.67999267578125,413.7300109863281,416.69000244140625,408.3900146484375,6459200
2023-10-24,"Netflix reveals 5 new features coming to streaming app, including real-time voting and 'party games'",positive,409.67999267578125,413.7300109863281,416.69000244140625,408.3900146484375,6459200
2023-10-25,ITAT deletes ₹445 cr TP adjustment on Netflix India; rejects revenue’s bid to treat it as content or tech,negative,416.0199890136719,411.25,418.8399963378906,410.1099853515625,6299600
2023-10-25,Netflix Documentary Ignites Three Major Leads in Amy Bradley Cold Case,neutral,416.0199890136719,411.25,418.8399963378906,410.1099853515625,6299600
2023-10-25,What time is The Witcher season 4 released on Netflix?,neutral,416.0199890136719,411.25,418.8399963378906,410.1099853515625,6299600
2023-10-25,Acclaimed Movie That Won Will Smith an Oscar Is Coming to Netflix,positive,416.0199890136719,411.25,418.8399963378906,410.1099853515625,6299600
2023-10-25,Watch: Stranger Things Season 5 trailer goes viral after Netflix accidentally shares clip,negative,416.0199890136719,411.25,418.8399963378906,410.1099853515625,6299600
2023-10-25,Canal+ takes on Netflix in Africa with $3bn bet on satellite TV,neutral,416.0199890136719,411.25,418.8399963378906,410.1099853515625,6299600
2023-10-25,'Filthy and 2 hours sleep': What it's like on Netflix's most traumatic show,negative,416.0199890136719,411.25,418.8399963378906,410.1099853515625,6299600
2023-10-25,One Piece Season 2 Release Date Finally Confirmed: Netflix Sets Sail for Epic Grand Line Adventure,positive,416.0199890136719,411.25,418.8399963378906,410.1099853515625,6299600
2023-10-25,Netflix SA film ' Love and Wine' faces copycat criticism,positive,416.0199890136719,411.25,418.8399963378906,410.1099853515625,6299600
2023-10-25,"Netflix reveals 5 new features coming to streaming app, including real-time voting and 'party games'",positive,416.0199890136719,411.25,418.8399963378906,410.1099853515625,6299600
2023-10-26,ITAT deletes ₹445 cr TP adjustment on Netflix India; rejects revenue’s bid to treat it as content or tech,negative,411.4200134277344,403.5400085449219,417.30999755859375,401.5400085449219,6849700
2023-10-26,Netflix Documentary Ignites Three Major Leads in Amy Bradley Cold Case,neutral,411.4200134277344,403.5400085449219,417.30999755859375,401.5400085449219,6849700
2023-10-26,What time is The Witcher season 4 released on Netflix?,neutral,411.4200134277344,403.5400085449219,417.30999755859375,401.5400085449219,6849700
2023-10-26,Acclaimed Movie That Won Will Smith an Oscar Is Coming to Netflix,positive,411.4200134277344,403.5400085449219,417.30999755859375,401.5400085449219,6849700
2023-10-26,Watch: Stranger Things Season 5 trailer goes viral after Netflix accidentally shares clip,negative,411.4200134277344,403.5400085449219,417.30999755859375,401.5400085449219,6849700
2023-10-26,Canal+ takes on Netflix in Africa with $3bn bet on satellite TV,neutral,411.4200134277344,403.5400085449219,417.30999755859375,401.5400085449219,6849700
2023-10-26,'Filthy and 2 hours sleep': What it's like on Netflix's most traumatic show,negative,411.4200134277344,403.5400085449219,417.30999755859375,401.5400085449219,6849700
2023-10-26,One Piece Season 2 Release Date Finally Confirmed: Netflix Sets Sail for Epic Grand Line Adventure,positive,411.4200134277344,403.5400085449219,417.30999755859375,401.5400085449219,6849700
2023-10-26,Netflix SA film ' Love and Wine' faces copycat criticism,positive,411.4200134277344,403.5400085449219,417.30999755859375,401.5400085449219,6849700
2023-10-26,"Netflix reveals 5 new features coming to streaming app, including real-time voting and 'party games'",positive,411.4200134277344,403.5400085449219,417.30999755859375,401.5400085449219,6849700
2023-10-27,ITAT deletes ₹445 cr TP adjustment on Netflix India; rejects revenue’s bid to treat it as content or tech,negative,406.4200134277344,397.8699951171875,410.2099914550781,395.6199951171875,4997600
2023-10-27,Netflix Documentary Ignites Three Major Leads in Amy Bradley Cold Case,neutral,406.4200134277344,397.8699951171875,410.2099914550781,395.6199951171875,4997600
2023-10-27,What time is The Witcher season 4 released on Netflix?,neutral,406.4200134277344,397.8699951171875,410.2099914550781,395.6199951171875,4997600
2023-10-27,Acclaimed Movie That Won Will Smith an Oscar Is Coming to Netflix,positive,406.4200134277344,397.8699951171875,410.2099914550781,395.6199951171875,4997600
2023-10-27,Watch: Stranger Things Season 5 trailer goes viral after Netflix accidentally shares clip,negative,406.4200134277344,397.8699951171875,410.2099914550781,395.6199951171875,4997600
2023-10-27,Canal+ takes on Netflix in Africa with $3bn bet on satellite TV,neutral,406.4200134277344,397.8699951171875,410.2099914550781,395.6199951171875,4997600
2023-10-27,'Filthy and 2 hours sleep': What it's like on Netflix's most traumatic show,negative,406.4200134277344,397.8699951171875,410.2099914550781,395.6199951171875,4997600
2023-10-27,One Piece Season 2 Release Date Finally Confirmed: Netflix Sets Sail for Epic Grand Line Adventure,positive,406.4200134277344,397.8699951171875,410.2099914550781,395.6199951171875,4997600
2023-10-27,Netflix SA film ' Love and Wine' faces copycat criticism,positive,406.4200134277344,397.8699951171875,410.2099914550781,395.6199951171875,4997600
2023-10-27,"Netflix reveals 5 new features coming to streaming app, including real-time voting and 'party games'",positive,406.4200134277344,397.8699951171875,410.2099914550781,395.6199951171875,4997600
2023-10-30,ITAT deletes ₹445 cr TP adjustment on Netflix India; rejects revenue’s bid to treat it as content or tech,negative,402.3500061035156,410.0799865722656,412.82000732421875,399.4100036621094,5317100
2023-10-30,Netflix Documentary Ignites Three Major Leads in Amy Bradley Cold Case,neutral,402.3500061035156,410.0799865722656,412.82000732421875,399.4100036621094,5317100
2023-10-30,What time is The Witcher season 4 released on Netflix?,neutral,402.3500061035156,410.0799865722656,412.82000732421875,399.4100036621094,5317100
2023-10-30,Acclaimed Movie That Won Will Smith an Oscar Is Coming to Netflix,positive,402.3500061035156,410.0799865722656,412.82000732421875,399.4100036621094,5317100
2023-10-30,Watch: Stranger Things Season 5 trailer goes viral after Netflix accidentally shares clip,negative,402.3500061035156,410.0799865722656,412.82000732421875,399.4100036621094,5317100
2023-10-30,Canal+ takes on Netflix in Africa with $3bn bet on satellite TV,neutral,402.3500061035156,410.0799865722656,412.82000732421875,399.4100036621094,5317100
2023-10-30,'Filthy and 2 hours sleep': What it's like on Netflix's most traumatic show,negative,402.3500061035156,410.0799865722656,412.82000732421875,399.4100036621094,5317100
2023-10-30,One Piece Season 2 Release Date Finally Confirmed: Netflix Sets Sail for Epic Grand Line Adventure,positive,402.3500061035156,410.0799865722656,412.82000732421875,399.4100036621094,5317100
2023-10-30,Netflix SA film ' Love and Wine' faces copycat criticism,positive,402.3500061035156,410.0799865722656,412.82000732421875,399.4100036621094,5317100
2023-10-30,"Netflix reveals 5 new features coming to streaming app, including real-time voting and 'party games'",positive,402.3500061035156,410.0799865722656,412.82000732421875,399.4100036621094,5317100
2023-10-31,Kantara 2 OTT Price: How Amazon Prime Outbid Netflix To Bag Rishab Shetty Film,positive,409.239990234375,411.69000244140625,412.5199890136719,404.6300048828125,3877600
2023-10-31,ITAT deletes ₹445 cr TP adjustment on Netflix India; rejects revenue’s bid to treat it as content or tech,negative,409.239990234375,411.69000244140625,412.5199890136719,404.6300048828125,3877600
2023-10-31,Netflix Documentary Ignites Three Major Leads in Amy Bradley Cold Case,neutral,409.239990234375,411.69000244140625,412.5199890136719,404.6300048828125,3877600
2023-10-31,What time is The Witcher season 4 released on Netflix?,neutral,409.239990234375,411.69000244140625,412.5199890136719,404.6300048828125,3877600
2023-10-31,Watch: Stranger Things Season 5 trailer goes viral after Netflix accidentally shares clip,negative,409.239990234375,411.69000244140625,412.5199890136719,404.6300048828125,3877600
2023-10-31,Canal+ takes on Netflix in Africa with $3bn bet on satellite TV,neutral,409.239990234375,411.69000244140625,412.5199890136719,404.6300048828125,3877600
2023-10-31,'Filthy and 2 hours sleep': What it's like on Netflix's most traumatic show,negative,409.239990234375,411.69000244140625,412.5199890136719,404.6300048828125,3877600
2023-10-31,One Piece Season 2 Release Date Finally Confirmed: Netflix Sets Sail for Epic Grand Line Adventure,positive,409.239990234375,411.69000244140625,412.5199890136719,404.6300048828125,3877600
2023-10-31,Movie With Will Smith’s Oscar Winning Role To Hit Netflix Soon,positive,409.239990234375,411.69000244140625,412.5199890136719,404.6300048828125,3877600
2023-10-31,Netflix SA film ' Love and Wine' faces copycat criticism,positive,409.239990234375,411.69000244140625,412.5199890136719,404.6300048828125,3877600
2023-11-01,Kantara 2 OTT Price: How Amazon Prime Outbid Netflix To Bag Rishab Shetty Film,positive,414.7699890136719,420.19000244140625,420.6000061035156,414.17999267578125,4806100
2023-11-01,ITAT deletes ₹445 cr TP adjustment on Netflix India; rejects revenue’s bid to treat it as content or tech,negative,414.7699890136719,420.19000244140625,420.6000061035156,414.17999267578125,4806100
2023-11-01,Netflix Documentary Ignites Three Major Leads in Amy Bradley Cold Case,neutral,414.7699890136719,420.19000244140625,420.6000061035156,414.17999267578125,4806100
2023-11-01,What time is The Witcher season 4 released on Netflix?,neutral,414.7699890136719,420.19000244140625,420.6000061035156,414.17999267578125,4806100
2023-11-01,Watch: Stranger Things Season 5 trailer goes viral after Netflix accidentally shares clip,negative,414.7699890136719,420.19000244140625,420.6000061035156,414.17999267578125,4806100
2023-11-01,Canal+ takes on Netflix in Africa with $3bn bet on satellite TV,neutral,414.7699890136719,420.19000244140625,420.6000061035156,414.17999267578125,4806100
2023-11-01,'Filthy and 2 hours sleep': What it's like on Netflix's most traumatic show,negative,414.7699890136719,420.19000244140625,420.6000061035156,414.17999267578125,4806100
2023-11-01,One Piece Season 2 Release Date Finally Confirmed: Netflix Sets Sail for Epic Grand Line Adventure,positive,414.7699890136719,420.19000244140625,420.6000061035156,414.17999267578125,4806100
2023-11-01,Movie With Will Smith’s Oscar Winning Role To Hit Netflix Soon,positive,414.7699890136719,420.19000244140625,420.6000061035156,414.17999267578125,4806100
2023-11-01,Netflix SA film ' Love and Wine' faces copycat criticism,positive,414.7699890136719,420.19000244140625,420.6000061035156,414.17999267578125,4806100
2023-11-02,Kantara 2 OTT Price: How Amazon Prime Outbid Netflix To Bag Rishab Shetty Film,positive,421.1700134277344,424.7099914550781,426.69000244140625,417.1000061035156,4476000
2023-11-02,ITAT deletes ₹445 cr TP adjustment on Netflix India; rejects revenue’s bid to treat it as content or tech,negative,421.1700134277344,424.7099914550781,426.69000244140625,417.1000061035156,4476000
2023-11-02,Netflix Documentary Ignites Three Major Leads in Amy Bradley Cold Case,neutral,421.1700134277344,424.7099914550781,426.69000244140625,417.1000061035156,4476000
2023-11-02,What time is The Witcher season 4 released on Netflix?,neutral,421.1700134277344,424.7099914550781,426.69000244140625,417.1000061035156,4476000
2023-11-02,Watch: Stranger Things Season 5 trailer goes viral after Netflix accidentally shares clip,negative,421.1700134277344,424.7099914550781,426.69000244140625,417.1000061035156,4476000
2023-11-02,Canal+ takes on Netflix in Africa with $3bn bet on satellite TV,neutral,421.1700134277344,424.7099914550781,426.69000244140625,417.1000061035156,4476000
2023-11-02,'Filthy and 2 hours sleep': What it's like on Netflix's most traumatic show,negative,421.1700134277344,424.7099914550781,426.69000244140625,417.1000061035156,4476000
2023-11-02,One Piece Season 2 Release Date Finally Confirmed: Netflix Sets Sail for Epic Grand Line Adventure,positive,421.1700134277344,424.7099914550781,426.69000244140625,417.1000061035156,4476000
2023-11-02,Movie With Will Smith’s Oscar Winning Role To Hit Netflix Soon,positive,421.1700134277344,424.7099914550781,426.69000244140625,417.1000061035156,4476000
2023-11-02,Netflix SA film ' Love and Wine' faces copycat criticism,positive,421.1700134277344,424.7099914550781,426.69000244140625,417.1000061035156,4476000
2023-11-03,Kantara 2 OTT Price: How Amazon Prime Outbid Netflix To Bag Rishab Shetty Film,positive,428.760009765625,432.3599853515625,434.82000732421875,425.5299987792969,3667100
2023-11-03,ITAT deletes ₹445 cr TP adjustment on Netflix India; rejects revenue’s bid to treat it as content or tech,negative,428.760009765625,432.3599853515625,434.82000732421875,425.5299987792969,3667100
2023-11-03,Netflix Documentary Ignites Three Major Leads in Amy Bradley Cold Case,neutral,428.760009765625,432.3599853515625,434.82000732421875,425.5299987792969,3667100
2023-11-03,What time is The Witcher season 4 released on Netflix?,neutral,428.760009765625,432.3599853515625,434.82000732421875,425.5299987792969,3667100
2023-11-03,Watch: Stranger Things Season 5 trailer goes viral after Netflix accidentally shares clip,negative,428.760009765625,432.3599853515625,434.82000732421875,425.5299987792969,3667100
2023-11-03,Canal+ takes on Netflix in Africa with $3bn bet on satellite TV,neutral,428.760009765625,432.3599853515625,434.82000732421875,425.5299987792969,3667100
2023-11-03,'Filthy and 2 hours sleep': What it's like on Netflix's most traumatic show,negative,428.760009765625,432.3599853515625,434.82000732421875,425.5299987792969,3667100
2023-11-03,One Piece Season 2 Release Date Finally Confirmed: Netflix Sets Sail for Epic Grand Line Adventure,positive,428.760009765625,432.3599853515625,434.82000732421875,425.5299987792969,3667100
2023-11-03,Movie With Will Smith’s Oscar Winning Role To Hit Netflix Soon,positive,428.760009765625,432.3599853515625,434.82000732421875,425.5299987792969,3667100
2023-11-03,Netflix SA film ' Love and Wine' faces copycat criticism,positive,428.760009765625,432.3599853515625,434.82000732421875,425.5299987792969,3667100
2023-11-06,Kantara 2 OTT Price: How Amazon Prime Outbid Netflix To Bag Rishab Shetty Film,positive,434.3800048828125,434.739990234375,435.0299987792969,429.6099853515625,3003200
2023-11-06,ITAT deletes ₹445 cr TP adjustment on Netflix India; rejects revenue’s bid to treat it as content or tech,negative,434.3800048828125,434.739990234375,435.0299987792969,429.6099853515625,3003200
2023-11-06,Netflix Documentary Ignites Three Major Leads in Amy Bradley Cold Case,neutral,434.3800048828125,434.739990234375,435.0299987792969,429.6099853515625,3003200
2023-11-06,What time is The Witcher season 4 released on Netflix?,neutral,434.3800048828125,434.739990234375,435.0299987792969,429.6099853515625,3003200
2023-11-06,Watch: Stranger Things Season 5 trailer goes viral after Netflix accidentally shares clip,negative,434.3800048828125,434.739990234375,435.0299987792969,429.6099853515625,3003200
2023-11-06,Canal+ takes on Netflix in Africa with $3bn bet on satellite TV,neutral,434.3800048828125,434.739990234375,435.0299987792969,429.6099853515625,3003200
2023-11-06,'Filthy and 2 hours sleep': What it's like on Netflix's most traumatic show,negative,434.3800048828125,434.739990234375,435.0299987792969,429.6099853515625,3003200
2023-11-06,One Piece Season 2 Release Date Finally Confirmed: Netflix Sets Sail for Epic Grand Line Adventure,positive,434.3800048828125,434.739990234375,435.0299987792969,429.6099853515625,3003200
2023-11-06,Movie With Will Smith’s Oscar Winning Role To Hit Netflix Soon,positive,434.3800048828125,434.739990234375,435.0299987792969,429.6099853515625,3003200
2023-11-06,Netflix SA film ' Love and Wine' faces copycat criticism,positive,434.3800048828125,434.739990234375,435.0299987792969,429.6099853515625,3003200
2023-11-07,The Ballad of a Small Player (2025) 'Netflix' Movie Ending Explained: What Happened to Dao Ming?,neutral,436.17999267578125,434.6099853515625,437.6400146484375,431.0,3291100
2023-11-07,Kantara 2 OTT Price: How Amazon Prime Outbid Netflix To Bag Rishab Shetty Film,positive,436.17999267578125,434.6099853515625,437.6400146484375,431.0,3291100
2023-11-07,ITAT deletes ₹445 cr TP adjustment on Netflix India; rejects revenue’s bid to treat it as content or tech,negative,436.17999267578125,434.6099853515625,437.6400146484375,431.0,3291100
2023-11-07,Netflix Documentary Ignites Three Major Leads in Amy Bradley Cold Case,neutral,436.17999267578125,434.6099853515625,437.6400146484375,431.0,3291100
2023-11-07,What time is The Witcher season 4 released on Netflix?,neutral,436.17999267578125,434.6099853515625,437.6400146484375,431.0,3291100
2023-11-07,Watch: Stranger Things Season 5 trailer goes viral after Netflix accidentally shares clip,negative,436.17999267578125,434.6099853515625,437.6400146484375,431.0,3291100
2023-11-07,Canal+ takes on Netflix in Africa with $3bn bet on satellite TV,neutral,436.17999267578125,434.6099853515625,437.6400146484375,431.0,3291100
2023-11-07,'Filthy and 2 hours sleep': What it's like on Netflix's most traumatic show,negative,436.17999267578125,434.6099853515625,437.6400146484375,431.0,3291100
2023-11-07,One Piece Season 2 Release Date Finally Confirmed: Netflix Sets Sail for Epic Grand Line Adventure,positive,436.17999267578125,434.6099853515625,437.6400146484375,431.0,3291100
2023-11-07,Movie With Will Smith’s Oscar Winning Role To Hit Netflix Soon,positive,436.17999267578125,434.6099853515625,437.6400146484375,431.0,3291100
2023-11-08,Kantara 2 OTT Price: How Amazon Prime Outbid Netflix To Bag Rishab Shetty Film,positive,435.0,436.6499938964844,438.07000732421875,433.67999267578125,2356800
2023-11-08,ITAT deletes ₹445 cr TP adjustment on Netflix India; rejects revenue’s bid to treat it as content or tech,negative,435.0,436.6499938964844,438.07000732421875,433.67999267578125,2356800
2023-11-08,Netflix Documentary Ignites Three Major Leads in Amy Bradley Cold Case,neutral,435.0,436.6499938964844,438.07000732421875,433.67999267578125,2356800
2023-11-08,What time is The Witcher season 4 released on Netflix?,neutral,435.0,436.6499938964844,438.07000732421875,433.67999267578125,2356800
2023-11-08,Watch: Stranger Things Season 5 trailer goes viral after Netflix accidentally shares clip,negative,435.0,436.6499938964844,438.07000732421875,433.67999267578125,2356800
2023-11-08,Canal+ takes on Netflix in Africa with $3bn bet on satellite TV,neutral,435.0,436.6499938964844,438.07000732421875,433.67999267578125,2356800
2023-11-08,'Filthy and 2 hours sleep': What it's like on Netflix's most traumatic show,negative,435.0,436.6499938964844,438.07000732421875,433.67999267578125,2356800
2023-11-08,One Piece Season 2 Release Date Finally Confirmed: Netflix Sets Sail for Epic Grand Line Adventure,positive,435.0,436.6499938964844,438.07000732421875,433.67999267578125,2356800
2023-11-08,Movie With Will Smith’s Oscar Winning Role To Hit Netflix Soon,positive,435.0,436.6499938964844,438.07000732421875,433.67999267578125,2356800
2023-11-08,Netflix SA film ' Love and Wine' faces copycat criticism,positive,435.0,436.6499938964844,438.07000732421875,433.67999267578125,2356800
2023-11-09,Kantara 2 OTT Price: How Amazon Prime Outbid Netflix To Bag Rishab Shetty Film,positive,438.0299987792969,435.1499938964844,440.3800048828125,434.3500061035156,2735500
2023-11-09,ITAT deletes ₹445 cr TP adjustment on Netflix India; rejects revenue’s bid to treat it as content or tech,negative,438.0299987792969,435.1499938964844,440.3800048828125,434.3500061035156,2735500
2023-11-09,Netflix Documentary Ignites Three Major Leads in Amy Bradley Cold Case,neutral,438.0299987792969,435.1499938964844,440.3800048828125,434.3500061035156,2735500
2023-11-09,What time is The Witcher season 4 released on Netflix?,neutral,438.0299987792969,435.1499938964844,440.3800048828125,434.3500061035156,2735500
2023-11-09,Watch: Stranger Things Season 5 trailer goes viral after Netflix accidentally shares clip,negative,438.0299987792969,435.1499938964844,440.3800048828125,434.3500061035156,2735500
2023-11-09,Canal+ takes on Netflix in Africa with $3bn bet on satellite TV,neutral,438.0299987792969,435.1499938964844,440.3800048828125,434.3500061035156,2735500
2023-11-09,'Filthy and 2 hours sleep': What it's like on Netflix's most traumatic show,negative,438.0299987792969,435.1499938964844,440.3800048828125,434.3500061035156,2735500
2023-11-09,One Piece Season 2 Release Date Finally Confirmed: Netflix Sets Sail for Epic Grand Line Adventure,positive,438.0299987792969,435.1499938964844,440.3800048828125,434.3500061035156,2735500
2023-11-09,Movie With Will Smith’s Oscar Winning Role To Hit Netflix Soon,positive,438.0299987792969,435.1499938964844,440.3800048828125,434.3500061035156,2735500
2023-11-09,Netflix SA film ' Love and Wine' faces copycat criticism,positive,438.0299987792969,435.1499938964844,440.3800048828125,434.3500061035156,2735500
2023-11-10,Kantara 2 OTT Price: How Amazon Prime Outbid Netflix To Bag Rishab Shetty Film,positive,437.4800109863281,447.239990234375,447.4800109863281,435.510009765625,4440600
2023-11-10,ITAT deletes ₹445 cr TP adjustment on Netflix India; rejects revenue’s bid to treat it as content or tech,negative,437.4800109863281,447.239990234375,447.4800109863281,435.510009765625,4440600
2023-11-10,Netflix Documentary Ignites Three Major Leads in Amy Bradley Cold Case,neutral,437.4800109863281,447.239990234375,447.4800109863281,435.510009765625,4440600
2023-11-10,What time is The Witcher season 4 released on Netflix?,neutral,437.4800109863281,447.239990234375,447.4800109863281,435.510009765625,4440600
2023-11-10,Watch: Stranger Things Season 5 trailer goes viral after Netflix accidentally shares clip,negative,437.4800109863281,447.239990234375,447.4800109863281,435.510009765625,4440600
2023-11-10,Canal+ takes on Netflix in Africa with $3bn bet on satellite TV,neutral,437.4800109863281,447.239990234375,447.4800109863281,435.510009765625,4440600
2023-11-10,'Filthy and 2 hours sleep': What it's like on Netflix's most traumatic show,negative,437.4800109863281,447.239990234375,447.4800109863281,435.510009765625,4440600
2023-11-10,One Piece Season 2 Release Date Finally Confirmed: Netflix Sets Sail for Epic Grand Line Adventure,positive,437.4800109863281,447.239990234375,447.4800109863281,435.510009765625,4440600
2023-11-10,Movie With Will Smith’s Oscar Winning Role To Hit Netflix Soon,positive,437.4800109863281,447.239990234375,447.4800109863281,435.510009765625,4440600
2023-11-10,Netflix SA film ' Love and Wine' faces copycat criticism,positive,437.4800109863281,447.239990234375,447.4800109863281,435.510009765625,4440600
2023-11-13,Kantara 2 OTT Price: How Amazon Prime Outbid Netflix To Bag Rishab Shetty Film,positive,447.25,444.6199951171875,448.42999267578125,442.6000061035156,2896100
2023-11-13,ITAT deletes ₹445 cr TP adjustment on Netflix India; rejects revenue’s bid to treat it as content or tech,negative,447.25,444.6199951171875,448.42999267578125,442.6000061035156,2896100
2023-11-13,Netflix Documentary Ignites Three Major Leads in Amy Bradley Cold Case,neutral,447.25,444.6199951171875,448.42999267578125,442.6000061035156,2896100
2023-11-13,What time is The Witcher season 4 released on Netflix?,neutral,447.25,444.6199951171875,448.42999267578125,442.6000061035156,2896100
2023-11-13,Watch: Stranger Things Season 5 trailer goes viral after Netflix accidentally shares clip,negative,447.25,444.6199951171875,448.42999267578125,442.6000061035156,2896100
2023-11-13,Canal+ takes on Netflix in Africa with $3bn bet on satellite TV,neutral,447.25,444.6199951171875,448.42999267578125,442.6000061035156,2896100
2023-11-13,'Filthy and 2 hours sleep': What it's like on Netflix's most traumatic show,negative,447.25,444.6199951171875,448.42999267578125,442.6000061035156,2896100
2023-11-13,One Piece Season 2 Release Date Finally Confirmed: Netflix Sets Sail for Epic Grand Line Adventure,positive,447.25,444.6199951171875,448.42999267578125,442.6000061035156,2896100
2023-11-13,Movie With Will Smith’s Oscar Winning Role To Hit Netflix Soon,positive,447.25,444.6199951171875,448.42999267578125,442.6000061035156,2896100
2023-11-13,Netflix SA film ' Love and Wine' faces copycat criticism,positive,447.25,444.6199951171875,448.42999267578125,442.6000061035156,2896100
2023-11-14,Kantara 2 OTT Price: How Amazon Prime Outbid Netflix To Bag Rishab Shetty Film,positive,448.7799987792969,448.6499938964844,454.0799865722656,445.6400146484375,4060900
2023-11-14,ITAT deletes ₹445 cr TP adjustment on Netflix India; rejects revenue’s bid to treat it as content or tech,negative,448.7799987792969,448.6499938964844,454.0799865722656,445.6400146484375,4060900
2023-11-14,Netflix Documentary Ignites Three Major Leads in Amy Bradley Cold Case,neutral,448.7799987792969,448.6499938964844,454.0799865722656,445.6400146484375,4060900
2023-11-14,What time is The Witcher season 4 released on Netflix?,neutral,448.7799987792969,448.6499938964844,454.0799865722656,445.6400146484375,4060900
2023-11-14,Watch: Stranger Things Season 5 trailer goes viral after Netflix accidentally shares clip,negative,448.7799987792969,448.6499938964844,454.0799865722656,445.6400146484375,4060900
2023-11-14,Canal+ takes on Netflix in Africa with $3bn bet on satellite TV,neutral,448.7799987792969,448.6499938964844,454.0799865722656,445.6400146484375,4060900
2023-11-14,'Filthy and 2 hours sleep': What it's like on Netflix's most traumatic show,negative,448.7799987792969,448.6499938964844,454.0799865722656,445.6400146484375,4060900
2023-11-14,One Piece Season 2 Release Date Finally Confirmed: Netflix Sets Sail for Epic Grand Line Adventure,positive,448.7799987792969,448.6499938964844,454.0799865722656,445.6400146484375,4060900
2023-11-14,Movie With Will Smith’s Oscar Winning Role To Hit Netflix Soon,positive,448.7799987792969,448.6499938964844,454.0799865722656,445.6400146484375,4060900
2023-11-14,Netflix SA film ' Love and Wine' faces copycat criticism,positive,448.7799987792969,448.6499938964844,454.0799865722656,445.6400146484375,4060900
2023-11-15,Kantara 2 OTT Price: How Amazon Prime Outbid Netflix To Bag Rishab Shetty Film,positive,452.80999755859375,461.94000244140625,462.75,452.45001220703125,5035300
2023-11-15,ITAT deletes ₹445 cr TP adjustment on Netflix India; rejects revenue’s bid to treat it as content or tech,negative,452.80999755859375,461.94000244140625,462.75,452.45001220703125,5035300
2023-11-15,Netflix Documentary Ignites Three Major Leads in Amy Bradley Cold Case,neutral,452.80999755859375,461.94000244140625,462.75,452.45001220703125,5035300
2023-11-15,What time is The Witcher season 4 released on Netflix?,neutral,452.80999755859375,461.94000244140625,462.75,452.45001220703125,5035300
2023-11-15,Watch: Stranger Things Season 5 trailer goes viral after Netflix accidentally shares clip,negative,452.80999755859375,461.94000244140625,462.75,452.45001220703125,5035300
2023-11-15,Canal+ takes on Netflix in Africa with $3bn bet on satellite TV,neutral,452.80999755859375,461.94000244140625,462.75,452.45001220703125,5035300
2023-11-15,'Filthy and 2 hours sleep': What it's like on Netflix's most traumatic show,negative,452.80999755859375,461.94000244140625,462.75,452.45001220703125,5035300
2023-11-15,One Piece Season 2 Release Date Finally Confirmed: Netflix Sets Sail for Epic Grand Line Adventure,positive,452.80999755859375,461.94000244140625,462.75,452.45001220703125,5035300
2023-11-15,Movie With Will Smith’s Oscar Winning Role To Hit Netflix Soon,positive,452.80999755859375,461.94000244140625,462.75,452.45001220703125,5035300
2023-11-15,Netflix SA film ' Love and Wine' faces copycat criticism,positive,452.80999755859375,461.94000244140625,462.75,452.45001220703125,5035300
2023-11-16,The Ballad of a Small Player (2025) 'Netflix' Movie Ending Explained: What Happened to Dao Ming?,neutral,463.0,466.95001220703125,467.2799987792969,459.6499938964844,3656000
2023-11-16,Kantara 2 OTT Price: How Amazon Prime Outbid Netflix To Bag Rishab Shetty Film,positive,463.0,466.95001220703125,467.2799987792969,459.6499938964844,3656000
2023-11-16,ITAT deletes ₹445 cr TP adjustment on Netflix India; rejects revenue’s bid to treat it as content or tech,negative,463.0,466.95001220703125,467.2799987792969,459.6499938964844,3656000
2023-11-16,Netflix Documentary Ignites Three Major Leads in Amy Bradley Cold Case,neutral,463.0,466.95001220703125,467.2799987792969,459.6499938964844,3656000
2023-11-16,What time is The Witcher season 4 released on Netflix?,neutral,463.0,466.95001220703125,467.2799987792969,459.6499938964844,3656000
2023-11-16,Watch: Stranger Things Season 5 trailer goes viral after Netflix accidentally shares clip,negative,463.0,466.95001220703125,467.2799987792969,459.6499938964844,3656000
2023-11-16,Canal+ takes on Netflix in Africa with $3bn bet on satellite TV,neutral,463.0,466.95001220703125,467.2799987792969,459.6499938964844,3656000
2023-11-16,'Filthy and 2 hours sleep': What it's like on Netflix's most traumatic show,negative,463.0,466.95001220703125,467.2799987792969,459.6499938964844,3656000
2023-11-16,One Piece Season 2 Release Date Finally Confirmed: Netflix Sets Sail for Epic Grand Line Adventure,positive,463.0,466.95001220703125,467.2799987792969,459.6499938964844,3656000
2023-11-16,Movie With Will Smith’s Oscar Winning Role To Hit Netflix Soon,positive,463.0,466.95001220703125,467.2799987792969,459.6499938964844,3656000
2023-11-17,Kantara 2 OTT Price: How Amazon Prime Outbid Netflix To Bag Rishab Shetty Film,positive,466.95001220703125,465.9100036621094,467.6499938964844,462.760009765625,2798500
2023-11-17,ITAT deletes ₹445 cr TP adjustment on Netflix India; rejects revenue’s bid to treat it as content or tech,negative,466.95001220703125,465.9100036621094,467.6499938964844,462.760009765625,2798500
2023-11-17,Netflix Documentary Ignites Three Major Leads in Amy Bradley Cold Case,neutral,466.95001220703125,465.9100036621094,467.6499938964844,462.760009765625,2798500
2023-11-17,What time is The Witcher season 4 released on Netflix?,neutral,466.95001220703125,465.9100036621094,467.6499938964844,462.760009765625,2798500
2023-11-17,Watch: Stranger Things Season 5 trailer goes viral after Netflix accidentally shares clip,negative,466.95001220703125,465.9100036621094,467.6499938964844,462.760009765625,2798500
2023-11-17,Canal+ takes on Netflix in Africa with $3bn bet on satellite TV,neutral,466.95001220703125,465.9100036621094,467.6499938964844,462.760009765625,2798500
2023-11-17,'Filthy and 2 hours sleep': What it's like on Netflix's most traumatic show,negative,466.95001220703125,465.9100036621094,467.6499938964844,462.760009765625,2798500
2023-11-17,One Piece Season 2 Release Date Finally Confirmed: Netflix Sets Sail for Epic Grand Line Adventure,positive,466.95001220703125,465.9100036621094,467.6499938964844,462.760009765625,2798500
2023-11-17,Movie With Will Smith’s Oscar Winning Role To Hit Netflix Soon,positive,466.95001220703125,465.9100036621094,467.6499938964844,462.760009765625,2798500
2023-11-17,Netflix SA film ' Love and Wine' faces copycat criticism,positive,466.95001220703125,465.9100036621094,467.6499938964844,462.760009765625,2798500
2023-11-20,Kantara 2 OTT Price: How Amazon Prime Outbid Netflix To Bag Rishab Shetty Film,positive,465.3999938964844,474.4700012207031,476.760009765625,465.3999938964844,3617600
2023-11-20,ITAT deletes ₹445 cr TP adjustment on Netflix India; rejects revenue’s bid to treat it as content or tech,negative,465.3999938964844,474.4700012207031,476.760009765625,465.3999938964844,3617600
2023-11-20,Netflix Documentary Ignites Three Major Leads in Amy Bradley Cold Case,neutral,465.3999938964844,474.4700012207031,476.760009765625,465.3999938964844,3617600
2023-11-20,What time is The Witcher season 4 released on Netflix?,neutral,465.3999938964844,474.4700012207031,476.760009765625,465.3999938964844,3617600
2023-11-20,Watch: Stranger Things Season 5 trailer goes viral after Netflix accidentally shares clip,negative,465.3999938964844,474.4700012207031,476.760009765625,465.3999938964844,3617600
2023-11-20,Canal+ takes on Netflix in Africa with $3bn bet on satellite TV,neutral,465.3999938964844,474.4700012207031,476.760009765625,465.3999938964844,3617600
2023-11-20,'Filthy and 2 hours sleep': What it's like on Netflix's most traumatic show,negative,465.3999938964844,474.4700012207031,476.760009765625,465.3999938964844,3617600
2023-11-20,One Piece Season 2 Release Date Finally Confirmed: Netflix Sets Sail for Epic Grand Line Adventure,positive,465.3999938964844,474.4700012207031,476.760009765625,465.3999938964844,3617600
2023-11-20,Movie With Will Smith’s Oscar Winning Role To Hit Netflix Soon,positive,465.3999938964844,474.4700012207031,476.760009765625,465.3999938964844,3617600
2023-11-20,Netflix SA film ' Love and Wine' faces copycat criticism,positive,465.3999938964844,474.4700012207031,476.760009765625,465.3999938964844,3617600
2023-11-21,Kantara 2 OTT Price: How Amazon Prime Outbid Netflix To Bag Rishab Shetty Film,positive,472.6300048828125,474.95001220703125,477.0199890136719,471.2099914550781,2997700
2023-11-21,ITAT deletes ₹445 cr TP adjustment on Netflix India; rejects revenue’s bid to treat it as content or tech,negative,472.6300048828125,474.95001220703125,477.0199890136719,471.2099914550781,2997700
2023-11-21,Netflix Documentary Ignites Three Major Leads in Amy Bradley Cold Case,neutral,472.6300048828125,474.95001220703125,477.0199890136719,471.2099914550781,2997700
2023-11-21,What time is The Witcher season 4 released on Netflix?,neutral,472.6300048828125,474.95001220703125,477.0199890136719,471.2099914550781,2997700
2023-11-21,Watch: Stranger Things Season 5 trailer goes viral after Netflix accidentally shares clip,negative,472.6300048828125,474.95001220703125,477.0199890136719,471.2099914550781,2997700
2023-11-21,Canal+ takes on Netflix in Africa with $3bn bet on satellite TV,neutral,472.6300048828125,474.95001220703125,477.0199890136719,471.2099914550781,2997700
2023-11-21,'Filthy and 2 hours sleep': What it's like on Netflix's most traumatic show,negative,472.6300048828125,474.95001220703125,477.0199890136719,471.2099914550781,2997700
2023-11-21,One Piece Season 2 Release Date Finally Confirmed: Netflix Sets Sail for Epic Grand Line Adventure,positive,472.6300048828125,474.95001220703125,477.0199890136719,471.2099914550781,2997700
2023-11-21,Movie With Will Smith’s Oscar Winning Role To Hit Netflix Soon,positive,472.6300048828125,474.95001220703125,477.0199890136719,471.2099914550781,2997700
2023-11-21,Netflix SA film ' Love and Wine' faces copycat criticism,positive,472.6300048828125,474.95001220703125,477.0199890136719,471.2099914550781,2997700
2023-11-22,Kantara 2 OTT Price: How Amazon Prime Outbid Netflix To Bag Rishab Shetty Film,positive,476.79998779296875,478.0,482.70001220703125,476.55999755859375,2841600
2023-11-22,ITAT deletes ₹445 cr TP adjustment on Netflix India; rejects revenue’s bid to treat it as content or tech,negative,476.79998779296875,478.0,482.70001220703125,476.55999755859375,2841600
2023-11-22,Netflix Documentary Ignites Three Major Leads in Amy Bradley Cold Case,neutral,476.79998779296875,478.0,482.70001220703125,476.55999755859375,2841600
2023-11-22,What time is The Witcher season 4 released on Netflix?,neutral,476.79998779296875,478.0,482.70001220703125,476.55999755859375,2841600
2023-11-22,Watch: Stranger Things Season 5 trailer goes viral after Netflix accidentally shares clip,negative,476.79998779296875,478.0,482.70001220703125,476.55999755859375,2841600
2023-11-22,Canal+ takes on Netflix in Africa with $3bn bet on satellite TV,neutral,476.79998779296875,478.0,482.70001220703125,476.55999755859375,2841600
2023-11-22,'Filthy and 2 hours sleep': What it's like on Netflix's most traumatic show,negative,476.79998779296875,478.0,482.70001220703125,476.55999755859375,2841600
2023-11-22,One Piece Season 2 Release Date Finally Confirmed: Netflix Sets Sail for Epic Grand Line Adventure,positive,476.79998779296875,478.0,482.70001220703125,476.55999755859375,2841600
2023-11-22,Movie With Will Smith’s Oscar Winning Role To Hit Netflix Soon,positive,476.79998779296875,478.0,482.70001220703125,476.55999755859375,2841600
2023-11-22,Netflix SA film ' Love and Wine' faces copycat criticism,positive,476.79998779296875,478.0,482.70001220703125,476.55999755859375,2841600
2023-11-13,Netflix Is Losing One of My Favorite Action Movies of the Last 10 Years,positive,447.25,444.6199951171875,448.42999267578125,442.6000061035156,2896100
2023-11-13,Prime Video acquires 'Kantara: Chapter 1' for ₹110cr; beats Netflix,neutral,447.25,444.6199951171875,448.42999267578125,442.6000061035156,2896100
2023-11-13,Rebecca Ferguson Spooked by ‘A House of Dynamite’ Detail in Netflix’s Hit Film!,neutral,447.25,444.6199951171875,448.42999267578125,442.6000061035156,2896100
2023-11-13,"Netflix’s The Witcher season 4 review: a dark, dazzling return to the continent",neutral,447.25,444.6199951171875,448.42999267578125,442.6000061035156,2896100
2023-11-13,Why OG Failed to Repeat Theater Magic on OTT?,negative,447.25,444.6199951171875,448.42999267578125,442.6000061035156,2896100
2023-11-13,Stranger Things Season 5 New Trailer: Netflix Deletes Trailer After Teasing Fans,negative,447.25,444.6199951171875,448.42999267578125,442.6000061035156,2896100
2023-11-13,8 Most Controversial Movies on Netflix,negative,447.25,444.6199951171875,448.42999267578125,442.6000061035156,2896100
2023-11-13,"OTT: Nani’s HIT 3 Takes Netflix by Storm, Outshines OG and Devara!",neutral,447.25,444.6199951171875,448.42999267578125,442.6000061035156,2896100
2023-11-13,Delhi HC to Hear Sameer Wankhede’s Defamation Suit Against Netflix's ‘Ba***ds of Bollywood’ on Nov 10,neutral,447.25,444.6199951171875,448.42999267578125,442.6000061035156,2896100
2023-11-13,Netflix Leans Into Success of 'KPop Demon Hunters' With New Hasbro and Mattel Partnerships. Is It Enough to Excite Investors?,positive,447.25,444.6199951171875,448.42999267578125,442.6000061035156,2896100
2023-11-14,Netflix Is Losing One of My Favorite Action Movies of the Last 10 Years,positive,448.7799987792969,448.6499938964844,454.0799865722656,445.6400146484375,4060900
2023-11-14,Prime Video acquires 'Kantara: Chapter 1' for ₹110cr; beats Netflix,neutral,448.7799987792969,448.6499938964844,454.0799865722656,445.6400146484375,4060900
2023-11-14,Rebecca Ferguson Spooked by ‘A House of Dynamite’ Detail in Netflix’s Hit Film!,neutral,448.7799987792969,448.6499938964844,454.0799865722656,445.6400146484375,4060900
2023-11-14,"Netflix’s The Witcher season 4 review: a dark, dazzling return to the continent",neutral,448.7799987792969,448.6499938964844,454.0799865722656,445.6400146484375,4060900
2023-11-14,Why OG Failed to Repeat Theater Magic on OTT?,negative,448.7799987792969,448.6499938964844,454.0799865722656,445.6400146484375,4060900
2023-11-14,Stranger Things Season 5 New Trailer: Netflix Deletes Trailer After Teasing Fans,negative,448.7799987792969,448.6499938964844,454.0799865722656,445.6400146484375,4060900
2023-11-14,8 Most Controversial Movies on Netflix,negative,448.7799987792969,448.6499938964844,454.0799865722656,445.6400146484375,4060900
2023-11-14,"OTT: Nani’s HIT 3 Takes Netflix by Storm, Outshines OG and Devara!",neutral,448.7799987792969,448.6499938964844,454.0799865722656,445.6400146484375,4060900
2023-11-14,Delhi HC to Hear Sameer Wankhede’s Defamation Suit Against Netflix's ‘Ba***ds of Bollywood’ on Nov 10,neutral,448.7799987792969,448.6499938964844,454.0799865722656,445.6400146484375,4060900
2023-11-14,Netflix Leans Into Success of 'KPop Demon Hunters' With New Hasbro and Mattel Partnerships. Is It Enough to Excite Investors?,positive,448.7799987792969,448.6499938964844,454.0799865722656,445.6400146484375,4060900
2023-11-15,Netflix’s Nobody Wants This Filming Locations (2025-),neutral,452.80999755859375,461.94000244140625,462.75,452.45001220703125,5035300
2023-11-15,Netflix Is Losing One of My Favorite Action Movies of the Last 10 Years,positive,452.80999755859375,461.94000244140625,462.75,452.45001220703125,5035300
2023-11-15,Prime Video acquires 'Kantara: Chapter 1' for ₹110cr; beats Netflix,neutral,452.80999755859375,461.94000244140625,462.75,452.45001220703125,5035300
2023-11-15,Rebecca Ferguson Spooked by ‘A House of Dynamite’ Detail in Netflix’s Hit Film!,neutral,452.80999755859375,461.94000244140625,462.75,452.45001220703125,5035300
2023-11-15,"Netflix’s The Witcher season 4 review: a dark, dazzling return to the continent",neutral,452.80999755859375,461.94000244140625,462.75,452.45001220703125,5035300
2023-11-15,Why OG Failed to Repeat Theater Magic on OTT?,negative,452.80999755859375,461.94000244140625,462.75,452.45001220703125,5035300
2023-11-15,Stranger Things Season 5 New Trailer: Netflix Deletes Trailer After Teasing Fans,negative,452.80999755859375,461.94000244140625,462.75,452.45001220703125,5035300
2023-11-15,8 Most Controversial Movies on Netflix,negative,452.80999755859375,461.94000244140625,462.75,452.45001220703125,5035300
2023-11-15,"OTT: Nani’s HIT 3 Takes Netflix by Storm, Outshines OG and Devara!",neutral,452.80999755859375,461.94000244140625,462.75,452.45001220703125,5035300
2023-11-15,Delhi HC to Hear Sameer Wankhede’s Defamation Suit Against Netflix's ‘Ba***ds of Bollywood’ on Nov 10,neutral,452.80999755859375,461.94000244140625,462.75,452.45001220703125,5035300
2023-11-16,Netflix’s Nobody Wants This Filming Locations (2025-),neutral,463.0,466.95001220703125,467.2799987792969,459.6499938964844,3656000
2023-11-16,Netflix Is Losing One of My Favorite Action Movies of the Last 10 Years,positive,463.0,466.95001220703125,467.2799987792969,459.6499938964844,3656000
2023-11-16,Prime Video acquires 'Kantara: Chapter 1' for ₹110cr; beats Netflix,neutral,463.0,466.95001220703125,467.2799987792969,459.6499938964844,3656000
2023-11-16,Rebecca Ferguson Spooked by ‘A House of Dynamite’ Detail in Netflix’s Hit Film!,neutral,463.0,466.95001220703125,467.2799987792969,459.6499938964844,3656000
2023-11-16,"Netflix’s The Witcher season 4 review: a dark, dazzling return to the continent",neutral,463.0,466.95001220703125,467.2799987792969,459.6499938964844,3656000
2023-11-16,Why OG Failed to Repeat Theater Magic on OTT?,negative,463.0,466.95001220703125,467.2799987792969,459.6499938964844,3656000
2023-11-16,Stranger Things Season 5 New Trailer: Netflix Deletes Trailer After Teasing Fans,negative,463.0,466.95001220703125,467.2799987792969,459.6499938964844,3656000
2023-11-16,8 Most Controversial Movies on Netflix,negative,463.0,466.95001220703125,467.2799987792969,459.6499938964844,3656000
2023-11-16,"OTT: Nani’s HIT 3 Takes Netflix by Storm, Outshines OG and Devara!",neutral,463.0,466.95001220703125,467.2799987792969,459.6499938964844,3656000
2023-11-16,Delhi HC to Hear Sameer Wankhede’s Defamation Suit Against Netflix's ‘Ba***ds of Bollywood’ on Nov 10,neutral,463.0,466.95001220703125,467.2799987792969,459.6499938964844,3656000
2023-11-17,Netflix’s Nobody Wants This Filming Locations (2025-),neutral,466.95001220703125,465.9100036621094,467.6499938964844,462.760009765625,2798500
2023-11-17,Netflix Is Losing One of My Favorite Action Movies of the Last 10 Years,positive,466.95001220703125,465.9100036621094,467.6499938964844,462.760009765625,2798500
2023-11-17,Prime Video acquires 'Kantara: Chapter 1' for ₹110cr; beats Netflix,neutral,466.95001220703125,465.9100036621094,467.6499938964844,462.760009765625,2798500
2023-11-17,Rebecca Ferguson Spooked by ‘A House of Dynamite’ Detail in Netflix’s Hit Film!,neutral,466.95001220703125,465.9100036621094,467.6499938964844,462.760009765625,2798500
2023-11-17,"Netflix’s The Witcher season 4 review: a dark, dazzling return to the continent",neutral,466.95001220703125,465.9100036621094,467.6499938964844,462.760009765625,2798500
2023-11-17,Why OG Failed to Repeat Theater Magic on OTT?,negative,466.95001220703125,465.9100036621094,467.6499938964844,462.760009765625,2798500
2023-11-17,Stranger Things Season 5 New Trailer: Netflix Deletes Trailer After Teasing Fans,negative,466.95001220703125,465.9100036621094,467.6499938964844,462.760009765625,2798500
2023-11-17,8 Most Controversial Movies on Netflix,negative,466.95001220703125,465.9100036621094,467.6499938964844,462.760009765625,2798500
2023-11-17,"OTT: Nani’s HIT 3 Takes Netflix by Storm, Outshines OG and Devara!",neutral,466.95001220703125,465.9100036621094,467.6499938964844,462.760009765625,2798500
2023-11-17,Delhi HC to Hear Sameer Wankhede’s Defamation Suit Against Netflix's ‘Ba***ds of Bollywood’ on Nov 10,neutral,466.95001220703125,465.9100036621094,467.6499938964844,462.760009765625,2798500
2023-11-20,Netflix’s Nobody Wants This Filming Locations (2025-),neutral,465.3999938964844,474.4700012207031,476.760009765625,465.3999938964844,3617600
2023-11-20,Netflix Is Losing One of My Favorite Action Movies of the Last 10 Years,positive,465.3999938964844,474.4700012207031,476.760009765625,465.3999938964844,3617600
2023-11-20,Prime Video acquires 'Kantara: Chapter 1' for ₹110cr; beats Netflix,neutral,465.3999938964844,474.4700012207031,476.760009765625,465.3999938964844,3617600
2023-11-20,Rebecca Ferguson Spooked by ‘A House of Dynamite’ Detail in Netflix’s Hit Film!,neutral,465.3999938964844,474.4700012207031,476.760009765625,465.3999938964844,3617600
2023-11-20,"Netflix’s The Witcher season 4 review: a dark, dazzling return to the continent",neutral,465.3999938964844,474.4700012207031,476.760009765625,465.3999938964844,3617600
2023-11-20,Why OG Failed to Repeat Theater Magic on OTT?,negative,465.3999938964844,474.4700012207031,476.760009765625,465.3999938964844,3617600
2023-11-20,Stranger Things Season 5 New Trailer: Netflix Deletes Trailer After Teasing Fans,negative,465.3999938964844,474.4700012207031,476.760009765625,465.3999938964844,3617600
2023-11-20,8 Most Controversial Movies on Netflix,negative,465.3999938964844,474.4700012207031,476.760009765625,465.3999938964844,3617600
2023-11-20,"OTT: Nani’s HIT 3 Takes Netflix by Storm, Outshines OG and Devara!",neutral,465.3999938964844,474.4700012207031,476.760009765625,465.3999938964844,3617600
2023-11-20,Delhi HC to Hear Sameer Wankhede’s Defamation Suit Against Netflix's ‘Ba***ds of Bollywood’ on Nov 10,neutral,465.3999938964844,474.4700012207031,476.760009765625,465.3999938964844,3617600
2023-11-21,Netflix’s Nobody Wants This Filming Locations (2025-),neutral,472.6300048828125,474.95001220703125,477.0199890136719,471.2099914550781,2997700
2023-11-21,Netflix Is Losing One of My Favorite Action Movies of the Last 10 Years,positive,472.6300048828125,474.95001220703125,477.0199890136719,471.2099914550781,2997700
2023-11-21,Prime Video acquires 'Kantara: Chapter 1' for ₹110cr; beats Netflix,neutral,472.6300048828125,474.95001220703125,477.0199890136719,471.2099914550781,2997700
2023-11-21,Rebecca Ferguson Spooked by ‘A House of Dynamite’ Detail in Netflix’s Hit Film!,neutral,472.6300048828125,474.95001220703125,477.0199890136719,471.2099914550781,2997700
2023-11-21,"Netflix’s The Witcher season 4 review: a dark, dazzling return to the continent",neutral,472.6300048828125,474.95001220703125,477.0199890136719,471.2099914550781,2997700
2023-11-21,Why OG Failed to Repeat Theater Magic on OTT?,negative,472.6300048828125,474.95001220703125,477.0199890136719,471.2099914550781,2997700
2023-11-21,Stranger Things Season 5 New Trailer: Netflix Deletes Trailer After Teasing Fans,negative,472.6300048828125,474.95001220703125,477.0199890136719,471.2099914550781,2997700
2023-11-21,8 Most Controversial Movies on Netflix,negative,472.6300048828125,474.95001220703125,477.0199890136719,471.2099914550781,2997700
2023-11-21,"OTT: Nani’s HIT 3 Takes Netflix by Storm, Outshines OG and Devara!",neutral,472.6300048828125,474.95001220703125,477.0199890136719,471.2099914550781,2997700
2023-11-21,Delhi HC to Hear Sameer Wankhede’s Defamation Suit Against Netflix's ‘Ba***ds of Bollywood’ on Nov 10,neutral,472.6300048828125,474.95001220703125,477.0199890136719,471.2099914550781,2997700
2023-11-22,Netflix’s Nobody Wants This Filming Locations (2025-),neutral,476.79998779296875,478.0,482.70001220703125,476.55999755859375,2841600
2023-11-22,Netflix Is Losing One of My Favorite Action Movies of the Last 10 Years,positive,476.79998779296875,478.0,482.70001220703125,476.55999755859375,2841600
2023-11-22,Prime Video acquires 'Kantara: Chapter 1' for ₹110cr; beats Netflix,neutral,476.79998779296875,478.0,482.70001220703125,476.55999755859375,2841600
2023-11-22,Rebecca Ferguson Spooked by ‘A House of Dynamite’ Detail in Netflix’s Hit Film!,neutral,476.79998779296875,478.0,482.70001220703125,476.55999755859375,2841600
2023-11-22,"Netflix’s The Witcher season 4 review: a dark, dazzling return to the continent",neutral,476.79998779296875,478.0,482.70001220703125,476.55999755859375,2841600
2023-11-22,Why OG Failed to Repeat Theater Magic on OTT?,negative,476.79998779296875,478.0,482.70001220703125,476.55999755859375,2841600
2023-11-22,Stranger Things Season 5 New Trailer: Netflix Deletes Trailer After Teasing Fans,negative,476.79998779296875,478.0,482.70001220703125,476.55999755859375,2841600
2023-11-22,8 Most Controversial Movies on Netflix,negative,476.79998779296875,478.0,482.70001220703125,476.55999755859375,2841600
2023-11-22,"OTT: Nani’s HIT 3 Takes Netflix by Storm, Outshines OG and Devara!",neutral,476.79998779296875,478.0,482.70001220703125,476.55999755859375,2841600
2023-11-22,Delhi HC to Hear Sameer Wankhede’s Defamation Suit Against Netflix's ‘Ba***ds of Bollywood’ on Nov 10,neutral,476.79998779296875,478.0,482.70001220703125,476.55999755859375,2841600
2023-11-29,Netflix’s Nobody Wants This Filming Locations (2025-),neutral,479.0,477.19000244140625,480.989990234375,474.489990234375,2855500
2023-11-29,Netflix Is Losing One of My Favorite Action Movies of the Last 10 Years,positive,479.0,477.19000244140625,480.989990234375,474.489990234375,2855500
2023-11-29,Prime Video acquires 'Kantara: Chapter 1' for ₹110cr; beats Netflix,neutral,479.0,477.19000244140625,480.989990234375,474.489990234375,2855500
2023-11-29,Rebecca Ferguson Spooked by ‘A House of Dynamite’ Detail in Netflix’s Hit Film!,neutral,479.0,477.19000244140625,480.989990234375,474.489990234375,2855500
2023-11-29,"Netflix’s The Witcher season 4 review: a dark, dazzling return to the continent",neutral,479.0,477.19000244140625,480.989990234375,474.489990234375,2855500
2023-11-29,Why OG Failed to Repeat Theater Magic on OTT?,negative,479.0,477.19000244140625,480.989990234375,474.489990234375,2855500
2023-11-29,Stranger Things Season 5 New Trailer: Netflix Deletes Trailer After Teasing Fans,negative,479.0,477.19000244140625,480.989990234375,474.489990234375,2855500
2023-11-29,8 Most Controversial Movies on Netflix,negative,479.0,477.19000244140625,480.989990234375,474.489990234375,2855500
2023-11-29,"OTT: Nani’s HIT 3 Takes Netflix by Storm, Outshines OG and Devara!",neutral,479.0,477.19000244140625,480.989990234375,474.489990234375,2855500
2023-11-29,Delhi HC to Hear Sameer Wankhede’s Defamation Suit Against Netflix's ‘Ba***ds of Bollywood’ on Nov 10,neutral,479.0,477.19000244140625,480.989990234375,474.489990234375,2855500
2023-11-30,Netflix’s Nobody Wants This Filming Locations (2025-),neutral,475.30999755859375,473.9700012207031,478.5899963378906,470.4200134277344,4287300
2023-11-30,Netflix Is Losing One of My Favorite Action Movies of the Last 10 Years,positive,475.30999755859375,473.9700012207031,478.5899963378906,470.4200134277344,4287300
2023-11-30,Prime Video acquires 'Kantara: Chapter 1' for ₹110cr; beats Netflix,neutral,475.30999755859375,473.9700012207031,478.5899963378906,470.4200134277344,4287300
2023-11-30,Rebecca Ferguson Spooked by ‘A House of Dynamite’ Detail in Netflix’s Hit Film!,neutral,475.30999755859375,473.9700012207031,478.5899963378906,470.4200134277344,4287300
2023-11-30,"Netflix’s The Witcher season 4 review: a dark, dazzling return to the continent",neutral,475.30999755859375,473.9700012207031,478.5899963378906,470.4200134277344,4287300
2023-11-30,Why OG Failed to Repeat Theater Magic on OTT?,negative,475.30999755859375,473.9700012207031,478.5899963378906,470.4200134277344,4287300
2023-11-30,Stranger Things Season 5 New Trailer: Netflix Deletes Trailer After Teasing Fans,negative,475.30999755859375,473.9700012207031,478.5899963378906,470.4200134277344,4287300
2023-11-30,8 Most Controversial Movies on Netflix,negative,475.30999755859375,473.9700012207031,478.5899963378906,470.4200134277344,4287300
2023-11-30,"OTT: Nani’s HIT 3 Takes Netflix by Storm, Outshines OG and Devara!",neutral,475.30999755859375,473.9700012207031,478.5899963378906,470.4200134277344,4287300
2023-11-30,Delhi HC to Hear Sameer Wankhede’s Defamation Suit Against Netflix's ‘Ba***ds of Bollywood’ on Nov 10,neutral,475.30999755859375,473.9700012207031,478.5899963378906,470.4200134277344,4287300
2023-12-01,Netflix’s Nobody Wants This Filming Locations (2025-),neutral,473.1700134277344,465.739990234375,475.2300109863281,464.6000061035156,4341500
2023-12-01,Netflix Is Losing One of My Favorite Action Movies of the Last 10 Years,positive,473.1700134277344,465.739990234375,475.2300109863281,464.6000061035156,4341500
2023-12-01,Prime Video acquires 'Kantara: Chapter 1' for ₹110cr; beats Netflix,neutral,473.1700134277344,465.739990234375,475.2300109863281,464.6000061035156,4341500
2023-12-01,Rebecca Ferguson Spooked by ‘A House of Dynamite’ Detail in Netflix’s Hit Film!,neutral,473.1700134277344,465.739990234375,475.2300109863281,464.6000061035156,4341500
2023-12-01,"Netflix’s The Witcher season 4 review: a dark, dazzling return to the continent",neutral,473.1700134277344,465.739990234375,475.2300109863281,464.6000061035156,4341500
2023-12-01,Why OG Failed to Repeat Theater Magic on OTT?,negative,473.1700134277344,465.739990234375,475.2300109863281,464.6000061035156,4341500
2023-12-01,Stranger Things Season 5 New Trailer: Netflix Deletes Trailer After Teasing Fans,negative,473.1700134277344,465.739990234375,475.2300109863281,464.6000061035156,4341500
2023-12-01,8 Most Controversial Movies on Netflix,negative,473.1700134277344,465.739990234375,475.2300109863281,464.6000061035156,4341500
2023-12-01,"OTT: Nani’s HIT 3 Takes Netflix by Storm, Outshines OG and Devara!",neutral,473.1700134277344,465.739990234375,475.2300109863281,464.6000061035156,4341500
2023-12-01,Delhi HC to Hear Sameer Wankhede’s Defamation Suit Against Netflix's ‘Ba***ds of Bollywood’ on Nov 10,neutral,473.1700134277344,465.739990234375,475.2300109863281,464.6000061035156,4341500
2023-12-04,Netflix’s Nobody Wants This Filming Locations (2025-),neutral,460.989990234375,453.8999938964844,461.20001220703125,451.20001220703125,5157700
2023-12-04,Netflix Is Losing One of My Favorite Action Movies of the Last 10 Years,positive,460.989990234375,453.8999938964844,461.20001220703125,451.20001220703125,5157700
2023-12-04,Prime Video acquires 'Kantara: Chapter 1' for ₹110cr; beats Netflix,neutral,460.989990234375,453.8999938964844,461.20001220703125,451.20001220703125,5157700
2023-12-04,Rebecca Ferguson Spooked by ‘A House of Dynamite’ Detail in Netflix’s Hit Film!,neutral,460.989990234375,453.8999938964844,461.20001220703125,451.20001220703125,5157700
2023-12-04,"Netflix’s The Witcher season 4 review: a dark, dazzling return to the continent",neutral,460.989990234375,453.8999938964844,461.20001220703125,451.20001220703125,5157700
2023-12-04,Why OG Failed to Repeat Theater Magic on OTT?,negative,460.989990234375,453.8999938964844,461.20001220703125,451.20001220703125,5157700
2023-12-04,Stranger Things Season 5 New Trailer: Netflix Deletes Trailer After Teasing Fans,negative,460.989990234375,453.8999938964844,461.20001220703125,451.20001220703125,5157700
2023-12-04,8 Most Controversial Movies on Netflix,negative,460.989990234375,453.8999938964844,461.20001220703125,451.20001220703125,5157700
2023-12-04,"OTT: Nani’s HIT 3 Takes Netflix by Storm, Outshines OG and Devara!",neutral,460.989990234375,453.8999938964844,461.20001220703125,451.20001220703125,5157700
2023-12-04,Delhi HC to Hear Sameer Wankhede’s Defamation Suit Against Netflix's ‘Ba***ds of Bollywood’ on Nov 10,neutral,460.989990234375,453.8999938964844,461.20001220703125,451.20001220703125,5157700
2023-12-05,Netflix’s Nobody Wants This Filming Locations (2025-),neutral,450.70001220703125,455.1499938964844,456.3900146484375,449.5799865722656,3380700
2023-12-05,Netflix Is Losing One of My Favorite Action Movies of the Last 10 Years,positive,450.70001220703125,455.1499938964844,456.3900146484375,449.5799865722656,3380700
2023-12-05,Prime Video acquires 'Kantara: Chapter 1' for ₹110cr; beats Netflix,neutral,450.70001220703125,455.1499938964844,456.3900146484375,449.5799865722656,3380700
2023-12-05,Rebecca Ferguson Spooked by ‘A House of Dynamite’ Detail in Netflix’s Hit Film!,neutral,450.70001220703125,455.1499938964844,456.3900146484375,449.5799865722656,3380700
2023-12-05,"Netflix’s The Witcher season 4 review: a dark, dazzling return to the continent",neutral,450.70001220703125,455.1499938964844,456.3900146484375,449.5799865722656,3380700
2023-12-05,Why OG Failed to Repeat Theater Magic on OTT?,negative,450.70001220703125,455.1499938964844,456.3900146484375,449.5799865722656,3380700
2023-12-05,Stranger Things Season 5 New Trailer: Netflix Deletes Trailer After Teasing Fans,negative,450.70001220703125,455.1499938964844,456.3900146484375,449.5799865722656,3380700
2023-12-05,8 Most Controversial Movies on Netflix,negative,450.70001220703125,455.1499938964844,456.3900146484375,449.5799865722656,3380700
2023-12-05,"OTT: Nani’s HIT 3 Takes Netflix by Storm, Outshines OG and Devara!",neutral,450.70001220703125,455.1499938964844,456.3900146484375,449.5799865722656,3380700
2023-12-05,Delhi HC to Hear Sameer Wankhede’s Defamation Suit Against Netflix's ‘Ba***ds of Bollywood’ on Nov 10,neutral,450.70001220703125,455.1499938964844,456.3900146484375,449.5799865722656,3380700
2023-12-06,Netflix’s Nobody Wants This Filming Locations (2025-),neutral,460.0,446.7300109863281,460.5,445.7300109863281,4178800
2023-12-06,Netflix Is Losing One of My Favorite Action Movies of the Last 10 Years,positive,460.0,446.7300109863281,460.5,445.7300109863281,4178800
2023-12-06,Prime Video acquires 'Kantara: Chapter 1' for ₹110cr; beats Netflix,neutral,460.0,446.7300109863281,460.5,445.7300109863281,4178800
2023-12-06,Rebecca Ferguson Spooked by ‘A House of Dynamite’ Detail in Netflix’s Hit Film!,neutral,460.0,446.7300109863281,460.5,445.7300109863281,4178800
2023-12-06,"Netflix’s The Witcher season 4 review: a dark, dazzling return to the continent",neutral,460.0,446.7300109863281,460.5,445.7300109863281,4178800
2023-12-06,Why OG Failed to Repeat Theater Magic on OTT?,negative,460.0,446.7300109863281,460.5,445.7300109863281,4178800
2023-12-06,Stranger Things Season 5 New Trailer: Netflix Deletes Trailer After Teasing Fans,negative,460.0,446.7300109863281,460.5,445.7300109863281,4178800
2023-12-06,8 Most Controversial Movies on Netflix,negative,460.0,446.7300109863281,460.5,445.7300109863281,4178800
2023-12-06,"OTT: Nani’s HIT 3 Takes Netflix by Storm, Outshines OG and Devara!",neutral,460.0,446.7300109863281,460.5,445.7300109863281,4178800
2023-12-06,Delhi HC to Hear Sameer Wankhede’s Defamation Suit Against Netflix's ‘Ba***ds of Bollywood’ on Nov 10,neutral,460.0,446.7300109863281,460.5,445.7300109863281,4178800
2023-12-07,Netflix’s Nobody Wants This Filming Locations (2025-),neutral,450.8500061035156,452.0,452.8900146484375,448.32000732421875,3506700
2023-12-07,Netflix Is Losing One of My Favorite Action Movies of the Last 10 Years,positive,450.8500061035156,452.0,452.8900146484375,448.32000732421875,3506700
2023-12-07,Prime Video acquires 'Kantara: Chapter 1' for ₹110cr; beats Netflix,neutral,450.8500061035156,452.0,452.8900146484375,448.32000732421875,3506700
2023-12-07,Rebecca Ferguson Spooked by ‘A House of Dynamite’ Detail in Netflix’s Hit Film!,neutral,450.8500061035156,452.0,452.8900146484375,448.32000732421875,3506700
2023-12-07,"Netflix’s The Witcher season 4 review: a dark, dazzling return to the continent",neutral,450.8500061035156,452.0,452.8900146484375,448.32000732421875,3506700
2023-12-07,Why OG Failed to Repeat Theater Magic on OTT?,negative,450.8500061035156,452.0,452.8900146484375,448.32000732421875,3506700
2023-12-07,Stranger Things Season 5 New Trailer: Netflix Deletes Trailer After Teasing Fans,negative,450.8500061035156,452.0,452.8900146484375,448.32000732421875,3506700
2023-12-07,8 Most Controversial Movies on Netflix,negative,450.8500061035156,452.0,452.8900146484375,448.32000732421875,3506700
2023-12-07,"OTT: Nani’s HIT 3 Takes Netflix by Storm, Outshines OG and Devara!",neutral,450.8500061035156,452.0,452.8900146484375,448.32000732421875,3506700
2023-12-07,Delhi HC to Hear Sameer Wankhede’s Defamation Suit Against Netflix's ‘Ba***ds of Bollywood’ on Nov 10,neutral,450.8500061035156,452.0,452.8900146484375,448.32000732421875,3506700
2023-12-08,Netflix’s Nobody Wants This Filming Locations (2025-),neutral,450.760009765625,453.760009765625,455.5,450.760009765625,3458400
2023-12-08,Netflix Is Losing One of My Favorite Action Movies of the Last 10 Years,positive,450.760009765625,453.760009765625,455.5,450.760009765625,3458400
2023-12-08,Prime Video acquires 'Kantara: Chapter 1' for ₹110cr; beats Netflix,neutral,450.760009765625,453.760009765625,455.5,450.760009765625,3458400
2023-12-08,Rebecca Ferguson Spooked by ‘A House of Dynamite’ Detail in Netflix’s Hit Film!,neutral,450.760009765625,453.760009765625,455.5,450.760009765625,3458400
2023-12-08,"Netflix’s The Witcher season 4 review: a dark, dazzling return to the continent",neutral,450.760009765625,453.760009765625,455.5,450.760009765625,3458400
2023-12-08,Why OG Failed to Repeat Theater Magic on OTT?,negative,450.760009765625,453.760009765625,455.5,450.760009765625,3458400
2023-12-08,Stranger Things Season 5 New Trailer: Netflix Deletes Trailer After Teasing Fans,negative,450.760009765625,453.760009765625,455.5,450.760009765625,3458400
2023-12-08,8 Most Controversial Movies on Netflix,negative,450.760009765625,453.760009765625,455.5,450.760009765625,3458400
2023-12-08,"OTT: Nani’s HIT 3 Takes Netflix by Storm, Outshines OG and Devara!",neutral,450.760009765625,453.760009765625,455.5,450.760009765625,3458400
2023-12-08,Delhi HC to Hear Sameer Wankhede’s Defamation Suit Against Netflix's ‘Ba***ds of Bollywood’ on Nov 10,neutral,450.760009765625,453.760009765625,455.5,450.760009765625,3458400
2023-12-11,Netflix’s Nobody Wants This Filming Locations (2025-),neutral,459.3599853515625,459.8900146484375,470.6499938964844,457.2099914550781,4929700
2023-12-11,Netflix Is Losing One of My Favorite Action Movies of the Last 10 Years,positive,459.3599853515625,459.8900146484375,470.6499938964844,457.2099914550781,4929700
2023-12-11,Prime Video acquires 'Kantara: Chapter 1' for ₹110cr; beats Netflix,neutral,459.3599853515625,459.8900146484375,470.6499938964844,457.2099914550781,4929700
2023-12-11,Rebecca Ferguson Spooked by ‘A House of Dynamite’ Detail in Netflix’s Hit Film!,neutral,459.3599853515625,459.8900146484375,470.6499938964844,457.2099914550781,4929700
2023-12-11,"Netflix’s The Witcher season 4 review: a dark, dazzling return to the continent",neutral,459.3599853515625,459.8900146484375,470.6499938964844,457.2099914550781,4929700
2023-12-11,Why OG Failed to Repeat Theater Magic on OTT?,negative,459.3599853515625,459.8900146484375,470.6499938964844,457.2099914550781,4929700
2023-12-11,Stranger Things Season 5 New Trailer: Netflix Deletes Trailer After Teasing Fans,negative,459.3599853515625,459.8900146484375,470.6499938964844,457.2099914550781,4929700
2023-12-11,8 Most Controversial Movies on Netflix,negative,459.3599853515625,459.8900146484375,470.6499938964844,457.2099914550781,4929700
2023-12-11,"OTT: Nani’s HIT 3 Takes Netflix by Storm, Outshines OG and Devara!",neutral,459.3599853515625,459.8900146484375,470.6499938964844,457.2099914550781,4929700
2023-12-11,Delhi HC to Hear Sameer Wankhede’s Defamation Suit Against Netflix's ‘Ba***ds of Bollywood’ on Nov 10,neutral,459.3599853515625,459.8900146484375,470.6499938964844,457.2099914550781,4929700
2023-12-12,Netflix’s Nobody Wants This Filming Locations (2025-),neutral,465.2300109863281,463.0,465.6099853515625,459.20001220703125,3302700
2023-12-12,Netflix Is Losing One of My Favorite Action Movies of the Last 10 Years,positive,465.2300109863281,463.0,465.6099853515625,459.20001220703125,3302700
2023-12-12,Prime Video acquires 'Kantara: Chapter 1' for ₹110cr; beats Netflix,neutral,465.2300109863281,463.0,465.6099853515625,459.20001220703125,3302700
2023-12-12,Rebecca Ferguson Spooked by ‘A House of Dynamite’ Detail in Netflix’s Hit Film!,neutral,465.2300109863281,463.0,465.6099853515625,459.20001220703125,3302700
2023-12-12,"Netflix’s The Witcher season 4 review: a dark, dazzling return to the continent",neutral,465.2300109863281,463.0,465.6099853515625,459.20001220703125,3302700
2023-12-12,Why OG Failed to Repeat Theater Magic on OTT?,negative,465.2300109863281,463.0,465.6099853515625,459.20001220703125,3302700
2023-12-12,Stranger Things Season 5 New Trailer: Netflix Deletes Trailer After Teasing Fans,negative,465.2300109863281,463.0,465.6099853515625,459.20001220703125,3302700
2023-12-12,8 Most Controversial Movies on Netflix,negative,465.2300109863281,463.0,465.6099853515625,459.20001220703125,3302700
2023-12-12,"OTT: Nani’s HIT 3 Takes Netflix by Storm, Outshines OG and Devara!",neutral,465.2300109863281,463.0,465.6099853515625,459.20001220703125,3302700
2023-12-12,Delhi HC to Hear Sameer Wankhede’s Defamation Suit Against Netflix's ‘Ba***ds of Bollywood’ on Nov 10,neutral,465.2300109863281,463.0,465.6099853515625,459.20001220703125,3302700
2023-12-13,Netflix’s Nobody Wants This Filming Locations (2025-),neutral,461.9800109863281,479.9800109863281,481.25,461.9800109863281,5820200
2023-12-13,Netflix Is Losing One of My Favorite Action Movies of the Last 10 Years,positive,461.9800109863281,479.9800109863281,481.25,461.9800109863281,5820200
2023-12-13,Prime Video acquires 'Kantara: Chapter 1' for ₹110cr; beats Netflix,neutral,461.9800109863281,479.9800109863281,481.25,461.9800109863281,5820200
2023-12-13,Rebecca Ferguson Spooked by ‘A House of Dynamite’ Detail in Netflix’s Hit Film!,neutral,461.9800109863281,479.9800109863281,481.25,461.9800109863281,5820200
2023-12-13,"Netflix’s The Witcher season 4 review: a dark, dazzling return to the continent",neutral,461.9800109863281,479.9800109863281,481.25,461.9800109863281,5820200
2023-12-13,Why OG Failed to Repeat Theater Magic on OTT?,negative,461.9800109863281,479.9800109863281,481.25,461.9800109863281,5820200
2023-12-13,Stranger Things Season 5 New Trailer: Netflix Deletes Trailer After Teasing Fans,negative,461.9800109863281,479.9800109863281,481.25,461.9800109863281,5820200
2023-12-13,8 Most Controversial Movies on Netflix,negative,461.9800109863281,479.9800109863281,481.25,461.9800109863281,5820200
2023-12-13,"OTT: Nani’s HIT 3 Takes Netflix by Storm, Outshines OG and Devara!",neutral,461.9800109863281,479.9800109863281,481.25,461.9800109863281,5820200
2023-12-13,Delhi HC to Hear Sameer Wankhede’s Defamation Suit Against Netflix's ‘Ba***ds of Bollywood’ on Nov 10,neutral,461.9800109863281,479.9800109863281,481.25,461.9800109863281,5820200
2023-12-14,Netflix Leans Into Success of 'KPop Demon Hunters' With New Hasbro and Mattel Partnerships. Is It Enough to Excite Investors?,positive,480.3599853515625,469.8299865722656,480.760009765625,464.760009765625,5176400
2023-12-14,Geneseo haunting returns to spotlight in Netflix docuseries,negative,480.3599853515625,469.8299865722656,480.760009765625,464.760009765625,5176400
2023-12-14,Netflix’s Nobody Wants This Filming Locations (2025-),neutral,480.3599853515625,469.8299865722656,480.760009765625,464.760009765625,5176400
2023-12-14,Netflix Is Losing One of My Favorite Action Movies of the Last 10 Years,positive,480.3599853515625,469.8299865722656,480.760009765625,464.760009765625,5176400
2023-12-14,Prime Video acquires 'Kantara: Chapter 1' for ₹110cr; beats Netflix,neutral,480.3599853515625,469.8299865722656,480.760009765625,464.760009765625,5176400
2023-12-14,Rebecca Ferguson Spooked by ‘A House of Dynamite’ Detail in Netflix’s Hit Film!,neutral,480.3599853515625,469.8299865722656,480.760009765625,464.760009765625,5176400
2023-12-14,"Netflix’s The Witcher season 4 review: a dark, dazzling return to the continent",neutral,480.3599853515625,469.8299865722656,480.760009765625,464.760009765625,5176400
2023-12-14,Why OG Failed to Repeat Theater Magic on OTT?,negative,480.3599853515625,469.8299865722656,480.760009765625,464.760009765625,5176400
2023-12-14,Stranger Things Season 5 New Trailer: Netflix Deletes Trailer After Teasing Fans,negative,480.3599853515625,469.8299865722656,480.760009765625,464.760009765625,5176400
2023-12-14,8 Most Controversial Movies on Netflix,negative,480.3599853515625,469.8299865722656,480.760009765625,464.760009765625,5176400
2023-12-15,Netflix Leans Into Success of 'KPop Demon Hunters' With New Hasbro and Mattel Partnerships. Is It Enough to Excite Investors?,positive,467.29998779296875,472.05999755859375,473.0,467.29998779296875,7841000
2023-12-15,Geneseo haunting returns to spotlight in Netflix docuseries,negative,467.29998779296875,472.05999755859375,473.0,467.29998779296875,7841000
2023-12-15,Netflix’s Nobody Wants This Filming Locations (2025-),neutral,467.29998779296875,472.05999755859375,473.0,467.29998779296875,7841000
2023-12-15,Netflix Is Losing One of My Favorite Action Movies of the Last 10 Years,positive,467.29998779296875,472.05999755859375,473.0,467.29998779296875,7841000
2023-12-15,Prime Video acquires 'Kantara: Chapter 1' for ₹110cr; beats Netflix,neutral,467.29998779296875,472.05999755859375,473.0,467.29998779296875,7841000
2023-12-15,Rebecca Ferguson Spooked by ‘A House of Dynamite’ Detail in Netflix’s Hit Film!,neutral,467.29998779296875,472.05999755859375,473.0,467.29998779296875,7841000
2023-12-15,"Netflix’s The Witcher season 4 review: a dark, dazzling return to the continent",neutral,467.29998779296875,472.05999755859375,473.0,467.29998779296875,7841000
2023-12-15,Why OG Failed to Repeat Theater Magic on OTT?,negative,467.29998779296875,472.05999755859375,473.0,467.29998779296875,7841000
2023-12-15,Stranger Things Season 5 New Trailer: Netflix Deletes Trailer After Teasing Fans,negative,467.29998779296875,472.05999755859375,473.0,467.29998779296875,7841000
2023-12-15,8 Most Controversial Movies on Netflix,negative,467.29998779296875,472.05999755859375,473.0,467.29998779296875,7841000
2023-12-18,Netflix Leans Into Success of 'KPop Demon Hunters' With New Hasbro and Mattel Partnerships. Is It Enough to Excite Investors?,positive,476.29998779296875,486.1199951171875,492.0400085449219,475.1000061035156,6410700
2023-12-18,Geneseo haunting returns to spotlight in Netflix docuseries,negative,476.29998779296875,486.1199951171875,492.0400085449219,475.1000061035156,6410700
2023-12-18,Netflix’s Nobody Wants This Filming Locations (2025-),neutral,476.29998779296875,486.1199951171875,492.0400085449219,475.1000061035156,6410700
2023-12-18,Netflix Is Losing One of My Favorite Action Movies of the Last 10 Years,positive,476.29998779296875,486.1199951171875,492.0400085449219,475.1000061035156,6410700
2023-12-18,Prime Video acquires 'Kantara: Chapter 1' for ₹110cr; beats Netflix,neutral,476.29998779296875,486.1199951171875,492.0400085449219,475.1000061035156,6410700
2023-12-18,Rebecca Ferguson Spooked by ‘A House of Dynamite’ Detail in Netflix’s Hit Film!,neutral,476.29998779296875,486.1199951171875,492.0400085449219,475.1000061035156,6410700
2023-12-18,"Netflix’s The Witcher season 4 review: a dark, dazzling return to the continent",neutral,476.29998779296875,486.1199951171875,492.0400085449219,475.1000061035156,6410700
2023-12-18,Why OG Failed to Repeat Theater Magic on OTT?,negative,476.29998779296875,486.1199951171875,492.0400085449219,475.1000061035156,6410700
2023-12-18,Stranger Things Season 5 New Trailer: Netflix Deletes Trailer After Teasing Fans,negative,476.29998779296875,486.1199951171875,492.0400085449219,475.1000061035156,6410700
2023-12-18,8 Most Controversial Movies on Netflix,negative,476.29998779296875,486.1199951171875,492.0400085449219,475.1000061035156,6410700
2023-12-19,Netflix Leans Into Success of 'KPop Demon Hunters' With New Hasbro and Mattel Partnerships. Is It Enough to Excite Investors?,positive,488.3999938964844,495.0199890136719,496.1400146484375,484.05999755859375,3849000
2023-12-19,Geneseo haunting returns to spotlight in Netflix docuseries,negative,488.3999938964844,495.0199890136719,496.1400146484375,484.05999755859375,3849000
2023-12-19,Netflix’s Nobody Wants This Filming Locations (2025-),neutral,488.3999938964844,495.0199890136719,496.1400146484375,484.05999755859375,3849000
2023-12-19,Netflix Is Losing One of My Favorite Action Movies of the Last 10 Years,positive,488.3999938964844,495.0199890136719,496.1400146484375,484.05999755859375,3849000
2023-12-19,Prime Video acquires 'Kantara: Chapter 1' for ₹110cr; beats Netflix,neutral,488.3999938964844,495.0199890136719,496.1400146484375,484.05999755859375,3849000
2023-12-19,Rebecca Ferguson Spooked by ‘A House of Dynamite’ Detail in Netflix’s Hit Film!,neutral,488.3999938964844,495.0199890136719,496.1400146484375,484.05999755859375,3849000
2023-12-19,"Netflix’s The Witcher season 4 review: a dark, dazzling return to the continent",neutral,488.3999938964844,495.0199890136719,496.1400146484375,484.05999755859375,3849000
2023-12-19,Why OG Failed to Repeat Theater Magic on OTT?,negative,488.3999938964844,495.0199890136719,496.1400146484375,484.05999755859375,3849000
2023-12-19,Stranger Things Season 5 New Trailer: Netflix Deletes Trailer After Teasing Fans,negative,488.3999938964844,495.0199890136719,496.1400146484375,484.05999755859375,3849000
2023-12-19,8 Most Controversial Movies on Netflix,negative,488.3999938964844,495.0199890136719,496.1400146484375,484.05999755859375,3849000
2023-12-20,Netflix Leans Into Success of 'KPop Demon Hunters' With New Hasbro and Mattel Partnerships. Is It Enough to Excite Investors?,positive,492.0,489.2699890136719,500.8900146484375,488.3900146484375,4563700
2023-12-20,Geneseo haunting returns to spotlight in Netflix docuseries,negative,492.0,489.2699890136719,500.8900146484375,488.3900146484375,4563700
2023-12-20,Netflix’s Nobody Wants This Filming Locations (2025-),neutral,492.0,489.2699890136719,500.8900146484375,488.3900146484375,4563700
2023-12-20,Netflix Is Losing One of My Favorite Action Movies of the Last 10 Years,positive,492.0,489.2699890136719,500.8900146484375,488.3900146484375,4563700
2023-12-20,Prime Video acquires 'Kantara: Chapter 1' for ₹110cr; beats Netflix,neutral,492.0,489.2699890136719,500.8900146484375,488.3900146484375,4563700
2023-12-20,Rebecca Ferguson Spooked by ‘A House of Dynamite’ Detail in Netflix’s Hit Film!,neutral,492.0,489.2699890136719,500.8900146484375,488.3900146484375,4563700
2023-12-20,"Netflix’s The Witcher season 4 review: a dark, dazzling return to the continent",neutral,492.0,489.2699890136719,500.8900146484375,488.3900146484375,4563700
2023-12-20,Why OG Failed to Repeat Theater Magic on OTT?,negative,492.0,489.2699890136719,500.8900146484375,488.3900146484375,4563700
2023-12-20,Stranger Things Season 5 New Trailer: Netflix Deletes Trailer After Teasing Fans,negative,492.0,489.2699890136719,500.8900146484375,488.3900146484375,4563700
2023-12-20,8 Most Controversial Movies on Netflix,negative,492.0,489.2699890136719,500.8900146484375,488.3900146484375,4563700
2023-12-21,Netflix Leans Into Success of 'KPop Demon Hunters' With New Hasbro and Mattel Partnerships. Is It Enough to Excite Investors?,positive,492.6600036621094,491.6099853515625,494.3999938964844,486.7699890136719,2756200
2023-12-21,Geneseo haunting returns to spotlight in Netflix docuseries,negative,492.6600036621094,491.6099853515625,494.3999938964844,486.7699890136719,2756200
2023-12-21,Netflix’s Nobody Wants This Filming Locations (2025-),neutral,492.6600036621094,491.6099853515625,494.3999938964844,486.7699890136719,2756200
2023-12-21,Netflix Is Losing One of My Favorite Action Movies of the Last 10 Years,positive,492.6600036621094,491.6099853515625,494.3999938964844,486.7699890136719,2756200
2023-12-21,Prime Video acquires 'Kantara: Chapter 1' for ₹110cr; beats Netflix,neutral,492.6600036621094,491.6099853515625,494.3999938964844,486.7699890136719,2756200
2023-12-21,Rebecca Ferguson Spooked by ‘A House of Dynamite’ Detail in Netflix’s Hit Film!,neutral,492.6600036621094,491.6099853515625,494.3999938964844,486.7699890136719,2756200
2023-12-21,"Netflix’s The Witcher season 4 review: a dark, dazzling return to the continent",neutral,492.6600036621094,491.6099853515625,494.3999938964844,486.7699890136719,2756200
2023-12-21,Why OG Failed to Repeat Theater Magic on OTT?,negative,492.6600036621094,491.6099853515625,494.3999938964844,486.7699890136719,2756200
2023-12-21,Stranger Things Season 5 New Trailer: Netflix Deletes Trailer After Teasing Fans,negative,492.6600036621094,491.6099853515625,494.3999938964844,486.7699890136719,2756200
2023-12-21,8 Most Controversial Movies on Netflix,negative,492.6600036621094,491.6099853515625,494.3999938964844,486.7699890136719,2756200
2023-12-22,Netflix Leans Into Success of 'KPop Demon Hunters' With New Hasbro and Mattel Partnerships. Is It Enough to Excite Investors?,positive,494.0,486.760009765625,496.0199890136719,485.45001220703125,2702700
2023-12-22,Geneseo haunting returns to spotlight in Netflix docuseries,negative,494.0,486.760009765625,496.0199890136719,485.45001220703125,2702700
2023-12-22,Netflix’s Nobody Wants This Filming Locations (2025-),neutral,494.0,486.760009765625,496.0199890136719,485.45001220703125,2702700
2023-12-22,Netflix Is Losing One of My Favorite Action Movies of the Last 10 Years,positive,494.0,486.760009765625,496.0199890136719,485.45001220703125,2702700
2023-12-22,Prime Video acquires 'Kantara: Chapter 1' for ₹110cr; beats Netflix,neutral,494.0,486.760009765625,496.0199890136719,485.45001220703125,2702700
2023-12-22,Rebecca Ferguson Spooked by ‘A House of Dynamite’ Detail in Netflix’s Hit Film!,neutral,494.0,486.760009765625,496.0199890136719,485.45001220703125,2702700
2023-12-22,"Netflix’s The Witcher season 4 review: a dark, dazzling return to the continent",neutral,494.0,486.760009765625,496.0199890136719,485.45001220703125,2702700
2023-12-22,Why OG Failed to Repeat Theater Magic on OTT?,negative,494.0,486.760009765625,496.0199890136719,485.45001220703125,2702700
2023-12-22,Stranger Things Season 5 New Trailer: Netflix Deletes Trailer After Teasing Fans,negative,494.0,486.760009765625,496.0199890136719,485.45001220703125,2702700
2023-12-22,8 Most Controversial Movies on Netflix,negative,494.0,486.760009765625,496.0199890136719,485.45001220703125,2702700
2023-12-26,Netflix Leans Into Success of 'KPop Demon Hunters' With New Hasbro and Mattel Partnerships. Is It Enough to Excite Investors?,positive,489.3900146484375,491.19000244140625,491.4800109863281,486.3800048828125,2034500
2023-12-26,Geneseo haunting returns to spotlight in Netflix docuseries,negative,489.3900146484375,491.19000244140625,491.4800109863281,486.3800048828125,2034500
2023-12-26,Netflix’s Nobody Wants This Filming Locations (2025-),neutral,489.3900146484375,491.19000244140625,491.4800109863281,486.3800048828125,2034500
2023-12-26,Netflix Is Losing One of My Favorite Action Movies of the Last 10 Years,positive,489.3900146484375,491.19000244140625,491.4800109863281,486.3800048828125,2034500
2023-12-26,Prime Video acquires 'Kantara: Chapter 1' for ₹110cr; beats Netflix,neutral,489.3900146484375,491.19000244140625,491.4800109863281,486.3800048828125,2034500
2023-12-26,Rebecca Ferguson Spooked by ‘A House of Dynamite’ Detail in Netflix’s Hit Film!,neutral,489.3900146484375,491.19000244140625,491.4800109863281,486.3800048828125,2034500
2023-12-26,"Netflix’s The Witcher season 4 review: a dark, dazzling return to the continent",neutral,489.3900146484375,491.19000244140625,491.4800109863281,486.3800048828125,2034500
2023-12-26,Why OG Failed to Repeat Theater Magic on OTT?,negative,489.3900146484375,491.19000244140625,491.4800109863281,486.3800048828125,2034500
2023-12-26,Stranger Things Season 5 New Trailer: Netflix Deletes Trailer After Teasing Fans,negative,489.3900146484375,491.19000244140625,491.4800109863281,486.3800048828125,2034500
2023-12-26,8 Most Controversial Movies on Netflix,negative,489.3900146484375,491.19000244140625,491.4800109863281,486.3800048828125,2034500
2023-12-27,Netflix Leans Into Success of 'KPop Demon Hunters' With New Hasbro and Mattel Partnerships. Is It Enough to Excite Investors?,positive,491.239990234375,491.7900085449219,494.0199890136719,489.25,2561300
2023-12-27,Geneseo haunting returns to spotlight in Netflix docuseries,negative,491.239990234375,491.7900085449219,494.0199890136719,489.25,2561300
2023-12-27,Netflix’s Nobody Wants This Filming Locations (2025-),neutral,491.239990234375,491.7900085449219,494.0199890136719,489.25,2561300
2023-12-27,Netflix Is Losing One of My Favorite Action Movies of the Last 10 Years,positive,491.239990234375,491.7900085449219,494.0199890136719,489.25,2561300
2023-12-27,Prime Video acquires 'Kantara: Chapter 1' for ₹110cr; beats Netflix,neutral,491.239990234375,491.7900085449219,494.0199890136719,489.25,2561300
2023-12-27,Rebecca Ferguson Spooked by ‘A House of Dynamite’ Detail in Netflix’s Hit Film!,neutral,491.239990234375,491.7900085449219,494.0199890136719,489.25,2561300
2023-12-27,"Netflix’s The Witcher season 4 review: a dark, dazzling return to the continent",neutral,491.239990234375,491.7900085449219,494.0199890136719,489.25,2561300
2023-12-27,Why OG Failed to Repeat Theater Magic on OTT?,negative,491.239990234375,491.7900085449219,494.0199890136719,489.25,2561300
2023-12-27,Stranger Things Season 5 New Trailer: Netflix Deletes Trailer After Teasing Fans,negative,491.239990234375,491.7900085449219,494.0199890136719,489.25,2561300
2023-12-27,8 Most Controversial Movies on Netflix,negative,491.239990234375,491.7900085449219,494.0199890136719,489.25,2561300
2023-12-28,Stranger Things new trailer leaked by Netflix,negative,492.0,490.510009765625,492.8900146484375,489.07000732421875,1710500
2023-12-28,Netflix Baramulla trailer: Manav Kaul leads a supernatural mystery set in Kashmir,neutral,492.0,490.510009765625,492.8900146484375,489.07000732421875,1710500
2023-12-28,Join Stranger Things for One Last Adventure with These Global Fan Events,positive,492.0,490.510009765625,492.8900146484375,489.07000732421875,1710500
2023-12-28,Netflix Leans Into Success of 'KPop Demon Hunters' With New Hasbro and Mattel Partnerships. Is It Enough to Excite Investors?,positive,492.0,490.510009765625,492.8900146484375,489.07000732421875,1710500
2023-12-28,Geneseo haunting returns to spotlight in Netflix docuseries,negative,492.0,490.510009765625,492.8900146484375,489.07000732421875,1710500
2023-12-28,Netflix’s Nobody Wants This Filming Locations (2025-),neutral,492.0,490.510009765625,492.8900146484375,489.07000732421875,1710500
2023-12-28,Netflix Is Losing One of My Favorite Action Movies of the Last 10 Years,positive,492.0,490.510009765625,492.8900146484375,489.07000732421875,1710500
2023-12-28,Prime Video acquires 'Kantara: Chapter 1' for ₹110cr; beats Netflix,neutral,492.0,490.510009765625,492.8900146484375,489.07000732421875,1710500
2023-12-28,Rebecca Ferguson Spooked by ‘A House of Dynamite’ Detail in Netflix’s Hit Film!,neutral,492.0,490.510009765625,492.8900146484375,489.07000732421875,1710500
2023-12-28,"Netflix’s The Witcher season 4 review: a dark, dazzling return to the continent",neutral,492.0,490.510009765625,492.8900146484375,489.07000732421875,1710500
2023-12-29,Stranger Things new trailer leaked by Netflix,negative,490.3699951171875,486.8800048828125,492.2300109863281,481.94000244140625,2740600
2023-12-29,Netflix Baramulla trailer: Manav Kaul leads a supernatural mystery set in Kashmir,neutral,490.3699951171875,486.8800048828125,492.2300109863281,481.94000244140625,2740600
2023-12-29,Join Stranger Things for One Last Adventure with These Global Fan Events,positive,490.3699951171875,486.8800048828125,492.2300109863281,481.94000244140625,2740600
2023-12-29,Netflix Leans Into Success of 'KPop Demon Hunters' With New Hasbro and Mattel Partnerships. Is It Enough to Excite Investors?,positive,490.3699951171875,486.8800048828125,492.2300109863281,481.94000244140625,2740600
2023-12-29,Geneseo haunting returns to spotlight in Netflix docuseries,negative,490.3699951171875,486.8800048828125,492.2300109863281,481.94000244140625,2740600
2023-12-29,Netflix’s Nobody Wants This Filming Locations (2025-),neutral,490.3699951171875,486.8800048828125,492.2300109863281,481.94000244140625,2740600
2023-12-29,Netflix Is Losing One of My Favorite Action Movies of the Last 10 Years,positive,490.3699951171875,486.8800048828125,492.2300109863281,481.94000244140625,2740600
2023-12-29,Prime Video acquires 'Kantara: Chapter 1' for ₹110cr; beats Netflix,neutral,490.3699951171875,486.8800048828125,492.2300109863281,481.94000244140625,2740600
2023-12-29,Rebecca Ferguson Spooked by ‘A House of Dynamite’ Detail in Netflix’s Hit Film!,neutral,490.3699951171875,486.8800048828125,492.2300109863281,481.94000244140625,2740600
2023-12-29,"Netflix’s The Witcher season 4 review: a dark, dazzling return to the continent",neutral,490.3699951171875,486.8800048828125,492.2300109863281,481.94000244140625,2740600
2024-01-02,Stranger Things new trailer leaked by Netflix,negative,483.19000244140625,468.5,484.6499938964844,461.8599853515625,5049400
2024-01-02,Netflix Baramulla trailer: Manav Kaul leads a supernatural mystery set in Kashmir,neutral,483.19000244140625,468.5,484.6499938964844,461.8599853515625,5049400
2024-01-02,Join Stranger Things for One Last Adventure with These Global Fan Events,positive,483.19000244140625,468.5,484.6499938964844,461.8599853515625,5049400
2024-01-02,Netflix Leans Into Success of 'KPop Demon Hunters' With New Hasbro and Mattel Partnerships. Is It Enough to Excite Investors?,positive,483.19000244140625,468.5,484.6499938964844,461.8599853515625,5049400
2024-01-02,Geneseo haunting returns to spotlight in Netflix docuseries,negative,483.19000244140625,468.5,484.6499938964844,461.8599853515625,5049400
2024-01-02,Netflix’s Nobody Wants This Filming Locations (2025-),neutral,483.19000244140625,468.5,484.6499938964844,461.8599853515625,5049400
2024-01-02,Netflix Is Losing One of My Favorite Action Movies of the Last 10 Years,positive,483.19000244140625,468.5,484.6499938964844,461.8599853515625,5049400
2024-01-02,Prime Video acquires 'Kantara: Chapter 1' for ₹110cr; beats Netflix,neutral,483.19000244140625,468.5,484.6499938964844,461.8599853515625,5049400
2024-01-02,Rebecca Ferguson Spooked by ‘A House of Dynamite’ Detail in Netflix’s Hit Film!,neutral,483.19000244140625,468.5,484.6499938964844,461.8599853515625,5049400
2024-01-02,"Netflix’s The Witcher season 4 review: a dark, dazzling return to the continent",neutral,483.19000244140625,468.5,484.6499938964844,461.8599853515625,5049400
2024-01-03,Stranger Things new trailer leaked by Netflix,negative,467.32000732421875,470.260009765625,475.04998779296875,465.7699890136719,3443700
2024-01-03,Netflix Baramulla trailer: Manav Kaul leads a supernatural mystery set in Kashmir,neutral,467.32000732421875,470.260009765625,475.04998779296875,465.7699890136719,3443700
2024-01-03,Join Stranger Things for One Last Adventure with These Global Fan Events,positive,467.32000732421875,470.260009765625,475.04998779296875,465.7699890136719,3443700
2024-01-03,Netflix Leans Into Success of 'KPop Demon Hunters' With New Hasbro and Mattel Partnerships. Is It Enough to Excite Investors?,positive,467.32000732421875,470.260009765625,475.04998779296875,465.7699890136719,3443700
2024-01-03,Geneseo haunting returns to spotlight in Netflix docuseries,negative,467.32000732421875,470.260009765625,475.04998779296875,465.7699890136719,3443700
2024-01-03,Netflix’s Nobody Wants This Filming Locations (2025-),neutral,467.32000732421875,470.260009765625,475.04998779296875,465.7699890136719,3443700
2024-01-03,Netflix Is Losing One of My Favorite Action Movies of the Last 10 Years,positive,467.32000732421875,470.260009765625,475.04998779296875,465.7699890136719,3443700
2024-01-03,Prime Video acquires 'Kantara: Chapter 1' for ₹110cr; beats Netflix,neutral,467.32000732421875,470.260009765625,475.04998779296875,465.7699890136719,3443700
2024-01-03,Rebecca Ferguson Spooked by ‘A House of Dynamite’ Detail in Netflix’s Hit Film!,neutral,467.32000732421875,470.260009765625,475.04998779296875,465.7699890136719,3443700
2024-01-03,"Netflix’s The Witcher season 4 review: a dark, dazzling return to the continent",neutral,467.32000732421875,470.260009765625,475.04998779296875,465.7699890136719,3443700
2024-01-04,Stranger Things new trailer leaked by Netflix,negative,472.9800109863281,474.6700134277344,480.739990234375,466.5299987792969,3636500
2024-01-04,Netflix Baramulla trailer: Manav Kaul leads a supernatural mystery set in Kashmir,neutral,472.9800109863281,474.6700134277344,480.739990234375,466.5299987792969,3636500
2024-01-04,Join Stranger Things for One Last Adventure with These Global Fan Events,positive,472.9800109863281,474.6700134277344,480.739990234375,466.5299987792969,3636500
2024-01-04,Netflix Leans Into Success of 'KPop Demon Hunters' With New Hasbro and Mattel Partnerships. Is It Enough to Excite Investors?,positive,472.9800109863281,474.6700134277344,480.739990234375,466.5299987792969,3636500
2024-01-04,Geneseo haunting returns to spotlight in Netflix docuseries,negative,472.9800109863281,474.6700134277344,480.739990234375,466.5299987792969,3636500
2024-01-04,Netflix’s Nobody Wants This Filming Locations (2025-),neutral,472.9800109863281,474.6700134277344,480.739990234375,466.5299987792969,3636500
2024-01-04,Netflix Is Losing One of My Favorite Action Movies of the Last 10 Years,positive,472.9800109863281,474.6700134277344,480.739990234375,466.5299987792969,3636500
2024-01-04,Prime Video acquires 'Kantara: Chapter 1' for ₹110cr; beats Netflix,neutral,472.9800109863281,474.6700134277344,480.739990234375,466.5299987792969,3636500
2024-01-04,Rebecca Ferguson Spooked by ‘A House of Dynamite’ Detail in Netflix’s Hit Film!,neutral,472.9800109863281,474.6700134277344,480.739990234375,466.5299987792969,3636500
2024-01-04,"Netflix’s The Witcher season 4 review: a dark, dazzling return to the continent",neutral,472.9800109863281,474.6700134277344,480.739990234375,466.5299987792969,3636500
2024-01-05,Stranger Things new trailer leaked by Netflix,negative,476.5,474.05999755859375,479.54998779296875,471.79998779296875,2631300
2024-01-05,Netflix Baramulla trailer: Manav Kaul leads a supernatural mystery set in Kashmir,neutral,476.5,474.05999755859375,479.54998779296875,471.79998779296875,2631300
2024-01-05,Join Stranger Things for One Last Adventure with These Global Fan Events,positive,476.5,474.05999755859375,479.54998779296875,471.79998779296875,2631300
2024-01-05,Netflix Leans Into Success of 'KPop Demon Hunters' With New Hasbro and Mattel Partnerships. Is It Enough to Excite Investors?,positive,476.5,474.05999755859375,479.54998779296875,471.79998779296875,2631300
2024-01-05,Geneseo haunting returns to spotlight in Netflix docuseries,negative,476.5,474.05999755859375,479.54998779296875,471.79998779296875,2631300
2024-01-05,Netflix’s Nobody Wants This Filming Locations (2025-),neutral,476.5,474.05999755859375,479.54998779296875,471.79998779296875,2631300
2024-01-05,Netflix Is Losing One of My Favorite Action Movies of the Last 10 Years,positive,476.5,474.05999755859375,479.54998779296875,471.79998779296875,2631300
2024-01-05,Prime Video acquires 'Kantara: Chapter 1' for ₹110cr; beats Netflix,neutral,476.5,474.05999755859375,479.54998779296875,471.79998779296875,2631300
2024-01-05,Rebecca Ferguson Spooked by ‘A House of Dynamite’ Detail in Netflix’s Hit Film!,neutral,476.5,474.05999755859375,479.54998779296875,471.79998779296875,2631300
2024-01-05,"Netflix’s The Witcher season 4 review: a dark, dazzling return to the continent",neutral,476.5,474.05999755859375,479.54998779296875,471.79998779296875,2631300
2024-01-08,"Netflix’s ‘10DANCE’ live-action: Cast, plot, release date & all you need to know about BL manga film starring Keita Machida & Ryoma Takeuchi",positive,473.8900146484375,485.0299987792969,485.239990234375,473.6499938964844,3675800
2024-01-08,Stranger Things new trailer leaked by Netflix,negative,473.8900146484375,485.0299987792969,485.239990234375,473.6499938964844,3675800
2024-01-08,Netflix Baramulla trailer: Manav Kaul leads a supernatural mystery set in Kashmir,neutral,473.8900146484375,485.0299987792969,485.239990234375,473.6499938964844,3675800
2024-01-08,Join Stranger Things for One Last Adventure with These Global Fan Events,positive,473.8900146484375,485.0299987792969,485.239990234375,473.6499938964844,3675800
2024-01-08,Netflix Leans Into Success of 'KPop Demon Hunters' With New Hasbro and Mattel Partnerships. Is It Enough to Excite Investors?,positive,473.8900146484375,485.0299987792969,485.239990234375,473.6499938964844,3675800
2024-01-08,Geneseo haunting returns to spotlight in Netflix docuseries,negative,473.8900146484375,485.0299987792969,485.239990234375,473.6499938964844,3675800
2024-01-08,Geneseo haunting returns to spotlight in Netflix docuseries,negative,473.8900146484375,485.0299987792969,485.239990234375,473.6499938964844,3675800
2024-01-08,Netflix’s Nobody Wants This Filming Locations (2025-),neutral,473.8900146484375,485.0299987792969,485.239990234375,473.6499938964844,3675800
2024-01-08,Netflix Is Losing One of My Favorite Action Movies of the Last 10 Years,positive,473.8900146484375,485.0299987792969,485.239990234375,473.6499938964844,3675800
2024-01-08,Prime Video acquires 'Kantara: Chapter 1' for ₹110cr; beats Netflix,neutral,473.8900146484375,485.0299987792969,485.239990234375,473.6499938964844,3675800
2024-01-09,"Netflix’s ‘10DANCE’ live-action: Cast, plot, release date & all you need to know about BL manga film starring Keita Machida & Ryoma Takeuchi",positive,475.5299987792969,482.0899963378906,485.0899963378906,473.79998779296875,3526800
2024-01-09,Stranger Things new trailer leaked by Netflix,negative,475.5299987792969,482.0899963378906,485.0899963378906,473.79998779296875,3526800
2024-01-09,Netflix Baramulla trailer: Manav Kaul leads a supernatural mystery set in Kashmir,neutral,475.5299987792969,482.0899963378906,485.0899963378906,473.79998779296875,3526800
2024-01-09,Join Stranger Things for One Last Adventure with These Global Fan Events,positive,475.5299987792969,482.0899963378906,485.0899963378906,473.79998779296875,3526800
2024-01-09,Netflix Leans Into Success of 'KPop Demon Hunters' With New Hasbro and Mattel Partnerships. Is It Enough to Excite Investors?,positive,475.5299987792969,482.0899963378906,485.0899963378906,473.79998779296875,3526800
2024-01-09,Geneseo haunting returns to spotlight in Netflix docuseries,negative,475.5299987792969,482.0899963378906,485.0899963378906,473.79998779296875,3526800
2024-01-09,Geneseo haunting returns to spotlight in Netflix docuseries,negative,475.5299987792969,482.0899963378906,485.0899963378906,473.79998779296875,3526800
2024-01-09,Netflix’s Nobody Wants This Filming Locations (2025-),neutral,475.5299987792969,482.0899963378906,485.0899963378906,473.79998779296875,3526800
2024-01-09,Netflix Is Losing One of My Favorite Action Movies of the Last 10 Years,positive,475.5299987792969,482.0899963378906,485.0899963378906,473.79998779296875,3526800
2024-01-09,Prime Video acquires 'Kantara: Chapter 1' for ₹110cr; beats Netflix,neutral,475.5299987792969,482.0899963378906,485.0899963378906,473.79998779296875,3526800
2024-01-10,"Netflix’s ‘10DANCE’ live-action: Cast, plot, release date & all you need to know about BL manga film starring Keita Machida & Ryoma Takeuchi",positive,481.6000061035156,478.3299865722656,487.0,472.95001220703125,4342400
2024-01-10,Stranger Things new trailer leaked by Netflix,negative,481.6000061035156,478.3299865722656,487.0,472.95001220703125,4342400
2024-01-10,Netflix Baramulla trailer: Manav Kaul leads a supernatural mystery set in Kashmir,neutral,481.6000061035156,478.3299865722656,487.0,472.95001220703125,4342400
2024-01-10,Join Stranger Things for One Last Adventure with These Global Fan Events,positive,481.6000061035156,478.3299865722656,487.0,472.95001220703125,4342400
2024-01-10,Netflix Leans Into Success of 'KPop Demon Hunters' With New Hasbro and Mattel Partnerships. Is It Enough to Excite Investors?,positive,481.6000061035156,478.3299865722656,487.0,472.95001220703125,4342400
2024-01-10,Geneseo haunting returns to spotlight in Netflix docuseries,negative,481.6000061035156,478.3299865722656,487.0,472.95001220703125,4342400
2024-01-10,Geneseo haunting returns to spotlight in Netflix docuseries,negative,481.6000061035156,478.3299865722656,487.0,472.95001220703125,4342400
2024-01-10,Netflix’s Nobody Wants This Filming Locations (2025-),neutral,481.6000061035156,478.3299865722656,487.0,472.95001220703125,4342400
2024-01-10,Netflix Is Losing One of My Favorite Action Movies of the Last 10 Years,positive,481.6000061035156,478.3299865722656,487.0,472.95001220703125,4342400
2024-01-10,Prime Video acquires 'Kantara: Chapter 1' for ₹110cr; beats Netflix,neutral,481.6000061035156,478.3299865722656,487.0,472.95001220703125,4342400
2024-01-11,"Netflix’s ‘10DANCE’ live-action: Cast, plot, release date & all you need to know about BL manga film starring Keita Machida & Ryoma Takeuchi",positive,492.5400085449219,492.2300109863281,503.4100036621094,483.82000732421875,7993300
2024-01-11,Stranger Things new trailer leaked by Netflix,negative,492.5400085449219,492.2300109863281,503.4100036621094,483.82000732421875,7993300
2024-01-11,Netflix Baramulla trailer: Manav Kaul leads a supernatural mystery set in Kashmir,neutral,492.5400085449219,492.2300109863281,503.4100036621094,483.82000732421875,7993300
2024-01-11,Join Stranger Things for One Last Adventure with These Global Fan Events,positive,492.5400085449219,492.2300109863281,503.4100036621094,483.82000732421875,7993300
2024-01-11,Netflix Leans Into Success of 'KPop Demon Hunters' With New Hasbro and Mattel Partnerships. Is It Enough to Excite Investors?,positive,492.5400085449219,492.2300109863281,503.4100036621094,483.82000732421875,7993300
2024-01-11,Geneseo haunting returns to spotlight in Netflix docuseries,negative,492.5400085449219,492.2300109863281,503.4100036621094,483.82000732421875,7993300
2024-01-11,Geneseo haunting returns to spotlight in Netflix docuseries,negative,492.5400085449219,492.2300109863281,503.4100036621094,483.82000732421875,7993300
2024-01-11,Netflix’s Nobody Wants This Filming Locations (2025-),neutral,492.5400085449219,492.2300109863281,503.4100036621094,483.82000732421875,7993300
2024-01-11,Netflix Is Losing One of My Favorite Action Movies of the Last 10 Years,positive,492.5400085449219,492.2300109863281,503.4100036621094,483.82000732421875,7993300
2024-01-11,Prime Video acquires 'Kantara: Chapter 1' for ₹110cr; beats Netflix,neutral,492.5400085449219,492.2300109863281,503.4100036621094,483.82000732421875,7993300
2024-01-12,"Netflix’s ‘10DANCE’ live-action: Cast, plot, release date & all you need to know about BL manga film starring Keita Machida & Ryoma Takeuchi",positive,500.510009765625,492.1600036621094,500.7900085449219,490.6099853515625,5003700
2024-01-12,Stranger Things new trailer leaked by Netflix,negative,500.510009765625,492.1600036621094,500.7900085449219,490.6099853515625,5003700
2024-01-12,Netflix Baramulla trailer: Manav Kaul leads a supernatural mystery set in Kashmir,neutral,500.510009765625,492.1600036621094,500.7900085449219,490.6099853515625,5003700
2024-01-12,Join Stranger Things for One Last Adventure with These Global Fan Events,positive,500.510009765625,492.1600036621094,500.7900085449219,490.6099853515625,5003700
2024-01-12,Netflix Leans Into Success of 'KPop Demon Hunters' With New Hasbro and Mattel Partnerships. Is It Enough to Excite Investors?,positive,500.510009765625,492.1600036621094,500.7900085449219,490.6099853515625,5003700
2024-01-12,Geneseo haunting returns to spotlight in Netflix docuseries,negative,500.510009765625,492.1600036621094,500.7900085449219,490.6099853515625,5003700
2024-01-12,Geneseo haunting returns to spotlight in Netflix docuseries,negative,500.510009765625,492.1600036621094,500.7900085449219,490.6099853515625,5003700
2024-01-12,Netflix’s Nobody Wants This Filming Locations (2025-),neutral,500.510009765625,492.1600036621094,500.7900085449219,490.6099853515625,5003700
2024-01-12,Netflix Is Losing One of My Favorite Action Movies of the Last 10 Years,positive,500.510009765625,492.1600036621094,500.7900085449219,490.6099853515625,5003700
2024-01-12,Prime Video acquires 'Kantara: Chapter 1' for ₹110cr; beats Netflix,neutral,500.510009765625,492.1600036621094,500.7900085449219,490.6099853515625,5003700
2024-01-16,"Netflix’s ‘10DANCE’ live-action: Cast, plot, release date & all you need to know about BL manga film starring Keita Machida & Ryoma Takeuchi",positive,490.0,481.239990234375,494.1499938964844,478.0199890136719,4679000
2024-01-16,Stranger Things new trailer leaked by Netflix,negative,490.0,481.239990234375,494.1499938964844,478.0199890136719,4679000
2024-01-16,Netflix Baramulla trailer: Manav Kaul leads a supernatural mystery set in Kashmir,neutral,490.0,481.239990234375,494.1499938964844,478.0199890136719,4679000
2024-01-16,Join Stranger Things for One Last Adventure with These Global Fan Events,positive,490.0,481.239990234375,494.1499938964844,478.0199890136719,4679000
2024-01-16,Netflix Leans Into Success of 'KPop Demon Hunters' With New Hasbro and Mattel Partnerships. Is It Enough to Excite Investors?,positive,490.0,481.239990234375,494.1499938964844,478.0199890136719,4679000
2024-01-16,Geneseo haunting returns to spotlight in Netflix docuseries,negative,490.0,481.239990234375,494.1499938964844,478.0199890136719,4679000
2024-01-16,Geneseo haunting returns to spotlight in Netflix docuseries,negative,490.0,481.239990234375,494.1499938964844,478.0199890136719,4679000
2024-01-16,Netflix’s Nobody Wants This Filming Locations (2025-),neutral,490.0,481.239990234375,494.1499938964844,478.0199890136719,4679000
2024-01-16,Netflix Is Losing One of My Favorite Action Movies of the Last 10 Years,positive,490.0,481.239990234375,494.1499938964844,478.0199890136719,4679000
2024-01-16,Prime Video acquires 'Kantara: Chapter 1' for ₹110cr; beats Netflix,neutral,490.0,481.239990234375,494.1499938964844,478.0199890136719,4679000
2024-01-17,"Netflix’s ‘10DANCE’ live-action: Cast, plot, release date & all you need to know about BL manga film starring Keita Machida & Ryoma Takeuchi",positive,484.5,480.3299865722656,486.2099914550781,475.260009765625,4894600
2024-01-17,Stranger Things new trailer leaked by Netflix,negative,484.5,480.3299865722656,486.2099914550781,475.260009765625,4894600
2024-01-17,Netflix Baramulla trailer: Manav Kaul leads a supernatural mystery set in Kashmir,neutral,484.5,480.3299865722656,486.2099914550781,475.260009765625,4894600
2024-01-17,Join Stranger Things for One Last Adventure with These Global Fan Events,positive,484.5,480.3299865722656,486.2099914550781,475.260009765625,4894600
2024-01-17,Netflix Leans Into Success of 'KPop Demon Hunters' With New Hasbro and Mattel Partnerships. Is It Enough to Excite Investors?,positive,484.5,480.3299865722656,486.2099914550781,475.260009765625,4894600
2024-01-17,Geneseo haunting returns to spotlight in Netflix docuseries,negative,484.5,480.3299865722656,486.2099914550781,475.260009765625,4894600
2024-01-17,Geneseo haunting returns to spotlight in Netflix docuseries,negative,484.5,480.3299865722656,486.2099914550781,475.260009765625,4894600
2024-01-17,Netflix’s Nobody Wants This Filming Locations (2025-),neutral,484.5,480.3299865722656,486.2099914550781,475.260009765625,4894600
2024-01-17,Netflix Is Losing One of My Favorite Action Movies of the Last 10 Years,positive,484.5,480.3299865722656,486.2099914550781,475.260009765625,4894600
2024-01-17,Prime Video acquires 'Kantara: Chapter 1' for ₹110cr; beats Netflix,neutral,484.5,480.3299865722656,486.2099914550781,475.260009765625,4894600
2024-01-18,"Netflix’s ‘10DANCE’ live-action: Cast, plot, release date & all you need to know about BL manga film starring Keita Machida & Ryoma Takeuchi",positive,480.0299987792969,485.30999755859375,485.7699890136719,478.0199890136719,4054400
2024-01-18,Stranger Things new trailer leaked by Netflix,negative,480.0299987792969,485.30999755859375,485.7699890136719,478.0199890136719,4054400
2024-01-18,Netflix Baramulla trailer: Manav Kaul leads a supernatural mystery set in Kashmir,neutral,480.0299987792969,485.30999755859375,485.7699890136719,478.0199890136719,4054400
2024-01-18,Join Stranger Things for One Last Adventure with These Global Fan Events,positive,480.0299987792969,485.30999755859375,485.7699890136719,478.0199890136719,4054400
2024-01-18,Netflix Leans Into Success of 'KPop Demon Hunters' With New Hasbro and Mattel Partnerships. Is It Enough to Excite Investors?,positive,480.0299987792969,485.30999755859375,485.7699890136719,478.0199890136719,4054400
2024-01-18,Geneseo haunting returns to spotlight in Netflix docuseries,negative,480.0299987792969,485.30999755859375,485.7699890136719,478.0199890136719,4054400
2024-01-18,Geneseo haunting returns to spotlight in Netflix docuseries,negative,480.0299987792969,485.30999755859375,485.7699890136719,478.0199890136719,4054400
2024-01-18,Netflix’s Nobody Wants This Filming Locations (2025-),neutral,480.0299987792969,485.30999755859375,485.7699890136719,478.0199890136719,4054400
2024-01-18,Netflix Is Losing One of My Favorite Action Movies of the Last 10 Years,positive,480.0299987792969,485.30999755859375,485.7699890136719,478.0199890136719,4054400
2024-01-18,Prime Video acquires 'Kantara: Chapter 1' for ₹110cr; beats Netflix,neutral,480.0299987792969,485.30999755859375,485.7699890136719,478.0199890136719,4054400
2024-01-19,13 Best Football Movies and Shows on Netflix,positive,484.9800109863281,482.95001220703125,485.6700134277344,476.05999755859375,5672400
2024-01-19,"Netflix’s ‘10DANCE’ live-action: Cast, plot, release date & all you need to know about BL manga film starring Keita Machida & Ryoma Takeuchi",positive,484.9800109863281,482.95001220703125,485.6700134277344,476.05999755859375,5672400
2024-01-19,Stranger Things new trailer leaked by Netflix,negative,484.9800109863281,482.95001220703125,485.6700134277344,476.05999755859375,5672400
2024-01-19,Netflix Baramulla trailer: Manav Kaul leads a supernatural mystery set in Kashmir,neutral,484.9800109863281,482.95001220703125,485.6700134277344,476.05999755859375,5672400
2024-01-19,Join Stranger Things for One Last Adventure with These Global Fan Events,positive,484.9800109863281,482.95001220703125,485.6700134277344,476.05999755859375,5672400
2024-01-19,Netflix Leans Into Success of 'KPop Demon Hunters' With New Hasbro and Mattel Partnerships. Is It Enough to Excite Investors?,positive,484.9800109863281,482.95001220703125,485.6700134277344,476.05999755859375,5672400
2024-01-19,Geneseo haunting returns to spotlight in Netflix docuseries,negative,484.9800109863281,482.95001220703125,485.6700134277344,476.05999755859375,5672400
2024-01-19,Geneseo haunting returns to spotlight in Netflix docuseries,negative,484.9800109863281,482.95001220703125,485.6700134277344,476.05999755859375,5672400
2024-01-19,Netflix’s Nobody Wants This Filming Locations (2025-),neutral,484.9800109863281,482.95001220703125,485.6700134277344,476.05999755859375,5672400
2024-01-19,Netflix Is Losing One of My Favorite Action Movies of the Last 10 Years,positive,484.9800109863281,482.95001220703125,485.6700134277344,476.05999755859375,5672400
2024-01-22,13 Best Football Movies and Shows on Netflix,positive,487.54998779296875,485.7099914550781,489.79998779296875,479.8999938964844,5212300
2024-01-22,"Netflix’s ‘10DANCE’ live-action: Cast, plot, release date & all you need to know about BL manga film starring Keita Machida & Ryoma Takeuchi",positive,487.54998779296875,485.7099914550781,489.79998779296875,479.8999938964844,5212300
2024-01-22,Stranger Things new trailer leaked by Netflix,negative,487.54998779296875,485.7099914550781,489.79998779296875,479.8999938964844,5212300
2024-01-22,Netflix Baramulla trailer: Manav Kaul leads a supernatural mystery set in Kashmir,neutral,487.54998779296875,485.7099914550781,489.79998779296875,479.8999938964844,5212300
2024-01-22,Join Stranger Things for One Last Adventure with These Global Fan Events,positive,487.54998779296875,485.7099914550781,489.79998779296875,479.8999938964844,5212300
2024-01-22,Netflix Leans Into Success of 'KPop Demon Hunters' With New Hasbro and Mattel Partnerships. Is It Enough to Excite Investors?,positive,487.54998779296875,485.7099914550781,489.79998779296875,479.8999938964844,5212300
2024-01-22,Geneseo haunting returns to spotlight in Netflix docuseries,negative,487.54998779296875,485.7099914550781,489.79998779296875,479.8999938964844,5212300
2024-01-22,Geneseo haunting returns to spotlight in Netflix docuseries,negative,487.54998779296875,485.7099914550781,489.79998779296875,479.8999938964844,5212300
2024-01-22,Netflix’s Nobody Wants This Filming Locations (2025-),neutral,487.54998779296875,485.7099914550781,489.79998779296875,479.8999938964844,5212300
2024-01-22,Netflix Is Losing One of My Favorite Action Movies of the Last 10 Years,positive,487.54998779296875,485.7099914550781,489.79998779296875,479.8999938964844,5212300
2024-01-23,13 Best Football Movies and Shows on Netflix,positive,492.0,492.19000244140625,498.9599914550781,481.3999938964844,15506000
2024-01-23,"Netflix’s ‘10DANCE’ live-action: Cast, plot, release date & all you need to know about BL manga film starring Keita Machida & Ryoma Takeuchi",positive,492.0,492.19000244140625,498.9599914550781,481.3999938964844,15506000
2024-01-23,Stranger Things new trailer leaked by Netflix,negative,492.0,492.19000244140625,498.9599914550781,481.3999938964844,15506000
2024-01-23,Netflix Baramulla trailer: Manav Kaul leads a supernatural mystery set in Kashmir,neutral,492.0,492.19000244140625,498.9599914550781,481.3999938964844,15506000
2024-01-23,Join Stranger Things for One Last Adventure with These Global Fan Events,positive,492.0,492.19000244140625,498.9599914550781,481.3999938964844,15506000
2024-01-23,Netflix Leans Into Success of 'KPop Demon Hunters' With New Hasbro and Mattel Partnerships. Is It Enough to Excite Investors?,positive,492.0,492.19000244140625,498.9599914550781,481.3999938964844,15506000
2024-01-23,Geneseo haunting returns to spotlight in Netflix docuseries,negative,492.0,492.19000244140625,498.9599914550781,481.3999938964844,15506000
2024-01-23,Geneseo haunting returns to spotlight in Netflix docuseries,negative,492.0,492.19000244140625,498.9599914550781,481.3999938964844,15506000
2024-01-23,Netflix’s Nobody Wants This Filming Locations (2025-),neutral,492.0,492.19000244140625,498.9599914550781,481.3999938964844,15506000
2024-01-23,Netflix Is Losing One of My Favorite Action Movies of the Last 10 Years,positive,492.0,492.19000244140625,498.9599914550781,481.3999938964844,15506000
2024-01-24,13 Best Football Movies and Shows on Netflix,positive,537.75,544.8699951171875,562.5,537.0700073242188,26432800
2024-01-24,"Netflix’s ‘10DANCE’ live-action: Cast, plot, release date & all you need to know about BL manga film starring Keita Machida & Ryoma Takeuchi",positive,537.75,544.8699951171875,562.5,537.0700073242188,26432800
2024-01-24,Stranger Things new trailer leaked by Netflix,negative,537.75,544.8699951171875,562.5,537.0700073242188,26432800
2024-01-24,Netflix Baramulla trailer: Manav Kaul leads a supernatural mystery set in Kashmir,neutral,537.75,544.8699951171875,562.5,537.0700073242188,26432800
2024-01-24,Join Stranger Things for One Last Adventure with These Global Fan Events,positive,537.75,544.8699951171875,562.5,537.0700073242188,26432800
2024-01-24,Netflix Leans Into Success of 'KPop Demon Hunters' With New Hasbro and Mattel Partnerships. Is It Enough to Excite Investors?,positive,537.75,544.8699951171875,562.5,537.0700073242188,26432800
2024-01-24,Geneseo haunting returns to spotlight in Netflix docuseries,negative,537.75,544.8699951171875,562.5,537.0700073242188,26432800
2024-01-24,Geneseo haunting returns to spotlight in Netflix docuseries,negative,537.75,544.8699951171875,562.5,537.0700073242188,26432800
2024-01-24,Netflix’s Nobody Wants This Filming Locations (2025-),neutral,537.75,544.8699951171875,562.5,537.0700073242188,26432800
2024-01-24,Netflix Is Losing One of My Favorite Action Movies of the Last 10 Years,positive,537.75,544.8699951171875,562.5,537.0700073242188,26432800
2024-01-25,13 Best Football Movies and Shows on Netflix,positive,551.9500122070312,562.0,563.4600219726562,548.4600219726562,9451900
2024-01-25,"Netflix’s ‘10DANCE’ live-action: Cast, plot, release date & all you need to know about BL manga film starring Keita Machida & Ryoma Takeuchi",positive,551.9500122070312,562.0,563.4600219726562,548.4600219726562,9451900
2024-01-25,Stranger Things new trailer leaked by Netflix,negative,551.9500122070312,562.0,563.4600219726562,548.4600219726562,9451900
2024-01-25,Netflix Baramulla trailer: Manav Kaul leads a supernatural mystery set in Kashmir,neutral,551.9500122070312,562.0,563.4600219726562,548.4600219726562,9451900
2024-01-25,Join Stranger Things for One Last Adventure with These Global Fan Events,positive,551.9500122070312,562.0,563.4600219726562,548.4600219726562,9451900
2024-01-25,Netflix Leans Into Success of 'KPop Demon Hunters' With New Hasbro and Mattel Partnerships. Is It Enough to Excite Investors?,positive,551.9500122070312,562.0,563.4600219726562,548.4600219726562,9451900
2024-01-25,Geneseo haunting returns to spotlight in Netflix docuseries,negative,551.9500122070312,562.0,563.4600219726562,548.4600219726562,9451900
2024-01-25,Geneseo haunting returns to spotlight in Netflix docuseries,negative,551.9500122070312,562.0,563.4600219726562,548.4600219726562,9451900
2024-01-25,Netflix’s Nobody Wants This Filming Locations (2025-),neutral,551.9500122070312,562.0,563.4600219726562,548.4600219726562,9451900
2024-01-25,Netflix Is Losing One of My Favorite Action Movies of the Last 10 Years,positive,551.9500122070312,562.0,563.4600219726562,548.4600219726562,9451900
2024-01-26,13 Best Football Movies and Shows on Netflix,positive,561.8099975585938,570.4199829101562,579.6400146484375,558.4299926757812,12770600
2024-01-26,"Netflix’s ‘10DANCE’ live-action: Cast, plot, release date & all you need to know about BL manga film starring Keita Machida & Ryoma Takeuchi",positive,561.8099975585938,570.4199829101562,579.6400146484375,558.4299926757812,12770600
2024-01-26,Stranger Things new trailer leaked by Netflix,negative,561.8099975585938,570.4199829101562,579.6400146484375,558.4299926757812,12770600
2024-01-26,Netflix Baramulla trailer: Manav Kaul leads a supernatural mystery set in Kashmir,neutral,561.8099975585938,570.4199829101562,579.6400146484375,558.4299926757812,12770600
2024-01-26,Join Stranger Things for One Last Adventure with These Global Fan Events,positive,561.8099975585938,570.4199829101562,579.6400146484375,558.4299926757812,12770600
2024-01-26,Netflix Leans Into Success of 'KPop Demon Hunters' With New Hasbro and Mattel Partnerships. Is It Enough to Excite Investors?,positive,561.8099975585938,570.4199829101562,579.6400146484375,558.4299926757812,12770600
2024-01-26,Geneseo haunting returns to spotlight in Netflix docuseries,negative,561.8099975585938,570.4199829101562,579.6400146484375,558.4299926757812,12770600
2024-01-26,Geneseo haunting returns to spotlight in Netflix docuseries,negative,561.8099975585938,570.4199829101562,579.6400146484375,558.4299926757812,12770600
2024-01-26,Netflix’s Nobody Wants This Filming Locations (2025-),neutral,561.8099975585938,570.4199829101562,579.6400146484375,558.4299926757812,12770600
2024-01-26,Netflix Is Losing One of My Favorite Action Movies of the Last 10 Years,positive,561.8099975585938,570.4199829101562,579.6400146484375,558.4299926757812,12770600
2024-01-29,13 Best Football Movies and Shows on Netflix,positive,571.3499755859375,575.7899780273438,578.5499877929688,562.6799926757812,6905400
2024-01-29,"Netflix’s ‘10DANCE’ live-action: Cast, plot, release date & all you need to know about BL manga film starring Keita Machida & Ryoma Takeuchi",positive,571.3499755859375,575.7899780273438,578.5499877929688,562.6799926757812,6905400
2024-01-29,Stranger Things new trailer leaked by Netflix,negative,571.3499755859375,575.7899780273438,578.5499877929688,562.6799926757812,6905400
2024-01-29,Netflix Baramulla trailer: Manav Kaul leads a supernatural mystery set in Kashmir,neutral,571.3499755859375,575.7899780273438,578.5499877929688,562.6799926757812,6905400
2024-01-29,Join Stranger Things for One Last Adventure with These Global Fan Events,positive,571.3499755859375,575.7899780273438,578.5499877929688,562.6799926757812,6905400
2024-01-29,Netflix Leans Into Success of 'KPop Demon Hunters' With New Hasbro and Mattel Partnerships. Is It Enough to Excite Investors?,positive,571.3499755859375,575.7899780273438,578.5499877929688,562.6799926757812,6905400
2024-01-29,Geneseo haunting returns to spotlight in Netflix docuseries,negative,571.3499755859375,575.7899780273438,578.5499877929688,562.6799926757812,6905400
2024-01-29,Geneseo haunting returns to spotlight in Netflix docuseries,negative,571.3499755859375,575.7899780273438,578.5499877929688,562.6799926757812,6905400
2024-01-29,Netflix’s Nobody Wants This Filming Locations (2025-),neutral,571.3499755859375,575.7899780273438,578.5499877929688,562.6799926757812,6905400
2024-01-29,Netflix Is Losing One of My Favorite Action Movies of the Last 10 Years,positive,571.3499755859375,575.7899780273438,578.5499877929688,562.6799926757812,6905400
2024-01-30,13 Best Football Movies and Shows on Netflix,positive,567.3200073242188,562.8499755859375,570.8800048828125,560.8200073242188,6181800
2024-01-30,"Netflix’s ‘10DANCE’ live-action: Cast, plot, release date & all you need to know about BL manga film starring Keita Machida & Ryoma Takeuchi",positive,567.3200073242188,562.8499755859375,570.8800048828125,560.8200073242188,6181800
2024-01-30,Stranger Things new trailer leaked by Netflix,negative,567.3200073242188,562.8499755859375,570.8800048828125,560.8200073242188,6181800
2024-01-30,Netflix Baramulla trailer: Manav Kaul leads a supernatural mystery set in Kashmir,neutral,567.3200073242188,562.8499755859375,570.8800048828125,560.8200073242188,6181800
2024-01-30,Join Stranger Things for One Last Adventure with These Global Fan Events,positive,567.3200073242188,562.8499755859375,570.8800048828125,560.8200073242188,6181800
2024-01-30,Netflix Leans Into Success of 'KPop Demon Hunters' With New Hasbro and Mattel Partnerships. Is It Enough to Excite Investors?,positive,567.3200073242188,562.8499755859375,570.8800048828125,560.8200073242188,6181800
2024-01-30,Geneseo haunting returns to spotlight in Netflix docuseries,negative,567.3200073242188,562.8499755859375,570.8800048828125,560.8200073242188,6181800
2024-01-30,Geneseo haunting returns to spotlight in Netflix docuseries,negative,567.3200073242188,562.8499755859375,570.8800048828125,560.8200073242188,6181800
2024-01-30,Netflix’s Nobody Wants This Filming Locations (2025-),neutral,567.3200073242188,562.8499755859375,570.8800048828125,560.8200073242188,6181800
2024-01-30,Netflix Is Losing One of My Favorite Action Movies of the Last 10 Years,positive,567.3200073242188,562.8499755859375,570.8800048828125,560.8200073242188,6181800
2024-01-31,13 Best Football Movies and Shows on Netflix,positive,562.8499755859375,564.1099853515625,572.1500244140625,562.0399780273438,4857600
2024-01-31,Divya Khossla and Neil Nitin Mukesh’s ‘Ek Chatur Naar’ gears up for Netflix premiere on November 7,neutral,562.8499755859375,564.1099853515625,572.1500244140625,562.0399780273438,4857600
2024-01-31,"Netflix’s ‘10DANCE’ live-action: Cast, plot, release date & all you need to know about BL manga film starring Keita Machida & Ryoma Takeuchi",positive,562.8499755859375,564.1099853515625,572.1500244140625,562.0399780273438,4857600
2024-01-31,Stranger Things new trailer leaked by Netflix,negative,562.8499755859375,564.1099853515625,572.1500244140625,562.0399780273438,4857600
2024-01-31,Netflix Baramulla trailer: Manav Kaul leads a supernatural mystery set in Kashmir,neutral,562.8499755859375,564.1099853515625,572.1500244140625,562.0399780273438,4857600
2024-01-31,Join Stranger Things for One Last Adventure with These Global Fan Events,positive,562.8499755859375,564.1099853515625,572.1500244140625,562.0399780273438,4857600
2024-01-31,Netflix Leans Into Success of 'KPop Demon Hunters' With New Hasbro and Mattel Partnerships. Is It Enough to Excite Investors?,positive,562.8499755859375,564.1099853515625,572.1500244140625,562.0399780273438,4857600
2024-01-31,Geneseo haunting returns to spotlight in Netflix docuseries,negative,562.8499755859375,564.1099853515625,572.1500244140625,562.0399780273438,4857600
2024-01-31,Geneseo haunting returns to spotlight in Netflix docuseries,negative,562.8499755859375,564.1099853515625,572.1500244140625,562.0399780273438,4857600
2024-01-31,Netflix’s Nobody Wants This Filming Locations (2025-),neutral,562.8499755859375,564.1099853515625,572.1500244140625,562.0399780273438,4857600
2024-02-01,13 Best Football Movies and Shows on Netflix,positive,567.02001953125,567.510009765625,572.6599731445312,563.8300170898438,3174000
2024-02-01,Divya Khossla and Neil Nitin Mukesh’s ‘Ek Chatur Naar’ gears up for Netflix premiere on November 7,neutral,567.02001953125,567.510009765625,572.6599731445312,563.8300170898438,3174000
2024-02-01,"Netflix’s ‘10DANCE’ live-action: Cast, plot, release date & all you need to know about BL manga film starring Keita Machida & Ryoma Takeuchi",positive,567.02001953125,567.510009765625,572.6599731445312,563.8300170898438,3174000
2024-02-01,Stranger Things new trailer leaked by Netflix,negative,567.02001953125,567.510009765625,572.6599731445312,563.8300170898438,3174000
2024-02-01,Netflix Baramulla trailer: Manav Kaul leads a supernatural mystery set in Kashmir,neutral,567.02001953125,567.510009765625,572.6599731445312,563.8300170898438,3174000
2024-02-01,Join Stranger Things for One Last Adventure with These Global Fan Events,positive,567.02001953125,567.510009765625,572.6599731445312,563.8300170898438,3174000
2024-02-01,Netflix Leans Into Success of 'KPop Demon Hunters' With New Hasbro and Mattel Partnerships. Is It Enough to Excite Investors?,positive,567.02001953125,567.510009765625,572.6599731445312,563.8300170898438,3174000
2024-02-01,Geneseo haunting returns to spotlight in Netflix docuseries,negative,567.02001953125,567.510009765625,572.6599731445312,563.8300170898438,3174000
2024-02-01,Geneseo haunting returns to spotlight in Netflix docuseries,negative,567.02001953125,567.510009765625,572.6599731445312,563.8300170898438,3174000
2024-02-01,Netflix’s Nobody Wants This Filming Locations (2025-),neutral,567.02001953125,567.510009765625,572.6599731445312,563.8300170898438,3174000
2024-02-02,13 Best Football Movies and Shows on Netflix,positive,564.52001953125,564.6400146484375,567.7999877929688,562.3699951171875,4032800
2024-02-02,Divya Khossla and Neil Nitin Mukesh’s ‘Ek Chatur Naar’ gears up for Netflix premiere on November 7,neutral,564.52001953125,564.6400146484375,567.7999877929688,562.3699951171875,4032800
2024-02-02,"Netflix’s ‘10DANCE’ live-action: Cast, plot, release date & all you need to know about BL manga film starring Keita Machida & Ryoma Takeuchi",positive,564.52001953125,564.6400146484375,567.7999877929688,562.3699951171875,4032800
2024-02-02,Stranger Things new trailer leaked by Netflix,negative,564.52001953125,564.6400146484375,567.7999877929688,562.3699951171875,4032800
2024-02-02,Netflix Baramulla trailer: Manav Kaul leads a supernatural mystery set in Kashmir,neutral,564.52001953125,564.6400146484375,567.7999877929688,562.3699951171875,4032800
2024-02-02,Join Stranger Things for One Last Adventure with These Global Fan Events,positive,564.52001953125,564.6400146484375,567.7999877929688,562.3699951171875,4032800
2024-02-02,Netflix Leans Into Success of 'KPop Demon Hunters' With New Hasbro and Mattel Partnerships. Is It Enough to Excite Investors?,positive,564.52001953125,564.6400146484375,567.7999877929688,562.3699951171875,4032800
2024-02-02,Geneseo haunting returns to spotlight in Netflix docuseries,negative,564.52001953125,564.6400146484375,567.7999877929688,562.3699951171875,4032800
2024-02-02,Geneseo haunting returns to spotlight in Netflix docuseries,negative,564.52001953125,564.6400146484375,567.7999877929688,562.3699951171875,4032800
2024-02-02,Netflix’s Nobody Wants This Filming Locations (2025-),neutral,564.52001953125,564.6400146484375,567.7999877929688,562.3699951171875,4032800
2024-02-05,13 Best Football Movies and Shows on Netflix,positive,562.469970703125,562.0599975585938,575.75,557.2000122070312,4143100
2024-02-05,Divya Khossla and Neil Nitin Mukesh’s ‘Ek Chatur Naar’ gears up for Netflix premiere on November 7,neutral,562.469970703125,562.0599975585938,575.75,557.2000122070312,4143100
2024-02-05,"Netflix’s ‘10DANCE’ live-action: Cast, plot, release date & all you need to know about BL manga film starring Keita Machida & Ryoma Takeuchi",positive,562.469970703125,562.0599975585938,575.75,557.2000122070312,4143100
2024-02-05,Stranger Things new trailer leaked by Netflix,negative,562.469970703125,562.0599975585938,575.75,557.2000122070312,4143100
2024-02-05,Netflix Baramulla trailer: Manav Kaul leads a supernatural mystery set in Kashmir,neutral,562.469970703125,562.0599975585938,575.75,557.2000122070312,4143100
2024-02-05,Join Stranger Things for One Last Adventure with These Global Fan Events,positive,562.469970703125,562.0599975585938,575.75,557.2000122070312,4143100
2024-02-05,Netflix Leans Into Success of 'KPop Demon Hunters' With New Hasbro and Mattel Partnerships. Is It Enough to Excite Investors?,positive,562.469970703125,562.0599975585938,575.75,557.2000122070312,4143100
2024-02-05,Geneseo haunting returns to spotlight in Netflix docuseries,negative,562.469970703125,562.0599975585938,575.75,557.2000122070312,4143100
2024-02-05,Geneseo haunting returns to spotlight in Netflix docuseries,negative,562.469970703125,562.0599975585938,575.75,557.2000122070312,4143100
2024-02-05,Netflix’s Nobody Wants This Filming Locations (2025-),neutral,562.469970703125,562.0599975585938,575.75,557.2000122070312,4143100
2024-02-06,13 Best Football Movies and Shows on Netflix,positive,564.1199951171875,555.8800048828125,566.3400268554688,554.3699951171875,2840300
2024-02-06,Divya Khossla and Neil Nitin Mukesh’s ‘Ek Chatur Naar’ gears up for Netflix premiere on November 7,neutral,564.1199951171875,555.8800048828125,566.3400268554688,554.3699951171875,2840300
2024-02-06,"Netflix’s ‘10DANCE’ live-action: Cast, plot, release date & all you need to know about BL manga film starring Keita Machida & Ryoma Takeuchi",positive,564.1199951171875,555.8800048828125,566.3400268554688,554.3699951171875,2840300
2024-02-06,Stranger Things new trailer leaked by Netflix,negative,564.1199951171875,555.8800048828125,566.3400268554688,554.3699951171875,2840300
2024-02-06,Netflix Baramulla trailer: Manav Kaul leads a supernatural mystery set in Kashmir,neutral,564.1199951171875,555.8800048828125,566.3400268554688,554.3699951171875,2840300
2024-02-06,Join Stranger Things for One Last Adventure with These Global Fan Events,positive,564.1199951171875,555.8800048828125,566.3400268554688,554.3699951171875,2840300
2024-02-06,Netflix Leans Into Success of 'KPop Demon Hunters' With New Hasbro and Mattel Partnerships. Is It Enough to Excite Investors?,positive,564.1199951171875,555.8800048828125,566.3400268554688,554.3699951171875,2840300
2024-02-06,Geneseo haunting returns to spotlight in Netflix docuseries,negative,564.1199951171875,555.8800048828125,566.3400268554688,554.3699951171875,2840300
2024-02-06,Geneseo haunting returns to spotlight in Netflix docuseries,negative,564.1199951171875,555.8800048828125,566.3400268554688,554.3699951171875,2840300
2024-02-06,Netflix’s Nobody Wants This Filming Locations (2025-),neutral,564.1199951171875,555.8800048828125,566.3400268554688,554.3699951171875,2840300
2024-02-07,13 Best Football Movies and Shows on Netflix,positive,558.1599731445312,559.2999877929688,567.7999877929688,554.97998046875,4373600
2024-02-07,Divya Khossla and Neil Nitin Mukesh’s ‘Ek Chatur Naar’ gears up for Netflix premiere on November 7,neutral,558.1599731445312,559.2999877929688,567.7999877929688,554.97998046875,4373600
2024-02-07,"Netflix’s ‘10DANCE’ live-action: Cast, plot, release date & all you need to know about BL manga film starring Keita Machida & Ryoma Takeuchi",positive,558.1599731445312,559.2999877929688,567.7999877929688,554.97998046875,4373600
2024-02-07,Stranger Things new trailer leaked by Netflix,negative,558.1599731445312,559.2999877929688,567.7999877929688,554.97998046875,4373600
2024-02-07,Netflix Baramulla trailer: Manav Kaul leads a supernatural mystery set in Kashmir,neutral,558.1599731445312,559.2999877929688,567.7999877929688,554.97998046875,4373600
2024-02-07,Join Stranger Things for One Last Adventure with These Global Fan Events,positive,558.1599731445312,559.2999877929688,567.7999877929688,554.97998046875,4373600
2024-02-07,Netflix Leans Into Success of 'KPop Demon Hunters' With New Hasbro and Mattel Partnerships. Is It Enough to Excite Investors?,positive,558.1599731445312,559.2999877929688,567.7999877929688,554.97998046875,4373600
2024-02-07,Geneseo haunting returns to spotlight in Netflix docuseries,negative,558.1599731445312,559.2999877929688,567.7999877929688,554.97998046875,4373600
2024-02-07,Geneseo haunting returns to spotlight in Netflix docuseries,negative,558.1599731445312,559.2999877929688,567.7999877929688,554.97998046875,4373600
2024-02-07,Netflix’s Nobody Wants This Filming Locations (2025-),neutral,558.1599731445312,559.2999877929688,567.7999877929688,554.97998046875,4373600
2024-02-08,13 Best Football Movies and Shows on Netflix,positive,560.5499877929688,558.530029296875,563.7000122070312,555.739990234375,3175500
2024-02-08,Divya Khossla and Neil Nitin Mukesh’s ‘Ek Chatur Naar’ gears up for Netflix premiere on November 7,neutral,560.5499877929688,558.530029296875,563.7000122070312,555.739990234375,3175500
2024-02-08,"Netflix’s ‘10DANCE’ live-action: Cast, plot, release date & all you need to know about BL manga film starring Keita Machida & Ryoma Takeuchi",positive,560.5499877929688,558.530029296875,563.7000122070312,555.739990234375,3175500
2024-02-08,Stranger Things new trailer leaked by Netflix,negative,560.5499877929688,558.530029296875,563.7000122070312,555.739990234375,3175500
2024-02-08,Netflix Baramulla trailer: Manav Kaul leads a supernatural mystery set in Kashmir,neutral,560.5499877929688,558.530029296875,563.7000122070312,555.739990234375,3175500
2024-02-08,Join Stranger Things for One Last Adventure with These Global Fan Events,positive,560.5499877929688,558.530029296875,563.7000122070312,555.739990234375,3175500
2024-02-08,Netflix Leans Into Success of 'KPop Demon Hunters' With New Hasbro and Mattel Partnerships. Is It Enough to Excite Investors?,positive,560.5499877929688,558.530029296875,563.7000122070312,555.739990234375,3175500
2024-02-08,Geneseo haunting returns to spotlight in Netflix docuseries,negative,560.5499877929688,558.530029296875,563.7000122070312,555.739990234375,3175500
2024-02-08,Geneseo haunting returns to spotlight in Netflix docuseries,negative,560.5499877929688,558.530029296875,563.7000122070312,555.739990234375,3175500
2024-02-08,Netflix’s Nobody Wants This Filming Locations (2025-),neutral,560.5499877929688,558.530029296875,563.7000122070312,555.739990234375,3175500
2024-02-09,13 Best Football Movies and Shows on Netflix,positive,565.0,561.3200073242188,566.0,558.0999755859375,3055700
2024-02-09,Divya Khossla and Neil Nitin Mukesh’s ‘Ek Chatur Naar’ gears up for Netflix premiere on November 7,neutral,565.0,561.3200073242188,566.0,558.0999755859375,3055700
2024-02-09,"Netflix’s ‘10DANCE’ live-action: Cast, plot, release date & all you need to know about BL manga film starring Keita Machida & Ryoma Takeuchi",positive,565.0,561.3200073242188,566.0,558.0999755859375,3055700
2024-02-09,Stranger Things new trailer leaked by Netflix,negative,565.0,561.3200073242188,566.0,558.0999755859375,3055700
2024-02-09,Netflix Baramulla trailer: Manav Kaul leads a supernatural mystery set in Kashmir,neutral,565.0,561.3200073242188,566.0,558.0999755859375,3055700
2024-02-09,Join Stranger Things for One Last Adventure with These Global Fan Events,positive,565.0,561.3200073242188,566.0,558.0999755859375,3055700
2024-02-09,Netflix Leans Into Success of 'KPop Demon Hunters' With New Hasbro and Mattel Partnerships. Is It Enough to Excite Investors?,positive,565.0,561.3200073242188,566.0,558.0999755859375,3055700
2024-02-09,Geneseo haunting returns to spotlight in Netflix docuseries,negative,565.0,561.3200073242188,566.0,558.0999755859375,3055700
2024-02-09,Geneseo haunting returns to spotlight in Netflix docuseries,negative,565.0,561.3200073242188,566.0,558.0999755859375,3055700
2024-02-09,Netflix’s Nobody Wants This Filming Locations (2025-),neutral,565.0,561.3200073242188,566.0,558.0999755859375,3055700
2024-02-12,13 Best Football Movies and Shows on Netflix,positive,560.3599853515625,557.8499755859375,568.4400024414062,557.0,3608500
2024-02-12,Divya Khossla and Neil Nitin Mukesh’s ‘Ek Chatur Naar’ gears up for Netflix premiere on November 7,neutral,560.3599853515625,557.8499755859375,568.4400024414062,557.0,3608500
2024-02-12,"Netflix’s ‘10DANCE’ live-action: Cast, plot, release date & all you need to know about BL manga film starring Keita Machida & Ryoma Takeuchi",positive,560.3599853515625,557.8499755859375,568.4400024414062,557.0,3608500
2024-02-12,Stranger Things new trailer leaked by Netflix,negative,560.3599853515625,557.8499755859375,568.4400024414062,557.0,3608500
2024-02-12,Netflix Baramulla trailer: Manav Kaul leads a supernatural mystery set in Kashmir,neutral,560.3599853515625,557.8499755859375,568.4400024414062,557.0,3608500
2024-02-12,Join Stranger Things for One Last Adventure with These Global Fan Events,positive,560.3599853515625,557.8499755859375,568.4400024414062,557.0,3608500
2024-02-12,Netflix Leans Into Success of 'KPop Demon Hunters' With New Hasbro and Mattel Partnerships. Is It Enough to Excite Investors?,positive,560.3599853515625,557.8499755859375,568.4400024414062,557.0,3608500
2024-02-12,Geneseo haunting returns to spotlight in Netflix docuseries,negative,560.3599853515625,557.8499755859375,568.4400024414062,557.0,3608500
2024-02-12,Geneseo haunting returns to spotlight in Netflix docuseries,negative,560.3599853515625,557.8499755859375,568.4400024414062,557.0,3608500
2024-02-12,Netflix’s Nobody Wants This Filming Locations (2025-),neutral,560.3599853515625,557.8499755859375,568.4400024414062,557.0,3608500
2024-02-13,13 Best Football Movies and Shows on Netflix,positive,550.7999877929688,554.52001953125,559.2000122070312,549.0,3511500
2024-02-13,Divya Khossla and Neil Nitin Mukesh’s ‘Ek Chatur Naar’ gears up for Netflix premiere on November 7,neutral,550.7999877929688,554.52001953125,559.2000122070312,549.0,3511500
2024-02-13,"Netflix’s ‘10DANCE’ live-action: Cast, plot, release date & all you need to know about BL manga film starring Keita Machida & Ryoma Takeuchi",positive,550.7999877929688,554.52001953125,559.2000122070312,549.0,3511500
2024-02-13,Stranger Things new trailer leaked by Netflix,negative,550.7999877929688,554.52001953125,559.2000122070312,549.0,3511500
2024-02-13,Netflix Baramulla trailer: Manav Kaul leads a supernatural mystery set in Kashmir,neutral,550.7999877929688,554.52001953125,559.2000122070312,549.0,3511500
2024-02-13,Join Stranger Things for One Last Adventure with These Global Fan Events,positive,550.7999877929688,554.52001953125,559.2000122070312,549.0,3511500
2024-02-13,Netflix Leans Into Success of 'KPop Demon Hunters' With New Hasbro and Mattel Partnerships. Is It Enough to Excite Investors?,positive,550.7999877929688,554.52001953125,559.2000122070312,549.0,3511500
2024-02-13,Geneseo haunting returns to spotlight in Netflix docuseries,negative,550.7999877929688,554.52001953125,559.2000122070312,549.0,3511500
2024-02-13,Geneseo haunting returns to spotlight in Netflix docuseries,negative,550.7999877929688,554.52001953125,559.2000122070312,549.0,3511500
2024-02-13,Netflix’s Nobody Wants This Filming Locations (2025-),neutral,550.7999877929688,554.52001953125,559.2000122070312,549.0,3511500
2024-02-14,Netflix Confirms Stranger Things Season 5 Release Schedule Following Accidental Trailer Leak and Announcement of Worldwide Fan Events,negative,567.260009765625,579.3300170898438,581.25,564.3400268554688,5634200
2024-02-14,"Adam Driver to lead Netflix psychological thriller series Rabbit, Rabbit",positive,567.260009765625,579.3300170898438,581.25,564.3400268554688,5634200
2024-02-14,Netflix Documentary 'Aileen: Queen of the Serial Killers' Revisits the Case of Notorious Female Serial Killer Aileen Wuornos,negative,567.260009765625,579.3300170898438,581.25,564.3400268554688,5634200
2024-02-14,13 Best Football Movies and Shows on Netflix,positive,567.260009765625,579.3300170898438,581.25,564.3400268554688,5634200
2024-02-14,Divya Khossla and Neil Nitin Mukesh’s ‘Ek Chatur Naar’ gears up for Netflix premiere on November 7,neutral,567.260009765625,579.3300170898438,581.25,564.3400268554688,5634200
2024-02-14,"Netflix’s ‘10DANCE’ live-action: Cast, plot, release date & all you need to know about BL manga film starring Keita Machida & Ryoma Takeuchi",positive,567.260009765625,579.3300170898438,581.25,564.3400268554688,5634200
2024-02-14,Stranger Things new trailer leaked by Netflix,negative,567.260009765625,579.3300170898438,581.25,564.3400268554688,5634200
2024-02-14,Netflix Baramulla trailer: Manav Kaul leads a supernatural mystery set in Kashmir,neutral,567.260009765625,579.3300170898438,581.25,564.3400268554688,5634200
2024-02-14,Join Stranger Things for One Last Adventure with These Global Fan Events,positive,567.260009765625,579.3300170898438,581.25,564.3400268554688,5634200
2024-02-14,Netflix Leans Into Success of 'KPop Demon Hunters' With New Hasbro and Mattel Partnerships. Is It Enough to Excite Investors?,positive,567.260009765625,579.3300170898438,581.25,564.3400268554688,5634200
2024-02-15,Netflix Confirms Stranger Things Season 5 Release Schedule Following Accidental Trailer Leak and Announcement of Worldwide Fan Events,negative,581.9099731445312,593.4600219726562,593.77001953125,580.3200073242188,5220900
2024-02-15,"Adam Driver to lead Netflix psychological thriller series Rabbit, Rabbit",positive,581.9099731445312,593.4600219726562,593.77001953125,580.3200073242188,5220900
2024-02-15,Netflix Documentary 'Aileen: Queen of the Serial Killers' Revisits the Case of Notorious Female Serial Killer Aileen Wuornos,negative,581.9099731445312,593.4600219726562,593.77001953125,580.3200073242188,5220900
2024-02-15,13 Best Football Movies and Shows on Netflix,positive,581.9099731445312,593.4600219726562,593.77001953125,580.3200073242188,5220900
2024-02-15,Divya Khossla and Neil Nitin Mukesh’s ‘Ek Chatur Naar’ gears up for Netflix premiere on November 7,neutral,581.9099731445312,593.4600219726562,593.77001953125,580.3200073242188,5220900
2024-02-15,"Netflix’s ‘10DANCE’ live-action: Cast, plot, release date & all you need to know about BL manga film starring Keita Machida & Ryoma Takeuchi",positive,581.9099731445312,593.4600219726562,593.77001953125,580.3200073242188,5220900
2024-02-15,Stranger Things new trailer leaked by Netflix,negative,581.9099731445312,593.4600219726562,593.77001953125,580.3200073242188,5220900
2024-02-15,Netflix Baramulla trailer: Manav Kaul leads a supernatural mystery set in Kashmir,neutral,581.9099731445312,593.4600219726562,593.77001953125,580.3200073242188,5220900
2024-02-15,Join Stranger Things for One Last Adventure with These Global Fan Events,positive,581.9099731445312,593.4600219726562,593.77001953125,580.3200073242188,5220900
2024-02-15,Netflix Leans Into Success of 'KPop Demon Hunters' With New Hasbro and Mattel Partnerships. Is It Enough to Excite Investors?,positive,581.9099731445312,593.4600219726562,593.77001953125,580.3200073242188,5220900
2024-02-16,Netflix Confirms Stranger Things Season 5 Release Schedule Following Accidental Trailer Leak and Announcement of Worldwide Fan Events,negative,596.9500122070312,583.9500122070312,597.0,577.4600219726562,4325700
2024-02-16,"Adam Driver to lead Netflix psychological thriller series Rabbit, Rabbit",positive,596.9500122070312,583.9500122070312,597.0,577.4600219726562,4325700
2024-02-16,Netflix Documentary 'Aileen: Queen of the Serial Killers' Revisits the Case of Notorious Female Serial Killer Aileen Wuornos,negative,596.9500122070312,583.9500122070312,597.0,577.4600219726562,4325700
2024-02-16,13 Best Football Movies and Shows on Netflix,positive,596.9500122070312,583.9500122070312,597.0,577.4600219726562,4325700
2024-02-16,Divya Khossla and Neil Nitin Mukesh’s ‘Ek Chatur Naar’ gears up for Netflix premiere on November 7,neutral,596.9500122070312,583.9500122070312,597.0,577.4600219726562,4325700
2024-02-16,"Netflix’s ‘10DANCE’ live-action: Cast, plot, release date & all you need to know about BL manga film starring Keita Machida & Ryoma Takeuchi",positive,596.9500122070312,583.9500122070312,597.0,577.4600219726562,4325700
2024-02-16,Stranger Things new trailer leaked by Netflix,negative,596.9500122070312,583.9500122070312,597.0,577.4600219726562,4325700
2024-02-16,Netflix Baramulla trailer: Manav Kaul leads a supernatural mystery set in Kashmir,neutral,596.9500122070312,583.9500122070312,597.0,577.4600219726562,4325700
2024-02-16,Join Stranger Things for One Last Adventure with These Global Fan Events,positive,596.9500122070312,583.9500122070312,597.0,577.4600219726562,4325700
2024-02-16,Geneseo haunting returns to spotlight in Netflix docuseries,negative,596.9500122070312,583.9500122070312,597.0,577.4600219726562,4325700
2024-02-20,Netflix Confirms Stranger Things Season 5 Release Schedule Following Accidental Trailer Leak and Announcement of Worldwide Fan Events,negative,580.1799926757812,575.1300048828125,586.0,569.6599731445312,3124200
2024-02-20,"Adam Driver to lead Netflix psychological thriller series Rabbit, Rabbit",positive,580.1799926757812,575.1300048828125,586.0,569.6599731445312,3124200
2024-02-20,Netflix Documentary 'Aileen: Queen of the Serial Killers' Revisits the Case of Notorious Female Serial Killer Aileen Wuornos,negative,580.1799926757812,575.1300048828125,586.0,569.6599731445312,3124200
2024-02-20,13 Best Football Movies and Shows on Netflix,positive,580.1799926757812,575.1300048828125,586.0,569.6599731445312,3124200
2024-02-20,Divya Khossla and Neil Nitin Mukesh’s ‘Ek Chatur Naar’ gears up for Netflix premiere on November 7,neutral,580.1799926757812,575.1300048828125,586.0,569.6599731445312,3124200
2024-02-20,"Netflix’s ‘10DANCE’ live-action: Cast, plot, release date & all you need to know about BL manga film starring Keita Machida & Ryoma Takeuchi",positive,580.1799926757812,575.1300048828125,586.0,569.6599731445312,3124200
2024-02-20,Stranger Things new trailer leaked by Netflix,negative,580.1799926757812,575.1300048828125,586.0,569.6599731445312,3124200
2024-02-20,Netflix Baramulla trailer: Manav Kaul leads a supernatural mystery set in Kashmir,neutral,580.1799926757812,575.1300048828125,586.0,569.6599731445312,3124200
2024-02-20,Join Stranger Things for One Last Adventure with These Global Fan Events,positive,580.1799926757812,575.1300048828125,586.0,569.6599731445312,3124200
2024-02-20,Netflix Leans Into Success of 'KPop Demon Hunters' With New Hasbro and Mattel Partnerships. Is It Enough to Excite Investors?,positive,580.1799926757812,575.1300048828125,586.0,569.6599731445312,3124200
2024-02-21,Netflix Confirms Stranger Things Season 5 Release Schedule Following Accidental Trailer Leak and Announcement of Worldwide Fan Events,negative,573.510009765625,573.3499755859375,575.780029296875,567.3200073242188,2270600
2024-02-21,"Adam Driver to lead Netflix psychological thriller series Rabbit, Rabbit",positive,573.510009765625,573.3499755859375,575.780029296875,567.3200073242188,2270600
2024-02-21,Netflix Documentary 'Aileen: Queen of the Serial Killers' Revisits the Case of Notorious Female Serial Killer Aileen Wuornos,negative,573.510009765625,573.3499755859375,575.780029296875,567.3200073242188,2270600
2024-02-21,13 Best Football Movies and Shows on Netflix,positive,573.510009765625,573.3499755859375,575.780029296875,567.3200073242188,2270600
2024-02-21,Divya Khossla and Neil Nitin Mukesh’s ‘Ek Chatur Naar’ gears up for Netflix premiere on November 7,neutral,573.510009765625,573.3499755859375,575.780029296875,567.3200073242188,2270600
2024-02-21,"Netflix’s ‘10DANCE’ live-action: Cast, plot, release date & all you need to know about BL manga film starring Keita Machida & Ryoma Takeuchi",positive,573.510009765625,573.3499755859375,575.780029296875,567.3200073242188,2270600
2024-02-21,Stranger Things new trailer leaked by Netflix,negative,573.510009765625,573.3499755859375,575.780029296875,567.3200073242188,2270600
2024-02-21,Netflix Baramulla trailer: Manav Kaul leads a supernatural mystery set in Kashmir,neutral,573.510009765625,573.3499755859375,575.780029296875,567.3200073242188,2270600
2024-02-21,Join Stranger Things for One Last Adventure with These Global Fan Events,positive,573.510009765625,573.3499755859375,575.780029296875,567.3200073242188,2270600
2024-02-21,Netflix Leans Into Success of 'KPop Demon Hunters' With New Hasbro and Mattel Partnerships. Is It Enough to Excite Investors?,positive,573.510009765625,573.3499755859375,575.780029296875,567.3200073242188,2270600
2024-02-22,Netflix Confirms Stranger Things Season 5 Release Schedule Following Accidental Trailer Leak and Announcement of Worldwide Fan Events,negative,582.75,588.469970703125,590.8499755859375,578.8900146484375,3526600
2024-02-22,"Adam Driver to lead Netflix psychological thriller series Rabbit, Rabbit",positive,582.75,588.469970703125,590.8499755859375,578.8900146484375,3526600
2024-02-22,Netflix Documentary 'Aileen: Queen of the Serial Killers' Revisits the Case of Notorious Female Serial Killer Aileen Wuornos,negative,582.75,588.469970703125,590.8499755859375,578.8900146484375,3526600
2024-02-22,13 Best Football Movies and Shows on Netflix,positive,582.75,588.469970703125,590.8499755859375,578.8900146484375,3526600
2024-02-22,Divya Khossla and Neil Nitin Mukesh’s ‘Ek Chatur Naar’ gears up for Netflix premiere on November 7,neutral,582.75,588.469970703125,590.8499755859375,578.8900146484375,3526600
2024-02-22,"Netflix’s ‘10DANCE’ live-action: Cast, plot, release date & all you need to know about BL manga film starring Keita Machida & Ryoma Takeuchi",positive,582.75,588.469970703125,590.8499755859375,578.8900146484375,3526600
2024-02-22,Stranger Things new trailer leaked by Netflix,negative,582.75,588.469970703125,590.8499755859375,578.8900146484375,3526600
2024-02-22,Netflix Baramulla trailer: Manav Kaul leads a supernatural mystery set in Kashmir,neutral,582.75,588.469970703125,590.8499755859375,578.8900146484375,3526600
2024-02-22,Join Stranger Things for One Last Adventure with These Global Fan Events,positive,582.75,588.469970703125,590.8499755859375,578.8900146484375,3526600
2024-02-22,Netflix Leans Into Success of 'KPop Demon Hunters' With New Hasbro and Mattel Partnerships. Is It Enough to Excite Investors?,positive,582.75,588.469970703125,590.8499755859375,578.8900146484375,3526600
2024-02-23,Netflix Confirms Stranger Things Season 5 Release Schedule Following Accidental Trailer Leak and Announcement of Worldwide Fan Events,negative,586.4000244140625,583.5599975585938,592.4299926757812,579.8200073242188,2568900
2024-02-23,"Adam Driver to lead Netflix psychological thriller series Rabbit, Rabbit",positive,586.4000244140625,583.5599975585938,592.4299926757812,579.8200073242188,2568900
2024-02-23,Netflix Documentary 'Aileen: Queen of the Serial Killers' Revisits the Case of Notorious Female Serial Killer Aileen Wuornos,negative,586.4000244140625,583.5599975585938,592.4299926757812,579.8200073242188,2568900
2024-02-23,13 Best Football Movies and Shows on Netflix,positive,586.4000244140625,583.5599975585938,592.4299926757812,579.8200073242188,2568900
2024-02-23,Divya Khossla and Neil Nitin Mukesh’s ‘Ek Chatur Naar’ gears up for Netflix premiere on November 7,neutral,586.4000244140625,583.5599975585938,592.4299926757812,579.8200073242188,2568900
2024-02-23,"Netflix’s ‘10DANCE’ live-action: Cast, plot, release date & all you need to know about BL manga film starring Keita Machida & Ryoma Takeuchi",positive,586.4000244140625,583.5599975585938,592.4299926757812,579.8200073242188,2568900
2024-02-23,Stranger Things new trailer leaked by Netflix,negative,586.4000244140625,583.5599975585938,592.4299926757812,579.8200073242188,2568900
2024-02-23,Netflix Baramulla trailer: Manav Kaul leads a supernatural mystery set in Kashmir,neutral,586.4000244140625,583.5599975585938,592.4299926757812,579.8200073242188,2568900
2024-02-23,Join Stranger Things for One Last Adventure with These Global Fan Events,positive,586.4000244140625,583.5599975585938,592.4299926757812,579.8200073242188,2568900
2024-02-23,Netflix Leans Into Success of 'KPop Demon Hunters' With New Hasbro and Mattel Partnerships. Is It Enough to Excite Investors?,positive,586.4000244140625,583.5599975585938,592.4299926757812,579.8200073242188,2568900
2024-02-26,Netflix Confirms Stranger Things Season 5 Release Schedule Following Accidental Trailer Leak and Announcement of Worldwide Fan Events,negative,583.5599975585938,587.6500244140625,590.75,583.27001953125,2393700
2024-02-26,"Adam Driver to lead Netflix psychological thriller series Rabbit, Rabbit",positive,583.5599975585938,587.6500244140625,590.75,583.27001953125,2393700
2024-02-26,Netflix Documentary 'Aileen: Queen of the Serial Killers' Revisits the Case of Notorious Female Serial Killer Aileen Wuornos,negative,583.5599975585938,587.6500244140625,590.75,583.27001953125,2393700
2024-02-26,13 Best Football Movies and Shows on Netflix,positive,583.5599975585938,587.6500244140625,590.75,583.27001953125,2393700
2024-02-26,Divya Khossla and Neil Nitin Mukesh’s ‘Ek Chatur Naar’ gears up for Netflix premiere on November 7,neutral,583.5599975585938,587.6500244140625,590.75,583.27001953125,2393700
2024-02-26,"Netflix’s ‘10DANCE’ live-action: Cast, plot, release date & all you need to know about BL manga film starring Keita Machida & Ryoma Takeuchi",positive,583.5599975585938,587.6500244140625,590.75,583.27001953125,2393700
2024-02-26,Stranger Things new trailer leaked by Netflix,negative,583.5599975585938,587.6500244140625,590.75,583.27001953125,2393700
2024-02-26,Netflix Baramulla trailer: Manav Kaul leads a supernatural mystery set in Kashmir,neutral,583.5599975585938,587.6500244140625,590.75,583.27001953125,2393700
2024-02-26,Join Stranger Things for One Last Adventure with These Global Fan Events,positive,583.5599975585938,587.6500244140625,590.75,583.27001953125,2393700
2024-02-26,Netflix Leans Into Success of 'KPop Demon Hunters' With New Hasbro and Mattel Partnerships. Is It Enough to Excite Investors?,positive,583.5599975585938,587.6500244140625,590.75,583.27001953125,2393700
2024-02-27,Netflix Confirms Stranger Things Season 5 Release Schedule Following Accidental Trailer Leak and Announcement of Worldwide Fan Events,negative,595.0,601.6699829101562,605.3599853515625,592.3300170898438,4489400
2024-02-27,"Adam Driver to lead Netflix psychological thriller series Rabbit, Rabbit",positive,595.0,601.6699829101562,605.3599853515625,592.3300170898438,4489400
2024-02-27,Netflix Documentary 'Aileen: Queen of the Serial Killers' Revisits the Case of Notorious Female Serial Killer Aileen Wuornos,negative,595.0,601.6699829101562,605.3599853515625,592.3300170898438,4489400
2024-02-27,13 Best Football Movies and Shows on Netflix,positive,595.0,601.6699829101562,605.3599853515625,592.3300170898438,4489400
2024-02-27,Divya Khossla and Neil Nitin Mukesh’s ‘Ek Chatur Naar’ gears up for Netflix premiere on November 7,neutral,595.0,601.6699829101562,605.3599853515625,592.3300170898438,4489400
2024-02-27,"Netflix’s ‘10DANCE’ live-action: Cast, plot, release date & all you need to know about BL manga film starring Keita Machida & Ryoma Takeuchi",positive,595.0,601.6699829101562,605.3599853515625,592.3300170898438,4489400
2024-02-27,Stranger Things new trailer leaked by Netflix,negative,595.0,601.6699829101562,605.3599853515625,592.3300170898438,4489400
2024-02-27,Netflix Baramulla trailer: Manav Kaul leads a supernatural mystery set in Kashmir,neutral,595.0,601.6699829101562,605.3599853515625,592.3300170898438,4489400
2024-02-27,Join Stranger Things for One Last Adventure with These Global Fan Events,positive,595.0,601.6699829101562,605.3599853515625,592.3300170898438,4489400
2024-02-27,Netflix Leans Into Success of 'KPop Demon Hunters' With New Hasbro and Mattel Partnerships. Is It Enough to Excite Investors?,positive,595.0,601.6699829101562,605.3599853515625,592.3300170898438,4489400
2024-02-28,"In Netflix's 'Baramulla', Manav Kaul is a cop investigating child disappearances in Kashmir",neutral,595.7899780273438,596.47998046875,598.1699829101562,590.010009765625,2605200
2024-02-28,Netflix Confirms Stranger Things Season 5 Release Schedule Following Accidental Trailer Leak and Announcement of Worldwide Fan Events,negative,595.7899780273438,596.47998046875,598.1699829101562,590.010009765625,2605200
2024-02-28,Meghan Markle Onto Next Project Amid Strained Netflix Deal — Source,negative,595.7899780273438,596.47998046875,598.1699829101562,590.010009765625,2605200
2024-02-28,"Adam Driver to lead Netflix psychological thriller series Rabbit, Rabbit",positive,595.7899780273438,596.47998046875,598.1699829101562,590.010009765625,2605200
2024-02-28,Netflix Documentary 'Aileen: Queen of the Serial Killers' Revisits the Case of Notorious Female Serial Killer Aileen Wuornos,negative,595.7899780273438,596.47998046875,598.1699829101562,590.010009765625,2605200
2024-02-28,13 Best Football Movies and Shows on Netflix,positive,595.7899780273438,596.47998046875,598.1699829101562,590.010009765625,2605200
2024-02-28,Divya Khossla and Neil Nitin Mukesh’s ‘Ek Chatur Naar’ gears up for Netflix premiere on November 7,neutral,595.7899780273438,596.47998046875,598.1699829101562,590.010009765625,2605200
2024-02-28,"Netflix’s ‘10DANCE’ live-action: Cast, plot, release date & all you need to know about BL manga film starring Keita Machida & Ryoma Takeuchi",positive,595.7899780273438,596.47998046875,598.1699829101562,590.010009765625,2605200
2024-02-28,Stranger Things new trailer leaked by Netflix,negative,595.7899780273438,596.47998046875,598.1699829101562,590.010009765625,2605200
2024-02-28,Netflix Baramulla trailer: Manav Kaul leads a supernatural mystery set in Kashmir,neutral,595.7899780273438,596.47998046875,598.1699829101562,590.010009765625,2605200
2024-02-29,"In Netflix's 'Baramulla', Manav Kaul is a cop investigating child disappearances in Kashmir",neutral,604.25,602.9199829101562,604.52001953125,595.1599731445312,3572100
2024-02-29,Netflix Confirms Stranger Things Season 5 Release Schedule Following Accidental Trailer Leak and Announcement of Worldwide Fan Events,negative,604.25,602.9199829101562,604.52001953125,595.1599731445312,3572100
2024-02-29,Meghan Markle Onto Next Project Amid Strained Netflix Deal — Source,negative,604.25,602.9199829101562,604.52001953125,595.1599731445312,3572100
2024-02-29,"Adam Driver to lead Netflix psychological thriller series Rabbit, Rabbit",positive,604.25,602.9199829101562,604.52001953125,595.1599731445312,3572100
2024-02-29,Netflix Documentary 'Aileen: Queen of the Serial Killers' Revisits the Case of Notorious Female Serial Killer Aileen Wuornos,negative,604.25,602.9199829101562,604.52001953125,595.1599731445312,3572100
2024-02-29,13 Best Football Movies and Shows on Netflix,positive,604.25,602.9199829101562,604.52001953125,595.1599731445312,3572100
2024-02-29,Divya Khossla and Neil Nitin Mukesh’s ‘Ek Chatur Naar’ gears up for Netflix premiere on November 7,neutral,604.25,602.9199829101562,604.52001953125,595.1599731445312,3572100
2024-02-29,"Netflix’s ‘10DANCE’ live-action: Cast, plot, release date & all you need to know about BL manga film starring Keita Machida & Ryoma Takeuchi",positive,604.25,602.9199829101562,604.52001953125,595.1599731445312,3572100
2024-02-29,Stranger Things new trailer leaked by Netflix,negative,604.25,602.9199829101562,604.52001953125,595.1599731445312,3572100
2024-02-29,Netflix Baramulla trailer: Manav Kaul leads a supernatural mystery set in Kashmir,neutral,604.25,602.9199829101562,604.52001953125,595.1599731445312,3572100
2024-03-01,"In Netflix's 'Baramulla', Manav Kaul is a cop investigating child disappearances in Kashmir",neutral,599.8099975585938,619.3400268554688,620.280029296875,599.5,4270300
2024-03-01,Netflix Confirms Stranger Things Season 5 Release Schedule Following Accidental Trailer Leak and Announcement of Worldwide Fan Events,negative,599.8099975585938,619.3400268554688,620.280029296875,599.5,4270300
2024-03-01,Meghan Markle Onto Next Project Amid Strained Netflix Deal — Source,negative,599.8099975585938,619.3400268554688,620.280029296875,599.5,4270300
2024-03-01,"Adam Driver to lead Netflix psychological thriller series Rabbit, Rabbit",positive,599.8099975585938,619.3400268554688,620.280029296875,599.5,4270300
2024-03-01,Netflix Documentary 'Aileen: Queen of the Serial Killers' Revisits the Case of Notorious Female Serial Killer Aileen Wuornos,negative,599.8099975585938,619.3400268554688,620.280029296875,599.5,4270300
2024-03-01,13 Best Football Movies and Shows on Netflix,positive,599.8099975585938,619.3400268554688,620.280029296875,599.5,4270300
2024-03-01,Divya Khossla and Neil Nitin Mukesh’s ‘Ek Chatur Naar’ gears up for Netflix premiere on November 7,neutral,599.8099975585938,619.3400268554688,620.280029296875,599.5,4270300
2024-03-01,"Netflix’s ‘10DANCE’ live-action: Cast, plot, release date & all you need to know about BL manga film starring Keita Machida & Ryoma Takeuchi",positive,599.8099975585938,619.3400268554688,620.280029296875,599.5,4270300
2024-03-01,Stranger Things new trailer leaked by Netflix,negative,599.8099975585938,619.3400268554688,620.280029296875,599.5,4270300
2024-03-01,Netflix Baramulla trailer: Manav Kaul leads a supernatural mystery set in Kashmir,neutral,599.8099975585938,619.3400268554688,620.280029296875,599.5,4270300
2024-03-04,"In Netflix's 'Baramulla', Manav Kaul is a cop investigating child disappearances in Kashmir",neutral,621.5599975585938,615.8300170898438,624.4199829101562,615.0800170898438,3020300
2024-03-04,Netflix Confirms Stranger Things Season 5 Release Schedule Following Accidental Trailer Leak and Announcement of Worldwide Fan Events,negative,621.5599975585938,615.8300170898438,624.4199829101562,615.0800170898438,3020300
2024-03-04,Meghan Markle Onto Next Project Amid Strained Netflix Deal — Source,negative,621.5599975585938,615.8300170898438,624.4199829101562,615.0800170898438,3020300
2024-03-04,"Adam Driver to lead Netflix psychological thriller series Rabbit, Rabbit",positive,621.5599975585938,615.8300170898438,624.4199829101562,615.0800170898438,3020300
2024-03-04,Netflix Documentary 'Aileen: Queen of the Serial Killers' Revisits the Case of Notorious Female Serial Killer Aileen Wuornos,negative,621.5599975585938,615.8300170898438,624.4199829101562,615.0800170898438,3020300
2024-03-04,13 Best Football Movies and Shows on Netflix,positive,621.5599975585938,615.8300170898438,624.4199829101562,615.0800170898438,3020300
2024-03-04,Divya Khossla and Neil Nitin Mukesh’s ‘Ek Chatur Naar’ gears up for Netflix premiere on November 7,neutral,621.5599975585938,615.8300170898438,624.4199829101562,615.0800170898438,3020300
2024-03-04,"Netflix’s ‘10DANCE’ live-action: Cast, plot, release date & all you need to know about BL manga film starring Keita Machida & Ryoma Takeuchi",positive,621.5599975585938,615.8300170898438,624.4199829101562,615.0800170898438,3020300
2024-03-04,Stranger Things new trailer leaked by Netflix,negative,621.5599975585938,615.8300170898438,624.4199829101562,615.0800170898438,3020300
2024-03-04,Netflix Baramulla trailer: Manav Kaul leads a supernatural mystery set in Kashmir,neutral,621.5599975585938,615.8300170898438,624.4199829101562,615.0800170898438,3020300
2024-03-05,"In Netflix's 'Baramulla', Manav Kaul is a cop investigating child disappearances in Kashmir",neutral,610.0999755859375,598.5,610.9099731445312,592.0,3849600
2024-03-05,Netflix Confirms Stranger Things Season 5 Release Schedule Following Accidental Trailer Leak and Announcement of Worldwide Fan Events,negative,610.0999755859375,598.5,610.9099731445312,592.0,3849600
2024-03-05,Meghan Markle Onto Next Project Amid Strained Netflix Deal — Source,negative,610.0999755859375,598.5,610.9099731445312,592.0,3849600
2024-03-05,"Adam Driver to lead Netflix psychological thriller series Rabbit, Rabbit",positive,610.0999755859375,598.5,610.9099731445312,592.0,3849600
2024-03-05,Netflix Documentary 'Aileen: Queen of the Serial Killers' Revisits the Case of Notorious Female Serial Killer Aileen Wuornos,negative,610.0999755859375,598.5,610.9099731445312,592.0,3849600
2024-03-05,13 Best Football Movies and Shows on Netflix,positive,610.0999755859375,598.5,610.9099731445312,592.0,3849600
2024-03-05,Divya Khossla and Neil Nitin Mukesh’s ‘Ek Chatur Naar’ gears up for Netflix premiere on November 7,neutral,610.0999755859375,598.5,610.9099731445312,592.0,3849600
2024-03-05,"Netflix’s ‘10DANCE’ live-action: Cast, plot, release date & all you need to know about BL manga film starring Keita Machida & Ryoma Takeuchi",positive,610.0999755859375,598.5,610.9099731445312,592.0,3849600
2024-03-05,Stranger Things new trailer leaked by Netflix,negative,610.0999755859375,598.5,610.9099731445312,592.0,3849600
2024-03-05,Netflix Baramulla trailer: Manav Kaul leads a supernatural mystery set in Kashmir,neutral,610.0999755859375,598.5,610.9099731445312,592.0,3849600
2024-03-06,"In Netflix's 'Baramulla', Manav Kaul is a cop investigating child disappearances in Kashmir",neutral,602.989990234375,597.6900024414062,607.9299926757812,593.5599975585938,2469600
2024-03-06,Netflix Confirms Stranger Things Season 5 Release Schedule Following Accidental Trailer Leak and Announcement of Worldwide Fan Events,negative,602.989990234375,597.6900024414062,607.9299926757812,593.5599975585938,2469600
2024-03-06,Meghan Markle Onto Next Project Amid Strained Netflix Deal — Source,negative,602.989990234375,597.6900024414062,607.9299926757812,593.5599975585938,2469600
2024-03-06,"Adam Driver to lead Netflix psychological thriller series Rabbit, Rabbit",positive,602.989990234375,597.6900024414062,607.9299926757812,593.5599975585938,2469600
2024-03-06,Netflix Documentary 'Aileen: Queen of the Serial Killers' Revisits the Case of Notorious Female Serial Killer Aileen Wuornos,negative,602.989990234375,597.6900024414062,607.9299926757812,593.5599975585938,2469600
2024-03-06,13 Best Football Movies and Shows on Netflix,positive,602.989990234375,597.6900024414062,607.9299926757812,593.5599975585938,2469600
2024-03-06,Divya Khossla and Neil Nitin Mukesh’s ‘Ek Chatur Naar’ gears up for Netflix premiere on November 7,neutral,602.989990234375,597.6900024414062,607.9299926757812,593.5599975585938,2469600
2024-03-06,"Netflix’s ‘10DANCE’ live-action: Cast, plot, release date & all you need to know about BL manga film starring Keita Machida & Ryoma Takeuchi",positive,602.989990234375,597.6900024414062,607.9299926757812,593.5599975585938,2469600
2024-03-06,Stranger Things new trailer leaked by Netflix,negative,602.989990234375,597.6900024414062,607.9299926757812,593.5599975585938,2469600
2024-03-06,Netflix Baramulla trailer: Manav Kaul leads a supernatural mystery set in Kashmir,neutral,602.989990234375,597.6900024414062,607.9299926757812,593.5599975585938,2469600
2024-03-07,"In Netflix's 'Baramulla', Manav Kaul is a cop investigating child disappearances in Kashmir",neutral,599.3400268554688,608.510009765625,610.530029296875,595.9000244140625,2742800
2024-03-07,Netflix Confirms Stranger Things Season 5 Release Schedule Following Accidental Trailer Leak and Announcement of Worldwide Fan Events,negative,599.3400268554688,608.510009765625,610.530029296875,595.9000244140625,2742800
2024-03-07,Meghan Markle Onto Next Project Amid Strained Netflix Deal — Source,negative,599.3400268554688,608.510009765625,610.530029296875,595.9000244140625,2742800
2024-03-07,"Adam Driver to lead Netflix psychological thriller series Rabbit, Rabbit",positive,599.3400268554688,608.510009765625,610.530029296875,595.9000244140625,2742800
2024-03-07,Netflix Documentary 'Aileen: Queen of the Serial Killers' Revisits the Case of Notorious Female Serial Killer Aileen Wuornos,negative,599.3400268554688,608.510009765625,610.530029296875,595.9000244140625,2742800
2024-03-07,13 Best Football Movies and Shows on Netflix,positive,599.3400268554688,608.510009765625,610.530029296875,595.9000244140625,2742800
2024-03-07,Divya Khossla and Neil Nitin Mukesh’s ‘Ek Chatur Naar’ gears up for Netflix premiere on November 7,neutral,599.3400268554688,608.510009765625,610.530029296875,595.9000244140625,2742800
2024-03-07,"Netflix’s ‘10DANCE’ live-action: Cast, plot, release date & all you need to know about BL manga film starring Keita Machida & Ryoma Takeuchi",positive,599.3400268554688,608.510009765625,610.530029296875,595.9000244140625,2742800
2024-03-07,Stranger Things new trailer leaked by Netflix,negative,599.3400268554688,608.510009765625,610.530029296875,595.9000244140625,2742800
2024-03-07,Netflix Baramulla trailer: Manav Kaul leads a supernatural mystery set in Kashmir,neutral,599.3400268554688,608.510009765625,610.530029296875,595.9000244140625,2742800
2024-03-08,"In Netflix's 'Baramulla', Manav Kaul is a cop investigating child disappearances in Kashmir",neutral,608.27001953125,604.8200073242188,616.0900268554688,600.8400268554688,2777200
2024-03-08,Netflix Confirms Stranger Things Season 5 Release Schedule Following Accidental Trailer Leak and Announcement of Worldwide Fan Events,negative,608.27001953125,604.8200073242188,616.0900268554688,600.8400268554688,2777200
2024-03-08,Meghan Markle Onto Next Project Amid Strained Netflix Deal — Source,negative,608.27001953125,604.8200073242188,616.0900268554688,600.8400268554688,2777200
2024-03-08,"Adam Driver to lead Netflix psychological thriller series Rabbit, Rabbit",positive,608.27001953125,604.8200073242188,616.0900268554688,600.8400268554688,2777200
2024-03-08,Netflix Documentary 'Aileen: Queen of the Serial Killers' Revisits the Case of Notorious Female Serial Killer Aileen Wuornos,negative,608.27001953125,604.8200073242188,616.0900268554688,600.8400268554688,2777200
2024-03-08,13 Best Football Movies and Shows on Netflix,positive,608.27001953125,604.8200073242188,616.0900268554688,600.8400268554688,2777200
2024-03-08,Divya Khossla and Neil Nitin Mukesh’s ‘Ek Chatur Naar’ gears up for Netflix premiere on November 7,neutral,608.27001953125,604.8200073242188,616.0900268554688,600.8400268554688,2777200
2024-03-08,"Netflix’s ‘10DANCE’ live-action: Cast, plot, release date & all you need to know about BL manga film starring Keita Machida & Ryoma Takeuchi",positive,608.27001953125,604.8200073242188,616.0900268554688,600.8400268554688,2777200
2024-03-08,Stranger Things new trailer leaked by Netflix,negative,608.27001953125,604.8200073242188,616.0900268554688,600.8400268554688,2777200
2024-03-08,Netflix Baramulla trailer: Manav Kaul leads a supernatural mystery set in Kashmir,neutral,608.27001953125,604.8200073242188,616.0900268554688,600.8400268554688,2777200
2024-03-11,"In Netflix's 'Baramulla', Manav Kaul is a cop investigating child disappearances in Kashmir",neutral,608.0800170898438,600.9299926757812,611.0,600.3699951171875,2500900
2024-03-11,Netflix Confirms Stranger Things Season 5 Release Schedule Following Accidental Trailer Leak and Announcement of Worldwide Fan Events,negative,608.0800170898438,600.9299926757812,611.0,600.3699951171875,2500900
2024-03-11,Meghan Markle Onto Next Project Amid Strained Netflix Deal — Source,negative,608.0800170898438,600.9299926757812,611.0,600.3699951171875,2500900
2024-03-11,"Adam Driver to lead Netflix psychological thriller series Rabbit, Rabbit",positive,608.0800170898438,600.9299926757812,611.0,600.3699951171875,2500900
2024-03-11,Netflix Documentary 'Aileen: Queen of the Serial Killers' Revisits the Case of Notorious Female Serial Killer Aileen Wuornos,negative,608.0800170898438,600.9299926757812,611.0,600.3699951171875,2500900
2024-03-11,13 Best Football Movies and Shows on Netflix,positive,608.0800170898438,600.9299926757812,611.0,600.3699951171875,2500900
2024-03-11,Divya Khossla and Neil Nitin Mukesh’s ‘Ek Chatur Naar’ gears up for Netflix premiere on November 7,neutral,608.0800170898438,600.9299926757812,611.0,600.3699951171875,2500900
2024-03-11,"Netflix’s ‘10DANCE’ live-action: Cast, plot, release date & all you need to know about BL manga film starring Keita Machida & Ryoma Takeuchi",positive,608.0800170898438,600.9299926757812,611.0,600.3699951171875,2500900
2024-03-11,Stranger Things new trailer leaked by Netflix,negative,608.0800170898438,600.9299926757812,611.0,600.3699951171875,2500900
2024-03-11,Netflix Baramulla trailer: Manav Kaul leads a supernatural mystery set in Kashmir,neutral,608.0800170898438,600.9299926757812,611.0,600.3699951171875,2500900
2024-03-12,‘Stranger Things 5’ Trailer Accidentally Leaked by Netflix? Fans Go Wild After Brief Appearance Online,negative,600.2100219726562,611.0800170898438,615.2999877929688,596.27001953125,2821600
2024-03-12,"In Netflix's 'Baramulla', Manav Kaul is a cop investigating child disappearances in Kashmir",neutral,600.2100219726562,611.0800170898438,615.2999877929688,596.27001953125,2821600
2024-03-12,Netflix Confirms Stranger Things Season 5 Release Schedule Following Accidental Trailer Leak and Announcement of Worldwide Fan Events,negative,600.2100219726562,611.0800170898438,615.2999877929688,596.27001953125,2821600
2024-03-12,Meghan Markle Onto Next Project Amid Strained Netflix Deal — Source,negative,600.2100219726562,611.0800170898438,615.2999877929688,596.27001953125,2821600
2024-03-12,"Adam Driver to lead Netflix psychological thriller series Rabbit, Rabbit",positive,600.2100219726562,611.0800170898438,615.2999877929688,596.27001953125,2821600
2024-03-12,Netflix Documentary 'Aileen: Queen of the Serial Killers' Revisits the Case of Notorious Female Serial Killer Aileen Wuornos,negative,600.2100219726562,611.0800170898438,615.2999877929688,596.27001953125,2821600
2024-03-12,13 Best Football Movies and Shows on Netflix,positive,600.2100219726562,611.0800170898438,615.2999877929688,596.27001953125,2821600
2024-03-12,Divya Khossla and Neil Nitin Mukesh’s ‘Ek Chatur Naar’ gears up for Netflix premiere on November 7,neutral,600.2100219726562,611.0800170898438,615.2999877929688,596.27001953125,2821600
2024-03-12,"Netflix’s ‘10DANCE’ live-action: Cast, plot, release date & all you need to know about BL manga film starring Keita Machida & Ryoma Takeuchi",positive,600.2100219726562,611.0800170898438,615.2999877929688,596.27001953125,2821600
2024-03-12,Stranger Things new trailer leaked by Netflix,negative,600.2100219726562,611.0800170898438,615.2999877929688,596.27001953125,2821600
2024-03-13,‘Stranger Things 5’ Trailer Accidentally Leaked by Netflix? Fans Go Wild After Brief Appearance Online,negative,613.3699951171875,609.4500122070312,614.8499755859375,607.2100219726562,2192100
2024-03-13,"In Netflix's 'Baramulla', Manav Kaul is a cop investigating child disappearances in Kashmir",neutral,613.3699951171875,609.4500122070312,614.8499755859375,607.2100219726562,2192100
2024-03-13,Netflix Confirms Stranger Things Season 5 Release Schedule Following Accidental Trailer Leak and Announcement of Worldwide Fan Events,negative,613.3699951171875,609.4500122070312,614.8499755859375,607.2100219726562,2192100
2024-03-13,Meghan Markle Onto Next Project Amid Strained Netflix Deal — Source,negative,613.3699951171875,609.4500122070312,614.8499755859375,607.2100219726562,2192100
2024-03-13,"Adam Driver to lead Netflix psychological thriller series Rabbit, Rabbit",positive,613.3699951171875,609.4500122070312,614.8499755859375,607.2100219726562,2192100
2024-03-13,Netflix Documentary 'Aileen: Queen of the Serial Killers' Revisits the Case of Notorious Female Serial Killer Aileen Wuornos,negative,613.3699951171875,609.4500122070312,614.8499755859375,607.2100219726562,2192100
2024-03-13,13 Best Football Movies and Shows on Netflix,positive,613.3699951171875,609.4500122070312,614.8499755859375,607.2100219726562,2192100
2024-03-13,Divya Khossla and Neil Nitin Mukesh’s ‘Ek Chatur Naar’ gears up for Netflix premiere on November 7,neutral,613.3699951171875,609.4500122070312,614.8499755859375,607.2100219726562,2192100
2024-03-13,"Netflix’s ‘10DANCE’ live-action: Cast, plot, release date & all you need to know about BL manga film starring Keita Machida & Ryoma Takeuchi",positive,613.3699951171875,609.4500122070312,614.8499755859375,607.2100219726562,2192100
2024-03-13,Stranger Things new trailer leaked by Netflix,negative,613.3699951171875,609.4500122070312,614.8499755859375,607.2100219726562,2192100
2024-03-14,‘Stranger Things 5’ Trailer Accidentally Leaked by Netflix? Fans Go Wild After Brief Appearance Online,negative,615.0,613.010009765625,620.7999877929688,607.3499755859375,3120500
2024-03-14,"In Netflix's 'Baramulla', Manav Kaul is a cop investigating child disappearances in Kashmir",neutral,615.0,613.010009765625,620.7999877929688,607.3499755859375,3120500
2024-03-14,Netflix Confirms Stranger Things Season 5 Release Schedule Following Accidental Trailer Leak and Announcement of Worldwide Fan Events,negative,615.0,613.010009765625,620.7999877929688,607.3499755859375,3120500
2024-03-14,Meghan Markle Onto Next Project Amid Strained Netflix Deal — Source,negative,615.0,613.010009765625,620.7999877929688,607.3499755859375,3120500
2024-03-14,"Adam Driver to lead Netflix psychological thriller series Rabbit, Rabbit",positive,615.0,613.010009765625,620.7999877929688,607.3499755859375,3120500
2024-03-14,Netflix Documentary 'Aileen: Queen of the Serial Killers' Revisits the Case of Notorious Female Serial Killer Aileen Wuornos,negative,615.0,613.010009765625,620.7999877929688,607.3499755859375,3120500
2024-03-14,13 Best Football Movies and Shows on Netflix,positive,615.0,613.010009765625,620.7999877929688,607.3499755859375,3120500
2024-03-14,Divya Khossla and Neil Nitin Mukesh’s ‘Ek Chatur Naar’ gears up for Netflix premiere on November 7,neutral,615.0,613.010009765625,620.7999877929688,607.3499755859375,3120500
2024-03-14,"Netflix’s ‘10DANCE’ live-action: Cast, plot, release date & all you need to know about BL manga film starring Keita Machida & Ryoma Takeuchi",positive,615.0,613.010009765625,620.7999877929688,607.3499755859375,3120500
2024-03-14,Stranger Things new trailer leaked by Netflix,negative,615.0,613.010009765625,620.7999877929688,607.3499755859375,3120500
2024-03-15,‘Stranger Things 5’ Trailer Accidentally Leaked by Netflix? Fans Go Wild After Brief Appearance Online,negative,622.9199829101562,605.8800048828125,622.9199829101562,603.8200073242188,6671600
2024-03-15,"In Netflix's 'Baramulla', Manav Kaul is a cop investigating child disappearances in Kashmir",neutral,622.9199829101562,605.8800048828125,622.9199829101562,603.8200073242188,6671600
2024-03-15,Netflix Confirms Stranger Things Season 5 Release Schedule Following Accidental Trailer Leak and Announcement of Worldwide Fan Events,negative,622.9199829101562,605.8800048828125,622.9199829101562,603.8200073242188,6671600
2024-03-15,Meghan Markle Onto Next Project Amid Strained Netflix Deal — Source,negative,622.9199829101562,605.8800048828125,622.9199829101562,603.8200073242188,6671600
2024-03-15,"Adam Driver to lead Netflix psychological thriller series Rabbit, Rabbit",positive,622.9199829101562,605.8800048828125,622.9199829101562,603.8200073242188,6671600
2024-03-15,Netflix Documentary 'Aileen: Queen of the Serial Killers' Revisits the Case of Notorious Female Serial Killer Aileen Wuornos,negative,622.9199829101562,605.8800048828125,622.9199829101562,603.8200073242188,6671600
2024-03-15,13 Best Football Movies and Shows on Netflix,positive,622.9199829101562,605.8800048828125,622.9199829101562,603.8200073242188,6671600
2024-03-15,Divya Khossla and Neil Nitin Mukesh’s ‘Ek Chatur Naar’ gears up for Netflix premiere on November 7,neutral,622.9199829101562,605.8800048828125,622.9199829101562,603.8200073242188,6671600
2024-03-15,"Netflix’s ‘10DANCE’ live-action: Cast, plot, release date & all you need to know about BL manga film starring Keita Machida & Ryoma Takeuchi",positive,622.9199829101562,605.8800048828125,622.9199829101562,603.8200073242188,6671600
2024-03-15,Stranger Things new trailer leaked by Netflix,negative,622.9199829101562,605.8800048828125,622.9199829101562,603.8200073242188,6671600
2024-03-18,‘Stranger Things 5’ Trailer Accidentally Leaked by Netflix? Fans Go Wild After Brief Appearance Online,negative,613.5599975585938,618.3900146484375,627.4099731445312,610.4500122070312,3344200
2024-03-18,"In Netflix's 'Baramulla', Manav Kaul is a cop investigating child disappearances in Kashmir",neutral,613.5599975585938,618.3900146484375,627.4099731445312,610.4500122070312,3344200
2024-03-18,Netflix Confirms Stranger Things Season 5 Release Schedule Following Accidental Trailer Leak and Announcement of Worldwide Fan Events,negative,613.5599975585938,618.3900146484375,627.4099731445312,610.4500122070312,3344200
2024-03-18,Meghan Markle Onto Next Project Amid Strained Netflix Deal — Source,negative,613.5599975585938,618.3900146484375,627.4099731445312,610.4500122070312,3344200
2024-03-18,"Adam Driver to lead Netflix psychological thriller series Rabbit, Rabbit",positive,613.5599975585938,618.3900146484375,627.4099731445312,610.4500122070312,3344200
2024-03-18,Netflix Documentary 'Aileen: Queen of the Serial Killers' Revisits the Case of Notorious Female Serial Killer Aileen Wuornos,negative,613.5599975585938,618.3900146484375,627.4099731445312,610.4500122070312,3344200
2024-03-18,13 Best Football Movies and Shows on Netflix,positive,613.5599975585938,618.3900146484375,627.4099731445312,610.4500122070312,3344200
2024-03-18,Divya Khossla and Neil Nitin Mukesh’s ‘Ek Chatur Naar’ gears up for Netflix premiere on November 7,neutral,613.5599975585938,618.3900146484375,627.4099731445312,610.4500122070312,3344200
2024-03-18,"Netflix’s ‘10DANCE’ live-action: Cast, plot, release date & all you need to know about BL manga film starring Keita Machida & Ryoma Takeuchi",positive,613.5599975585938,618.3900146484375,627.4099731445312,610.4500122070312,3344200
2024-03-18,Stranger Things new trailer leaked by Netflix,negative,613.5599975585938,618.3900146484375,627.4099731445312,610.4500122070312,3344200
2024-03-19,‘Stranger Things 5’ Trailer Accidentally Leaked by Netflix? Fans Go Wild After Brief Appearance Online,negative,615.6199951171875,620.739990234375,621.280029296875,608.0,2142600
2024-03-19,"In Netflix's 'Baramulla', Manav Kaul is a cop investigating child disappearances in Kashmir",neutral,615.6199951171875,620.739990234375,621.280029296875,608.0,2142600
2024-03-19,Netflix Confirms Stranger Things Season 5 Release Schedule Following Accidental Trailer Leak and Announcement of Worldwide Fan Events,negative,615.6199951171875,620.739990234375,621.280029296875,608.0,2142600
2024-03-19,Meghan Markle Onto Next Project Amid Strained Netflix Deal — Source,negative,615.6199951171875,620.739990234375,621.280029296875,608.0,2142600
2024-03-19,"Adam Driver to lead Netflix psychological thriller series Rabbit, Rabbit",positive,615.6199951171875,620.739990234375,621.280029296875,608.0,2142600
2024-03-19,Netflix Documentary 'Aileen: Queen of the Serial Killers' Revisits the Case of Notorious Female Serial Killer Aileen Wuornos,negative,615.6199951171875,620.739990234375,621.280029296875,608.0,2142600
2024-03-19,13 Best Football Movies and Shows on Netflix,positive,615.6199951171875,620.739990234375,621.280029296875,608.0,2142600
2024-03-19,Divya Khossla and Neil Nitin Mukesh’s ‘Ek Chatur Naar’ gears up for Netflix premiere on November 7,neutral,615.6199951171875,620.739990234375,621.280029296875,608.0,2142600
2024-03-19,"Netflix’s ‘10DANCE’ live-action: Cast, plot, release date & all you need to know about BL manga film starring Keita Machida & Ryoma Takeuchi",positive,615.6199951171875,620.739990234375,621.280029296875,608.0,2142600
2024-03-19,Stranger Things new trailer leaked by Netflix,negative,615.6199951171875,620.739990234375,621.280029296875,608.0,2142600
2024-03-20,‘Stranger Things 5’ Trailer Accidentally Leaked by Netflix? Fans Go Wild After Brief Appearance Online,negative,619.9500122070312,627.6900024414062,629.510009765625,618.3400268554688,2639500
2024-03-20,"In Netflix's 'Baramulla', Manav Kaul is a cop investigating child disappearances in Kashmir",neutral,619.9500122070312,627.6900024414062,629.510009765625,618.3400268554688,2639500
2024-03-20,Netflix Confirms Stranger Things Season 5 Release Schedule Following Accidental Trailer Leak and Announcement of Worldwide Fan Events,negative,619.9500122070312,627.6900024414062,629.510009765625,618.3400268554688,2639500
2024-03-20,Meghan Markle Onto Next Project Amid Strained Netflix Deal — Source,negative,619.9500122070312,627.6900024414062,629.510009765625,618.3400268554688,2639500
2024-03-20,"Adam Driver to lead Netflix psychological thriller series Rabbit, Rabbit",positive,619.9500122070312,627.6900024414062,629.510009765625,618.3400268554688,2639500
2024-03-20,Netflix Documentary 'Aileen: Queen of the Serial Killers' Revisits the Case of Notorious Female Serial Killer Aileen Wuornos,negative,619.9500122070312,627.6900024414062,629.510009765625,618.3400268554688,2639500
2024-03-20,13 Best Football Movies and Shows on Netflix,positive,619.9500122070312,627.6900024414062,629.510009765625,618.3400268554688,2639500
2024-03-20,Divya Khossla and Neil Nitin Mukesh’s ‘Ek Chatur Naar’ gears up for Netflix premiere on November 7,neutral,619.9500122070312,627.6900024414062,629.510009765625,618.3400268554688,2639500
2024-03-20,"Netflix’s ‘10DANCE’ live-action: Cast, plot, release date & all you need to know about BL manga film starring Keita Machida & Ryoma Takeuchi",positive,619.9500122070312,627.6900024414062,629.510009765625,618.3400268554688,2639500
2024-03-20,Stranger Things new trailer leaked by Netflix,negative,619.9500122070312,627.6900024414062,629.510009765625,618.3400268554688,2639500
2024-03-21,‘Stranger Things 5’ Trailer Accidentally Leaked by Netflix? Fans Go Wild After Brief Appearance Online,negative,630.6500244140625,622.7100219726562,634.3599853515625,622.3300170898438,2507700
2024-03-21,"In Netflix's 'Baramulla', Manav Kaul is a cop investigating child disappearances in Kashmir",neutral,630.6500244140625,622.7100219726562,634.3599853515625,622.3300170898438,2507700
2024-03-21,Netflix Confirms Stranger Things Season 5 Release Schedule Following Accidental Trailer Leak and Announcement of Worldwide Fan Events,negative,630.6500244140625,622.7100219726562,634.3599853515625,622.3300170898438,2507700
2024-03-21,Meghan Markle Onto Next Project Amid Strained Netflix Deal — Source,negative,630.6500244140625,622.7100219726562,634.3599853515625,622.3300170898438,2507700
2024-03-21,"Adam Driver to lead Netflix psychological thriller series Rabbit, Rabbit",positive,630.6500244140625,622.7100219726562,634.3599853515625,622.3300170898438,2507700
2024-03-21,Netflix Documentary 'Aileen: Queen of the Serial Killers' Revisits the Case of Notorious Female Serial Killer Aileen Wuornos,negative,630.6500244140625,622.7100219726562,634.3599853515625,622.3300170898438,2507700
2024-03-21,13 Best Football Movies and Shows on Netflix,positive,630.6500244140625,622.7100219726562,634.3599853515625,622.3300170898438,2507700
2024-03-21,Divya Khossla and Neil Nitin Mukesh’s ‘Ek Chatur Naar’ gears up for Netflix premiere on November 7,neutral,630.6500244140625,622.7100219726562,634.3599853515625,622.3300170898438,2507700
2024-03-21,"Netflix’s ‘10DANCE’ live-action: Cast, plot, release date & all you need to know about BL manga film starring Keita Machida & Ryoma Takeuchi",positive,630.6500244140625,622.7100219726562,634.3599853515625,622.3300170898438,2507700
2024-03-21,Stranger Things new trailer leaked by Netflix,negative,630.6500244140625,622.7100219726562,634.3599853515625,622.3300170898438,2507700
2024-03-22,‘Stranger Things 5’ Trailer Accidentally Leaked by Netflix? Fans Go Wild After Brief Appearance Online,negative,624.1599731445312,628.010009765625,629.0499877929688,621.0,2135700
2024-03-22,"In Netflix's 'Baramulla', Manav Kaul is a cop investigating child disappearances in Kashmir",neutral,624.1599731445312,628.010009765625,629.0499877929688,621.0,2135700
2024-03-22,Netflix Confirms Stranger Things Season 5 Release Schedule Following Accidental Trailer Leak and Announcement of Worldwide Fan Events,negative,624.1599731445312,628.010009765625,629.0499877929688,621.0,2135700
2024-03-22,Meghan Markle Onto Next Project Amid Strained Netflix Deal — Source,negative,624.1599731445312,628.010009765625,629.0499877929688,621.0,2135700
2024-03-22,"Adam Driver to lead Netflix psychological thriller series Rabbit, Rabbit",positive,624.1599731445312,628.010009765625,629.0499877929688,621.0,2135700
2024-03-22,Netflix Documentary 'Aileen: Queen of the Serial Killers' Revisits the Case of Notorious Female Serial Killer Aileen Wuornos,negative,624.1599731445312,628.010009765625,629.0499877929688,621.0,2135700
2024-03-22,13 Best Football Movies and Shows on Netflix,positive,624.1599731445312,628.010009765625,629.0499877929688,621.0,2135700
2024-03-22,Divya Khossla and Neil Nitin Mukesh’s ‘Ek Chatur Naar’ gears up for Netflix premiere on November 7,neutral,624.1599731445312,628.010009765625,629.0499877929688,621.0,2135700
2024-03-22,"Netflix’s ‘10DANCE’ live-action: Cast, plot, release date & all you need to know about BL manga film starring Keita Machida & Ryoma Takeuchi",positive,624.1599731445312,628.010009765625,629.0499877929688,621.0,2135700
2024-03-22,Stranger Things new trailer leaked by Netflix,negative,624.1599731445312,628.010009765625,629.0499877929688,621.0,2135700
2024-03-25,Netflix's The Witcher Season 4 Debuts Amid Divided Critical Reception to Liam Hemsworth's Geralt Portrayal,negative,627.9000244140625,627.4600219726562,630.4600219726562,623.1599731445312,1803300
2024-03-25,How much money will the Physical: 100 Asia winner take home? Here’s the whopping amount on the Netflix show,positive,627.9000244140625,627.4600219726562,630.4600219726562,623.1599731445312,1803300
2024-03-25,Netflix Unveils Baramulla Trailer: Manav Kaul Fronts a Chilling Supernatural Thriller Set in Kashmir,positive,627.9000244140625,627.4600219726562,630.4600219726562,623.1599731445312,1803300
2024-03-25,Netflix revisits Aileen Wuornos story in chilling true-crime documentary Queen of Serial Killers,negative,627.9000244140625,627.4600219726562,630.4600219726562,623.1599731445312,1803300
2024-03-25,‘Stranger Things 5’ Trailer Accidentally Leaked by Netflix? Fans Go Wild After Brief Appearance Online,negative,627.9000244140625,627.4600219726562,630.4600219726562,623.1599731445312,1803300
2024-03-25,"In Netflix's 'Baramulla', Manav Kaul is a cop investigating child disappearances in Kashmir",neutral,627.9000244140625,627.4600219726562,630.4600219726562,623.1599731445312,1803300
2024-03-25,Netflix Confirms Stranger Things Season 5 Release Schedule Following Accidental Trailer Leak and Announcement of Worldwide Fan Events,negative,627.9000244140625,627.4600219726562,630.4600219726562,623.1599731445312,1803300
2024-03-25,Meghan Markle Onto Next Project Amid Strained Netflix Deal — Source,negative,627.9000244140625,627.4600219726562,630.4600219726562,623.1599731445312,1803300
2024-03-25,"Adam Driver to lead Netflix psychological thriller series Rabbit, Rabbit",positive,627.9000244140625,627.4600219726562,630.4600219726562,623.1599731445312,1803300
2024-03-25,"Lee Ho‑jeong joins Netflix drama As You Stood By, sparks fiery chemistry with Lee Yu‑mi and Jang Seung‑jo - CHOSUNBIZ",negative,627.9000244140625,627.4600219726562,630.4600219726562,623.1599731445312,1803300
2024-03-26,Netflix's The Witcher Season 4 Debuts Amid Divided Critical Reception to Liam Hemsworth's Geralt Portrayal,negative,625.2000122070312,629.239990234375,634.3900146484375,619.1799926757812,2804500
2024-03-26,How much money will the Physical: 100 Asia winner take home? Here’s the whopping amount on the Netflix show,positive,625.2000122070312,629.239990234375,634.3900146484375,619.1799926757812,2804500
2024-03-26,Netflix Unveils Baramulla Trailer: Manav Kaul Fronts a Chilling Supernatural Thriller Set in Kashmir,positive,625.2000122070312,629.239990234375,634.3900146484375,619.1799926757812,2804500
2024-03-26,Netflix revisits Aileen Wuornos story in chilling true-crime documentary Queen of Serial Killers,negative,625.2000122070312,629.239990234375,634.3900146484375,619.1799926757812,2804500
2024-03-26,‘Stranger Things 5’ Trailer Accidentally Leaked by Netflix? Fans Go Wild After Brief Appearance Online,negative,625.2000122070312,629.239990234375,634.3900146484375,619.1799926757812,2804500
2024-03-26,"In Netflix's 'Baramulla', Manav Kaul is a cop investigating child disappearances in Kashmir",neutral,625.2000122070312,629.239990234375,634.3900146484375,619.1799926757812,2804500
2024-03-26,Netflix Confirms Stranger Things Season 5 Release Schedule Following Accidental Trailer Leak and Announcement of Worldwide Fan Events,negative,625.2000122070312,629.239990234375,634.3900146484375,619.1799926757812,2804500
2024-03-26,Meghan Markle Onto Next Project Amid Strained Netflix Deal — Source,negative,625.2000122070312,629.239990234375,634.3900146484375,619.1799926757812,2804500
2024-03-26,"Adam Driver to lead Netflix psychological thriller series Rabbit, Rabbit",positive,625.2000122070312,629.239990234375,634.3900146484375,619.1799926757812,2804500
2024-03-26,"Lee Ho‑jeong joins Netflix drama As You Stood By, sparks fiery chemistry with Lee Yu‑mi and Jang Seung‑jo - CHOSUNBIZ",negative,625.2000122070312,629.239990234375,634.3900146484375,619.1799926757812,2804500
2024-03-27,Netflix's The Witcher Season 4 Debuts Amid Divided Critical Reception to Liam Hemsworth's Geralt Portrayal,negative,629.010009765625,613.530029296875,631.3499755859375,610.72998046875,2628300
2024-03-27,How much money will the Physical: 100 Asia winner take home? Here’s the whopping amount on the Netflix show,positive,629.010009765625,613.530029296875,631.3499755859375,610.72998046875,2628300
2024-03-27,Netflix Unveils Baramulla Trailer: Manav Kaul Fronts a Chilling Supernatural Thriller Set in Kashmir,positive,629.010009765625,613.530029296875,631.3499755859375,610.72998046875,2628300
2024-03-27,Netflix revisits Aileen Wuornos story in chilling true-crime documentary Queen of Serial Killers,negative,629.010009765625,613.530029296875,631.3499755859375,610.72998046875,2628300
2024-03-27,‘Stranger Things 5’ Trailer Accidentally Leaked by Netflix? Fans Go Wild After Brief Appearance Online,negative,629.010009765625,613.530029296875,631.3499755859375,610.72998046875,2628300
2024-03-27,"In Netflix's 'Baramulla', Manav Kaul is a cop investigating child disappearances in Kashmir",neutral,629.010009765625,613.530029296875,631.3499755859375,610.72998046875,2628300
2024-03-27,Netflix Confirms Stranger Things Season 5 Release Schedule Following Accidental Trailer Leak and Announcement of Worldwide Fan Events,negative,629.010009765625,613.530029296875,631.3499755859375,610.72998046875,2628300
2024-03-27,Meghan Markle Onto Next Project Amid Strained Netflix Deal — Source,negative,629.010009765625,613.530029296875,631.3499755859375,610.72998046875,2628300
2024-03-27,"Adam Driver to lead Netflix psychological thriller series Rabbit, Rabbit",positive,629.010009765625,613.530029296875,631.3499755859375,610.72998046875,2628300
2024-03-27,"Lee Ho‑jeong joins Netflix drama As You Stood By, sparks fiery chemistry with Lee Yu‑mi and Jang Seung‑jo - CHOSUNBIZ",negative,629.010009765625,613.530029296875,631.3499755859375,610.72998046875,2628300
2024-03-28,Netflix's The Witcher Season 4 Debuts Amid Divided Critical Reception to Liam Hemsworth's Geralt Portrayal,negative,614.989990234375,607.3300170898438,615.0,601.5900268554688,3708800
2024-03-28,How much money will the Physical: 100 Asia winner take home? Here’s the whopping amount on the Netflix show,positive,614.989990234375,607.3300170898438,615.0,601.5900268554688,3708800
2024-03-28,Netflix Unveils Baramulla Trailer: Manav Kaul Fronts a Chilling Supernatural Thriller Set in Kashmir,positive,614.989990234375,607.3300170898438,615.0,601.5900268554688,3708800
2024-03-28,Netflix revisits Aileen Wuornos story in chilling true-crime documentary Queen of Serial Killers,negative,614.989990234375,607.3300170898438,615.0,601.5900268554688,3708800
2024-03-28,‘Stranger Things 5’ Trailer Accidentally Leaked by Netflix? Fans Go Wild After Brief Appearance Online,negative,614.989990234375,607.3300170898438,615.0,601.5900268554688,3708800
2024-03-28,"In Netflix's 'Baramulla', Manav Kaul is a cop investigating child disappearances in Kashmir",neutral,614.989990234375,607.3300170898438,615.0,601.5900268554688,3708800
2024-03-28,Netflix Confirms Stranger Things Season 5 Release Schedule Following Accidental Trailer Leak and Announcement of Worldwide Fan Events,negative,614.989990234375,607.3300170898438,615.0,601.5900268554688,3708800
2024-03-28,Meghan Markle Onto Next Project Amid Strained Netflix Deal — Source,negative,614.989990234375,607.3300170898438,615.0,601.5900268554688,3708800
2024-03-28,"Adam Driver to lead Netflix psychological thriller series Rabbit, Rabbit",positive,614.989990234375,607.3300170898438,615.0,601.5900268554688,3708800
2024-03-28,"Lee Ho‑jeong joins Netflix drama As You Stood By, sparks fiery chemistry with Lee Yu‑mi and Jang Seung‑jo - CHOSUNBIZ",negative,614.989990234375,607.3300170898438,615.0,601.5900268554688,3708800
2024-04-01,Netflix's The Witcher Season 4 Debuts Amid Divided Critical Reception to Liam Hemsworth's Geralt Portrayal,negative,608.0,614.3099975585938,615.1099853515625,605.5700073242188,2115900
2024-04-01,How much money will the Physical: 100 Asia winner take home? Here’s the whopping amount on the Netflix show,positive,608.0,614.3099975585938,615.1099853515625,605.5700073242188,2115900
2024-04-01,Netflix Unveils Baramulla Trailer: Manav Kaul Fronts a Chilling Supernatural Thriller Set in Kashmir,positive,608.0,614.3099975585938,615.1099853515625,605.5700073242188,2115900
2024-04-01,Netflix revisits Aileen Wuornos story in chilling true-crime documentary Queen of Serial Killers,negative,608.0,614.3099975585938,615.1099853515625,605.5700073242188,2115900
2024-04-01,‘Stranger Things 5’ Trailer Accidentally Leaked by Netflix? Fans Go Wild After Brief Appearance Online,negative,608.0,614.3099975585938,615.1099853515625,605.5700073242188,2115900
2024-04-01,"In Netflix's 'Baramulla', Manav Kaul is a cop investigating child disappearances in Kashmir",neutral,608.0,614.3099975585938,615.1099853515625,605.5700073242188,2115900
2024-04-01,Netflix Confirms Stranger Things Season 5 Release Schedule Following Accidental Trailer Leak and Announcement of Worldwide Fan Events,negative,608.0,614.3099975585938,615.1099853515625,605.5700073242188,2115900
2024-04-01,Meghan Markle Onto Next Project Amid Strained Netflix Deal — Source,negative,608.0,614.3099975585938,615.1099853515625,605.5700073242188,2115900
2024-04-01,"Adam Driver to lead Netflix psychological thriller series Rabbit, Rabbit",positive,608.0,614.3099975585938,615.1099853515625,605.5700073242188,2115900
2024-04-01,"Lee Ho‑jeong joins Netflix drama As You Stood By, sparks fiery chemistry with Lee Yu‑mi and Jang Seung‑jo - CHOSUNBIZ",negative,608.0,614.3099975585938,615.1099853515625,605.5700073242188,2115900
2024-04-02,Netflix's The Witcher Season 4 Debuts Amid Divided Critical Reception to Liam Hemsworth's Geralt Portrayal,negative,611.0,614.2100219726562,615.030029296875,605.510009765625,2029200
2024-04-02,How much money will the Physical: 100 Asia winner take home? Here’s the whopping amount on the Netflix show,positive,611.0,614.2100219726562,615.030029296875,605.510009765625,2029200
2024-04-02,Netflix Unveils Baramulla Trailer: Manav Kaul Fronts a Chilling Supernatural Thriller Set in Kashmir,positive,611.0,614.2100219726562,615.030029296875,605.510009765625,2029200
2024-04-02,Netflix revisits Aileen Wuornos story in chilling true-crime documentary Queen of Serial Killers,negative,611.0,614.2100219726562,615.030029296875,605.510009765625,2029200
2024-04-02,‘Stranger Things 5’ Trailer Accidentally Leaked by Netflix? Fans Go Wild After Brief Appearance Online,negative,611.0,614.2100219726562,615.030029296875,605.510009765625,2029200
2024-04-02,"In Netflix's 'Baramulla', Manav Kaul is a cop investigating child disappearances in Kashmir",neutral,611.0,614.2100219726562,615.030029296875,605.510009765625,2029200
2024-04-02,Netflix Confirms Stranger Things Season 5 Release Schedule Following Accidental Trailer Leak and Announcement of Worldwide Fan Events,negative,611.0,614.2100219726562,615.030029296875,605.510009765625,2029200
2024-04-02,Meghan Markle Onto Next Project Amid Strained Netflix Deal — Source,negative,611.0,614.2100219726562,615.030029296875,605.510009765625,2029200
2024-04-02,"Adam Driver to lead Netflix psychological thriller series Rabbit, Rabbit",positive,611.0,614.2100219726562,615.030029296875,605.510009765625,2029200
2024-04-02,"Lee Ho‑jeong joins Netflix drama As You Stood By, sparks fiery chemistry with Lee Yu‑mi and Jang Seung‑jo - CHOSUNBIZ",negative,611.0,614.2100219726562,615.030029296875,605.510009765625,2029200
2024-04-03,Netflix's The Witcher Season 4 Debuts Amid Divided Critical Reception to Liam Hemsworth's Geralt Portrayal,negative,612.75,630.0800170898438,630.4099731445312,611.5,2931200
2024-04-03,How much money will the Physical: 100 Asia winner take home? Here’s the whopping amount on the Netflix show,positive,612.75,630.0800170898438,630.4099731445312,611.5,2931200
2024-04-03,Netflix Unveils Baramulla Trailer: Manav Kaul Fronts a Chilling Supernatural Thriller Set in Kashmir,positive,612.75,630.0800170898438,630.4099731445312,611.5,2931200
2024-04-03,Netflix revisits Aileen Wuornos story in chilling true-crime documentary Queen of Serial Killers,negative,612.75,630.0800170898438,630.4099731445312,611.5,2931200
2024-04-03,‘Stranger Things 5’ Trailer Accidentally Leaked by Netflix? Fans Go Wild After Brief Appearance Online,negative,612.75,630.0800170898438,630.4099731445312,611.5,2931200
2024-04-03,"In Netflix's 'Baramulla', Manav Kaul is a cop investigating child disappearances in Kashmir",neutral,612.75,630.0800170898438,630.4099731445312,611.5,2931200
2024-04-03,Netflix Confirms Stranger Things Season 5 Release Schedule Following Accidental Trailer Leak and Announcement of Worldwide Fan Events,negative,612.75,630.0800170898438,630.4099731445312,611.5,2931200
2024-04-03,Meghan Markle Onto Next Project Amid Strained Netflix Deal — Source,negative,612.75,630.0800170898438,630.4099731445312,611.5,2931200
2024-04-03,"Adam Driver to lead Netflix psychological thriller series Rabbit, Rabbit",positive,612.75,630.0800170898438,630.4099731445312,611.5,2931200
2024-04-03,"Lee Ho‑jeong joins Netflix drama As You Stood By, sparks fiery chemistry with Lee Yu‑mi and Jang Seung‑jo - CHOSUNBIZ",negative,612.75,630.0800170898438,630.4099731445312,611.5,2931200
2024-04-05,"Friday OTT Releases (October 31, 2025): Lokah Chapter 1 Chandra And 4 New Movies And Series To Stream On Netflix, Prime Video, Zee5, And More",neutral,624.9199829101562,636.1799926757812,637.9099731445312,622.7100219726562,3378800
2024-04-05,"Netflix, Eureka to recreate Wonka’s Chocolate Factory down under for Golden Ticket format",neutral,624.9199829101562,636.1799926757812,637.9099731445312,622.7100219726562,3378800
2024-04-05,Baramulla Trailer Out: Manav Kaul Investigates Mysterious Disappearances In Kashmir In Netflix’s Gripping Supernatural Thriller,positive,624.9199829101562,636.1799926757812,637.9099731445312,622.7100219726562,3378800
2024-04-05,Aileen: Queen of the Serial Killers – Review | Netflix Documentary,negative,624.9199829101562,636.1799926757812,637.9099731445312,622.7100219726562,3378800
2024-04-05,In Video: Netflix releases trailer of ‘Baramulla’,neutral,624.9199829101562,636.1799926757812,637.9099731445312,622.7100219726562,3378800
2024-04-05,"See Claire Danes, Matthew Rhys in the teaser for new Netflix series ‘Beast in Me’",negative,624.9199829101562,636.1799926757812,637.9099731445312,622.7100219726562,3378800
2024-04-05,"Daymark Wealth Partners LLC Increases Stake in Netflix, Inc. $NFLX",positive,624.9199829101562,636.1799926757812,637.9099731445312,622.7100219726562,3378800
2024-04-05,"World Investment Advisors Has $7.55 Million Stock Holdings in Netflix, Inc. $NFLX",neutral,624.9199829101562,636.1799926757812,637.9099731445312,622.7100219726562,3378800
2024-04-05,Superwog's Debut Netflix Special 'Son of a Donkey' Garners Mixed Reviews Amid Global Streaming Launch,positive,624.9199829101562,636.1799926757812,637.9099731445312,622.7100219726562,3378800
2024-04-05,Stranger Things season 5 final trailer has leaked online – and Netflix fans are very worried about the fate of one of its most important characters,negative,624.9199829101562,636.1799926757812,637.9099731445312,622.7100219726562,3378800
2024-04-08,"Friday OTT Releases (October 31, 2025): Lokah Chapter 1 Chandra And 4 New Movies And Series To Stream On Netflix, Prime Video, Zee5, And More",neutral,636.3900146484375,628.4099731445312,639.0,628.1099853515625,2145700
2024-04-08,"Netflix, Eureka to recreate Wonka’s Chocolate Factory down under for Golden Ticket format",neutral,636.3900146484375,628.4099731445312,639.0,628.1099853515625,2145700
2024-04-08,Baramulla Trailer Out: Manav Kaul Investigates Mysterious Disappearances In Kashmir In Netflix’s Gripping Supernatural Thriller,positive,636.3900146484375,628.4099731445312,639.0,628.1099853515625,2145700
2024-04-08,Aileen: Queen of the Serial Killers – Review | Netflix Documentary,negative,636.3900146484375,628.4099731445312,639.0,628.1099853515625,2145700
2024-04-08,In Video: Netflix releases trailer of ‘Baramulla’,neutral,636.3900146484375,628.4099731445312,639.0,628.1099853515625,2145700
2024-04-08,"See Claire Danes, Matthew Rhys in the teaser for new Netflix series ‘Beast in Me’",negative,636.3900146484375,628.4099731445312,639.0,628.1099853515625,2145700
2024-04-08,"Daymark Wealth Partners LLC Increases Stake in Netflix, Inc. $NFLX",positive,636.3900146484375,628.4099731445312,639.0,628.1099853515625,2145700
2024-04-08,"World Investment Advisors Has $7.55 Million Stock Holdings in Netflix, Inc. $NFLX",neutral,636.3900146484375,628.4099731445312,639.0,628.1099853515625,2145700
2024-04-08,Superwog's Debut Netflix Special 'Son of a Donkey' Garners Mixed Reviews Amid Global Streaming Launch,positive,636.3900146484375,628.4099731445312,639.0,628.1099853515625,2145700
2024-04-08,Stranger Things season 5 final trailer has leaked online – and Netflix fans are very worried about the fate of one of its most important characters,negative,636.3900146484375,628.4099731445312,639.0,628.1099853515625,2145700
2024-04-09,"Netflix, Eureka to recreate Wonka’s Chocolate Factory down under for Golden Ticket format",neutral,631.989990234375,618.2000122070312,631.989990234375,615.6300048828125,2143600
2024-04-09,Baramulla Trailer Out: Manav Kaul Investigates Mysterious Disappearances In Kashmir In Netflix’s Gripping Supernatural Thriller,positive,631.989990234375,618.2000122070312,631.989990234375,615.6300048828125,2143600
2024-04-09,Aileen: Queen of the Serial Killers – Review | Netflix Documentary,negative,631.989990234375,618.2000122070312,631.989990234375,615.6300048828125,2143600
2024-04-09,In Video: Netflix releases trailer of ‘Baramulla’,neutral,631.989990234375,618.2000122070312,631.989990234375,615.6300048828125,2143600
2024-04-09,"See Claire Danes, Matthew Rhys in the teaser for new Netflix series ‘Beast in Me’",negative,631.989990234375,618.2000122070312,631.989990234375,615.6300048828125,2143600
2024-04-09,"Daymark Wealth Partners LLC Increases Stake in Netflix, Inc. $NFLX",positive,631.989990234375,618.2000122070312,631.989990234375,615.6300048828125,2143600
2024-04-09,"World Investment Advisors Has $7.55 Million Stock Holdings in Netflix, Inc. $NFLX",neutral,631.989990234375,618.2000122070312,631.989990234375,615.6300048828125,2143600
2024-04-09,Superwog's Debut Netflix Special 'Son of a Donkey' Garners Mixed Reviews Amid Global Streaming Launch,positive,631.989990234375,618.2000122070312,631.989990234375,615.6300048828125,2143600
2024-04-09,Stranger Things season 5 final trailer has leaked online – and Netflix fans are very worried about the fate of one of its most important characters,negative,631.989990234375,618.2000122070312,631.989990234375,615.6300048828125,2143600
2024-04-09,"After Earnings, Is Netflix Stock a Buy, a Sell, or Fairly Valued?",positive,631.989990234375,618.2000122070312,631.989990234375,615.6300048828125,2143600
2024-04-10,"Friday OTT Releases (October 31, 2025): Lokah Chapter 1 Chandra And 4 New Movies And Series To Stream On Netflix, Prime Video, Zee5, And More",neutral,610.969970703125,618.5800170898438,620.1400146484375,609.3400268554688,2806200
2024-04-10,"Netflix, Eureka to recreate Wonka’s Chocolate Factory down under for Golden Ticket format",neutral,610.969970703125,618.5800170898438,620.1400146484375,609.3400268554688,2806200
2024-04-10,Baramulla Trailer Out: Manav Kaul Investigates Mysterious Disappearances In Kashmir In Netflix’s Gripping Supernatural Thriller,positive,610.969970703125,618.5800170898438,620.1400146484375,609.3400268554688,2806200
2024-04-10,Aileen: Queen of the Serial Killers – Review | Netflix Documentary,negative,610.969970703125,618.5800170898438,620.1400146484375,609.3400268554688,2806200
2024-04-10,In Video: Netflix releases trailer of ‘Baramulla’,neutral,610.969970703125,618.5800170898438,620.1400146484375,609.3400268554688,2806200
2024-04-10,"See Claire Danes, Matthew Rhys in the teaser for new Netflix series ‘Beast in Me’",negative,610.969970703125,618.5800170898438,620.1400146484375,609.3400268554688,2806200
2024-04-10,"Daymark Wealth Partners LLC Increases Stake in Netflix, Inc. $NFLX",positive,610.969970703125,618.5800170898438,620.1400146484375,609.3400268554688,2806200
2024-04-10,"World Investment Advisors Has $7.55 Million Stock Holdings in Netflix, Inc. $NFLX",neutral,610.969970703125,618.5800170898438,620.1400146484375,609.3400268554688,2806200
2024-04-10,Superwog's Debut Netflix Special 'Son of a Donkey' Garners Mixed Reviews Amid Global Streaming Launch,positive,610.969970703125,618.5800170898438,620.1400146484375,609.3400268554688,2806200
2024-04-10,Stranger Things season 5 final trailer has leaked online – and Netflix fans are very worried about the fate of one of its most important characters,negative,610.969970703125,618.5800170898438,620.1400146484375,609.3400268554688,2806200
2024-04-11,"Friday OTT Releases (October 31, 2025): Lokah Chapter 1 Chandra And 4 New Movies And Series To Stream On Netflix, Prime Video, Zee5, And More",neutral,624.4199829101562,628.780029296875,631.6599731445312,617.239990234375,2662700
2024-04-11,"Netflix, Eureka to recreate Wonka’s Chocolate Factory down under for Golden Ticket format",neutral,624.4199829101562,628.780029296875,631.6599731445312,617.239990234375,2662700
2024-04-11,Baramulla Trailer Out: Manav Kaul Investigates Mysterious Disappearances In Kashmir In Netflix’s Gripping Supernatural Thriller,positive,624.4199829101562,628.780029296875,631.6599731445312,617.239990234375,2662700
2024-04-11,Aileen: Queen of the Serial Killers – Review | Netflix Documentary,negative,624.4199829101562,628.780029296875,631.6599731445312,617.239990234375,2662700
2024-04-11,In Video: Netflix releases trailer of ‘Baramulla’,neutral,624.4199829101562,628.780029296875,631.6599731445312,617.239990234375,2662700
2024-04-11,"See Claire Danes, Matthew Rhys in the teaser for new Netflix series ‘Beast in Me’",negative,624.4199829101562,628.780029296875,631.6599731445312,617.239990234375,2662700
2024-04-11,"Daymark Wealth Partners LLC Increases Stake in Netflix, Inc. $NFLX",positive,624.4199829101562,628.780029296875,631.6599731445312,617.239990234375,2662700
2024-04-11,"World Investment Advisors Has $7.55 Million Stock Holdings in Netflix, Inc. $NFLX",neutral,624.4199829101562,628.780029296875,631.6599731445312,617.239990234375,2662700
2024-04-11,Superwog's Debut Netflix Special 'Son of a Donkey' Garners Mixed Reviews Amid Global Streaming Launch,positive,624.4199829101562,628.780029296875,631.6599731445312,617.239990234375,2662700
2024-04-11,Stranger Things season 5 final trailer has leaked online – and Netflix fans are very worried about the fate of one of its most important characters,negative,624.4199829101562,628.780029296875,631.6599731445312,617.239990234375,2662700
2024-04-12,"Friday OTT Releases (October 31, 2025): Lokah Chapter 1 Chandra And 4 New Movies And Series To Stream On Netflix, Prime Video, Zee5, And More",neutral,628.22998046875,622.8300170898438,633.1199951171875,618.9199829101562,2959300
2024-04-12,"Netflix, Eureka to recreate Wonka’s Chocolate Factory down under for Golden Ticket format",neutral,628.22998046875,622.8300170898438,633.1199951171875,618.9199829101562,2959300
2024-04-12,Baramulla Trailer Out: Manav Kaul Investigates Mysterious Disappearances In Kashmir In Netflix’s Gripping Supernatural Thriller,positive,628.22998046875,622.8300170898438,633.1199951171875,618.9199829101562,2959300
2024-04-12,Aileen: Queen of the Serial Killers – Review | Netflix Documentary,negative,628.22998046875,622.8300170898438,633.1199951171875,618.9199829101562,2959300
2024-04-12,In Video: Netflix releases trailer of ‘Baramulla’,neutral,628.22998046875,622.8300170898438,633.1199951171875,618.9199829101562,2959300
2024-04-12,"See Claire Danes, Matthew Rhys in the teaser for new Netflix series ‘Beast in Me’",negative,628.22998046875,622.8300170898438,633.1199951171875,618.9199829101562,2959300
2024-04-12,"Daymark Wealth Partners LLC Increases Stake in Netflix, Inc. $NFLX",positive,628.22998046875,622.8300170898438,633.1199951171875,618.9199829101562,2959300
2024-04-12,"World Investment Advisors Has $7.55 Million Stock Holdings in Netflix, Inc. $NFLX",neutral,628.22998046875,622.8300170898438,633.1199951171875,618.9199829101562,2959300
2024-04-12,Superwog's Debut Netflix Special 'Son of a Donkey' Garners Mixed Reviews Amid Global Streaming Launch,positive,628.22998046875,622.8300170898438,633.1199951171875,618.9199829101562,2959300
2024-04-12,Stranger Things season 5 final trailer has leaked online – and Netflix fans are very worried about the fate of one of its most important characters,negative,628.22998046875,622.8300170898438,633.1199951171875,618.9199829101562,2959300
2024-04-15,"Friday OTT Releases (October 31, 2025): Lokah Chapter 1 Chandra And 4 New Movies And Series To Stream On Netflix, Prime Video, Zee5, And More",neutral,630.1699829101562,607.1500244140625,630.1699829101562,603.8699951171875,3085400
2024-04-15,"Netflix, Eureka to recreate Wonka’s Chocolate Factory down under for Golden Ticket format",neutral,630.1699829101562,607.1500244140625,630.1699829101562,603.8699951171875,3085400
2024-04-15,Baramulla Trailer Out: Manav Kaul Investigates Mysterious Disappearances In Kashmir In Netflix’s Gripping Supernatural Thriller,positive,630.1699829101562,607.1500244140625,630.1699829101562,603.8699951171875,3085400
2024-04-15,Aileen: Queen of the Serial Killers – Review | Netflix Documentary,negative,630.1699829101562,607.1500244140625,630.1699829101562,603.8699951171875,3085400
2024-04-15,In Video: Netflix releases trailer of ‘Baramulla’,neutral,630.1699829101562,607.1500244140625,630.1699829101562,603.8699951171875,3085400
2024-04-15,"See Claire Danes, Matthew Rhys in the teaser for new Netflix series ‘Beast in Me’",negative,630.1699829101562,607.1500244140625,630.1699829101562,603.8699951171875,3085400
2024-04-15,"Daymark Wealth Partners LLC Increases Stake in Netflix, Inc. $NFLX",positive,630.1699829101562,607.1500244140625,630.1699829101562,603.8699951171875,3085400
2024-04-15,"World Investment Advisors Has $7.55 Million Stock Holdings in Netflix, Inc. $NFLX",neutral,630.1699829101562,607.1500244140625,630.1699829101562,603.8699951171875,3085400
2024-04-15,Superwog's Debut Netflix Special 'Son of a Donkey' Garners Mixed Reviews Amid Global Streaming Launch,positive,630.1699829101562,607.1500244140625,630.1699829101562,603.8699951171875,3085400
2024-04-15,Stranger Things season 5 final trailer has leaked online – and Netflix fans are very worried about the fate of one of its most important characters,negative,630.1699829101562,607.1500244140625,630.1699829101562,603.8699951171875,3085400
2024-04-17,"Friday OTT Releases (October 31, 2025): Lokah Chapter 1 Chandra And 4 New Movies And Series To Stream On Netflix, Prime Video, Zee5, And More",neutral,620.969970703125,613.6900024414062,620.969970703125,607.7100219726562,3312200
2024-04-17,"Netflix, Eureka to recreate Wonka’s Chocolate Factory down under for Golden Ticket format",neutral,620.969970703125,613.6900024414062,620.969970703125,607.7100219726562,3312200
2024-04-17,Baramulla Trailer Out: Manav Kaul Investigates Mysterious Disappearances In Kashmir In Netflix’s Gripping Supernatural Thriller,positive,620.969970703125,613.6900024414062,620.969970703125,607.7100219726562,3312200
2024-04-17,Aileen: Queen of the Serial Killers – Review | Netflix Documentary,negative,620.969970703125,613.6900024414062,620.969970703125,607.7100219726562,3312200
2024-04-17,In Video: Netflix releases trailer of ‘Baramulla’,neutral,620.969970703125,613.6900024414062,620.969970703125,607.7100219726562,3312200
2024-04-17,"See Claire Danes, Matthew Rhys in the teaser for new Netflix series ‘Beast in Me’",negative,620.969970703125,613.6900024414062,620.969970703125,607.7100219726562,3312200
2024-04-17,"Daymark Wealth Partners LLC Increases Stake in Netflix, Inc. $NFLX",positive,620.969970703125,613.6900024414062,620.969970703125,607.7100219726562,3312200
2024-04-17,"World Investment Advisors Has $7.55 Million Stock Holdings in Netflix, Inc. $NFLX",neutral,620.969970703125,613.6900024414062,620.969970703125,607.7100219726562,3312200
2024-04-17,Superwog's Debut Netflix Special 'Son of a Donkey' Garners Mixed Reviews Amid Global Streaming Launch,positive,620.969970703125,613.6900024414062,620.969970703125,607.7100219726562,3312200
2024-04-17,Stranger Things season 5 final trailer has leaked online – and Netflix fans are very worried about the fate of one of its most important characters,negative,620.969970703125,613.6900024414062,620.969970703125,607.7100219726562,3312200
2024-04-18,"Spire Wealth Management Trims Stock Position in Netflix, Inc. $NFLX",positive,612.0999755859375,610.5599975585938,621.3300170898438,605.4299926757812,8468400
2024-04-18,"Hantz Financial Services Inc. Decreases Holdings in Netflix, Inc. $NFLX",neutral,612.0999755859375,610.5599975585938,621.3300170898438,605.4299926757812,8468400
2024-04-18,"Netflix, Eureka to recreate Wonka’s Chocolate Factory down under for Golden Ticket format",neutral,612.0999755859375,610.5599975585938,621.3300170898438,605.4299926757812,8468400
2024-04-18,Baramulla Trailer Out: Manav Kaul Investigates Mysterious Disappearances In Kashmir In Netflix’s Gripping Supernatural Thriller,positive,612.0999755859375,610.5599975585938,621.3300170898438,605.4299926757812,8468400
2024-04-18,Aileen: Queen of the Serial Killers – Review | Netflix Documentary,negative,612.0999755859375,610.5599975585938,621.3300170898438,605.4299926757812,8468400
2024-04-18,In Video: Netflix releases trailer of ‘Baramulla’,neutral,612.0999755859375,610.5599975585938,621.3300170898438,605.4299926757812,8468400
2024-04-18,"See Claire Danes, Matthew Rhys in the teaser for new Netflix series ‘Beast in Me’",negative,612.0999755859375,610.5599975585938,621.3300170898438,605.4299926757812,8468400
2024-04-18,"Daymark Wealth Partners LLC Increases Stake in Netflix, Inc. $NFLX",positive,612.0999755859375,610.5599975585938,621.3300170898438,605.4299926757812,8468400
2024-04-18,"World Investment Advisors Has $7.55 Million Stock Holdings in Netflix, Inc. $NFLX",neutral,612.0999755859375,610.5599975585938,621.3300170898438,605.4299926757812,8468400
2024-04-18,Superwog's Debut Netflix Special 'Son of a Donkey' Garners Mixed Reviews Amid Global Streaming Launch,positive,612.0999755859375,610.5599975585938,621.3300170898438,605.4299926757812,8468400
2024-04-19,"Spire Wealth Management Trims Stock Position in Netflix, Inc. $NFLX",positive,567.8800048828125,555.0399780273438,579.0,552.1599731445312,16449700
2024-04-19,"Hantz Financial Services Inc. Decreases Holdings in Netflix, Inc. $NFLX",neutral,567.8800048828125,555.0399780273438,579.0,552.1599731445312,16449700
2024-04-19,"Netflix, Eureka to recreate Wonka’s Chocolate Factory down under for Golden Ticket format",neutral,567.8800048828125,555.0399780273438,579.0,552.1599731445312,16449700
2024-04-19,Baramulla Trailer Out: Manav Kaul Investigates Mysterious Disappearances In Kashmir In Netflix’s Gripping Supernatural Thriller,positive,567.8800048828125,555.0399780273438,579.0,552.1599731445312,16449700
2024-04-19,Aileen: Queen of the Serial Killers – Review | Netflix Documentary,negative,567.8800048828125,555.0399780273438,579.0,552.1599731445312,16449700
2024-04-19,In Video: Netflix releases trailer of ‘Baramulla’,neutral,567.8800048828125,555.0399780273438,579.0,552.1599731445312,16449700
2024-04-19,"See Claire Danes, Matthew Rhys in the teaser for new Netflix series ‘Beast in Me’",negative,567.8800048828125,555.0399780273438,579.0,552.1599731445312,16449700
2024-04-19,"Daymark Wealth Partners LLC Increases Stake in Netflix, Inc. $NFLX",positive,567.8800048828125,555.0399780273438,579.0,552.1599731445312,16449700
2024-04-19,"World Investment Advisors Has $7.55 Million Stock Holdings in Netflix, Inc. $NFLX",neutral,567.8800048828125,555.0399780273438,579.0,552.1599731445312,16449700
2024-04-19,Superwog's Debut Netflix Special 'Son of a Donkey' Garners Mixed Reviews Amid Global Streaming Launch,positive,567.8800048828125,555.0399780273438,579.0,552.1599731445312,16449700
2024-04-22,"Spire Wealth Management Trims Stock Position in Netflix, Inc. $NFLX",positive,550.6599731445312,554.5999755859375,558.6099853515625,542.010009765625,8597700
2024-04-22,"Hantz Financial Services Inc. Decreases Holdings in Netflix, Inc. $NFLX",neutral,550.6599731445312,554.5999755859375,558.6099853515625,542.010009765625,8597700
2024-04-22,"Netflix, Eureka to recreate Wonka’s Chocolate Factory down under for Golden Ticket format",neutral,550.6599731445312,554.5999755859375,558.6099853515625,542.010009765625,8597700
2024-04-22,Baramulla Trailer Out: Manav Kaul Investigates Mysterious Disappearances In Kashmir In Netflix’s Gripping Supernatural Thriller,positive,550.6599731445312,554.5999755859375,558.6099853515625,542.010009765625,8597700
2024-04-22,Aileen: Queen of the Serial Killers – Review | Netflix Documentary,negative,550.6599731445312,554.5999755859375,558.6099853515625,542.010009765625,8597700
2024-04-22,In Video: Netflix releases trailer of ‘Baramulla’,neutral,550.6599731445312,554.5999755859375,558.6099853515625,542.010009765625,8597700
2024-04-22,"See Claire Danes, Matthew Rhys in the teaser for new Netflix series ‘Beast in Me’",negative,550.6599731445312,554.5999755859375,558.6099853515625,542.010009765625,8597700
2024-04-22,"Daymark Wealth Partners LLC Increases Stake in Netflix, Inc. $NFLX",positive,550.6599731445312,554.5999755859375,558.6099853515625,542.010009765625,8597700
2024-04-22,"World Investment Advisors Has $7.55 Million Stock Holdings in Netflix, Inc. $NFLX",neutral,550.6599731445312,554.5999755859375,558.6099853515625,542.010009765625,8597700
2024-04-22,Superwog's Debut Netflix Special 'Son of a Donkey' Garners Mixed Reviews Amid Global Streaming Launch,positive,550.6599731445312,554.5999755859375,558.6099853515625,542.010009765625,8597700
2024-04-23,"Spire Wealth Management Trims Stock Position in Netflix, Inc. $NFLX",positive,556.489990234375,577.75,579.2100219726562,555.280029296875,4975500
2024-04-23,"Hantz Financial Services Inc. Decreases Holdings in Netflix, Inc. $NFLX",neutral,556.489990234375,577.75,579.2100219726562,555.280029296875,4975500
2024-04-23,"Netflix, Eureka to recreate Wonka’s Chocolate Factory down under for Golden Ticket format",neutral,556.489990234375,577.75,579.2100219726562,555.280029296875,4975500
2024-04-23,Baramulla Trailer Out: Manav Kaul Investigates Mysterious Disappearances In Kashmir In Netflix’s Gripping Supernatural Thriller,positive,556.489990234375,577.75,579.2100219726562,555.280029296875,4975500
2024-04-23,Aileen: Queen of the Serial Killers – Review | Netflix Documentary,negative,556.489990234375,577.75,579.2100219726562,555.280029296875,4975500
2024-04-23,In Video: Netflix releases trailer of ‘Baramulla’,neutral,556.489990234375,577.75,579.2100219726562,555.280029296875,4975500
2024-04-23,"See Claire Danes, Matthew Rhys in the teaser for new Netflix series ‘Beast in Me’",negative,556.489990234375,577.75,579.2100219726562,555.280029296875,4975500
2024-04-23,"Daymark Wealth Partners LLC Increases Stake in Netflix, Inc. $NFLX",positive,556.489990234375,577.75,579.2100219726562,555.280029296875,4975500
2024-04-23,"World Investment Advisors Has $7.55 Million Stock Holdings in Netflix, Inc. $NFLX",neutral,556.489990234375,577.75,579.2100219726562,555.280029296875,4975500
2024-04-23,Superwog's Debut Netflix Special 'Son of a Donkey' Garners Mixed Reviews Amid Global Streaming Launch,positive,556.489990234375,577.75,579.2100219726562,555.280029296875,4975500
2024-04-24,"Spire Wealth Management Trims Stock Position in Netflix, Inc. $NFLX",positive,574.3099975585938,555.1199951171875,576.9099731445312,551.2999877929688,5355300
2024-04-24,"Hantz Financial Services Inc. Decreases Holdings in Netflix, Inc. $NFLX",neutral,574.3099975585938,555.1199951171875,576.9099731445312,551.2999877929688,5355300
2024-04-24,"Netflix, Eureka to recreate Wonka’s Chocolate Factory down under for Golden Ticket format",neutral,574.3099975585938,555.1199951171875,576.9099731445312,551.2999877929688,5355300
2024-04-24,Baramulla Trailer Out: Manav Kaul Investigates Mysterious Disappearances In Kashmir In Netflix’s Gripping Supernatural Thriller,positive,574.3099975585938,555.1199951171875,576.9099731445312,551.2999877929688,5355300
2024-04-24,Aileen: Queen of the Serial Killers – Review | Netflix Documentary,negative,574.3099975585938,555.1199951171875,576.9099731445312,551.2999877929688,5355300
2024-04-24,In Video: Netflix releases trailer of ‘Baramulla’,neutral,574.3099975585938,555.1199951171875,576.9099731445312,551.2999877929688,5355300
2024-04-24,"See Claire Danes, Matthew Rhys in the teaser for new Netflix series ‘Beast in Me’",negative,574.3099975585938,555.1199951171875,576.9099731445312,551.2999877929688,5355300
2024-04-24,"Daymark Wealth Partners LLC Increases Stake in Netflix, Inc. $NFLX",positive,574.3099975585938,555.1199951171875,576.9099731445312,551.2999877929688,5355300
2024-04-24,"World Investment Advisors Has $7.55 Million Stock Holdings in Netflix, Inc. $NFLX",neutral,574.3099975585938,555.1199951171875,576.9099731445312,551.2999877929688,5355300
2024-04-24,Superwog's Debut Netflix Special 'Son of a Donkey' Garners Mixed Reviews Amid Global Streaming Launch,positive,574.3099975585938,555.1199951171875,576.9099731445312,551.2999877929688,5355300
2024-04-25,"Spire Wealth Management Trims Stock Position in Netflix, Inc. $NFLX",positive,549.4600219726562,564.7999877929688,566.5399780273438,545.7100219726562,3807100
2024-04-25,"Hantz Financial Services Inc. Decreases Holdings in Netflix, Inc. $NFLX",neutral,549.4600219726562,564.7999877929688,566.5399780273438,545.7100219726562,3807100
2024-04-25,"Netflix, Eureka to recreate Wonka’s Chocolate Factory down under for Golden Ticket format",neutral,549.4600219726562,564.7999877929688,566.5399780273438,545.7100219726562,3807100
2024-04-25,Baramulla Trailer Out: Manav Kaul Investigates Mysterious Disappearances In Kashmir In Netflix’s Gripping Supernatural Thriller,positive,549.4600219726562,564.7999877929688,566.5399780273438,545.7100219726562,3807100
2024-04-25,Aileen: Queen of the Serial Killers – Review | Netflix Documentary,negative,549.4600219726562,564.7999877929688,566.5399780273438,545.7100219726562,3807100
2024-04-25,In Video: Netflix releases trailer of ‘Baramulla’,neutral,549.4600219726562,564.7999877929688,566.5399780273438,545.7100219726562,3807100
2024-04-25,"See Claire Danes, Matthew Rhys in the teaser for new Netflix series ‘Beast in Me’",negative,549.4600219726562,564.7999877929688,566.5399780273438,545.7100219726562,3807100
2024-04-25,"Daymark Wealth Partners LLC Increases Stake in Netflix, Inc. $NFLX",positive,549.4600219726562,564.7999877929688,566.5399780273438,545.7100219726562,3807100
2024-04-25,"World Investment Advisors Has $7.55 Million Stock Holdings in Netflix, Inc. $NFLX",neutral,549.4600219726562,564.7999877929688,566.5399780273438,545.7100219726562,3807100
2024-04-25,Superwog's Debut Netflix Special 'Son of a Donkey' Garners Mixed Reviews Amid Global Streaming Launch,positive,549.4600219726562,564.7999877929688,566.5399780273438,545.7100219726562,3807100
2024-04-26,"Spire Wealth Management Trims Stock Position in Netflix, Inc. $NFLX",positive,558.2100219726562,561.22998046875,562.9199829101562,553.1900024414062,4332600
2024-04-26,"Hantz Financial Services Inc. Decreases Holdings in Netflix, Inc. $NFLX",neutral,558.2100219726562,561.22998046875,562.9199829101562,553.1900024414062,4332600
2024-04-26,"Netflix, Eureka to recreate Wonka’s Chocolate Factory down under for Golden Ticket format",neutral,558.2100219726562,561.22998046875,562.9199829101562,553.1900024414062,4332600
2024-04-26,Baramulla Trailer Out: Manav Kaul Investigates Mysterious Disappearances In Kashmir In Netflix’s Gripping Supernatural Thriller,positive,558.2100219726562,561.22998046875,562.9199829101562,553.1900024414062,4332600
2024-04-26,Aileen: Queen of the Serial Killers – Review | Netflix Documentary,negative,558.2100219726562,561.22998046875,562.9199829101562,553.1900024414062,4332600
2024-04-26,In Video: Netflix releases trailer of ‘Baramulla’,neutral,558.2100219726562,561.22998046875,562.9199829101562,553.1900024414062,4332600
2024-04-26,"See Claire Danes, Matthew Rhys in the teaser for new Netflix series ‘Beast in Me’",negative,558.2100219726562,561.22998046875,562.9199829101562,553.1900024414062,4332600
2024-04-26,"Daymark Wealth Partners LLC Increases Stake in Netflix, Inc. $NFLX",positive,558.2100219726562,561.22998046875,562.9199829101562,553.1900024414062,4332600
2024-04-26,"World Investment Advisors Has $7.55 Million Stock Holdings in Netflix, Inc. $NFLX",neutral,558.2100219726562,561.22998046875,562.9199829101562,553.1900024414062,4332600
2024-04-26,Superwog's Debut Netflix Special 'Son of a Donkey' Garners Mixed Reviews Amid Global Streaming Launch,positive,558.2100219726562,561.22998046875,562.9199829101562,553.1900024414062,4332600
2024-04-29,"Spire Wealth Management Trims Stock Position in Netflix, Inc. $NFLX",positive,559.1799926757812,559.489990234375,559.6400146484375,554.239990234375,2508900
2024-04-29,"Hantz Financial Services Inc. Decreases Holdings in Netflix, Inc. $NFLX",neutral,559.1799926757812,559.489990234375,559.6400146484375,554.239990234375,2508900
2024-04-29,"Netflix, Eureka to recreate Wonka’s Chocolate Factory down under for Golden Ticket format",neutral,559.1799926757812,559.489990234375,559.6400146484375,554.239990234375,2508900
2024-04-29,Baramulla Trailer Out: Manav Kaul Investigates Mysterious Disappearances In Kashmir In Netflix’s Gripping Supernatural Thriller,positive,559.1799926757812,559.489990234375,559.6400146484375,554.239990234375,2508900
2024-04-29,Aileen: Queen of the Serial Killers – Review | Netflix Documentary,negative,559.1799926757812,559.489990234375,559.6400146484375,554.239990234375,2508900
2024-04-29,In Video: Netflix releases trailer of ‘Baramulla’,neutral,559.1799926757812,559.489990234375,559.6400146484375,554.239990234375,2508900
2024-04-29,"See Claire Danes, Matthew Rhys in the teaser for new Netflix series ‘Beast in Me’",negative,559.1799926757812,559.489990234375,559.6400146484375,554.239990234375,2508900
2024-04-29,"Daymark Wealth Partners LLC Increases Stake in Netflix, Inc. $NFLX",positive,559.1799926757812,559.489990234375,559.6400146484375,554.239990234375,2508900
2024-04-29,"World Investment Advisors Has $7.55 Million Stock Holdings in Netflix, Inc. $NFLX",neutral,559.1799926757812,559.489990234375,559.6400146484375,554.239990234375,2508900
2024-04-29,Superwog's Debut Netflix Special 'Son of a Donkey' Garners Mixed Reviews Amid Global Streaming Launch,positive,559.1799926757812,559.489990234375,559.6400146484375,554.239990234375,2508900
2024-04-30,"Spire Wealth Management Trims Stock Position in Netflix, Inc. $NFLX",positive,560.0,550.6400146484375,560.0,549.3800048828125,3361500
2024-04-30,"Hantz Financial Services Inc. Decreases Holdings in Netflix, Inc. $NFLX",neutral,560.0,550.6400146484375,560.0,549.3800048828125,3361500
2024-04-30,"Netflix, Eureka to recreate Wonka’s Chocolate Factory down under for Golden Ticket format",neutral,560.0,550.6400146484375,560.0,549.3800048828125,3361500
2024-04-30,Baramulla Trailer Out: Manav Kaul Investigates Mysterious Disappearances In Kashmir In Netflix’s Gripping Supernatural Thriller,positive,560.0,550.6400146484375,560.0,549.3800048828125,3361500
2024-04-30,Aileen: Queen of the Serial Killers – Review | Netflix Documentary,negative,560.0,550.6400146484375,560.0,549.3800048828125,3361500
2024-04-30,In Video: Netflix releases trailer of ‘Baramulla’,neutral,560.0,550.6400146484375,560.0,549.3800048828125,3361500
2024-04-30,"See Claire Danes, Matthew Rhys in the teaser for new Netflix series ‘Beast in Me’",negative,560.0,550.6400146484375,560.0,549.3800048828125,3361500
2024-04-30,"Daymark Wealth Partners LLC Increases Stake in Netflix, Inc. $NFLX",positive,560.0,550.6400146484375,560.0,549.3800048828125,3361500
2024-04-30,"World Investment Advisors Has $7.55 Million Stock Holdings in Netflix, Inc. $NFLX",neutral,560.0,550.6400146484375,560.0,549.3800048828125,3361500
2024-04-30,Superwog's Debut Netflix Special 'Son of a Donkey' Garners Mixed Reviews Amid Global Streaming Launch,positive,560.0,550.6400146484375,560.0,549.3800048828125,3361500
2024-05-01,"Spire Wealth Management Trims Stock Position in Netflix, Inc. $NFLX",positive,547.8400268554688,551.7100219726562,560.3900146484375,544.25,3473200
2024-05-01,"Hantz Financial Services Inc. Decreases Holdings in Netflix, Inc. $NFLX",neutral,547.8400268554688,551.7100219726562,560.3900146484375,544.25,3473200
2024-05-01,"Netflix, Eureka to recreate Wonka’s Chocolate Factory down under for Golden Ticket format",neutral,547.8400268554688,551.7100219726562,560.3900146484375,544.25,3473200
2024-05-01,Baramulla Trailer Out: Manav Kaul Investigates Mysterious Disappearances In Kashmir In Netflix’s Gripping Supernatural Thriller,positive,547.8400268554688,551.7100219726562,560.3900146484375,544.25,3473200
2024-05-01,Aileen: Queen of the Serial Killers – Review | Netflix Documentary,negative,547.8400268554688,551.7100219726562,560.3900146484375,544.25,3473200
2024-05-01,In Video: Netflix releases trailer of ‘Baramulla’,neutral,547.8400268554688,551.7100219726562,560.3900146484375,544.25,3473200
2024-05-01,"See Claire Danes, Matthew Rhys in the teaser for new Netflix series ‘Beast in Me’",negative,547.8400268554688,551.7100219726562,560.3900146484375,544.25,3473200
2024-05-01,"Daymark Wealth Partners LLC Increases Stake in Netflix, Inc. $NFLX",positive,547.8400268554688,551.7100219726562,560.3900146484375,544.25,3473200
2024-05-01,"World Investment Advisors Has $7.55 Million Stock Holdings in Netflix, Inc. $NFLX",neutral,547.8400268554688,551.7100219726562,560.3900146484375,544.25,3473200
2024-05-01,Superwog's Debut Netflix Special 'Son of a Donkey' Garners Mixed Reviews Amid Global Streaming Launch,positive,547.8400268554688,551.7100219726562,560.3900146484375,544.25,3473200
2024-05-02,"Spire Wealth Management Trims Stock Position in Netflix, Inc. $NFLX",positive,556.02001953125,565.1500244140625,565.4600219726562,555.5900268554688,3068200
2024-05-02,"Hantz Financial Services Inc. Decreases Holdings in Netflix, Inc. $NFLX",neutral,556.02001953125,565.1500244140625,565.4600219726562,555.5900268554688,3068200
2024-05-02,"Netflix, Eureka to recreate Wonka’s Chocolate Factory down under for Golden Ticket format",neutral,556.02001953125,565.1500244140625,565.4600219726562,555.5900268554688,3068200
2024-05-02,Baramulla Trailer Out: Manav Kaul Investigates Mysterious Disappearances In Kashmir In Netflix’s Gripping Supernatural Thriller,positive,556.02001953125,565.1500244140625,565.4600219726562,555.5900268554688,3068200
2024-05-02,Aileen: Queen of the Serial Killers – Review | Netflix Documentary,negative,556.02001953125,565.1500244140625,565.4600219726562,555.5900268554688,3068200
2024-05-02,In Video: Netflix releases trailer of ‘Baramulla’,neutral,556.02001953125,565.1500244140625,565.4600219726562,555.5900268554688,3068200
2024-05-02,"See Claire Danes, Matthew Rhys in the teaser for new Netflix series ‘Beast in Me’",negative,556.02001953125,565.1500244140625,565.4600219726562,555.5900268554688,3068200
2024-05-02,"Daymark Wealth Partners LLC Increases Stake in Netflix, Inc. $NFLX",positive,556.02001953125,565.1500244140625,565.4600219726562,555.5900268554688,3068200
2024-05-02,"World Investment Advisors Has $7.55 Million Stock Holdings in Netflix, Inc. $NFLX",neutral,556.02001953125,565.1500244140625,565.4600219726562,555.5900268554688,3068200
2024-05-02,Superwog's Debut Netflix Special 'Son of a Donkey' Garners Mixed Reviews Amid Global Streaming Launch,positive,556.02001953125,565.1500244140625,565.4600219726562,555.5900268554688,3068200
2024-05-03,"Spire Wealth Management Trims Stock Position in Netflix, Inc. $NFLX",positive,566.0,579.3400268554688,580.260009765625,565.1599731445312,3307500
2024-05-03,"Hantz Financial Services Inc. Decreases Holdings in Netflix, Inc. $NFLX",neutral,566.0,579.3400268554688,580.260009765625,565.1599731445312,3307500
2024-05-03,"Netflix, Eureka to recreate Wonka’s Chocolate Factory down under for Golden Ticket format",neutral,566.0,579.3400268554688,580.260009765625,565.1599731445312,3307500
2024-05-03,Baramulla Trailer Out: Manav Kaul Investigates Mysterious Disappearances In Kashmir In Netflix’s Gripping Supernatural Thriller,positive,566.0,579.3400268554688,580.260009765625,565.1599731445312,3307500
2024-05-03,Aileen: Queen of the Serial Killers – Review | Netflix Documentary,negative,566.0,579.3400268554688,580.260009765625,565.1599731445312,3307500
2024-05-03,In Video: Netflix releases trailer of ‘Baramulla’,neutral,566.0,579.3400268554688,580.260009765625,565.1599731445312,3307500
2024-05-03,"See Claire Danes, Matthew Rhys in the teaser for new Netflix series ‘Beast in Me’",negative,566.0,579.3400268554688,580.260009765625,565.1599731445312,3307500
2024-05-03,"Daymark Wealth Partners LLC Increases Stake in Netflix, Inc. $NFLX",positive,566.0,579.3400268554688,580.260009765625,565.1599731445312,3307500
2024-05-03,"World Investment Advisors Has $7.55 Million Stock Holdings in Netflix, Inc. $NFLX",neutral,566.0,579.3400268554688,580.260009765625,565.1599731445312,3307500
2024-05-03,Superwog's Debut Netflix Special 'Son of a Donkey' Garners Mixed Reviews Amid Global Streaming Launch,positive,566.0,579.3400268554688,580.260009765625,565.1599731445312,3307500
2024-05-06,"Spire Wealth Management Trims Stock Position in Netflix, Inc. $NFLX",positive,581.8200073242188,596.969970703125,597.3400268554688,580.25,3686300
2024-05-06,"Hantz Financial Services Inc. Decreases Holdings in Netflix, Inc. $NFLX",neutral,581.8200073242188,596.969970703125,597.3400268554688,580.25,3686300
2024-05-06,"Netflix, Eureka to recreate Wonka’s Chocolate Factory down under for Golden Ticket format",neutral,581.8200073242188,596.969970703125,597.3400268554688,580.25,3686300
2024-05-06,Baramulla Trailer Out: Manav Kaul Investigates Mysterious Disappearances In Kashmir In Netflix’s Gripping Supernatural Thriller,positive,581.8200073242188,596.969970703125,597.3400268554688,580.25,3686300
2024-05-06,Aileen: Queen of the Serial Killers – Review | Netflix Documentary,negative,581.8200073242188,596.969970703125,597.3400268554688,580.25,3686300
2024-05-06,In Video: Netflix releases trailer of ‘Baramulla’,neutral,581.8200073242188,596.969970703125,597.3400268554688,580.25,3686300
2024-05-06,"See Claire Danes, Matthew Rhys in the teaser for new Netflix series ‘Beast in Me’",negative,581.8200073242188,596.969970703125,597.3400268554688,580.25,3686300
2024-05-06,"Daymark Wealth Partners LLC Increases Stake in Netflix, Inc. $NFLX",positive,581.8200073242188,596.969970703125,597.3400268554688,580.25,3686300
2024-05-06,"World Investment Advisors Has $7.55 Million Stock Holdings in Netflix, Inc. $NFLX",neutral,581.8200073242188,596.969970703125,597.3400268554688,580.25,3686300
2024-05-06,Superwog's Debut Netflix Special 'Son of a Donkey' Garners Mixed Reviews Amid Global Streaming Launch,positive,581.8200073242188,596.969970703125,597.3400268554688,580.25,3686300
2024-05-07,"Spire Wealth Management Trims Stock Position in Netflix, Inc. $NFLX",positive,596.280029296875,606.0,606.0499877929688,591.3200073242188,3614100
2024-05-07,"Hantz Financial Services Inc. Decreases Holdings in Netflix, Inc. $NFLX",neutral,596.280029296875,606.0,606.0499877929688,591.3200073242188,3614100
2024-05-07,"Netflix, Eureka to recreate Wonka’s Chocolate Factory down under for Golden Ticket format",neutral,596.280029296875,606.0,606.0499877929688,591.3200073242188,3614100
2024-05-07,Baramulla Trailer Out: Manav Kaul Investigates Mysterious Disappearances In Kashmir In Netflix’s Gripping Supernatural Thriller,positive,596.280029296875,606.0,606.0499877929688,591.3200073242188,3614100
2024-05-07,Aileen: Queen of the Serial Killers – Review | Netflix Documentary,negative,596.280029296875,606.0,606.0499877929688,591.3200073242188,3614100
2024-05-07,In Video: Netflix releases trailer of ‘Baramulla’,neutral,596.280029296875,606.0,606.0499877929688,591.3200073242188,3614100
2024-05-07,"See Claire Danes, Matthew Rhys in the teaser for new Netflix series ‘Beast in Me’",negative,596.280029296875,606.0,606.0499877929688,591.3200073242188,3614100
2024-05-07,"Daymark Wealth Partners LLC Increases Stake in Netflix, Inc. $NFLX",positive,596.280029296875,606.0,606.0499877929688,591.3200073242188,3614100
2024-05-07,"World Investment Advisors Has $7.55 Million Stock Holdings in Netflix, Inc. $NFLX",neutral,596.280029296875,606.0,606.0499877929688,591.3200073242188,3614100
2024-05-07,Superwog's Debut Netflix Special 'Son of a Donkey' Garners Mixed Reviews Amid Global Streaming Launch,positive,596.280029296875,606.0,606.0499877929688,591.3200073242188,3614100
2024-05-08,"Spire Wealth Management Trims Stock Position in Netflix, Inc. $NFLX",positive,601.6300048828125,609.469970703125,618.219970703125,601.6300048828125,3093900
2024-05-08,"Hantz Financial Services Inc. Decreases Holdings in Netflix, Inc. $NFLX",neutral,601.6300048828125,609.469970703125,618.219970703125,601.6300048828125,3093900
2024-05-08,"Netflix, Eureka to recreate Wonka’s Chocolate Factory down under for Golden Ticket format",neutral,601.6300048828125,609.469970703125,618.219970703125,601.6300048828125,3093900
2024-05-08,Baramulla Trailer Out: Manav Kaul Investigates Mysterious Disappearances In Kashmir In Netflix’s Gripping Supernatural Thriller,positive,601.6300048828125,609.469970703125,618.219970703125,601.6300048828125,3093900
2024-05-08,Aileen: Queen of the Serial Killers – Review | Netflix Documentary,negative,601.6300048828125,609.469970703125,618.219970703125,601.6300048828125,3093900
2024-05-08,In Video: Netflix releases trailer of ‘Baramulla’,neutral,601.6300048828125,609.469970703125,618.219970703125,601.6300048828125,3093900
2024-05-08,"See Claire Danes, Matthew Rhys in the teaser for new Netflix series ‘Beast in Me’",negative,601.6300048828125,609.469970703125,618.219970703125,601.6300048828125,3093900
2024-05-08,"Daymark Wealth Partners LLC Increases Stake in Netflix, Inc. $NFLX",positive,601.6300048828125,609.469970703125,618.219970703125,601.6300048828125,3093900
2024-05-08,"World Investment Advisors Has $7.55 Million Stock Holdings in Netflix, Inc. $NFLX",neutral,601.6300048828125,609.469970703125,618.219970703125,601.6300048828125,3093900
2024-05-08,Superwog's Debut Netflix Special 'Son of a Donkey' Garners Mixed Reviews Amid Global Streaming Launch,positive,601.6300048828125,609.469970703125,618.219970703125,601.6300048828125,3093900
2024-05-09,"Spire Wealth Management Trims Stock Position in Netflix, Inc. $NFLX",positive,614.4000244140625,612.0900268554688,615.719970703125,605.75,2065400
2024-05-09,"Hantz Financial Services Inc. Decreases Holdings in Netflix, Inc. $NFLX",neutral,614.4000244140625,612.0900268554688,615.719970703125,605.75,2065400
2024-05-09,"Netflix, Eureka to recreate Wonka’s Chocolate Factory down under for Golden Ticket format",neutral,614.4000244140625,612.0900268554688,615.719970703125,605.75,2065400
2024-05-09,Baramulla Trailer Out: Manav Kaul Investigates Mysterious Disappearances In Kashmir In Netflix’s Gripping Supernatural Thriller,positive,614.4000244140625,612.0900268554688,615.719970703125,605.75,2065400
2024-05-09,Aileen: Queen of the Serial Killers – Review | Netflix Documentary,negative,614.4000244140625,612.0900268554688,615.719970703125,605.75,2065400
2024-05-09,In Video: Netflix releases trailer of ‘Baramulla’,neutral,614.4000244140625,612.0900268554688,615.719970703125,605.75,2065400
2024-05-09,"See Claire Danes, Matthew Rhys in the teaser for new Netflix series ‘Beast in Me’",negative,614.4000244140625,612.0900268554688,615.719970703125,605.75,2065400
2024-05-09,"Daymark Wealth Partners LLC Increases Stake in Netflix, Inc. $NFLX",positive,614.4000244140625,612.0900268554688,615.719970703125,605.75,2065400
2024-05-09,"World Investment Advisors Has $7.55 Million Stock Holdings in Netflix, Inc. $NFLX",neutral,614.4000244140625,612.0900268554688,615.719970703125,605.75,2065400
2024-05-09,Superwog's Debut Netflix Special 'Son of a Donkey' Garners Mixed Reviews Amid Global Streaming Launch,positive,614.4000244140625,612.0900268554688,615.719970703125,605.75,2065400
2024-05-10,Amsterdam Empire Netflix Review: Why Famke Janssen’s Comeback Falls Flat,neutral,619.0,610.8699951171875,623.97998046875,605.0599975585938,2653600
2024-05-10,"Spire Wealth Management Trims Stock Position in Netflix, Inc. $NFLX",positive,619.0,610.8699951171875,623.97998046875,605.0599975585938,2653600
2024-05-10,"Red Chillies Opposes Sameer Wankhede’s Plea Against Netflix Series, Calls Defamation Suit ‘Wholly Misconceived’",neutral,619.0,610.8699951171875,623.97998046875,605.0599975585938,2653600
2024-05-10,"Hantz Financial Services Inc. Decreases Holdings in Netflix, Inc. $NFLX",neutral,619.0,610.8699951171875,623.97998046875,605.0599975585938,2653600
2024-05-10,"Netflix, Eureka to recreate Wonka’s Chocolate Factory down under for Golden Ticket format",neutral,619.0,610.8699951171875,623.97998046875,605.0599975585938,2653600
2024-05-10,Baramulla Trailer Out: Manav Kaul Investigates Mysterious Disappearances In Kashmir In Netflix’s Gripping Supernatural Thriller,positive,619.0,610.8699951171875,623.97998046875,605.0599975585938,2653600
2024-05-10,Aileen: Queen of the Serial Killers – Review | Netflix Documentary,negative,619.0,610.8699951171875,623.97998046875,605.0599975585938,2653600
2024-05-10,In Video: Netflix releases trailer of ‘Baramulla’,neutral,619.0,610.8699951171875,623.97998046875,605.0599975585938,2653600
2024-05-10,"See Claire Danes, Matthew Rhys in the teaser for new Netflix series ‘Beast in Me’",negative,619.0,610.8699951171875,623.97998046875,605.0599975585938,2653600
2024-05-10,"Daymark Wealth Partners LLC Increases Stake in Netflix, Inc. $NFLX",positive,619.0,610.8699951171875,623.97998046875,605.0599975585938,2653600
2024-05-13,Amsterdam Empire Netflix Review: Why Famke Janssen’s Comeback Falls Flat,neutral,614.2999877929688,616.5900268554688,618.219970703125,606.8300170898438,2086200
2024-05-13,"Spire Wealth Management Trims Stock Position in Netflix, Inc. $NFLX",positive,614.2999877929688,616.5900268554688,618.219970703125,606.8300170898438,2086200
2024-05-13,"Red Chillies Opposes Sameer Wankhede’s Plea Against Netflix Series, Calls Defamation Suit ‘Wholly Misconceived’",neutral,614.2999877929688,616.5900268554688,618.219970703125,606.8300170898438,2086200
2024-05-13,"Hantz Financial Services Inc. Decreases Holdings in Netflix, Inc. $NFLX",neutral,614.2999877929688,616.5900268554688,618.219970703125,606.8300170898438,2086200
2024-05-13,"Netflix, Eureka to recreate Wonka’s Chocolate Factory down under for Golden Ticket format",neutral,614.2999877929688,616.5900268554688,618.219970703125,606.8300170898438,2086200
2024-05-13,Baramulla Trailer Out: Manav Kaul Investigates Mysterious Disappearances In Kashmir In Netflix’s Gripping Supernatural Thriller,positive,614.2999877929688,616.5900268554688,618.219970703125,606.8300170898438,2086200
2024-05-13,Aileen: Queen of the Serial Killers – Review | Netflix Documentary,negative,614.2999877929688,616.5900268554688,618.219970703125,606.8300170898438,2086200
2024-05-13,In Video: Netflix releases trailer of ‘Baramulla’,neutral,614.2999877929688,616.5900268554688,618.219970703125,606.8300170898438,2086200
2024-05-13,"See Claire Danes, Matthew Rhys in the teaser for new Netflix series ‘Beast in Me’",negative,614.2999877929688,616.5900268554688,618.219970703125,606.8300170898438,2086200
2024-05-13,"Daymark Wealth Partners LLC Increases Stake in Netflix, Inc. $NFLX",positive,614.2999877929688,616.5900268554688,618.219970703125,606.8300170898438,2086200
2024-05-14,Amsterdam Empire Netflix Review: Why Famke Janssen’s Comeback Falls Flat,neutral,615.1699829101562,613.6599731445312,621.47998046875,608.4000244140625,2792400
2024-05-14,"Spire Wealth Management Trims Stock Position in Netflix, Inc. $NFLX",positive,615.1699829101562,613.6599731445312,621.47998046875,608.4000244140625,2792400
2024-05-14,"Red Chillies Opposes Sameer Wankhede’s Plea Against Netflix Series, Calls Defamation Suit ‘Wholly Misconceived’",neutral,615.1699829101562,613.6599731445312,621.47998046875,608.4000244140625,2792400
2024-05-14,"Hantz Financial Services Inc. Decreases Holdings in Netflix, Inc. $NFLX",neutral,615.1699829101562,613.6599731445312,621.47998046875,608.4000244140625,2792400
2024-05-14,"Netflix, Eureka to recreate Wonka’s Chocolate Factory down under for Golden Ticket format",neutral,615.1699829101562,613.6599731445312,621.47998046875,608.4000244140625,2792400
2024-05-14,Baramulla Trailer Out: Manav Kaul Investigates Mysterious Disappearances In Kashmir In Netflix’s Gripping Supernatural Thriller,positive,615.1699829101562,613.6599731445312,621.47998046875,608.4000244140625,2792400
2024-05-14,Aileen: Queen of the Serial Killers – Review | Netflix Documentary,negative,615.1699829101562,613.6599731445312,621.47998046875,608.4000244140625,2792400
2024-05-14,In Video: Netflix releases trailer of ‘Baramulla’,neutral,615.1699829101562,613.6599731445312,621.47998046875,608.4000244140625,2792400
2024-05-14,"See Claire Danes, Matthew Rhys in the teaser for new Netflix series ‘Beast in Me’",negative,615.1699829101562,613.6599731445312,621.47998046875,608.4000244140625,2792400
2024-05-14,"Daymark Wealth Partners LLC Increases Stake in Netflix, Inc. $NFLX",positive,615.1699829101562,613.6599731445312,621.47998046875,608.4000244140625,2792400
2024-05-15,Amsterdam Empire Netflix Review: Why Famke Janssen’s Comeback Falls Flat,neutral,618.5700073242188,613.52001953125,624.0999755859375,609.0999755859375,5670600
2024-05-15,"Spire Wealth Management Trims Stock Position in Netflix, Inc. $NFLX",positive,618.5700073242188,613.52001953125,624.0999755859375,609.0999755859375,5670600
2024-05-15,"Red Chillies Opposes Sameer Wankhede’s Plea Against Netflix Series, Calls Defamation Suit ‘Wholly Misconceived’",neutral,618.5700073242188,613.52001953125,624.0999755859375,609.0999755859375,5670600
2024-05-15,"Hantz Financial Services Inc. Decreases Holdings in Netflix, Inc. $NFLX",neutral,618.5700073242188,613.52001953125,624.0999755859375,609.0999755859375,5670600
2024-05-15,"Netflix, Eureka to recreate Wonka’s Chocolate Factory down under for Golden Ticket format",neutral,618.5700073242188,613.52001953125,624.0999755859375,609.0999755859375,5670600
2024-05-15,Baramulla Trailer Out: Manav Kaul Investigates Mysterious Disappearances In Kashmir In Netflix’s Gripping Supernatural Thriller,positive,618.5700073242188,613.52001953125,624.0999755859375,609.0999755859375,5670600
2024-05-15,Aileen: Queen of the Serial Killers – Review | Netflix Documentary,negative,618.5700073242188,613.52001953125,624.0999755859375,609.0999755859375,5670600
2024-05-15,In Video: Netflix releases trailer of ‘Baramulla’,neutral,618.5700073242188,613.52001953125,624.0999755859375,609.0999755859375,5670600
2024-05-15,"See Claire Danes, Matthew Rhys in the teaser for new Netflix series ‘Beast in Me’",negative,618.5700073242188,613.52001953125,624.0999755859375,609.0999755859375,5670600
2024-05-15,"Daymark Wealth Partners LLC Increases Stake in Netflix, Inc. $NFLX",positive,618.5700073242188,613.52001953125,624.0999755859375,609.0999755859375,5670600
2024-05-16,Amsterdam Empire Netflix Review: Why Famke Janssen’s Comeback Falls Flat,neutral,615.75,610.52001953125,618.3400268554688,609.0900268554688,3056400
2024-05-16,"Spire Wealth Management Trims Stock Position in Netflix, Inc. $NFLX",positive,615.75,610.52001953125,618.3400268554688,609.0900268554688,3056400
2024-05-16,"Red Chillies Opposes Sameer Wankhede’s Plea Against Netflix Series, Calls Defamation Suit ‘Wholly Misconceived’",neutral,615.75,610.52001953125,618.3400268554688,609.0900268554688,3056400
2024-05-16,"Hantz Financial Services Inc. Decreases Holdings in Netflix, Inc. $NFLX",neutral,615.75,610.52001953125,618.3400268554688,609.0900268554688,3056400
2024-05-16,"Netflix, Eureka to recreate Wonka’s Chocolate Factory down under for Golden Ticket format",neutral,615.75,610.52001953125,618.3400268554688,609.0900268554688,3056400
2024-05-16,Baramulla Trailer Out: Manav Kaul Investigates Mysterious Disappearances In Kashmir In Netflix’s Gripping Supernatural Thriller,positive,615.75,610.52001953125,618.3400268554688,609.0900268554688,3056400
2024-05-16,Aileen: Queen of the Serial Killers – Review | Netflix Documentary,negative,615.75,610.52001953125,618.3400268554688,609.0900268554688,3056400
2024-05-16,In Video: Netflix releases trailer of ‘Baramulla’,neutral,615.75,610.52001953125,618.3400268554688,609.0900268554688,3056400
2024-05-16,"See Claire Danes, Matthew Rhys in the teaser for new Netflix series ‘Beast in Me’",negative,615.75,610.52001953125,618.3400268554688,609.0900268554688,3056400
2024-05-16,"Daymark Wealth Partners LLC Increases Stake in Netflix, Inc. $NFLX",positive,615.75,610.52001953125,618.3400268554688,609.0900268554688,3056400
2024-05-17,Amsterdam Empire Netflix Review: Why Famke Janssen’s Comeback Falls Flat,neutral,617.0,621.0999755859375,625.7899780273438,614.7100219726562,3782700
2024-05-17,"Spire Wealth Management Trims Stock Position in Netflix, Inc. $NFLX",positive,617.0,621.0999755859375,625.7899780273438,614.7100219726562,3782700
2024-05-17,"Red Chillies Opposes Sameer Wankhede’s Plea Against Netflix Series, Calls Defamation Suit ‘Wholly Misconceived’",neutral,617.0,621.0999755859375,625.7899780273438,614.7100219726562,3782700
2024-05-17,"Hantz Financial Services Inc. Decreases Holdings in Netflix, Inc. $NFLX",neutral,617.0,621.0999755859375,625.7899780273438,614.7100219726562,3782700
2024-05-17,"Netflix, Eureka to recreate Wonka’s Chocolate Factory down under for Golden Ticket format",neutral,617.0,621.0999755859375,625.7899780273438,614.7100219726562,3782700
2024-05-17,Baramulla Trailer Out: Manav Kaul Investigates Mysterious Disappearances In Kashmir In Netflix’s Gripping Supernatural Thriller,positive,617.0,621.0999755859375,625.7899780273438,614.7100219726562,3782700
2024-05-17,Aileen: Queen of the Serial Killers – Review | Netflix Documentary,negative,617.0,621.0999755859375,625.7899780273438,614.7100219726562,3782700
2024-05-17,In Video: Netflix releases trailer of ‘Baramulla’,neutral,617.0,621.0999755859375,625.7899780273438,614.7100219726562,3782700
2024-05-17,"See Claire Danes, Matthew Rhys in the teaser for new Netflix series ‘Beast in Me’",negative,617.0,621.0999755859375,625.7899780273438,614.7100219726562,3782700
2024-05-17,"Daymark Wealth Partners LLC Increases Stake in Netflix, Inc. $NFLX",positive,617.0,621.0999755859375,625.7899780273438,614.7100219726562,3782700
2024-05-20,Amsterdam Empire Netflix Review: Why Famke Janssen’s Comeback Falls Flat,neutral,620.4000244140625,640.8200073242188,644.3699951171875,619.52001953125,3857900
2024-05-20,"Spire Wealth Management Trims Stock Position in Netflix, Inc. $NFLX",positive,620.4000244140625,640.8200073242188,644.3699951171875,619.52001953125,3857900
2024-05-20,"Red Chillies Opposes Sameer Wankhede’s Plea Against Netflix Series, Calls Defamation Suit ‘Wholly Misconceived’",neutral,620.4000244140625,640.8200073242188,644.3699951171875,619.52001953125,3857900
2024-05-20,"Hantz Financial Services Inc. Decreases Holdings in Netflix, Inc. $NFLX",neutral,620.4000244140625,640.8200073242188,644.3699951171875,619.52001953125,3857900
2024-05-20,"Netflix, Eureka to recreate Wonka’s Chocolate Factory down under for Golden Ticket format",neutral,620.4000244140625,640.8200073242188,644.3699951171875,619.52001953125,3857900
2024-05-20,Baramulla Trailer Out: Manav Kaul Investigates Mysterious Disappearances In Kashmir In Netflix’s Gripping Supernatural Thriller,positive,620.4000244140625,640.8200073242188,644.3699951171875,619.52001953125,3857900
2024-05-20,Aileen: Queen of the Serial Killers – Review | Netflix Documentary,negative,620.4000244140625,640.8200073242188,644.3699951171875,619.52001953125,3857900
2024-05-20,In Video: Netflix releases trailer of ‘Baramulla’,neutral,620.4000244140625,640.8200073242188,644.3699951171875,619.52001953125,3857900
2024-05-20,"See Claire Danes, Matthew Rhys in the teaser for new Netflix series ‘Beast in Me’",negative,620.4000244140625,640.8200073242188,644.3699951171875,619.52001953125,3857900
2024-05-20,"Daymark Wealth Partners LLC Increases Stake in Netflix, Inc. $NFLX",positive,620.4000244140625,640.8200073242188,644.3699951171875,619.52001953125,3857900
2024-05-21,Amsterdam Empire Netflix Review: Why Famke Janssen’s Comeback Falls Flat,neutral,636.760009765625,650.6099853515625,650.8800048828125,634.219970703125,2920200
2024-05-21,"Spire Wealth Management Trims Stock Position in Netflix, Inc. $NFLX",positive,636.760009765625,650.6099853515625,650.8800048828125,634.219970703125,2920200
2024-05-21,"Red Chillies Opposes Sameer Wankhede’s Plea Against Netflix Series, Calls Defamation Suit ‘Wholly Misconceived’",neutral,636.760009765625,650.6099853515625,650.8800048828125,634.219970703125,2920200
2024-05-21,"Hantz Financial Services Inc. Decreases Holdings in Netflix, Inc. $NFLX",neutral,636.760009765625,650.6099853515625,650.8800048828125,634.219970703125,2920200
2024-05-21,"Netflix, Eureka to recreate Wonka’s Chocolate Factory down under for Golden Ticket format",neutral,636.760009765625,650.6099853515625,650.8800048828125,634.219970703125,2920200
2024-05-21,Baramulla Trailer Out: Manav Kaul Investigates Mysterious Disappearances In Kashmir In Netflix’s Gripping Supernatural Thriller,positive,636.760009765625,650.6099853515625,650.8800048828125,634.219970703125,2920200
2024-05-21,Aileen: Queen of the Serial Killers – Review | Netflix Documentary,negative,636.760009765625,650.6099853515625,650.8800048828125,634.219970703125,2920200
2024-05-21,In Video: Netflix releases trailer of ‘Baramulla’,neutral,636.760009765625,650.6099853515625,650.8800048828125,634.219970703125,2920200
2024-05-21,"See Claire Danes, Matthew Rhys in the teaser for new Netflix series ‘Beast in Me’",negative,636.760009765625,650.6099853515625,650.8800048828125,634.219970703125,2920200
2024-05-21,"Daymark Wealth Partners LLC Increases Stake in Netflix, Inc. $NFLX",positive,636.760009765625,650.6099853515625,650.8800048828125,634.219970703125,2920200
2024-05-22,Amsterdam Empire Netflix Review: Why Famke Janssen’s Comeback Falls Flat,neutral,647.1400146484375,640.469970703125,649.25,638.1199951171875,2176200
2024-05-22,"Spire Wealth Management Trims Stock Position in Netflix, Inc. $NFLX",positive,647.1400146484375,640.469970703125,649.25,638.1199951171875,2176200
2024-05-22,"Red Chillies Opposes Sameer Wankhede’s Plea Against Netflix Series, Calls Defamation Suit ‘Wholly Misconceived’",neutral,647.1400146484375,640.469970703125,649.25,638.1199951171875,2176200
2024-05-22,"Hantz Financial Services Inc. Decreases Holdings in Netflix, Inc. $NFLX",neutral,647.1400146484375,640.469970703125,649.25,638.1199951171875,2176200
2024-05-22,"Netflix, Eureka to recreate Wonka’s Chocolate Factory down under for Golden Ticket format",neutral,647.1400146484375,640.469970703125,649.25,638.1199951171875,2176200
2024-05-22,Baramulla Trailer Out: Manav Kaul Investigates Mysterious Disappearances In Kashmir In Netflix’s Gripping Supernatural Thriller,positive,647.1400146484375,640.469970703125,649.25,638.1199951171875,2176200
2024-05-22,Aileen: Queen of the Serial Killers – Review | Netflix Documentary,negative,647.1400146484375,640.469970703125,649.25,638.1199951171875,2176200
2024-05-22,In Video: Netflix releases trailer of ‘Baramulla’,neutral,647.1400146484375,640.469970703125,649.25,638.1199951171875,2176200
2024-05-22,"See Claire Danes, Matthew Rhys in the teaser for new Netflix series ‘Beast in Me’",negative,647.1400146484375,640.469970703125,649.25,638.1199951171875,2176200
2024-05-22,"Daymark Wealth Partners LLC Increases Stake in Netflix, Inc. $NFLX",positive,647.1400146484375,640.469970703125,649.25,638.1199951171875,2176200
2024-05-23,Amsterdam Empire Netflix Review: Why Famke Janssen’s Comeback Falls Flat,neutral,642.3400268554688,635.6699829101562,642.7100219726562,630.0,2313900
2024-05-23,"Spire Wealth Management Trims Stock Position in Netflix, Inc. $NFLX",positive,642.3400268554688,635.6699829101562,642.7100219726562,630.0,2313900
2024-05-23,"Red Chillies Opposes Sameer Wankhede’s Plea Against Netflix Series, Calls Defamation Suit ‘Wholly Misconceived’",neutral,642.3400268554688,635.6699829101562,642.7100219726562,630.0,2313900
2024-05-23,"Hantz Financial Services Inc. Decreases Holdings in Netflix, Inc. $NFLX",neutral,642.3400268554688,635.6699829101562,642.7100219726562,630.0,2313900
2024-05-23,"Netflix, Eureka to recreate Wonka’s Chocolate Factory down under for Golden Ticket format",neutral,642.3400268554688,635.6699829101562,642.7100219726562,630.0,2313900
2024-05-23,Baramulla Trailer Out: Manav Kaul Investigates Mysterious Disappearances In Kashmir In Netflix’s Gripping Supernatural Thriller,positive,642.3400268554688,635.6699829101562,642.7100219726562,630.0,2313900
2024-05-23,Aileen: Queen of the Serial Killers – Review | Netflix Documentary,negative,642.3400268554688,635.6699829101562,642.7100219726562,630.0,2313900
2024-05-23,In Video: Netflix releases trailer of ‘Baramulla’,neutral,642.3400268554688,635.6699829101562,642.7100219726562,630.0,2313900
2024-05-23,"See Claire Danes, Matthew Rhys in the teaser for new Netflix series ‘Beast in Me’",negative,642.3400268554688,635.6699829101562,642.7100219726562,630.0,2313900
2024-05-23,"Daymark Wealth Partners LLC Increases Stake in Netflix, Inc. $NFLX",positive,642.3400268554688,635.6699829101562,642.7100219726562,630.0,2313900
2024-05-24,Spy season 2: Ted Danson returns to Netflix in November 2025,neutral,639.4000244140625,646.75,652.0,637.5999755859375,2615300
2024-05-24,The Witcher Season 4 Review: Netflix’s Fantasy Giant Loses Its Magic Without Henry Cavill,negative,639.4000244140625,646.75,652.0,637.5999755859375,2615300
2024-05-24,Amsterdam Empire Netflix Review: Why Famke Janssen’s Comeback Falls Flat,neutral,639.4000244140625,646.75,652.0,637.5999755859375,2615300
2024-05-24,"Spire Wealth Management Trims Stock Position in Netflix, Inc. $NFLX",positive,639.4000244140625,646.75,652.0,637.5999755859375,2615300
2024-05-24,"Red Chillies Opposes Sameer Wankhede’s Plea Against Netflix Series, Calls Defamation Suit ‘Wholly Misconceived’",neutral,639.4000244140625,646.75,652.0,637.5999755859375,2615300
2024-05-24,"Hantz Financial Services Inc. Decreases Holdings in Netflix, Inc. $NFLX",neutral,639.4000244140625,646.75,652.0,637.5999755859375,2615300
2024-05-24,"Netflix, Eureka to recreate Wonka’s Chocolate Factory down under for Golden Ticket format",neutral,639.4000244140625,646.75,652.0,637.5999755859375,2615300
2024-05-24,Baramulla Trailer Out: Manav Kaul Investigates Mysterious Disappearances In Kashmir In Netflix’s Gripping Supernatural Thriller,positive,639.4000244140625,646.75,652.0,637.5999755859375,2615300
2024-05-24,Aileen: Queen of the Serial Killers – Review | Netflix Documentary,negative,639.4000244140625,646.75,652.0,637.5999755859375,2615300
2024-05-24,In Video: Netflix releases trailer of ‘Baramulla’,neutral,639.4000244140625,646.75,652.0,637.5999755859375,2615300
2024-05-28,Spy season 2: Ted Danson returns to Netflix in November 2025,neutral,647.0499877929688,649.0,649.75,643.030029296875,2609500
2024-05-28,The Witcher Season 4 Review: Netflix’s Fantasy Giant Loses Its Magic Without Henry Cavill,negative,647.0499877929688,649.0,649.75,643.030029296875,2609500
2024-05-28,Amsterdam Empire Netflix Review: Why Famke Janssen’s Comeback Falls Flat,neutral,647.0499877929688,649.0,649.75,643.030029296875,2609500
2024-05-28,"Spire Wealth Management Trims Stock Position in Netflix, Inc. $NFLX",positive,647.0499877929688,649.0,649.75,643.030029296875,2609500
2024-05-28,"Red Chillies Opposes Sameer Wankhede’s Plea Against Netflix Series, Calls Defamation Suit ‘Wholly Misconceived’",neutral,647.0499877929688,649.0,649.75,643.030029296875,2609500
2024-05-28,"Hantz Financial Services Inc. Decreases Holdings in Netflix, Inc. $NFLX",neutral,647.0499877929688,649.0,649.75,643.030029296875,2609500
2024-05-28,"Netflix, Eureka to recreate Wonka’s Chocolate Factory down under for Golden Ticket format",neutral,647.0499877929688,649.0,649.75,643.030029296875,2609500
2024-05-28,Baramulla Trailer Out: Manav Kaul Investigates Mysterious Disappearances In Kashmir In Netflix’s Gripping Supernatural Thriller,positive,647.0499877929688,649.0,649.75,643.030029296875,2609500
2024-05-28,Aileen: Queen of the Serial Killers – Review | Netflix Documentary,negative,647.0499877929688,649.0,649.75,643.030029296875,2609500
2024-05-28,In Video: Netflix releases trailer of ‘Baramulla’,neutral,647.0499877929688,649.0,649.75,643.030029296875,2609500
2024-05-29,Spy season 2: Ted Danson returns to Netflix in November 2025,neutral,644.1300048828125,654.6199951171875,664.25,643.8900146484375,3695900
2024-05-29,The Witcher Season 4 Review: Netflix’s Fantasy Giant Loses Its Magic Without Henry Cavill,negative,644.1300048828125,654.6199951171875,664.25,643.8900146484375,3695900
2024-05-29,Amsterdam Empire Netflix Review: Why Famke Janssen’s Comeback Falls Flat,neutral,644.1300048828125,654.6199951171875,664.25,643.8900146484375,3695900
2024-05-29,"Spire Wealth Management Trims Stock Position in Netflix, Inc. $NFLX",positive,644.1300048828125,654.6199951171875,664.25,643.8900146484375,3695900
2024-05-29,"Red Chillies Opposes Sameer Wankhede’s Plea Against Netflix Series, Calls Defamation Suit ‘Wholly Misconceived’",neutral,644.1300048828125,654.6199951171875,664.25,643.8900146484375,3695900
2024-05-29,"Hantz Financial Services Inc. Decreases Holdings in Netflix, Inc. $NFLX",neutral,644.1300048828125,654.6199951171875,664.25,643.8900146484375,3695900
2024-05-29,"Netflix, Eureka to recreate Wonka’s Chocolate Factory down under for Golden Ticket format",neutral,644.1300048828125,654.6199951171875,664.25,643.8900146484375,3695900
2024-05-29,Baramulla Trailer Out: Manav Kaul Investigates Mysterious Disappearances In Kashmir In Netflix’s Gripping Supernatural Thriller,positive,644.1300048828125,654.6199951171875,664.25,643.8900146484375,3695900
2024-05-29,Aileen: Queen of the Serial Killers – Review | Netflix Documentary,negative,644.1300048828125,654.6199951171875,664.25,643.8900146484375,3695900
2024-05-29,In Video: Netflix releases trailer of ‘Baramulla’,neutral,644.1300048828125,654.6199951171875,664.25,643.8900146484375,3695900
2024-05-30,Spy season 2: Ted Danson returns to Netflix in November 2025,neutral,653.52001953125,647.6599731445312,656.489990234375,644.72998046875,2388900
2024-05-30,The Witcher Season 4 Review: Netflix’s Fantasy Giant Loses Its Magic Without Henry Cavill,negative,653.52001953125,647.6599731445312,656.489990234375,644.72998046875,2388900
2024-05-30,Amsterdam Empire Netflix Review: Why Famke Janssen’s Comeback Falls Flat,neutral,653.52001953125,647.6599731445312,656.489990234375,644.72998046875,2388900
2024-05-30,"Spire Wealth Management Trims Stock Position in Netflix, Inc. $NFLX",positive,653.52001953125,647.6599731445312,656.489990234375,644.72998046875,2388900
2024-05-30,"Red Chillies Opposes Sameer Wankhede’s Plea Against Netflix Series, Calls Defamation Suit ‘Wholly Misconceived’",neutral,653.52001953125,647.6599731445312,656.489990234375,644.72998046875,2388900
2024-05-30,"Hantz Financial Services Inc. Decreases Holdings in Netflix, Inc. $NFLX",neutral,653.52001953125,647.6599731445312,656.489990234375,644.72998046875,2388900
2024-05-30,"Netflix, Eureka to recreate Wonka’s Chocolate Factory down under for Golden Ticket format",neutral,653.52001953125,647.6599731445312,656.489990234375,644.72998046875,2388900
2024-05-30,Baramulla Trailer Out: Manav Kaul Investigates Mysterious Disappearances In Kashmir In Netflix’s Gripping Supernatural Thriller,positive,653.52001953125,647.6599731445312,656.489990234375,644.72998046875,2388900
2024-05-30,Aileen: Queen of the Serial Killers – Review | Netflix Documentary,negative,653.52001953125,647.6599731445312,656.489990234375,644.72998046875,2388900
2024-05-30,In Video: Netflix releases trailer of ‘Baramulla’,neutral,653.52001953125,647.6599731445312,656.489990234375,644.72998046875,2388900
2024-05-31,Spy season 2: Ted Danson returns to Netflix in November 2025,neutral,644.010009765625,641.6199951171875,648.5800170898438,628.2999877929688,4071000
2024-05-31,The Witcher Season 4 Review: Netflix’s Fantasy Giant Loses Its Magic Without Henry Cavill,negative,644.010009765625,641.6199951171875,648.5800170898438,628.2999877929688,4071000
2024-05-31,Amsterdam Empire Netflix Review: Why Famke Janssen’s Comeback Falls Flat,neutral,644.010009765625,641.6199951171875,648.5800170898438,628.2999877929688,4071000
2024-05-31,"Spire Wealth Management Trims Stock Position in Netflix, Inc. $NFLX",positive,644.010009765625,641.6199951171875,648.5800170898438,628.2999877929688,4071000
2024-05-31,"Red Chillies Opposes Sameer Wankhede’s Plea Against Netflix Series, Calls Defamation Suit ‘Wholly Misconceived’",neutral,644.010009765625,641.6199951171875,648.5800170898438,628.2999877929688,4071000
2024-05-31,"Hantz Financial Services Inc. Decreases Holdings in Netflix, Inc. $NFLX",neutral,644.010009765625,641.6199951171875,648.5800170898438,628.2999877929688,4071000
2024-05-31,"Netflix, Eureka to recreate Wonka’s Chocolate Factory down under for Golden Ticket format",neutral,644.010009765625,641.6199951171875,648.5800170898438,628.2999877929688,4071000
2024-05-31,Baramulla Trailer Out: Manav Kaul Investigates Mysterious Disappearances In Kashmir In Netflix’s Gripping Supernatural Thriller,positive,644.010009765625,641.6199951171875,648.5800170898438,628.2999877929688,4071000
2024-05-31,Aileen: Queen of the Serial Killers – Review | Netflix Documentary,negative,644.010009765625,641.6199951171875,648.5800170898438,628.2999877929688,4071000
2024-05-31,In Video: Netflix releases trailer of ‘Baramulla’,neutral,644.010009765625,641.6199951171875,648.5800170898438,628.2999877929688,4071000
2024-06-03,Spy season 2: Ted Danson returns to Netflix in November 2025,neutral,645.219970703125,633.7899780273438,646.780029296875,627.27001953125,2323500
2024-06-03,The Witcher Season 4 Review: Netflix’s Fantasy Giant Loses Its Magic Without Henry Cavill,negative,645.219970703125,633.7899780273438,646.780029296875,627.27001953125,2323500
2024-06-03,Amsterdam Empire Netflix Review: Why Famke Janssen’s Comeback Falls Flat,neutral,645.219970703125,633.7899780273438,646.780029296875,627.27001953125,2323500
2024-06-03,"Spire Wealth Management Trims Stock Position in Netflix, Inc. $NFLX",positive,645.219970703125,633.7899780273438,646.780029296875,627.27001953125,2323500
2024-06-03,"Red Chillies Opposes Sameer Wankhede’s Plea Against Netflix Series, Calls Defamation Suit ‘Wholly Misconceived’",neutral,645.219970703125,633.7899780273438,646.780029296875,627.27001953125,2323500
2024-06-03,"Hantz Financial Services Inc. Decreases Holdings in Netflix, Inc. $NFLX",neutral,645.219970703125,633.7899780273438,646.780029296875,627.27001953125,2323500
2024-06-03,"Netflix, Eureka to recreate Wonka’s Chocolate Factory down under for Golden Ticket format",neutral,645.219970703125,633.7899780273438,646.780029296875,627.27001953125,2323500
2024-06-03,Baramulla Trailer Out: Manav Kaul Investigates Mysterious Disappearances In Kashmir In Netflix’s Gripping Supernatural Thriller,positive,645.219970703125,633.7899780273438,646.780029296875,627.27001953125,2323500
2024-06-03,Aileen: Queen of the Serial Killers – Review | Netflix Documentary,negative,645.219970703125,633.7899780273438,646.780029296875,627.27001953125,2323500
2024-06-03,In Video: Netflix releases trailer of ‘Baramulla’,neutral,645.219970703125,633.7899780273438,646.780029296875,627.27001953125,2323500
2024-06-04,Spy season 2: Ted Danson returns to Netflix in November 2025,neutral,633.780029296875,631.6199951171875,635.22998046875,626.4400024414062,3008200
2024-06-04,The Witcher Season 4 Review: Netflix’s Fantasy Giant Loses Its Magic Without Henry Cavill,negative,633.780029296875,631.6199951171875,635.22998046875,626.4400024414062,3008200
2024-06-04,Amsterdam Empire Netflix Review: Why Famke Janssen’s Comeback Falls Flat,neutral,633.780029296875,631.6199951171875,635.22998046875,626.4400024414062,3008200
2024-06-04,"Spire Wealth Management Trims Stock Position in Netflix, Inc. $NFLX",positive,633.780029296875,631.6199951171875,635.22998046875,626.4400024414062,3008200
2024-06-04,"Red Chillies Opposes Sameer Wankhede’s Plea Against Netflix Series, Calls Defamation Suit ‘Wholly Misconceived’",neutral,633.780029296875,631.6199951171875,635.22998046875,626.4400024414062,3008200
2024-06-04,"Hantz Financial Services Inc. Decreases Holdings in Netflix, Inc. $NFLX",neutral,633.780029296875,631.6199951171875,635.22998046875,626.4400024414062,3008200
2024-06-04,"Netflix, Eureka to recreate Wonka’s Chocolate Factory down under for Golden Ticket format",neutral,633.780029296875,631.6199951171875,635.22998046875,626.4400024414062,3008200
2024-06-04,Baramulla Trailer Out: Manav Kaul Investigates Mysterious Disappearances In Kashmir In Netflix’s Gripping Supernatural Thriller,positive,633.780029296875,631.6199951171875,635.22998046875,626.4400024414062,3008200
2024-06-04,Aileen: Queen of the Serial Killers – Review | Netflix Documentary,negative,633.780029296875,631.6199951171875,635.22998046875,626.4400024414062,3008200
2024-06-04,In Video: Netflix releases trailer of ‘Baramulla’,neutral,633.780029296875,631.6199951171875,635.22998046875,626.4400024414062,3008200
2024-06-05,Spy season 2: Ted Danson returns to Netflix in November 2025,neutral,634.02001953125,650.27001953125,651.25,628.25,2682600
2024-06-05,The Witcher Season 4 Review: Netflix’s Fantasy Giant Loses Its Magic Without Henry Cavill,negative,634.02001953125,650.27001953125,651.25,628.25,2682600
2024-06-05,Amsterdam Empire Netflix Review: Why Famke Janssen’s Comeback Falls Flat,neutral,634.02001953125,650.27001953125,651.25,628.25,2682600
2024-06-05,"Spire Wealth Management Trims Stock Position in Netflix, Inc. $NFLX",positive,634.02001953125,650.27001953125,651.25,628.25,2682600
2024-06-05,"Red Chillies Opposes Sameer Wankhede’s Plea Against Netflix Series, Calls Defamation Suit ‘Wholly Misconceived’",neutral,634.02001953125,650.27001953125,651.25,628.25,2682600
2024-06-05,"Hantz Financial Services Inc. Decreases Holdings in Netflix, Inc. $NFLX",neutral,634.02001953125,650.27001953125,651.25,628.25,2682600
2024-06-05,"Netflix, Eureka to recreate Wonka’s Chocolate Factory down under for Golden Ticket format",neutral,634.02001953125,650.27001953125,651.25,628.25,2682600
2024-06-05,Baramulla Trailer Out: Manav Kaul Investigates Mysterious Disappearances In Kashmir In Netflix’s Gripping Supernatural Thriller,positive,634.02001953125,650.27001953125,651.25,628.25,2682600
2024-06-05,Aileen: Queen of the Serial Killers – Review | Netflix Documentary,negative,634.02001953125,650.27001953125,651.25,628.25,2682600
2024-06-05,In Video: Netflix releases trailer of ‘Baramulla’,neutral,634.02001953125,650.27001953125,651.25,628.25,2682600
2024-06-06,‘The Rats: A Witcher Tale’ Sneaks Onto Netflix: The Hidden Spin-Off You Almost Missed,negative,644.8900146484375,648.52001953125,657.989990234375,644.239990234375,2466700
2024-06-06,Netflix dropped a surprise Witcher movie that fills in the gaps from season 4's best storyline,positive,644.8900146484375,648.52001953125,657.989990234375,644.239990234375,2466700
2024-06-06,SRK’s Red Chillies Terms Sameer Wankhede’s Defamation Suit Over Netflix Series ‘Baseless’,neutral,644.8900146484375,648.52001953125,657.989990234375,644.239990234375,2466700
2024-06-06,Spy season 2: Ted Danson returns to Netflix in November 2025,neutral,644.8900146484375,648.52001953125,657.989990234375,644.239990234375,2466700
2024-06-06,The Witcher Season 4 release date and time in India: Cast and what to expect on Netflix,neutral,644.8900146484375,648.52001953125,657.989990234375,644.239990234375,2466700
2024-06-06,The Witcher Season 4 Review: Netflix’s Fantasy Giant Loses Its Magic Without Henry Cavill,negative,644.8900146484375,648.52001953125,657.989990234375,644.239990234375,2466700
2024-06-06,Baramulla Trailer Out: Manav Kaul Headlines Netflix's Horror Film In The Backdrop Of Kashmir; Watch,negative,644.8900146484375,648.52001953125,657.989990234375,644.239990234375,2466700
2024-06-06,Amsterdam Empire Netflix Review: Why Famke Janssen’s Comeback Falls Flat,neutral,644.8900146484375,648.52001953125,657.989990234375,644.239990234375,2466700
2024-06-06,'Incredible' Netflix crime drama set in Edinburgh has viewers on edge of seats,negative,644.8900146484375,648.52001953125,657.989990234375,644.239990234375,2466700
2024-06-06,"Spire Wealth Management Trims Stock Position in Netflix, Inc. $NFLX",positive,644.8900146484375,648.52001953125,657.989990234375,644.239990234375,2466700
2024-06-07,‘The Rats: A Witcher Tale’ Sneaks Onto Netflix: The Hidden Spin-Off You Almost Missed,negative,649.3800048828125,641.469970703125,650.4000244140625,640.239990234375,1876600
2024-06-07,Netflix dropped a surprise Witcher movie that fills in the gaps from season 4's best storyline,positive,649.3800048828125,641.469970703125,650.4000244140625,640.239990234375,1876600
2024-06-07,SRK’s Red Chillies Terms Sameer Wankhede’s Defamation Suit Over Netflix Series ‘Baseless’,neutral,649.3800048828125,641.469970703125,650.4000244140625,640.239990234375,1876600
2024-06-07,Spy season 2: Ted Danson returns to Netflix in November 2025,neutral,649.3800048828125,641.469970703125,650.4000244140625,640.239990234375,1876600
2024-06-07,The Witcher Season 4 release date and time in India: Cast and what to expect on Netflix,neutral,649.3800048828125,641.469970703125,650.4000244140625,640.239990234375,1876600
2024-06-07,The Witcher Season 4 Review: Netflix’s Fantasy Giant Loses Its Magic Without Henry Cavill,negative,649.3800048828125,641.469970703125,650.4000244140625,640.239990234375,1876600
2024-06-07,Baramulla Trailer Out: Manav Kaul Headlines Netflix's Horror Film In The Backdrop Of Kashmir; Watch,negative,649.3800048828125,641.469970703125,650.4000244140625,640.239990234375,1876600
2024-06-07,Amsterdam Empire Netflix Review: Why Famke Janssen’s Comeback Falls Flat,neutral,649.3800048828125,641.469970703125,650.4000244140625,640.239990234375,1876600
2024-06-07,'Incredible' Netflix crime drama set in Edinburgh has viewers on edge of seats,negative,649.3800048828125,641.469970703125,650.4000244140625,640.239990234375,1876600
2024-06-07,"Spire Wealth Management Trims Stock Position in Netflix, Inc. $NFLX",positive,649.3800048828125,641.469970703125,650.4000244140625,640.239990234375,1876600
2024-06-10,‘The Rats: A Witcher Tale’ Sneaks Onto Netflix: The Hidden Spin-Off You Almost Missed,negative,641.010009765625,644.5,644.7899780273438,635.5900268554688,2064400
2024-06-10,Netflix dropped a surprise Witcher movie that fills in the gaps from season 4's best storyline,positive,641.010009765625,644.5,644.7899780273438,635.5900268554688,2064400
2024-06-10,SRK’s Red Chillies Terms Sameer Wankhede’s Defamation Suit Over Netflix Series ‘Baseless’,neutral,641.010009765625,644.5,644.7899780273438,635.5900268554688,2064400
2024-06-10,Spy season 2: Ted Danson returns to Netflix in November 2025,neutral,641.010009765625,644.5,644.7899780273438,635.5900268554688,2064400
2024-06-10,The Witcher Season 4 release date and time in India: Cast and what to expect on Netflix,neutral,641.010009765625,644.5,644.7899780273438,635.5900268554688,2064400
2024-06-10,The Witcher Season 4 Review: Netflix’s Fantasy Giant Loses Its Magic Without Henry Cavill,negative,641.010009765625,644.5,644.7899780273438,635.5900268554688,2064400
2024-06-10,Baramulla Trailer Out: Manav Kaul Headlines Netflix's Horror Film In The Backdrop Of Kashmir; Watch,negative,641.010009765625,644.5,644.7899780273438,635.5900268554688,2064400
2024-06-10,Amsterdam Empire Netflix Review: Why Famke Janssen’s Comeback Falls Flat,neutral,641.010009765625,644.5,644.7899780273438,635.5900268554688,2064400
2024-06-10,'Incredible' Netflix crime drama set in Edinburgh has viewers on edge of seats,negative,641.010009765625,644.5,644.7899780273438,635.5900268554688,2064400
2024-06-10,"Spire Wealth Management Trims Stock Position in Netflix, Inc. $NFLX",positive,641.010009765625,644.5,644.7899780273438,635.5900268554688,2064400
2024-06-11,‘The Rats: A Witcher Tale’ Sneaks Onto Netflix: The Hidden Spin-Off You Almost Missed,negative,640.719970703125,648.5499877929688,650.1900024414062,640.52001953125,2167400
2024-06-11,Netflix dropped a surprise Witcher movie that fills in the gaps from season 4's best storyline,positive,640.719970703125,648.5499877929688,650.1900024414062,640.52001953125,2167400
2024-06-11,SRK’s Red Chillies Terms Sameer Wankhede’s Defamation Suit Over Netflix Series ‘Baseless’,neutral,640.719970703125,648.5499877929688,650.1900024414062,640.52001953125,2167400
2024-06-11,Spy season 2: Ted Danson returns to Netflix in November 2025,neutral,640.719970703125,648.5499877929688,650.1900024414062,640.52001953125,2167400
2024-06-11,The Witcher Season 4 release date and time in India: Cast and what to expect on Netflix,neutral,640.719970703125,648.5499877929688,650.1900024414062,640.52001953125,2167400
2024-06-11,The Witcher Season 4 Review: Netflix’s Fantasy Giant Loses Its Magic Without Henry Cavill,negative,640.719970703125,648.5499877929688,650.1900024414062,640.52001953125,2167400
2024-06-11,Baramulla Trailer Out: Manav Kaul Headlines Netflix's Horror Film In The Backdrop Of Kashmir; Watch,negative,640.719970703125,648.5499877929688,650.1900024414062,640.52001953125,2167400
2024-06-11,Amsterdam Empire Netflix Review: Why Famke Janssen’s Comeback Falls Flat,neutral,640.719970703125,648.5499877929688,650.1900024414062,640.52001953125,2167400
2024-06-11,'Incredible' Netflix crime drama set in Edinburgh has viewers on edge of seats,negative,640.719970703125,648.5499877929688,650.1900024414062,640.52001953125,2167400
2024-06-11,"Spire Wealth Management Trims Stock Position in Netflix, Inc. $NFLX",positive,640.719970703125,648.5499877929688,650.1900024414062,640.52001953125,2167400
2024-06-12,‘The Rats: A Witcher Tale’ Sneaks Onto Netflix: The Hidden Spin-Off You Almost Missed,negative,652.2100219726562,650.0599975585938,655.780029296875,643.1099853515625,2094400
2024-06-12,Netflix dropped a surprise Witcher movie that fills in the gaps from season 4's best storyline,positive,652.2100219726562,650.0599975585938,655.780029296875,643.1099853515625,2094400
2024-06-12,SRK’s Red Chillies Terms Sameer Wankhede’s Defamation Suit Over Netflix Series ‘Baseless’,neutral,652.2100219726562,650.0599975585938,655.780029296875,643.1099853515625,2094400
2024-06-12,Spy season 2: Ted Danson returns to Netflix in November 2025,neutral,652.2100219726562,650.0599975585938,655.780029296875,643.1099853515625,2094400
2024-06-12,The Witcher Season 4 release date and time in India: Cast and what to expect on Netflix,neutral,652.2100219726562,650.0599975585938,655.780029296875,643.1099853515625,2094400
2024-06-12,The Witcher Season 4 Review: Netflix’s Fantasy Giant Loses Its Magic Without Henry Cavill,negative,652.2100219726562,650.0599975585938,655.780029296875,643.1099853515625,2094400
2024-06-12,Baramulla Trailer Out: Manav Kaul Headlines Netflix's Horror Film In The Backdrop Of Kashmir; Watch,negative,652.2100219726562,650.0599975585938,655.780029296875,643.1099853515625,2094400
2024-06-12,Amsterdam Empire Netflix Review: Why Famke Janssen’s Comeback Falls Flat,neutral,652.2100219726562,650.0599975585938,655.780029296875,643.1099853515625,2094400
2024-06-12,'Incredible' Netflix crime drama set in Edinburgh has viewers on edge of seats,negative,652.2100219726562,650.0599975585938,655.780029296875,643.1099853515625,2094400
2024-06-12,"Spire Wealth Management Trims Stock Position in Netflix, Inc. $NFLX",positive,652.2100219726562,650.0599975585938,655.780029296875,643.1099853515625,2094400
2024-06-13,‘The Rats: A Witcher Tale’ Sneaks Onto Netflix: The Hidden Spin-Off You Almost Missed,negative,644.0,653.260009765625,655.25,642.3499755859375,1863600
2024-06-13,Netflix dropped a surprise Witcher movie that fills in the gaps from season 4's best storyline,positive,644.0,653.260009765625,655.25,642.3499755859375,1863600
2024-06-13,SRK’s Red Chillies Terms Sameer Wankhede’s Defamation Suit Over Netflix Series ‘Baseless’,neutral,644.0,653.260009765625,655.25,642.3499755859375,1863600
2024-06-13,Spy season 2: Ted Danson returns to Netflix in November 2025,neutral,644.0,653.260009765625,655.25,642.3499755859375,1863600
2024-06-13,The Witcher Season 4 release date and time in India: Cast and what to expect on Netflix,neutral,644.0,653.260009765625,655.25,642.3499755859375,1863600
2024-06-13,The Witcher Season 4 Review: Netflix’s Fantasy Giant Loses Its Magic Without Henry Cavill,negative,644.0,653.260009765625,655.25,642.3499755859375,1863600
2024-06-13,Baramulla Trailer Out: Manav Kaul Headlines Netflix's Horror Film In The Backdrop Of Kashmir; Watch,negative,644.0,653.260009765625,655.25,642.3499755859375,1863600
2024-06-13,Amsterdam Empire Netflix Review: Why Famke Janssen’s Comeback Falls Flat,neutral,644.0,653.260009765625,655.25,642.3499755859375,1863600
2024-06-13,'Incredible' Netflix crime drama set in Edinburgh has viewers on edge of seats,negative,644.0,653.260009765625,655.25,642.3499755859375,1863600
2024-06-13,"Spire Wealth Management Trims Stock Position in Netflix, Inc. $NFLX",positive,644.0,653.260009765625,655.25,642.3499755859375,1863600
2024-06-14,‘The Rats: A Witcher Tale’ Sneaks Onto Netflix: The Hidden Spin-Off You Almost Missed,negative,655.0499877929688,669.3800048828125,675.5800170898438,652.6400146484375,4447100
2024-06-14,Netflix dropped a surprise Witcher movie that fills in the gaps from season 4's best storyline,positive,655.0499877929688,669.3800048828125,675.5800170898438,652.6400146484375,4447100
2024-06-14,SRK’s Red Chillies Terms Sameer Wankhede’s Defamation Suit Over Netflix Series ‘Baseless’,neutral,655.0499877929688,669.3800048828125,675.5800170898438,652.6400146484375,4447100
2024-06-14,Spy season 2: Ted Danson returns to Netflix in November 2025,neutral,655.0499877929688,669.3800048828125,675.5800170898438,652.6400146484375,4447100
2024-06-14,The Witcher Season 4 release date and time in India: Cast and what to expect on Netflix,neutral,655.0499877929688,669.3800048828125,675.5800170898438,652.6400146484375,4447100
2024-06-14,The Witcher Season 4 Review: Netflix’s Fantasy Giant Loses Its Magic Without Henry Cavill,negative,655.0499877929688,669.3800048828125,675.5800170898438,652.6400146484375,4447100
2024-06-14,Baramulla Trailer Out: Manav Kaul Headlines Netflix's Horror Film In The Backdrop Of Kashmir; Watch,negative,655.0499877929688,669.3800048828125,675.5800170898438,652.6400146484375,4447100
2024-06-14,Amsterdam Empire Netflix Review: Why Famke Janssen’s Comeback Falls Flat,neutral,655.0499877929688,669.3800048828125,675.5800170898438,652.6400146484375,4447100
2024-06-14,'Incredible' Netflix crime drama set in Edinburgh has viewers on edge of seats,negative,655.0499877929688,669.3800048828125,675.5800170898438,652.6400146484375,4447100
2024-06-14,"Spire Wealth Management Trims Stock Position in Netflix, Inc. $NFLX",positive,655.0499877929688,669.3800048828125,675.5800170898438,652.6400146484375,4447100
2024-06-17,‘The Rats: A Witcher Tale’ Sneaks Onto Netflix: The Hidden Spin-Off You Almost Missed,negative,669.1099853515625,675.8300170898438,682.7100219726562,665.1099853515625,3631200
2024-06-17,Netflix dropped a surprise Witcher movie that fills in the gaps from season 4's best storyline,positive,669.1099853515625,675.8300170898438,682.7100219726562,665.1099853515625,3631200
2024-06-17,SRK’s Red Chillies Terms Sameer Wankhede’s Defamation Suit Over Netflix Series ‘Baseless’,neutral,669.1099853515625,675.8300170898438,682.7100219726562,665.1099853515625,3631200
2024-06-17,Spy season 2: Ted Danson returns to Netflix in November 2025,neutral,669.1099853515625,675.8300170898438,682.7100219726562,665.1099853515625,3631200
2024-06-17,The Witcher Season 4 release date and time in India: Cast and what to expect on Netflix,neutral,669.1099853515625,675.8300170898438,682.7100219726562,665.1099853515625,3631200
2024-06-17,The Witcher Season 4 Review: Netflix’s Fantasy Giant Loses Its Magic Without Henry Cavill,negative,669.1099853515625,675.8300170898438,682.7100219726562,665.1099853515625,3631200
2024-06-17,Baramulla Trailer Out: Manav Kaul Headlines Netflix's Horror Film In The Backdrop Of Kashmir; Watch,negative,669.1099853515625,675.8300170898438,682.7100219726562,665.1099853515625,3631200
2024-06-17,Amsterdam Empire Netflix Review: Why Famke Janssen’s Comeback Falls Flat,neutral,669.1099853515625,675.8300170898438,682.7100219726562,665.1099853515625,3631200
2024-06-17,'Incredible' Netflix crime drama set in Edinburgh has viewers on edge of seats,negative,669.1099853515625,675.8300170898438,682.7100219726562,665.1099853515625,3631200
2024-06-17,"Spire Wealth Management Trims Stock Position in Netflix, Inc. $NFLX",positive,669.1099853515625,675.8300170898438,682.7100219726562,665.1099853515625,3631200
2024-06-18,Adolescence director teams up with Hollywood favourite for a very different thriller series on Netflix,positive,675.6300048828125,685.6699829101562,687.0599975585938,674.6400146484375,2943800
2024-06-18,‘The Rats: A Witcher Tale’ Sneaks Onto Netflix: The Hidden Spin-Off You Almost Missed,negative,675.6300048828125,685.6699829101562,687.0599975585938,674.6400146484375,2943800
2024-06-18,Netflix dropped a surprise Witcher movie that fills in the gaps from season 4's best storyline,positive,675.6300048828125,685.6699829101562,687.0599975585938,674.6400146484375,2943800
2024-06-18,SRK’s Red Chillies Terms Sameer Wankhede’s Defamation Suit Over Netflix Series ‘Baseless’,neutral,675.6300048828125,685.6699829101562,687.0599975585938,674.6400146484375,2943800
2024-06-18,Spy season 2: Ted Danson returns to Netflix in November 2025,neutral,675.6300048828125,685.6699829101562,687.0599975585938,674.6400146484375,2943800
2024-06-18,The Witcher Season 4 release date and time in India: Cast and what to expect on Netflix,neutral,675.6300048828125,685.6699829101562,687.0599975585938,674.6400146484375,2943800
2024-06-18,The Witcher Season 4 Review: Netflix’s Fantasy Giant Loses Its Magic Without Henry Cavill,negative,675.6300048828125,685.6699829101562,687.0599975585938,674.6400146484375,2943800
2024-06-18,Baramulla Trailer Out: Manav Kaul Headlines Netflix's Horror Film In The Backdrop Of Kashmir; Watch,negative,675.6300048828125,685.6699829101562,687.0599975585938,674.6400146484375,2943800
2024-06-18,Amsterdam Empire Netflix Review: Why Famke Janssen’s Comeback Falls Flat,neutral,675.6300048828125,685.6699829101562,687.0599975585938,674.6400146484375,2943800
2024-06-18,'Incredible' Netflix crime drama set in Edinburgh has viewers on edge of seats,negative,675.6300048828125,685.6699829101562,687.0599975585938,674.6400146484375,2943800
2024-06-20,Adolescence director teams up with Hollywood favourite for a very different thriller series on Netflix,positive,681.7999877929688,679.030029296875,689.8800048828125,673.719970703125,2585100
2024-06-20,‘The Rats: A Witcher Tale’ Sneaks Onto Netflix: The Hidden Spin-Off You Almost Missed,negative,681.7999877929688,679.030029296875,689.8800048828125,673.719970703125,2585100
2024-06-20,Netflix dropped a surprise Witcher movie that fills in the gaps from season 4's best storyline,positive,681.7999877929688,679.030029296875,689.8800048828125,673.719970703125,2585100
2024-06-20,SRK’s Red Chillies Terms Sameer Wankhede’s Defamation Suit Over Netflix Series ‘Baseless’,neutral,681.7999877929688,679.030029296875,689.8800048828125,673.719970703125,2585100
2024-06-20,Spy season 2: Ted Danson returns to Netflix in November 2025,neutral,681.7999877929688,679.030029296875,689.8800048828125,673.719970703125,2585100
2024-06-20,The Witcher Season 4 release date and time in India: Cast and what to expect on Netflix,neutral,681.7999877929688,679.030029296875,689.8800048828125,673.719970703125,2585100
2024-06-20,The Witcher Season 4 Review: Netflix’s Fantasy Giant Loses Its Magic Without Henry Cavill,negative,681.7999877929688,679.030029296875,689.8800048828125,673.719970703125,2585100
2024-06-20,Baramulla Trailer Out: Manav Kaul Headlines Netflix's Horror Film In The Backdrop Of Kashmir; Watch,negative,681.7999877929688,679.030029296875,689.8800048828125,673.719970703125,2585100
2024-06-20,Amsterdam Empire Netflix Review: Why Famke Janssen’s Comeback Falls Flat,neutral,681.7999877929688,679.030029296875,689.8800048828125,673.719970703125,2585100
2024-06-20,'Incredible' Netflix crime drama set in Edinburgh has viewers on edge of seats,negative,681.7999877929688,679.030029296875,689.8800048828125,673.719970703125,2585100
2024-06-21,Adolescence director teams up with Hollywood favourite for a very different thriller series on Netflix,positive,683.260009765625,686.1199951171875,686.9000244140625,678.0999755859375,4506400
2024-06-21,‘The Rats: A Witcher Tale’ Sneaks Onto Netflix: The Hidden Spin-Off You Almost Missed,negative,683.260009765625,686.1199951171875,686.9000244140625,678.0999755859375,4506400
2024-06-21,Netflix dropped a surprise Witcher movie that fills in the gaps from season 4's best storyline,positive,683.260009765625,686.1199951171875,686.9000244140625,678.0999755859375,4506400
2024-06-21,SRK’s Red Chillies Terms Sameer Wankhede’s Defamation Suit Over Netflix Series ‘Baseless’,neutral,683.260009765625,686.1199951171875,686.9000244140625,678.0999755859375,4506400
2024-06-21,Spy season 2: Ted Danson returns to Netflix in November 2025,neutral,683.260009765625,686.1199951171875,686.9000244140625,678.0999755859375,4506400
2024-06-21,The Witcher Season 4 release date and time in India: Cast and what to expect on Netflix,neutral,683.260009765625,686.1199951171875,686.9000244140625,678.0999755859375,4506400
2024-06-21,The Witcher Season 4 Review: Netflix’s Fantasy Giant Loses Its Magic Without Henry Cavill,negative,683.260009765625,686.1199951171875,686.9000244140625,678.0999755859375,4506400
2024-06-21,Baramulla Trailer Out: Manav Kaul Headlines Netflix's Horror Film In The Backdrop Of Kashmir; Watch,negative,683.260009765625,686.1199951171875,686.9000244140625,678.0999755859375,4506400
2024-06-21,Amsterdam Empire Netflix Review: Why Famke Janssen’s Comeback Falls Flat,neutral,683.260009765625,686.1199951171875,686.9000244140625,678.0999755859375,4506400
2024-06-21,'Incredible' Netflix crime drama set in Edinburgh has viewers on edge of seats,negative,683.260009765625,686.1199951171875,686.9000244140625,678.0999755859375,4506400
2024-06-24,Adolescence director teams up with Hollywood favourite for a very different thriller series on Netflix,positive,685.0,669.02001953125,685.5,664.5,3916300
2024-06-24,‘The Rats: A Witcher Tale’ Sneaks Onto Netflix: The Hidden Spin-Off You Almost Missed,negative,685.0,669.02001953125,685.5,664.5,3916300
2024-06-24,Netflix dropped a surprise Witcher movie that fills in the gaps from season 4's best storyline,positive,685.0,669.02001953125,685.5,664.5,3916300
2024-06-24,SRK’s Red Chillies Terms Sameer Wankhede’s Defamation Suit Over Netflix Series ‘Baseless’,neutral,685.0,669.02001953125,685.5,664.5,3916300
2024-06-24,Spy season 2: Ted Danson returns to Netflix in November 2025,neutral,685.0,669.02001953125,685.5,664.5,3916300
2024-06-24,The Witcher Season 4 release date and time in India: Cast and what to expect on Netflix,neutral,685.0,669.02001953125,685.5,664.5,3916300
2024-06-24,The Witcher Season 4 Review: Netflix’s Fantasy Giant Loses Its Magic Without Henry Cavill,negative,685.0,669.02001953125,685.5,664.5,3916300
2024-06-24,Baramulla Trailer Out: Manav Kaul Headlines Netflix's Horror Film In The Backdrop Of Kashmir; Watch,negative,685.0,669.02001953125,685.5,664.5,3916300
2024-06-24,Amsterdam Empire Netflix Review: Why Famke Janssen’s Comeback Falls Flat,neutral,685.0,669.02001953125,685.5,664.5,3916300
2024-06-24,'Incredible' Netflix crime drama set in Edinburgh has viewers on edge of seats,negative,685.0,669.02001953125,685.5,664.5,3916300
2024-06-25,Adolescence director teams up with Hollywood favourite for a very different thriller series on Netflix,positive,673.4400024414062,672.4099731445312,673.6699829101562,662.2999877929688,2270600
2024-06-25,‘The Rats: A Witcher Tale’ Sneaks Onto Netflix: The Hidden Spin-Off You Almost Missed,negative,673.4400024414062,672.4099731445312,673.6699829101562,662.2999877929688,2270600
2024-06-25,Netflix dropped a surprise Witcher movie that fills in the gaps from season 4's best storyline,positive,673.4400024414062,672.4099731445312,673.6699829101562,662.2999877929688,2270600
2024-06-25,SRK’s Red Chillies Terms Sameer Wankhede’s Defamation Suit Over Netflix Series ‘Baseless’,neutral,673.4400024414062,672.4099731445312,673.6699829101562,662.2999877929688,2270600
2024-06-25,Spy season 2: Ted Danson returns to Netflix in November 2025,neutral,673.4400024414062,672.4099731445312,673.6699829101562,662.2999877929688,2270600
2024-06-25,The Witcher Season 4 release date and time in India: Cast and what to expect on Netflix,neutral,673.4400024414062,672.4099731445312,673.6699829101562,662.2999877929688,2270600
2024-06-25,The Witcher Season 4 Review: Netflix’s Fantasy Giant Loses Its Magic Without Henry Cavill,negative,673.4400024414062,672.4099731445312,673.6699829101562,662.2999877929688,2270600
2024-06-25,Baramulla Trailer Out: Manav Kaul Headlines Netflix's Horror Film In The Backdrop Of Kashmir; Watch,negative,673.4400024414062,672.4099731445312,673.6699829101562,662.2999877929688,2270600
2024-06-25,Amsterdam Empire Netflix Review: Why Famke Janssen’s Comeback Falls Flat,neutral,673.4400024414062,672.4099731445312,673.6699829101562,662.2999877929688,2270600
2024-06-25,'Incredible' Netflix crime drama set in Edinburgh has viewers on edge of seats,negative,673.4400024414062,672.4099731445312,673.6699829101562,662.2999877929688,2270600
2024-06-26,Adolescence director teams up with Hollywood favourite for a very different thriller series on Netflix,positive,672.4099731445312,677.6900024414062,682.9600219726562,670.02001953125,3545800
2024-06-26,‘The Rats: A Witcher Tale’ Sneaks Onto Netflix: The Hidden Spin-Off You Almost Missed,negative,672.4099731445312,677.6900024414062,682.9600219726562,670.02001953125,3545800
2024-06-26,Netflix dropped a surprise Witcher movie that fills in the gaps from season 4's best storyline,positive,672.4099731445312,677.6900024414062,682.9600219726562,670.02001953125,3545800
2024-06-26,SRK’s Red Chillies Terms Sameer Wankhede’s Defamation Suit Over Netflix Series ‘Baseless’,neutral,672.4099731445312,677.6900024414062,682.9600219726562,670.02001953125,3545800
2024-06-26,Spy season 2: Ted Danson returns to Netflix in November 2025,neutral,672.4099731445312,677.6900024414062,682.9600219726562,670.02001953125,3545800
2024-06-26,The Witcher Season 4 release date and time in India: Cast and what to expect on Netflix,neutral,672.4099731445312,677.6900024414062,682.9600219726562,670.02001953125,3545800
2024-06-26,The Witcher Season 4 Review: Netflix’s Fantasy Giant Loses Its Magic Without Henry Cavill,negative,672.4099731445312,677.6900024414062,682.9600219726562,670.02001953125,3545800
2024-06-26,Baramulla Trailer Out: Manav Kaul Headlines Netflix's Horror Film In The Backdrop Of Kashmir; Watch,negative,672.4099731445312,677.6900024414062,682.9600219726562,670.02001953125,3545800
2024-06-26,Amsterdam Empire Netflix Review: Why Famke Janssen’s Comeback Falls Flat,neutral,672.4099731445312,677.6900024414062,682.9600219726562,670.02001953125,3545800
2024-06-26,'Incredible' Netflix crime drama set in Edinburgh has viewers on edge of seats,negative,672.4099731445312,677.6900024414062,682.9600219726562,670.02001953125,3545800
2024-06-27,Adolescence director teams up with Hollywood favourite for a very different thriller series on Netflix,positive,679.3499755859375,684.3400268554688,688.5700073242188,678.1400146484375,2404800
2024-06-27,‘The Rats: A Witcher Tale’ Sneaks Onto Netflix: The Hidden Spin-Off You Almost Missed,negative,679.3499755859375,684.3400268554688,688.5700073242188,678.1400146484375,2404800
2024-06-27,Netflix dropped a surprise Witcher movie that fills in the gaps from season 4's best storyline,positive,679.3499755859375,684.3400268554688,688.5700073242188,678.1400146484375,2404800
2024-06-27,SRK’s Red Chillies Terms Sameer Wankhede’s Defamation Suit Over Netflix Series ‘Baseless’,neutral,679.3499755859375,684.3400268554688,688.5700073242188,678.1400146484375,2404800
2024-06-27,Spy season 2: Ted Danson returns to Netflix in November 2025,neutral,679.3499755859375,684.3400268554688,688.5700073242188,678.1400146484375,2404800
2024-06-27,The Witcher Season 4 release date and time in India: Cast and what to expect on Netflix,neutral,679.3499755859375,684.3400268554688,688.5700073242188,678.1400146484375,2404800
2024-06-27,The Witcher Season 4 Review: Netflix’s Fantasy Giant Loses Its Magic Without Henry Cavill,negative,679.3499755859375,684.3400268554688,688.5700073242188,678.1400146484375,2404800
2024-06-27,Baramulla Trailer Out: Manav Kaul Headlines Netflix's Horror Film In The Backdrop Of Kashmir; Watch,negative,679.3499755859375,684.3400268554688,688.5700073242188,678.1400146484375,2404800
2024-06-27,Amsterdam Empire Netflix Review: Why Famke Janssen’s Comeback Falls Flat,neutral,679.3499755859375,684.3400268554688,688.5700073242188,678.1400146484375,2404800
2024-06-27,'Incredible' Netflix crime drama set in Edinburgh has viewers on edge of seats,negative,679.3499755859375,684.3400268554688,688.5700073242188,678.1400146484375,2404800
2024-06-28,Adolescence director teams up with Hollywood favourite for a very different thriller series on Netflix,positive,679.0,674.8800048828125,687.0,673.0800170898438,3412400
2024-06-28,‘The Rats: A Witcher Tale’ Sneaks Onto Netflix: The Hidden Spin-Off You Almost Missed,negative,679.0,674.8800048828125,687.0,673.0800170898438,3412400
2024-06-28,Netflix dropped a surprise Witcher movie that fills in the gaps from season 4's best storyline,positive,679.0,674.8800048828125,687.0,673.0800170898438,3412400
2024-06-28,SRK’s Red Chillies Terms Sameer Wankhede’s Defamation Suit Over Netflix Series ‘Baseless’,neutral,679.0,674.8800048828125,687.0,673.0800170898438,3412400
2024-06-28,Spy season 2: Ted Danson returns to Netflix in November 2025,neutral,679.0,674.8800048828125,687.0,673.0800170898438,3412400
2024-06-28,The Witcher Season 4 release date and time in India: Cast and what to expect on Netflix,neutral,679.0,674.8800048828125,687.0,673.0800170898438,3412400
2024-06-28,The Witcher Season 4 Review: Netflix’s Fantasy Giant Loses Its Magic Without Henry Cavill,negative,679.0,674.8800048828125,687.0,673.0800170898438,3412400
2024-06-28,Baramulla Trailer Out: Manav Kaul Headlines Netflix's Horror Film In The Backdrop Of Kashmir; Watch,negative,679.0,674.8800048828125,687.0,673.0800170898438,3412400
2024-06-28,Amsterdam Empire Netflix Review: Why Famke Janssen’s Comeback Falls Flat,neutral,679.0,674.8800048828125,687.0,673.0800170898438,3412400
2024-06-28,'Incredible' Netflix crime drama set in Edinburgh has viewers on edge of seats,negative,679.0,674.8800048828125,687.0,673.0800170898438,3412400
2024-07-01,Adolescence director teams up with Hollywood favourite for a very different thriller series on Netflix,positive,674.8900146484375,673.6099853515625,675.02001953125,663.780029296875,2212800
2024-07-01,‘The Rats: A Witcher Tale’ Sneaks Onto Netflix: The Hidden Spin-Off You Almost Missed,negative,674.8900146484375,673.6099853515625,675.02001953125,663.780029296875,2212800
2024-07-01,Netflix dropped a surprise Witcher movie that fills in the gaps from season 4's best storyline,positive,674.8900146484375,673.6099853515625,675.02001953125,663.780029296875,2212800
2024-07-01,SRK’s Red Chillies Terms Sameer Wankhede’s Defamation Suit Over Netflix Series ‘Baseless’,neutral,674.8900146484375,673.6099853515625,675.02001953125,663.780029296875,2212800
2024-07-01,Spy season 2: Ted Danson returns to Netflix in November 2025,neutral,674.8900146484375,673.6099853515625,675.02001953125,663.780029296875,2212800
2024-07-01,The Witcher Season 4 release date and time in India: Cast and what to expect on Netflix,neutral,674.8900146484375,673.6099853515625,675.02001953125,663.780029296875,2212800
2024-07-01,The Witcher Season 4 Review: Netflix’s Fantasy Giant Loses Its Magic Without Henry Cavill,negative,674.8900146484375,673.6099853515625,675.02001953125,663.780029296875,2212800
2024-07-01,Baramulla Trailer Out: Manav Kaul Headlines Netflix's Horror Film In The Backdrop Of Kashmir; Watch,negative,674.8900146484375,673.6099853515625,675.02001953125,663.780029296875,2212800
2024-07-01,Amsterdam Empire Netflix Review: Why Famke Janssen’s Comeback Falls Flat,neutral,674.8900146484375,673.6099853515625,675.02001953125,663.780029296875,2212800
2024-07-01,'Incredible' Netflix crime drama set in Edinburgh has viewers on edge of seats,negative,674.8900146484375,673.6099853515625,675.02001953125,663.780029296875,2212800
2024-07-02,Adolescence director teams up with Hollywood favourite for a very different thriller series on Netflix,positive,673.5399780273438,679.5800170898438,681.739990234375,670.0700073242188,2411400
2024-07-02,‘The Rats: A Witcher Tale’ Sneaks Onto Netflix: The Hidden Spin-Off You Almost Missed,negative,673.5399780273438,679.5800170898438,681.739990234375,670.0700073242188,2411400
2024-07-02,Netflix dropped a surprise Witcher movie that fills in the gaps from season 4's best storyline,positive,673.5399780273438,679.5800170898438,681.739990234375,670.0700073242188,2411400
2024-07-02,SRK’s Red Chillies Terms Sameer Wankhede’s Defamation Suit Over Netflix Series ‘Baseless’,neutral,673.5399780273438,679.5800170898438,681.739990234375,670.0700073242188,2411400
2024-07-02,Spy season 2: Ted Danson returns to Netflix in November 2025,neutral,673.5399780273438,679.5800170898438,681.739990234375,670.0700073242188,2411400
2024-07-02,The Witcher Season 4 release date and time in India: Cast and what to expect on Netflix,neutral,673.5399780273438,679.5800170898438,681.739990234375,670.0700073242188,2411400
2024-07-02,The Witcher Season 4 Review: Netflix’s Fantasy Giant Loses Its Magic Without Henry Cavill,negative,673.5399780273438,679.5800170898438,681.739990234375,670.0700073242188,2411400
2024-07-02,Baramulla Trailer Out: Manav Kaul Headlines Netflix's Horror Film In The Backdrop Of Kashmir; Watch,negative,673.5399780273438,679.5800170898438,681.739990234375,670.0700073242188,2411400
2024-07-02,Amsterdam Empire Netflix Review: Why Famke Janssen’s Comeback Falls Flat,neutral,673.5399780273438,679.5800170898438,681.739990234375,670.0700073242188,2411400
2024-07-02,'Incredible' Netflix crime drama set in Edinburgh has viewers on edge of seats,negative,673.5399780273438,679.5800170898438,681.739990234375,670.0700073242188,2411400
2024-07-03,Adolescence director teams up with Hollywood favourite for a very different thriller series on Netflix,positive,677.47998046875,682.510009765625,683.75,675.5,1403500
2024-07-03,‘The Rats: A Witcher Tale’ Sneaks Onto Netflix: The Hidden Spin-Off You Almost Missed,negative,677.47998046875,682.510009765625,683.75,675.5,1403500
2024-07-03,Netflix dropped a surprise Witcher movie that fills in the gaps from season 4's best storyline,positive,677.47998046875,682.510009765625,683.75,675.5,1403500
2024-07-03,SRK’s Red Chillies Terms Sameer Wankhede’s Defamation Suit Over Netflix Series ‘Baseless’,neutral,677.47998046875,682.510009765625,683.75,675.5,1403500
2024-07-03,Spy season 2: Ted Danson returns to Netflix in November 2025,neutral,677.47998046875,682.510009765625,683.75,675.5,1403500
2024-07-03,The Witcher Season 4 release date and time in India: Cast and what to expect on Netflix,neutral,677.47998046875,682.510009765625,683.75,675.5,1403500
2024-07-03,The Witcher Season 4 Review: Netflix’s Fantasy Giant Loses Its Magic Without Henry Cavill,negative,677.47998046875,682.510009765625,683.75,675.5,1403500
2024-07-03,Baramulla Trailer Out: Manav Kaul Headlines Netflix's Horror Film In The Backdrop Of Kashmir; Watch,negative,677.47998046875,682.510009765625,683.75,675.5,1403500
2024-07-03,Amsterdam Empire Netflix Review: Why Famke Janssen’s Comeback Falls Flat,neutral,677.47998046875,682.510009765625,683.75,675.5,1403500
2024-07-03,'Incredible' Netflix crime drama set in Edinburgh has viewers on edge of seats,negative,677.47998046875,682.510009765625,683.75,675.5,1403500
2024-07-05,Netflix adding new VOTING feature for live TV in major app upgrade & reveals two other benefits coming soon,positive,682.510009765625,690.6500244140625,697.489990234375,677.22998046875,2659100
2024-07-05,Adolescence director teams up with Hollywood favourite for a very different thriller series on Netflix,positive,682.510009765625,690.6500244140625,697.489990234375,677.22998046875,2659100
2024-07-05,‘The Rats: A Witcher Tale’ Sneaks Onto Netflix: The Hidden Spin-Off You Almost Missed,negative,682.510009765625,690.6500244140625,697.489990234375,677.22998046875,2659100
2024-07-05,Netflix dropped a surprise Witcher movie that fills in the gaps from season 4's best storyline,positive,682.510009765625,690.6500244140625,697.489990234375,677.22998046875,2659100
2024-07-05,SRK’s Red Chillies Terms Sameer Wankhede’s Defamation Suit Over Netflix Series ‘Baseless’,neutral,682.510009765625,690.6500244140625,697.489990234375,677.22998046875,2659100
2024-07-05,Spy season 2: Ted Danson returns to Netflix in November 2025,neutral,682.510009765625,690.6500244140625,697.489990234375,677.22998046875,2659100
2024-07-05,The Witcher Season 4 release date and time in India: Cast and what to expect on Netflix,neutral,682.510009765625,690.6500244140625,697.489990234375,677.22998046875,2659100
2024-07-05,The Witcher Season 4 Review: Netflix’s Fantasy Giant Loses Its Magic Without Henry Cavill,negative,682.510009765625,690.6500244140625,697.489990234375,677.22998046875,2659100
2024-07-05,Baramulla Trailer Out: Manav Kaul Headlines Netflix's Horror Film In The Backdrop Of Kashmir; Watch,negative,682.510009765625,690.6500244140625,697.489990234375,677.22998046875,2659100
2024-07-05,Amsterdam Empire Netflix Review: Why Famke Janssen’s Comeback Falls Flat,neutral,682.510009765625,690.6500244140625,697.489990234375,677.22998046875,2659100
2024-07-08,Netflix adding new VOTING feature for live TV in major app upgrade & reveals two other benefits coming soon,positive,687.0,685.739990234375,688.8599853515625,681.489990234375,1930800
2024-07-08,Adolescence director teams up with Hollywood favourite for a very different thriller series on Netflix,positive,687.0,685.739990234375,688.8599853515625,681.489990234375,1930800
2024-07-08,‘The Rats: A Witcher Tale’ Sneaks Onto Netflix: The Hidden Spin-Off You Almost Missed,negative,687.0,685.739990234375,688.8599853515625,681.489990234375,1930800
2024-07-08,Netflix dropped a surprise Witcher movie that fills in the gaps from season 4's best storyline,positive,687.0,685.739990234375,688.8599853515625,681.489990234375,1930800
2024-07-08,SRK’s Red Chillies Terms Sameer Wankhede’s Defamation Suit Over Netflix Series ‘Baseless’,neutral,687.0,685.739990234375,688.8599853515625,681.489990234375,1930800
2024-07-08,Spy season 2: Ted Danson returns to Netflix in November 2025,neutral,687.0,685.739990234375,688.8599853515625,681.489990234375,1930800
2024-07-08,The Witcher Season 4 release date and time in India: Cast and what to expect on Netflix,neutral,687.0,685.739990234375,688.8599853515625,681.489990234375,1930800
2024-07-08,The Witcher Season 4 Review: Netflix’s Fantasy Giant Loses Its Magic Without Henry Cavill,negative,687.0,685.739990234375,688.8599853515625,681.489990234375,1930800
2024-07-08,Baramulla Trailer Out: Manav Kaul Headlines Netflix's Horror Film In The Backdrop Of Kashmir; Watch,negative,687.0,685.739990234375,688.8599853515625,681.489990234375,1930800
2024-07-08,Amsterdam Empire Netflix Review: Why Famke Janssen’s Comeback Falls Flat,neutral,687.0,685.739990234375,688.8599853515625,681.489990234375,1930800
2024-07-09,Netflix adding new VOTING feature for live TV in major app upgrade & reveals two other benefits coming soon,positive,690.0,685.739990234375,695.27001953125,684.719970703125,2596100
2024-07-09,Adolescence director teams up with Hollywood favourite for a very different thriller series on Netflix,positive,690.0,685.739990234375,695.27001953125,684.719970703125,2596100
2024-07-09,‘The Rats: A Witcher Tale’ Sneaks Onto Netflix: The Hidden Spin-Off You Almost Missed,negative,690.0,685.739990234375,695.27001953125,684.719970703125,2596100
2024-07-09,Netflix dropped a surprise Witcher movie that fills in the gaps from season 4's best storyline,positive,690.0,685.739990234375,695.27001953125,684.719970703125,2596100
2024-07-09,SRK’s Red Chillies Terms Sameer Wankhede’s Defamation Suit Over Netflix Series ‘Baseless’,neutral,690.0,685.739990234375,695.27001953125,684.719970703125,2596100
2024-07-09,Spy season 2: Ted Danson returns to Netflix in November 2025,neutral,690.0,685.739990234375,695.27001953125,684.719970703125,2596100
2024-07-09,The Witcher Season 4 release date and time in India: Cast and what to expect on Netflix,neutral,690.0,685.739990234375,695.27001953125,684.719970703125,2596100
2024-07-09,The Witcher Season 4 Review: Netflix’s Fantasy Giant Loses Its Magic Without Henry Cavill,negative,690.0,685.739990234375,695.27001953125,684.719970703125,2596100
2024-07-09,Baramulla Trailer Out: Manav Kaul Headlines Netflix's Horror Film In The Backdrop Of Kashmir; Watch,negative,690.0,685.739990234375,695.27001953125,684.719970703125,2596100
2024-07-09,Amsterdam Empire Netflix Review: Why Famke Janssen’s Comeback Falls Flat,neutral,690.0,685.739990234375,695.27001953125,684.719970703125,2596100
2024-07-10,Netflix adding new VOTING feature for live TV in major app upgrade & reveals two other benefits coming soon,positive,685.02001953125,677.6500244140625,687.219970703125,673.1599731445312,2651900
2024-07-10,Adolescence director teams up with Hollywood favourite for a very different thriller series on Netflix,positive,685.02001953125,677.6500244140625,687.219970703125,673.1599731445312,2651900
2024-07-10,‘The Rats: A Witcher Tale’ Sneaks Onto Netflix: The Hidden Spin-Off You Almost Missed,negative,685.02001953125,677.6500244140625,687.219970703125,673.1599731445312,2651900
2024-07-10,Netflix dropped a surprise Witcher movie that fills in the gaps from season 4's best storyline,positive,685.02001953125,677.6500244140625,687.219970703125,673.1599731445312,2651900
2024-07-10,SRK’s Red Chillies Terms Sameer Wankhede’s Defamation Suit Over Netflix Series ‘Baseless’,neutral,685.02001953125,677.6500244140625,687.219970703125,673.1599731445312,2651900
2024-07-10,Spy season 2: Ted Danson returns to Netflix in November 2025,neutral,685.02001953125,677.6500244140625,687.219970703125,673.1599731445312,2651900
2024-07-10,The Witcher Season 4 release date and time in India: Cast and what to expect on Netflix,neutral,685.02001953125,677.6500244140625,687.219970703125,673.1599731445312,2651900
2024-07-10,The Witcher Season 4 Review: Netflix’s Fantasy Giant Loses Its Magic Without Henry Cavill,negative,685.02001953125,677.6500244140625,687.219970703125,673.1599731445312,2651900
2024-07-10,Baramulla Trailer Out: Manav Kaul Headlines Netflix's Horror Film In The Backdrop Of Kashmir; Watch,negative,685.02001953125,677.6500244140625,687.219970703125,673.1599731445312,2651900
2024-07-10,Amsterdam Empire Netflix Review: Why Famke Janssen’s Comeback Falls Flat,neutral,685.02001953125,677.6500244140625,687.219970703125,673.1599731445312,2651900
2024-07-11,Netflix adding new VOTING feature for live TV in major app upgrade & reveals two other benefits coming soon,positive,672.489990234375,652.75,672.489990234375,647.4400024414062,5106600
2024-07-11,Adolescence director teams up with Hollywood favourite for a very different thriller series on Netflix,positive,672.489990234375,652.75,672.489990234375,647.4400024414062,5106600
2024-07-11,‘The Rats: A Witcher Tale’ Sneaks Onto Netflix: The Hidden Spin-Off You Almost Missed,negative,672.489990234375,652.75,672.489990234375,647.4400024414062,5106600
2024-07-11,Netflix dropped a surprise Witcher movie that fills in the gaps from season 4's best storyline,positive,672.489990234375,652.75,672.489990234375,647.4400024414062,5106600
2024-07-11,SRK’s Red Chillies Terms Sameer Wankhede’s Defamation Suit Over Netflix Series ‘Baseless’,neutral,672.489990234375,652.75,672.489990234375,647.4400024414062,5106600
2024-07-11,Spy season 2: Ted Danson returns to Netflix in November 2025,neutral,672.489990234375,652.75,672.489990234375,647.4400024414062,5106600
2024-07-11,The Witcher Season 4 release date and time in India: Cast and what to expect on Netflix,neutral,672.489990234375,652.75,672.489990234375,647.4400024414062,5106600
2024-07-11,The Witcher Season 4 Review: Netflix’s Fantasy Giant Loses Its Magic Without Henry Cavill,negative,672.489990234375,652.75,672.489990234375,647.4400024414062,5106600
2024-07-11,Baramulla Trailer Out: Manav Kaul Headlines Netflix's Horror Film In The Backdrop Of Kashmir; Watch,negative,672.489990234375,652.75,672.489990234375,647.4400024414062,5106600
2024-07-11,Amsterdam Empire Netflix Review: Why Famke Janssen’s Comeback Falls Flat,neutral,672.489990234375,652.75,672.489990234375,647.4400024414062,5106600
2024-07-12,Netflix adding new VOTING feature for live TV in major app upgrade & reveals two other benefits coming soon,positive,652.75,647.5999755859375,655.9199829101562,643.7100219726562,3355200
2024-07-12,Adolescence director teams up with Hollywood favourite for a very different thriller series on Netflix,positive,652.75,647.5999755859375,655.9199829101562,643.7100219726562,3355200
2024-07-12,‘The Rats: A Witcher Tale’ Sneaks Onto Netflix: The Hidden Spin-Off You Almost Missed,negative,652.75,647.5999755859375,655.9199829101562,643.7100219726562,3355200
2024-07-12,Netflix dropped a surprise Witcher movie that fills in the gaps from season 4's best storyline,positive,652.75,647.5999755859375,655.9199829101562,643.7100219726562,3355200
2024-07-12,SRK’s Red Chillies Terms Sameer Wankhede’s Defamation Suit Over Netflix Series ‘Baseless’,neutral,652.75,647.5999755859375,655.9199829101562,643.7100219726562,3355200
2024-07-12,Spy season 2: Ted Danson returns to Netflix in November 2025,neutral,652.75,647.5999755859375,655.9199829101562,643.7100219726562,3355200
2024-07-12,The Witcher Season 4 release date and time in India: Cast and what to expect on Netflix,neutral,652.75,647.5999755859375,655.9199829101562,643.7100219726562,3355200
2024-07-12,The Witcher Season 4 Review: Netflix’s Fantasy Giant Loses Its Magic Without Henry Cavill,negative,652.75,647.5999755859375,655.9199829101562,643.7100219726562,3355200
2024-07-12,Baramulla Trailer Out: Manav Kaul Headlines Netflix's Horror Film In The Backdrop Of Kashmir; Watch,negative,652.75,647.5999755859375,655.9199829101562,643.7100219726562,3355200
2024-07-12,Amsterdam Empire Netflix Review: Why Famke Janssen’s Comeback Falls Flat,neutral,652.75,647.5999755859375,655.9199829101562,643.7100219726562,3355200
2024-07-15,Netflix adding new VOTING feature for live TV in major app upgrade & reveals two other benefits coming soon,positive,647.5,656.4500122070312,667.5399780273438,646.6300048828125,3208800
2024-07-15,Adolescence director teams up with Hollywood favourite for a very different thriller series on Netflix,positive,647.5,656.4500122070312,667.5399780273438,646.6300048828125,3208800
2024-07-15,‘The Rats: A Witcher Tale’ Sneaks Onto Netflix: The Hidden Spin-Off You Almost Missed,negative,647.5,656.4500122070312,667.5399780273438,646.6300048828125,3208800
2024-07-15,Netflix dropped a surprise Witcher movie that fills in the gaps from season 4's best storyline,positive,647.5,656.4500122070312,667.5399780273438,646.6300048828125,3208800
2024-07-15,SRK’s Red Chillies Terms Sameer Wankhede’s Defamation Suit Over Netflix Series ‘Baseless’,neutral,647.5,656.4500122070312,667.5399780273438,646.6300048828125,3208800
2024-07-15,Spy season 2: Ted Danson returns to Netflix in November 2025,neutral,647.5,656.4500122070312,667.5399780273438,646.6300048828125,3208800
2024-07-15,The Witcher Season 4 release date and time in India: Cast and what to expect on Netflix,neutral,647.5,656.4500122070312,667.5399780273438,646.6300048828125,3208800
2024-07-15,The Witcher Season 4 Review: Netflix’s Fantasy Giant Loses Its Magic Without Henry Cavill,negative,647.5,656.4500122070312,667.5399780273438,646.6300048828125,3208800
2024-07-15,Baramulla Trailer Out: Manav Kaul Headlines Netflix's Horror Film In The Backdrop Of Kashmir; Watch,negative,647.5,656.4500122070312,667.5399780273438,646.6300048828125,3208800
2024-07-15,Amsterdam Empire Netflix Review: Why Famke Janssen’s Comeback Falls Flat,neutral,647.5,656.4500122070312,667.5399780273438,646.6300048828125,3208800
2024-07-16,Netflix adding new VOTING feature for live TV in major app upgrade & reveals two other benefits coming soon,positive,661.7999877929688,656.3200073242188,663.6799926757812,649.1300048828125,2685700
2024-07-16,Adolescence director teams up with Hollywood favourite for a very different thriller series on Netflix,positive,661.7999877929688,656.3200073242188,663.6799926757812,649.1300048828125,2685700
2024-07-16,‘The Rats: A Witcher Tale’ Sneaks Onto Netflix: The Hidden Spin-Off You Almost Missed,negative,661.7999877929688,656.3200073242188,663.6799926757812,649.1300048828125,2685700
2024-07-16,Netflix dropped a surprise Witcher movie that fills in the gaps from season 4's best storyline,positive,661.7999877929688,656.3200073242188,663.6799926757812,649.1300048828125,2685700
2024-07-16,SRK’s Red Chillies Terms Sameer Wankhede’s Defamation Suit Over Netflix Series ‘Baseless’,neutral,661.7999877929688,656.3200073242188,663.6799926757812,649.1300048828125,2685700
2024-07-16,Spy season 2: Ted Danson returns to Netflix in November 2025,neutral,661.7999877929688,656.3200073242188,663.6799926757812,649.1300048828125,2685700
2024-07-16,The Witcher Season 4 release date and time in India: Cast and what to expect on Netflix,neutral,661.7999877929688,656.3200073242188,663.6799926757812,649.1300048828125,2685700
2024-07-16,The Witcher Season 4 Review: Netflix’s Fantasy Giant Loses Its Magic Without Henry Cavill,negative,661.7999877929688,656.3200073242188,663.6799926757812,649.1300048828125,2685700
2024-07-16,Baramulla Trailer Out: Manav Kaul Headlines Netflix's Horror Film In The Backdrop Of Kashmir; Watch,negative,661.7999877929688,656.3200073242188,663.6799926757812,649.1300048828125,2685700
2024-07-16,Amsterdam Empire Netflix Review: Why Famke Janssen’s Comeback Falls Flat,neutral,661.7999877929688,656.3200073242188,663.6799926757812,649.1300048828125,2685700
2024-07-17,Netflix adding new VOTING feature for live TV in major app upgrade & reveals two other benefits coming soon,positive,650.0,647.4600219726562,650.4500122070312,639.469970703125,4017300
2024-07-17,Adolescence director teams up with Hollywood favourite for a very different thriller series on Netflix,positive,650.0,647.4600219726562,650.4500122070312,639.469970703125,4017300
2024-07-17,‘The Rats: A Witcher Tale’ Sneaks Onto Netflix: The Hidden Spin-Off You Almost Missed,negative,650.0,647.4600219726562,650.4500122070312,639.469970703125,4017300
2024-07-17,Netflix dropped a surprise Witcher movie that fills in the gaps from season 4's best storyline,positive,650.0,647.4600219726562,650.4500122070312,639.469970703125,4017300
2024-07-17,SRK’s Red Chillies Terms Sameer Wankhede’s Defamation Suit Over Netflix Series ‘Baseless’,neutral,650.0,647.4600219726562,650.4500122070312,639.469970703125,4017300
2024-07-17,Spy season 2: Ted Danson returns to Netflix in November 2025,neutral,650.0,647.4600219726562,650.4500122070312,639.469970703125,4017300
2024-07-17,The Witcher Season 4 release date and time in India: Cast and what to expect on Netflix,neutral,650.0,647.4600219726562,650.4500122070312,639.469970703125,4017300
2024-07-17,The Witcher Season 4 Review: Netflix’s Fantasy Giant Loses Its Magic Without Henry Cavill,negative,650.0,647.4600219726562,650.4500122070312,639.469970703125,4017300
2024-07-17,Baramulla Trailer Out: Manav Kaul Headlines Netflix's Horror Film In The Backdrop Of Kashmir; Watch,negative,650.0,647.4600219726562,650.4500122070312,639.469970703125,4017300
2024-07-17,Amsterdam Empire Netflix Review: Why Famke Janssen’s Comeback Falls Flat,neutral,650.0,647.4600219726562,650.4500122070312,639.469970703125,4017300
2024-07-18,"Noesis Capital Mangement Corp Makes New Investment in Netflix, Inc. $NFLX",neutral,656.5999755859375,643.0399780273438,657.0399780273438,639.1699829101562,7575800
2024-07-18,"Retirement Systems of Alabama Trims Stock Holdings in Netflix, Inc. $NFLX",neutral,656.5999755859375,643.0399780273438,657.0399780273438,639.1699829101562,7575800
2024-07-18,"Why Did Henry Cavill Leave ‘The Witcher’? Netflix’s Behind-the-Scenes Drama, Explained",negative,656.5999755859375,643.0399780273438,657.0399780273438,639.1699829101562,7575800
2024-07-18,'Squid Game: The Experience let me step into one of Netflix's biggest shows',neutral,656.5999755859375,643.0399780273438,657.0399780273438,639.1699829101562,7575800
2024-07-18,Netflix adding new VOTING feature for live TV in major app upgrade & reveals two other benefits coming soon,positive,656.5999755859375,643.0399780273438,657.0399780273438,639.1699829101562,7575800
2024-07-18,Adolescence director teams up with Hollywood favourite for a very different thriller series on Netflix,positive,656.5999755859375,643.0399780273438,657.0399780273438,639.1699829101562,7575800
2024-07-18,"Delhi HC asks Wankhede, Red Chillies, Netflix to file replies in defamation suit against series",neutral,656.5999755859375,643.0399780273438,657.0399780273438,639.1699829101562,7575800
2024-07-18,‘The Rats: A Witcher Tale’ Sneaks Onto Netflix: The Hidden Spin-Off You Almost Missed,negative,656.5999755859375,643.0399780273438,657.0399780273438,639.1699829101562,7575800
2024-07-18,Netflix dropped a surprise Witcher movie that fills in the gaps from season 4's best storyline,positive,656.5999755859375,643.0399780273438,657.0399780273438,639.1699829101562,7575800
2024-07-18,SRK’s Red Chillies Terms Sameer Wankhede’s Defamation Suit Over Netflix Series ‘Baseless’,neutral,656.5999755859375,643.0399780273438,657.0399780273438,639.1699829101562,7575800
2024-07-19,"Noesis Capital Mangement Corp Makes New Investment in Netflix, Inc. $NFLX",neutral,660.6400146484375,633.3400268554688,678.969970703125,629.1199951171875,9815600
2024-07-19,"Retirement Systems of Alabama Trims Stock Holdings in Netflix, Inc. $NFLX",neutral,660.6400146484375,633.3400268554688,678.969970703125,629.1199951171875,9815600
2024-07-19,"Why Did Henry Cavill Leave ‘The Witcher’? Netflix’s Behind-the-Scenes Drama, Explained",negative,660.6400146484375,633.3400268554688,678.969970703125,629.1199951171875,9815600
2024-07-19,'Squid Game: The Experience let me step into one of Netflix's biggest shows',neutral,660.6400146484375,633.3400268554688,678.969970703125,629.1199951171875,9815600
2024-07-19,Netflix adding new VOTING feature for live TV in major app upgrade & reveals two other benefits coming soon,positive,660.6400146484375,633.3400268554688,678.969970703125,629.1199951171875,9815600
2024-07-19,Adolescence director teams up with Hollywood favourite for a very different thriller series on Netflix,positive,660.6400146484375,633.3400268554688,678.969970703125,629.1199951171875,9815600
2024-07-19,"Delhi HC asks Wankhede, Red Chillies, Netflix to file replies in defamation suit against series",neutral,660.6400146484375,633.3400268554688,678.969970703125,629.1199951171875,9815600
2024-07-19,‘The Rats: A Witcher Tale’ Sneaks Onto Netflix: The Hidden Spin-Off You Almost Missed,negative,660.6400146484375,633.3400268554688,678.969970703125,629.1199951171875,9815600
2024-07-19,Netflix dropped a surprise Witcher movie that fills in the gaps from season 4's best storyline,positive,660.6400146484375,633.3400268554688,678.969970703125,629.1199951171875,9815600
2024-07-19,SRK’s Red Chillies Terms Sameer Wankhede’s Defamation Suit Over Netflix Series ‘Baseless’,neutral,660.6400146484375,633.3400268554688,678.969970703125,629.1199951171875,9815600
2024-07-22,"Noesis Capital Mangement Corp Makes New Investment in Netflix, Inc. $NFLX",neutral,639.5,647.5,656.2899780273438,632.5999755859375,5219100
2024-07-22,"Retirement Systems of Alabama Trims Stock Holdings in Netflix, Inc. $NFLX",neutral,639.5,647.5,656.2899780273438,632.5999755859375,5219100
2024-07-22,"Why Did Henry Cavill Leave ‘The Witcher’? Netflix’s Behind-the-Scenes Drama, Explained",negative,639.5,647.5,656.2899780273438,632.5999755859375,5219100
2024-07-22,'Squid Game: The Experience let me step into one of Netflix's biggest shows',neutral,639.5,647.5,656.2899780273438,632.5999755859375,5219100
2024-07-22,Netflix adding new VOTING feature for live TV in major app upgrade & reveals two other benefits coming soon,positive,639.5,647.5,656.2899780273438,632.5999755859375,5219100
2024-07-22,Adolescence director teams up with Hollywood favourite for a very different thriller series on Netflix,positive,639.5,647.5,656.2899780273438,632.5999755859375,5219100
2024-07-22,"Delhi HC asks Wankhede, Red Chillies, Netflix to file replies in defamation suit against series",neutral,639.5,647.5,656.2899780273438,632.5999755859375,5219100
2024-07-22,‘The Rats: A Witcher Tale’ Sneaks Onto Netflix: The Hidden Spin-Off You Almost Missed,negative,639.5,647.5,656.2899780273438,632.5999755859375,5219100
2024-07-22,Netflix dropped a surprise Witcher movie that fills in the gaps from season 4's best storyline,positive,639.5,647.5,656.2899780273438,632.5999755859375,5219100
2024-07-22,SRK’s Red Chillies Terms Sameer Wankhede’s Defamation Suit Over Netflix Series ‘Baseless’,neutral,639.5,647.5,656.2899780273438,632.5999755859375,5219100
2024-07-23,"Noesis Capital Mangement Corp Makes New Investment in Netflix, Inc. $NFLX",neutral,647.5,642.760009765625,649.9099731445312,641.0,2463600
2024-07-23,"Retirement Systems of Alabama Trims Stock Holdings in Netflix, Inc. $NFLX",neutral,647.5,642.760009765625,649.9099731445312,641.0,2463600
2024-07-23,"Why Did Henry Cavill Leave ‘The Witcher’? Netflix’s Behind-the-Scenes Drama, Explained",negative,647.5,642.760009765625,649.9099731445312,641.0,2463600
2024-07-23,'Squid Game: The Experience let me step into one of Netflix's biggest shows',neutral,647.5,642.760009765625,649.9099731445312,641.0,2463600
2024-07-23,Netflix adding new VOTING feature for live TV in major app upgrade & reveals two other benefits coming soon,positive,647.5,642.760009765625,649.9099731445312,641.0,2463600
2024-07-23,Adolescence director teams up with Hollywood favourite for a very different thriller series on Netflix,positive,647.5,642.760009765625,649.9099731445312,641.0,2463600
2024-07-23,"Delhi HC asks Wankhede, Red Chillies, Netflix to file replies in defamation suit against series",neutral,647.5,642.760009765625,649.9099731445312,641.0,2463600
2024-07-23,‘The Rats: A Witcher Tale’ Sneaks Onto Netflix: The Hidden Spin-Off You Almost Missed,negative,647.5,642.760009765625,649.9099731445312,641.0,2463600
2024-07-23,Netflix dropped a surprise Witcher movie that fills in the gaps from season 4's best storyline,positive,647.5,642.760009765625,649.9099731445312,641.0,2463600
2024-07-23,SRK’s Red Chillies Terms Sameer Wankhede’s Defamation Suit Over Netflix Series ‘Baseless’,neutral,647.5,642.760009765625,649.9099731445312,641.0,2463600
2024-07-24,"Noesis Capital Mangement Corp Makes New Investment in Netflix, Inc. $NFLX",neutral,635.739990234375,635.989990234375,652.4199829101562,632.6699829101562,4888200
2024-07-24,"Retirement Systems of Alabama Trims Stock Holdings in Netflix, Inc. $NFLX",neutral,635.739990234375,635.989990234375,652.4199829101562,632.6699829101562,4888200
2024-07-24,"Why Did Henry Cavill Leave ‘The Witcher’? Netflix’s Behind-the-Scenes Drama, Explained",negative,635.739990234375,635.989990234375,652.4199829101562,632.6699829101562,4888200
2024-07-24,'Squid Game: The Experience let me step into one of Netflix's biggest shows',neutral,635.739990234375,635.989990234375,652.4199829101562,632.6699829101562,4888200
2024-07-24,Netflix adding new VOTING feature for live TV in major app upgrade & reveals two other benefits coming soon,positive,635.739990234375,635.989990234375,652.4199829101562,632.6699829101562,4888200
2024-07-24,Adolescence director teams up with Hollywood favourite for a very different thriller series on Netflix,positive,635.739990234375,635.989990234375,652.4199829101562,632.6699829101562,4888200
2024-07-24,"Delhi HC asks Wankhede, Red Chillies, Netflix to file replies in defamation suit against series",neutral,635.739990234375,635.989990234375,652.4199829101562,632.6699829101562,4888200
2024-07-24,‘The Rats: A Witcher Tale’ Sneaks Onto Netflix: The Hidden Spin-Off You Almost Missed,negative,635.739990234375,635.989990234375,652.4199829101562,632.6699829101562,4888200
2024-07-24,Netflix dropped a surprise Witcher movie that fills in the gaps from season 4's best storyline,positive,635.739990234375,635.989990234375,652.4199829101562,632.6699829101562,4888200
2024-07-24,SRK’s Red Chillies Terms Sameer Wankhede’s Defamation Suit Over Netflix Series ‘Baseless’,neutral,635.739990234375,635.989990234375,652.4199829101562,632.6699829101562,4888200
2024-07-25,"Noesis Capital Mangement Corp Makes New Investment in Netflix, Inc. $NFLX",neutral,641.0,634.0900268554688,649.97998046875,621.7000122070312,4554500
2024-07-25,"Retirement Systems of Alabama Trims Stock Holdings in Netflix, Inc. $NFLX",neutral,641.0,634.0900268554688,649.97998046875,621.7000122070312,4554500
2024-07-25,"Why Did Henry Cavill Leave ‘The Witcher’? Netflix’s Behind-the-Scenes Drama, Explained",negative,641.0,634.0900268554688,649.97998046875,621.7000122070312,4554500
2024-07-25,'Squid Game: The Experience let me step into one of Netflix's biggest shows',neutral,641.0,634.0900268554688,649.97998046875,621.7000122070312,4554500
2024-07-25,Netflix adding new VOTING feature for live TV in major app upgrade & reveals two other benefits coming soon,positive,641.0,634.0900268554688,649.97998046875,621.7000122070312,4554500
2024-07-25,Adolescence director teams up with Hollywood favourite for a very different thriller series on Netflix,positive,641.0,634.0900268554688,649.97998046875,621.7000122070312,4554500
2024-07-25,"Delhi HC asks Wankhede, Red Chillies, Netflix to file replies in defamation suit against series",neutral,641.0,634.0900268554688,649.97998046875,621.7000122070312,4554500
2024-07-25,‘The Rats: A Witcher Tale’ Sneaks Onto Netflix: The Hidden Spin-Off You Almost Missed,negative,641.0,634.0900268554688,649.97998046875,621.7000122070312,4554500
2024-07-25,Netflix dropped a surprise Witcher movie that fills in the gaps from season 4's best storyline,positive,641.0,634.0900268554688,649.97998046875,621.7000122070312,4554500
2024-07-25,SRK’s Red Chillies Terms Sameer Wankhede’s Defamation Suit Over Netflix Series ‘Baseless’,neutral,641.0,634.0900268554688,649.97998046875,621.7000122070312,4554500
2024-07-26,"Noesis Capital Mangement Corp Makes New Investment in Netflix, Inc. $NFLX",neutral,645.0,631.3699951171875,646.989990234375,629.77001953125,3120700
2024-07-26,"Retirement Systems of Alabama Trims Stock Holdings in Netflix, Inc. $NFLX",neutral,645.0,631.3699951171875,646.989990234375,629.77001953125,3120700
2024-07-26,"Why Did Henry Cavill Leave ‘The Witcher’? Netflix’s Behind-the-Scenes Drama, Explained",negative,645.0,631.3699951171875,646.989990234375,629.77001953125,3120700
2024-07-26,'Squid Game: The Experience let me step into one of Netflix's biggest shows',neutral,645.0,631.3699951171875,646.989990234375,629.77001953125,3120700
2024-07-26,Netflix adding new VOTING feature for live TV in major app upgrade & reveals two other benefits coming soon,positive,645.0,631.3699951171875,646.989990234375,629.77001953125,3120700
2024-07-26,Adolescence director teams up with Hollywood favourite for a very different thriller series on Netflix,positive,645.0,631.3699951171875,646.989990234375,629.77001953125,3120700
2024-07-26,"Delhi HC asks Wankhede, Red Chillies, Netflix to file replies in defamation suit against series",neutral,645.0,631.3699951171875,646.989990234375,629.77001953125,3120700
2024-07-26,‘The Rats: A Witcher Tale’ Sneaks Onto Netflix: The Hidden Spin-Off You Almost Missed,negative,645.0,631.3699951171875,646.989990234375,629.77001953125,3120700
2024-07-26,Netflix dropped a surprise Witcher movie that fills in the gaps from season 4's best storyline,positive,645.0,631.3699951171875,646.989990234375,629.77001953125,3120700
2024-07-26,SRK’s Red Chillies Terms Sameer Wankhede’s Defamation Suit Over Netflix Series ‘Baseless’,neutral,645.0,631.3699951171875,646.989990234375,629.77001953125,3120700
2024-07-29,"Noesis Capital Mangement Corp Makes New Investment in Netflix, Inc. $NFLX",neutral,634.6099853515625,626.9600219726562,634.6099853515625,623.9299926757812,2400500
2024-07-29,"Retirement Systems of Alabama Trims Stock Holdings in Netflix, Inc. $NFLX",neutral,634.6099853515625,626.9600219726562,634.6099853515625,623.9299926757812,2400500
2024-07-29,"Why Did Henry Cavill Leave ‘The Witcher’? Netflix’s Behind-the-Scenes Drama, Explained",negative,634.6099853515625,626.9600219726562,634.6099853515625,623.9299926757812,2400500
2024-07-29,'Squid Game: The Experience let me step into one of Netflix's biggest shows',neutral,634.6099853515625,626.9600219726562,634.6099853515625,623.9299926757812,2400500
2024-07-29,Netflix adding new VOTING feature for live TV in major app upgrade & reveals two other benefits coming soon,positive,634.6099853515625,626.9600219726562,634.6099853515625,623.9299926757812,2400500
2024-07-29,Adolescence director teams up with Hollywood favourite for a very different thriller series on Netflix,positive,634.6099853515625,626.9600219726562,634.6099853515625,623.9299926757812,2400500
2024-07-29,"Delhi HC asks Wankhede, Red Chillies, Netflix to file replies in defamation suit against series",neutral,634.6099853515625,626.9600219726562,634.6099853515625,623.9299926757812,2400500
2024-07-29,‘The Rats: A Witcher Tale’ Sneaks Onto Netflix: The Hidden Spin-Off You Almost Missed,negative,634.6099853515625,626.9600219726562,634.6099853515625,623.9299926757812,2400500
2024-07-29,Netflix dropped a surprise Witcher movie that fills in the gaps from season 4's best storyline,positive,634.6099853515625,626.9600219726562,634.6099853515625,623.9299926757812,2400500
2024-07-29,SRK’s Red Chillies Terms Sameer Wankhede’s Defamation Suit Over Netflix Series ‘Baseless’,neutral,634.6099853515625,626.9600219726562,634.6099853515625,623.9299926757812,2400500
2024-07-29,Netflix top 10 TV shows revealed as new hit dominates charts,positive,634.6099853515625,626.9600219726562,634.6099853515625,623.9299926757812,2400500
2024-07-29,Netflix unveils Adolescence star's new hostage thriller with Adam Driver,positive,634.6099853515625,626.9600219726562,634.6099853515625,623.9299926757812,2400500
2024-07-29,Adam Driver returns to TV in Netflix series with high-stakes hostage situation,neutral,634.6099853515625,626.9600219726562,634.6099853515625,623.9299926757812,2400500
2024-07-29,Stranger Things Season 5 Trailer: Netflix Takes Us Back To Upside Down Where Shadows Crawl And Memories Linger,neutral,634.6099853515625,626.9600219726562,634.6099853515625,623.9299926757812,2400500
2024-07-29,Netflix drops new trailer for Stranger Things ahead of huge final season,positive,634.6099853515625,626.9600219726562,634.6099853515625,623.9299926757812,2400500
2024-07-29,"'Stranger Things 5' Trailer: New Trailer For Final Season Of Netflix's Biggest Show Preview More Vecna, New Kids & More",neutral,634.6099853515625,626.9600219726562,634.6099853515625,623.9299926757812,2400500
2024-07-29,Karuppu Negotiations With Netflix,neutral,634.6099853515625,626.9600219726562,634.6099853515625,623.9299926757812,2400500
2024-07-29,What Is 'Baramulla' on Netflix? Everything to Know About the Latest Supernatural Thriller,positive,634.6099853515625,626.9600219726562,634.6099853515625,623.9299926757812,2400500
2024-07-29,Stranger Things season 5 trailer previews the epic conclusion of the Netflix series,neutral,634.6099853515625,626.9600219726562,634.6099853515625,623.9299926757812,2400500
2024-07-29,Netflix 2.0: Platform teases game-changing update – interactivity takes center stage,negative,634.6099853515625,626.9600219726562,634.6099853515625,623.9299926757812,2400500
2024-07-29,Netflix top 10 TV shows revealed as new hit dominates charts,positive,634.6099853515625,626.9600219726562,634.6099853515625,623.9299926757812,2400500
2024-07-29,Netflix unveils Adolescence star's new hostage thriller with Adam Driver,positive,634.6099853515625,626.9600219726562,634.6099853515625,623.9299926757812,2400500
2024-07-29,Adam Driver returns to TV in Netflix series with high-stakes hostage situation,neutral,634.6099853515625,626.9600219726562,634.6099853515625,623.9299926757812,2400500
2024-07-29,Stranger Things Season 5 Trailer: Netflix Takes Us Back To Upside Down Where Shadows Crawl And Memories Linger,neutral,634.6099853515625,626.9600219726562,634.6099853515625,623.9299926757812,2400500
2024-07-29,Netflix drops new trailer for Stranger Things ahead of huge final season,positive,634.6099853515625,626.9600219726562,634.6099853515625,623.9299926757812,2400500
2024-07-29,"'Stranger Things 5' Trailer: New Trailer For Final Season Of Netflix's Biggest Show Preview More Vecna, New Kids & More",neutral,634.6099853515625,626.9600219726562,634.6099853515625,623.9299926757812,2400500
2024-07-29,Karuppu Negotiations With Netflix,neutral,634.6099853515625,626.9600219726562,634.6099853515625,623.9299926757812,2400500
2024-07-29,What Is 'Baramulla' on Netflix? Everything to Know About the Latest Supernatural Thriller,positive,634.6099853515625,626.9600219726562,634.6099853515625,623.9299926757812,2400500
2024-07-29,Stranger Things season 5 trailer previews the epic conclusion of the Netflix series,neutral,634.6099853515625,626.9600219726562,634.6099853515625,623.9299926757812,2400500
2024-07-29,Netflix 2.0: Platform teases game-changing update – interactivity takes center stage,negative,634.6099853515625,626.9600219726562,634.6099853515625,623.9299926757812,2400500
2024-07-30,Netflix top 10 TV shows revealed as new hit dominates charts,positive,630.1699829101562,622.5800170898438,634.6900024414062,617.0,3496600
2024-07-30,Netflix unveils Adolescence star's new hostage thriller with Adam Driver,positive,630.1699829101562,622.5800170898438,634.6900024414062,617.0,3496600
2024-07-30,Adam Driver returns to TV in Netflix series with high-stakes hostage situation,neutral,630.1699829101562,622.5800170898438,634.6900024414062,617.0,3496600
2024-07-30,Stranger Things Season 5 Trailer: Netflix Takes Us Back To Upside Down Where Shadows Crawl And Memories Linger,neutral,630.1699829101562,622.5800170898438,634.6900024414062,617.0,3496600
2024-07-30,Netflix drops new trailer for Stranger Things ahead of huge final season,positive,630.1699829101562,622.5800170898438,634.6900024414062,617.0,3496600
2024-07-30,"'Stranger Things 5' Trailer: New Trailer For Final Season Of Netflix's Biggest Show Preview More Vecna, New Kids & More",neutral,630.1699829101562,622.5800170898438,634.6900024414062,617.0,3496600
2024-07-30,Karuppu Negotiations With Netflix,neutral,630.1699829101562,622.5800170898438,634.6900024414062,617.0,3496600
2024-07-30,What Is 'Baramulla' on Netflix? Everything to Know About the Latest Supernatural Thriller,positive,630.1699829101562,622.5800170898438,634.6900024414062,617.0,3496600
2024-07-30,Stranger Things season 5 trailer previews the epic conclusion of the Netflix series,neutral,630.1699829101562,622.5800170898438,634.6900024414062,617.0,3496600
2024-07-30,Netflix 2.0: Platform teases game-changing update – interactivity takes center stage,negative,630.1699829101562,622.5800170898438,634.6900024414062,617.0,3496600
2024-07-31,Netflix top 10 TV shows revealed as new hit dominates charts,positive,626.5700073242188,628.3499755859375,633.5999755859375,622.5800170898438,3134900
2024-07-31,Netflix unveils Adolescence star's new hostage thriller with Adam Driver,positive,626.5700073242188,628.3499755859375,633.5999755859375,622.5800170898438,3134900
2024-07-31,Adam Driver returns to TV in Netflix series with high-stakes hostage situation,neutral,626.5700073242188,628.3499755859375,633.5999755859375,622.5800170898438,3134900
2024-07-31,Stranger Things Season 5 Trailer: Netflix Takes Us Back To Upside Down Where Shadows Crawl And Memories Linger,neutral,626.5700073242188,628.3499755859375,633.5999755859375,622.5800170898438,3134900
2024-07-31,Netflix drops new trailer for Stranger Things ahead of huge final season,positive,626.5700073242188,628.3499755859375,633.5999755859375,622.5800170898438,3134900
2024-07-31,"'Stranger Things 5' Trailer: New Trailer For Final Season Of Netflix's Biggest Show Preview More Vecna, New Kids & More",neutral,626.5700073242188,628.3499755859375,633.5999755859375,622.5800170898438,3134900
2024-07-31,Karuppu Negotiations With Netflix,neutral,626.5700073242188,628.3499755859375,633.5999755859375,622.5800170898438,3134900
2024-07-31,What Is 'Baramulla' on Netflix? Everything to Know About the Latest Supernatural Thriller,positive,626.5700073242188,628.3499755859375,633.5999755859375,622.5800170898438,3134900
2024-07-31,Stranger Things season 5 trailer previews the epic conclusion of the Netflix series,neutral,626.5700073242188,628.3499755859375,633.5999755859375,622.5800170898438,3134900
2024-07-31,Netflix 2.0: Platform teases game-changing update – interactivity takes center stage,negative,626.5700073242188,628.3499755859375,633.5999755859375,622.5800170898438,3134900
2024-08-01,Netflix top 10 TV shows revealed as new hit dominates charts,positive,629.25,624.8499755859375,646.7100219726562,617.6099853515625,3720600
2024-08-01,Netflix unveils Adolescence star's new hostage thriller with Adam Driver,positive,629.25,624.8499755859375,646.7100219726562,617.6099853515625,3720600
2024-08-01,Adam Driver returns to TV in Netflix series with high-stakes hostage situation,neutral,629.25,624.8499755859375,646.7100219726562,617.6099853515625,3720600
2024-08-01,Stranger Things Season 5 Trailer: Netflix Takes Us Back To Upside Down Where Shadows Crawl And Memories Linger,neutral,629.25,624.8499755859375,646.7100219726562,617.6099853515625,3720600
2024-08-01,Netflix drops new trailer for Stranger Things ahead of huge final season,positive,629.25,624.8499755859375,646.7100219726562,617.6099853515625,3720600
2024-08-01,"'Stranger Things 5' Trailer: New Trailer For Final Season Of Netflix's Biggest Show Preview More Vecna, New Kids & More",neutral,629.25,624.8499755859375,646.7100219726562,617.6099853515625,3720600
2024-08-01,Karuppu Negotiations With Netflix,neutral,629.25,624.8499755859375,646.7100219726562,617.6099853515625,3720600
2024-08-01,What Is 'Baramulla' on Netflix? Everything to Know About the Latest Supernatural Thriller,positive,629.25,624.8499755859375,646.7100219726562,617.6099853515625,3720600
2024-08-01,Stranger Things season 5 trailer previews the epic conclusion of the Netflix series,neutral,629.25,624.8499755859375,646.7100219726562,617.6099853515625,3720600
2024-08-01,Netflix 2.0: Platform teases game-changing update – interactivity takes center stage,negative,629.25,624.8499755859375,646.7100219726562,617.6099853515625,3720600
2024-08-02,Netflix top 10 TV shows revealed as new hit dominates charts,positive,620.97998046875,613.6400146484375,625.27001953125,608.3499755859375,3523000
2024-08-02,Netflix unveils Adolescence star's new hostage thriller with Adam Driver,positive,620.97998046875,613.6400146484375,625.27001953125,608.3499755859375,3523000
2024-08-02,Adam Driver returns to TV in Netflix series with high-stakes hostage situation,neutral,620.97998046875,613.6400146484375,625.27001953125,608.3499755859375,3523000
2024-08-02,Stranger Things Season 5 Trailer: Netflix Takes Us Back To Upside Down Where Shadows Crawl And Memories Linger,neutral,620.97998046875,613.6400146484375,625.27001953125,608.3499755859375,3523000
2024-08-02,Netflix drops new trailer for Stranger Things ahead of huge final season,positive,620.97998046875,613.6400146484375,625.27001953125,608.3499755859375,3523000
2024-08-02,"'Stranger Things 5' Trailer: New Trailer For Final Season Of Netflix's Biggest Show Preview More Vecna, New Kids & More",neutral,620.97998046875,613.6400146484375,625.27001953125,608.3499755859375,3523000
2024-08-02,Karuppu Negotiations With Netflix,neutral,620.97998046875,613.6400146484375,625.27001953125,608.3499755859375,3523000
2024-08-02,What Is 'Baramulla' on Netflix? Everything to Know About the Latest Supernatural Thriller,positive,620.97998046875,613.6400146484375,625.27001953125,608.3499755859375,3523000
2024-08-02,Stranger Things season 5 trailer previews the epic conclusion of the Netflix series,neutral,620.97998046875,613.6400146484375,625.27001953125,608.3499755859375,3523000
2024-08-02,Netflix 2.0: Platform teases game-changing update – interactivity takes center stage,negative,620.97998046875,613.6400146484375,625.27001953125,608.3499755859375,3523000
2024-08-05,Netflix top 10 TV shows revealed as new hit dominates charts,positive,587.0399780273438,598.5499877929688,604.5599975585938,587.0399780273438,4044200
2024-08-05,Netflix unveils Adolescence star's new hostage thriller with Adam Driver,positive,587.0399780273438,598.5499877929688,604.5599975585938,587.0399780273438,4044200
2024-08-05,Adam Driver returns to TV in Netflix series with high-stakes hostage situation,neutral,587.0399780273438,598.5499877929688,604.5599975585938,587.0399780273438,4044200
2024-08-05,Stranger Things Season 5 Trailer: Netflix Takes Us Back To Upside Down Where Shadows Crawl And Memories Linger,neutral,587.0399780273438,598.5499877929688,604.5599975585938,587.0399780273438,4044200
2024-08-05,Netflix drops new trailer for Stranger Things ahead of huge final season,positive,587.0399780273438,598.5499877929688,604.5599975585938,587.0399780273438,4044200
2024-08-05,"'Stranger Things 5' Trailer: New Trailer For Final Season Of Netflix's Biggest Show Preview More Vecna, New Kids & More",neutral,587.0399780273438,598.5499877929688,604.5599975585938,587.0399780273438,4044200
2024-08-05,Karuppu Negotiations With Netflix,neutral,587.0399780273438,598.5499877929688,604.5599975585938,587.0399780273438,4044200
2024-08-05,What Is 'Baramulla' on Netflix? Everything to Know About the Latest Supernatural Thriller,positive,587.0399780273438,598.5499877929688,604.5599975585938,587.0399780273438,4044200
2024-08-05,Stranger Things season 5 trailer previews the epic conclusion of the Netflix series,neutral,587.0399780273438,598.5499877929688,604.5599975585938,587.0399780273438,4044200
2024-08-05,Netflix 2.0: Platform teases game-changing update – interactivity takes center stage,negative,587.0399780273438,598.5499877929688,604.5599975585938,587.0399780273438,4044200
2024-08-06,Netflix top 10 TV shows revealed as new hit dominates charts,positive,600.6199951171875,609.5700073242188,622.4500122070312,600.6199951171875,4319100
2024-08-06,Netflix unveils Adolescence star's new hostage thriller with Adam Driver,positive,600.6199951171875,609.5700073242188,622.4500122070312,600.6199951171875,4319100
2024-08-06,Adam Driver returns to TV in Netflix series with high-stakes hostage situation,neutral,600.6199951171875,609.5700073242188,622.4500122070312,600.6199951171875,4319100
2024-08-06,Stranger Things Season 5 Trailer: Netflix Takes Us Back To Upside Down Where Shadows Crawl And Memories Linger,neutral,600.6199951171875,609.5700073242188,622.4500122070312,600.6199951171875,4319100
2024-08-06,Netflix drops new trailer for Stranger Things ahead of huge final season,positive,600.6199951171875,609.5700073242188,622.4500122070312,600.6199951171875,4319100
2024-08-06,"'Stranger Things 5' Trailer: New Trailer For Final Season Of Netflix's Biggest Show Preview More Vecna, New Kids & More",neutral,600.6199951171875,609.5700073242188,622.4500122070312,600.6199951171875,4319100
2024-08-06,Karuppu Negotiations With Netflix,neutral,600.6199951171875,609.5700073242188,622.4500122070312,600.6199951171875,4319100
2024-08-06,What Is 'Baramulla' on Netflix? Everything to Know About the Latest Supernatural Thriller,positive,600.6199951171875,609.5700073242188,622.4500122070312,600.6199951171875,4319100
2024-08-06,Stranger Things season 5 trailer previews the epic conclusion of the Netflix series,neutral,600.6199951171875,609.5700073242188,622.4500122070312,600.6199951171875,4319100
2024-08-06,Netflix 2.0: Platform teases game-changing update – interactivity takes center stage,negative,600.6199951171875,609.5700073242188,622.4500122070312,600.6199951171875,4319100
2024-08-07,Netflix top 10 TV shows revealed as new hit dominates charts,positive,616.0700073242188,611.47998046875,632.0,610.6400146484375,3187800
2024-08-07,Netflix unveils Adolescence star's new hostage thriller with Adam Driver,positive,616.0700073242188,611.47998046875,632.0,610.6400146484375,3187800
2024-08-07,Adam Driver returns to TV in Netflix series with high-stakes hostage situation,neutral,616.0700073242188,611.47998046875,632.0,610.6400146484375,3187800
2024-08-07,Stranger Things Season 5 Trailer: Netflix Takes Us Back To Upside Down Where Shadows Crawl And Memories Linger,neutral,616.0700073242188,611.47998046875,632.0,610.6400146484375,3187800
2024-08-07,Netflix drops new trailer for Stranger Things ahead of huge final season,positive,616.0700073242188,611.47998046875,632.0,610.6400146484375,3187800
2024-08-07,"'Stranger Things 5' Trailer: New Trailer For Final Season Of Netflix's Biggest Show Preview More Vecna, New Kids & More",neutral,616.0700073242188,611.47998046875,632.0,610.6400146484375,3187800
2024-08-07,Karuppu Negotiations With Netflix,neutral,616.0700073242188,611.47998046875,632.0,610.6400146484375,3187800
2024-08-07,What Is 'Baramulla' on Netflix? Everything to Know About the Latest Supernatural Thriller,positive,616.0700073242188,611.47998046875,632.0,610.6400146484375,3187800
2024-08-07,Stranger Things season 5 trailer previews the epic conclusion of the Netflix series,neutral,616.0700073242188,611.47998046875,632.0,610.6400146484375,3187800
2024-08-07,Netflix 2.0: Platform teases game-changing update – interactivity takes center stage,negative,616.0700073242188,611.47998046875,632.0,610.6400146484375,3187800
2024-08-08,Netflix top 10 TV shows revealed as new hit dominates charts,positive,621.989990234375,630.3499755859375,632.2899780273438,616.02001953125,3283500
2024-08-08,Netflix unveils Adolescence star's new hostage thriller with Adam Driver,positive,621.989990234375,630.3499755859375,632.2899780273438,616.02001953125,3283500
2024-08-08,Adam Driver returns to TV in Netflix series with high-stakes hostage situation,neutral,621.989990234375,630.3499755859375,632.2899780273438,616.02001953125,3283500
2024-08-08,Stranger Things Season 5 Trailer: Netflix Takes Us Back To Upside Down Where Shadows Crawl And Memories Linger,neutral,621.989990234375,630.3499755859375,632.2899780273438,616.02001953125,3283500
2024-08-08,Netflix drops new trailer for Stranger Things ahead of huge final season,positive,621.989990234375,630.3499755859375,632.2899780273438,616.02001953125,3283500
2024-08-08,"'Stranger Things 5' Trailer: New Trailer For Final Season Of Netflix's Biggest Show Preview More Vecna, New Kids & More",neutral,621.989990234375,630.3499755859375,632.2899780273438,616.02001953125,3283500
2024-08-08,Karuppu Negotiations With Netflix,neutral,621.989990234375,630.3499755859375,632.2899780273438,616.02001953125,3283500
2024-08-08,What Is 'Baramulla' on Netflix? Everything to Know About the Latest Supernatural Thriller,positive,621.989990234375,630.3499755859375,632.2899780273438,616.02001953125,3283500
2024-08-08,Stranger Things season 5 trailer previews the epic conclusion of the Netflix series,neutral,621.989990234375,630.3499755859375,632.2899780273438,616.02001953125,3283500
2024-08-08,Netflix 2.0: Platform teases game-changing update – interactivity takes center stage,negative,621.989990234375,630.3499755859375,632.2899780273438,616.02001953125,3283500
2024-08-09,Netflix top 10 TV shows revealed as new hit dominates charts,positive,622.989990234375,633.9400024414062,636.6199951171875,622.989990234375,1980800
2024-08-09,Netflix unveils Adolescence star's new hostage thriller with Adam Driver,positive,622.989990234375,633.9400024414062,636.6199951171875,622.989990234375,1980800
2024-08-09,Adam Driver returns to TV in Netflix series with high-stakes hostage situation,neutral,622.989990234375,633.9400024414062,636.6199951171875,622.989990234375,1980800
2024-08-09,Stranger Things Season 5 Trailer: Netflix Takes Us Back To Upside Down Where Shadows Crawl And Memories Linger,neutral,622.989990234375,633.9400024414062,636.6199951171875,622.989990234375,1980800
2024-08-09,Netflix drops new trailer for Stranger Things ahead of huge final season,positive,622.989990234375,633.9400024414062,636.6199951171875,622.989990234375,1980800
2024-08-09,"'Stranger Things 5' Trailer: New Trailer For Final Season Of Netflix's Biggest Show Preview More Vecna, New Kids & More",neutral,622.989990234375,633.9400024414062,636.6199951171875,622.989990234375,1980800
2024-08-09,Karuppu Negotiations With Netflix,neutral,622.989990234375,633.9400024414062,636.6199951171875,622.989990234375,1980800
2024-08-09,What Is 'Baramulla' on Netflix? Everything to Know About the Latest Supernatural Thriller,positive,622.989990234375,633.9400024414062,636.6199951171875,622.989990234375,1980800
2024-08-09,Stranger Things season 5 trailer previews the epic conclusion of the Netflix series,neutral,622.989990234375,633.9400024414062,636.6199951171875,622.989990234375,1980800
2024-08-09,Netflix 2.0: Platform teases game-changing update – interactivity takes center stage,negative,622.989990234375,633.9400024414062,636.6199951171875,622.989990234375,1980800
2024-08-12,Netflix casts Adam Driver in tense new hostage drama from Adolescence creator,negative,631.0,633.1400146484375,639.0,627.0700073242188,2331700
2024-08-12,Netflix top 10 TV shows revealed as new hit dominates charts,positive,631.0,633.1400146484375,639.0,627.0700073242188,2331700
2024-08-12,Netflix unveils Adolescence star's new hostage thriller with Adam Driver,positive,631.0,633.1400146484375,639.0,627.0700073242188,2331700
2024-08-12,Adam Driver returns to TV in Netflix series with high-stakes hostage situation,neutral,631.0,633.1400146484375,639.0,627.0700073242188,2331700
2024-08-12,Stranger Things Season 5 Trailer: Netflix Takes Us Back To Upside Down Where Shadows Crawl And Memories Linger,neutral,631.0,633.1400146484375,639.0,627.0700073242188,2331700
2024-08-12,Netflix drops new trailer for Stranger Things ahead of huge final season,positive,631.0,633.1400146484375,639.0,627.0700073242188,2331700
2024-08-12,"'Stranger Things 5' Trailer: New Trailer For Final Season Of Netflix's Biggest Show Preview More Vecna, New Kids & More",neutral,631.0,633.1400146484375,639.0,627.0700073242188,2331700
2024-08-12,Karuppu Negotiations With Netflix,neutral,631.0,633.1400146484375,639.0,627.0700073242188,2331700
2024-08-12,What Is 'Baramulla' on Netflix? Everything to Know About the Latest Supernatural Thriller,positive,631.0,633.1400146484375,639.0,627.0700073242188,2331700
2024-08-12,Stranger Things season 5 trailer previews the epic conclusion of the Netflix series,neutral,631.0,633.1400146484375,639.0,627.0700073242188,2331700
2024-08-13,Netflix top 10 TV shows revealed as new hit dominates charts,positive,638.5599975585938,648.02001953125,650.969970703125,635.5,2639600
2024-08-13,Netflix unveils Adolescence star's new hostage thriller with Adam Driver,positive,638.5599975585938,648.02001953125,650.969970703125,635.5,2639600
2024-08-13,Adam Driver returns to TV in Netflix series with high-stakes hostage situation,neutral,638.5599975585938,648.02001953125,650.969970703125,635.5,2639600
2024-08-13,Stranger Things Season 5 Trailer: Netflix Takes Us Back To Upside Down Where Shadows Crawl And Memories Linger,neutral,638.5599975585938,648.02001953125,650.969970703125,635.5,2639600
2024-08-13,Netflix drops new trailer for Stranger Things ahead of huge final season,positive,638.5599975585938,648.02001953125,650.969970703125,635.5,2639600
2024-08-13,"'Stranger Things 5' Trailer: New Trailer For Final Season Of Netflix's Biggest Show Preview More Vecna, New Kids & More",neutral,638.5599975585938,648.02001953125,650.969970703125,635.5,2639600
2024-08-13,Karuppu Negotiations With Netflix,neutral,638.5599975585938,648.02001953125,650.969970703125,635.5,2639600
2024-08-13,What Is 'Baramulla' on Netflix? Everything to Know About the Latest Supernatural Thriller,positive,638.5599975585938,648.02001953125,650.969970703125,635.5,2639600
2024-08-13,Stranger Things season 5 trailer previews the epic conclusion of the Netflix series,neutral,638.5599975585938,648.02001953125,650.969970703125,635.5,2639600
2024-08-13,Netflix 2.0: Platform teases game-changing update – interactivity takes center stage,negative,638.5599975585938,648.02001953125,650.969970703125,635.5,2639600
2024-08-14,Netflix casts Adam Driver in tense new hostage drama from Adolescence creator,negative,648.7000122070312,661.6799926757812,663.5700073242188,648.7000122070312,4014300
2024-08-14,Netflix drops Stranger Things 5 trailer as fans all share same heartbreaking concern,negative,648.7000122070312,661.6799926757812,663.5700073242188,648.7000122070312,4014300
2024-08-14,Netflix top 10 TV shows revealed as new hit dominates charts,positive,648.7000122070312,661.6799926757812,663.5700073242188,648.7000122070312,4014300
2024-08-14,Netflix unveils Adolescence star's new hostage thriller with Adam Driver,positive,648.7000122070312,661.6799926757812,663.5700073242188,648.7000122070312,4014300
2024-08-14,Adam Driver returns to TV in Netflix series with high-stakes hostage situation,neutral,648.7000122070312,661.6799926757812,663.5700073242188,648.7000122070312,4014300
2024-08-14,Stranger Things Season 5 Trailer: Netflix Takes Us Back To Upside Down Where Shadows Crawl And Memories Linger,neutral,648.7000122070312,661.6799926757812,663.5700073242188,648.7000122070312,4014300
2024-08-14,Netflix drops new trailer for Stranger Things ahead of huge final season,positive,648.7000122070312,661.6799926757812,663.5700073242188,648.7000122070312,4014300
2024-08-14,"'Stranger Things 5' Trailer: New Trailer For Final Season Of Netflix's Biggest Show Preview More Vecna, New Kids & More",neutral,648.7000122070312,661.6799926757812,663.5700073242188,648.7000122070312,4014300
2024-08-14,Karuppu Negotiations With Netflix,neutral,648.7000122070312,661.6799926757812,663.5700073242188,648.7000122070312,4014300
2024-08-14,What Is 'Baramulla' on Netflix? Everything to Know About the Latest Supernatural Thriller,positive,648.7000122070312,661.6799926757812,663.5700073242188,648.7000122070312,4014300
2024-08-15,Netflix top 10 TV shows revealed as new hit dominates charts,positive,668.489990234375,663.219970703125,673.1900024414062,659.7999877929688,3210200
2024-08-15,Netflix unveils Adolescence star's new hostage thriller with Adam Driver,positive,668.489990234375,663.219970703125,673.1900024414062,659.7999877929688,3210200
2024-08-15,Adam Driver returns to TV in Netflix series with high-stakes hostage situation,neutral,668.489990234375,663.219970703125,673.1900024414062,659.7999877929688,3210200
2024-08-15,Stranger Things Season 5 Trailer: Netflix Takes Us Back To Upside Down Where Shadows Crawl And Memories Linger,neutral,668.489990234375,663.219970703125,673.1900024414062,659.7999877929688,3210200
2024-08-15,Netflix drops new trailer for Stranger Things ahead of huge final season,positive,668.489990234375,663.219970703125,673.1900024414062,659.7999877929688,3210200
2024-08-15,"'Stranger Things 5' Trailer: New Trailer For Final Season Of Netflix's Biggest Show Preview More Vecna, New Kids & More",neutral,668.489990234375,663.219970703125,673.1900024414062,659.7999877929688,3210200
2024-08-15,Karuppu Negotiations With Netflix,neutral,668.489990234375,663.219970703125,673.1900024414062,659.7999877929688,3210200
2024-08-15,What Is 'Baramulla' on Netflix? Everything to Know About the Latest Supernatural Thriller,positive,668.489990234375,663.219970703125,673.1900024414062,659.7999877929688,3210200
2024-08-15,Stranger Things season 5 trailer previews the epic conclusion of the Netflix series,neutral,668.489990234375,663.219970703125,673.1900024414062,659.7999877929688,3210200
2024-08-15,Netflix 2.0: Platform teases game-changing update – interactivity takes center stage,negative,668.489990234375,663.219970703125,673.1900024414062,659.7999877929688,3210200
2024-08-16,Netflix top 10 TV shows revealed as new hit dominates charts,positive,669.4299926757812,674.0700073242188,680.22998046875,665.3599853515625,3511000
2024-08-16,Netflix unveils Adolescence star's new hostage thriller with Adam Driver,positive,669.4299926757812,674.0700073242188,680.22998046875,665.3599853515625,3511000
2024-08-16,Adam Driver returns to TV in Netflix series with high-stakes hostage situation,neutral,669.4299926757812,674.0700073242188,680.22998046875,665.3599853515625,3511000
2024-08-16,Stranger Things Season 5 Trailer: Netflix Takes Us Back To Upside Down Where Shadows Crawl And Memories Linger,neutral,669.4299926757812,674.0700073242188,680.22998046875,665.3599853515625,3511000
2024-08-16,Netflix drops new trailer for Stranger Things ahead of huge final season,positive,669.4299926757812,674.0700073242188,680.22998046875,665.3599853515625,3511000
2024-08-16,"'Stranger Things 5' Trailer: New Trailer For Final Season Of Netflix's Biggest Show Preview More Vecna, New Kids & More",neutral,669.4299926757812,674.0700073242188,680.22998046875,665.3599853515625,3511000
2024-08-16,Karuppu Negotiations With Netflix,neutral,669.4299926757812,674.0700073242188,680.22998046875,665.3599853515625,3511000
2024-08-16,What Is 'Baramulla' on Netflix? Everything to Know About the Latest Supernatural Thriller,positive,669.4299926757812,674.0700073242188,680.22998046875,665.3599853515625,3511000
2024-08-16,Stranger Things season 5 trailer previews the epic conclusion of the Netflix series,neutral,669.4299926757812,674.0700073242188,680.22998046875,665.3599853515625,3511000
2024-08-16,Netflix 2.0: Platform teases game-changing update – interactivity takes center stage,negative,669.4299926757812,674.0700073242188,680.22998046875,665.3599853515625,3511000
2024-08-19,Netflix top 10 TV shows revealed as new hit dominates charts,positive,674.0700073242188,688.530029296875,688.8400268554688,672.9099731445312,3016200
2024-08-19,Netflix unveils Adolescence star's new hostage thriller with Adam Driver,positive,674.0700073242188,688.530029296875,688.8400268554688,672.9099731445312,3016200
2024-08-19,Adam Driver returns to TV in Netflix series with high-stakes hostage situation,neutral,674.0700073242188,688.530029296875,688.8400268554688,672.9099731445312,3016200
2024-08-19,Stranger Things Season 5 Trailer: Netflix Takes Us Back To Upside Down Where Shadows Crawl And Memories Linger,neutral,674.0700073242188,688.530029296875,688.8400268554688,672.9099731445312,3016200
2024-08-19,Netflix drops new trailer for Stranger Things ahead of huge final season,positive,674.0700073242188,688.530029296875,688.8400268554688,672.9099731445312,3016200
2024-08-19,"'Stranger Things 5' Trailer: New Trailer For Final Season Of Netflix's Biggest Show Preview More Vecna, New Kids & More",neutral,674.0700073242188,688.530029296875,688.8400268554688,672.9099731445312,3016200
2024-08-19,Karuppu Negotiations With Netflix,neutral,674.0700073242188,688.530029296875,688.8400268554688,672.9099731445312,3016200
2024-08-19,What Is 'Baramulla' on Netflix? Everything to Know About the Latest Supernatural Thriller,positive,674.0700073242188,688.530029296875,688.8400268554688,672.9099731445312,3016200
2024-08-19,Stranger Things season 5 trailer previews the epic conclusion of the Netflix series,neutral,674.0700073242188,688.530029296875,688.8400268554688,672.9099731445312,3016200
2024-08-19,Netflix 2.0: Platform teases game-changing update – interactivity takes center stage,negative,674.0700073242188,688.530029296875,688.8400268554688,672.9099731445312,3016200
2024-08-20,Netflix casts Adam Driver in tense new hostage drama from Adolescence creator,negative,688.8599853515625,698.5399780273438,711.3300170898438,688.25,4813100
2024-08-20,Netflix drops Stranger Things 5 trailer as fans all share same heartbreaking concern,negative,688.8599853515625,698.5399780273438,711.3300170898438,688.25,4813100
2024-08-20,Netflix top 10 TV shows revealed as new hit dominates charts,positive,688.8599853515625,698.5399780273438,711.3300170898438,688.25,4813100
2024-08-20,Netflix unveils Adolescence star's new hostage thriller with Adam Driver,positive,688.8599853515625,698.5399780273438,711.3300170898438,688.25,4813100
2024-08-20,Adam Driver returns to TV in Netflix series with high-stakes hostage situation,neutral,688.8599853515625,698.5399780273438,711.3300170898438,688.25,4813100
2024-08-20,Stranger Things Season 5 Trailer: Netflix Takes Us Back To Upside Down Where Shadows Crawl And Memories Linger,neutral,688.8599853515625,698.5399780273438,711.3300170898438,688.25,4813100
2024-08-20,Netflix drops new trailer for Stranger Things ahead of huge final season,positive,688.8599853515625,698.5399780273438,711.3300170898438,688.25,4813100
2024-08-20,"'Stranger Things 5' Trailer: New Trailer For Final Season Of Netflix's Biggest Show Preview More Vecna, New Kids & More",neutral,688.8599853515625,698.5399780273438,711.3300170898438,688.25,4813100
2024-08-20,Karuppu Negotiations With Netflix,neutral,688.8599853515625,698.5399780273438,711.3300170898438,688.25,4813100
2024-08-20,What Is 'Baramulla' on Netflix? Everything to Know About the Latest Supernatural Thriller,positive,688.8599853515625,698.5399780273438,711.3300170898438,688.25,4813100
2024-08-21,Netflix top 10 TV shows revealed as new hit dominates charts,positive,697.0,697.1199951171875,701.0,691.3800048828125,2235300
2024-08-21,Netflix unveils Adolescence star's new hostage thriller with Adam Driver,positive,697.0,697.1199951171875,701.0,691.3800048828125,2235300
2024-08-21,Adam Driver returns to TV in Netflix series with high-stakes hostage situation,neutral,697.0,697.1199951171875,701.0,691.3800048828125,2235300
2024-08-21,Stranger Things Season 5 Trailer: Netflix Takes Us Back To Upside Down Where Shadows Crawl And Memories Linger,neutral,697.0,697.1199951171875,701.0,691.3800048828125,2235300
2024-08-21,Netflix drops new trailer for Stranger Things ahead of huge final season,positive,697.0,697.1199951171875,701.0,691.3800048828125,2235300
2024-08-21,"'Stranger Things 5' Trailer: New Trailer For Final Season Of Netflix's Biggest Show Preview More Vecna, New Kids & More",neutral,697.0,697.1199951171875,701.0,691.3800048828125,2235300
2024-08-21,Karuppu Negotiations With Netflix,neutral,697.0,697.1199951171875,701.0,691.3800048828125,2235300
2024-08-21,What Is 'Baramulla' on Netflix? Everything to Know About the Latest Supernatural Thriller,positive,697.0,697.1199951171875,701.0,691.3800048828125,2235300
2024-08-21,Stranger Things season 5 trailer previews the epic conclusion of the Netflix series,neutral,697.0,697.1199951171875,701.0,691.3800048828125,2235300
2024-08-21,Netflix 2.0: Platform teases game-changing update – interactivity takes center stage,negative,697.0,697.1199951171875,701.0,691.3800048828125,2235300
2024-08-22,Netflix drops Stranger Things 5 trailer as fans all share same heartbreaking concern,negative,691.0,688.9600219726562,701.5,686.239990234375,2729400
2024-08-22,Netflix casts Adam Driver in tense new hostage drama from Adolescence creator,negative,691.0,688.9600219726562,701.5,686.239990234375,2729400
2024-08-22,Netflix top 10 TV shows revealed as new hit dominates charts,positive,691.0,688.9600219726562,701.5,686.239990234375,2729400
2024-08-22,Netflix unveils Adolescence star's new hostage thriller with Adam Driver,positive,691.0,688.9600219726562,701.5,686.239990234375,2729400
2024-08-22,Adam Driver returns to TV in Netflix series with high-stakes hostage situation,neutral,691.0,688.9600219726562,701.5,686.239990234375,2729400
2024-08-22,Stranger Things Season 5 Trailer: Netflix Takes Us Back To Upside Down Where Shadows Crawl And Memories Linger,neutral,691.0,688.9600219726562,701.5,686.239990234375,2729400
2024-08-22,Netflix drops new trailer for Stranger Things ahead of huge final season,positive,691.0,688.9600219726562,701.5,686.239990234375,2729400
2024-08-22,"'Stranger Things 5' Trailer: New Trailer For Final Season Of Netflix's Biggest Show Preview More Vecna, New Kids & More",neutral,691.0,688.9600219726562,701.5,686.239990234375,2729400
2024-08-22,Karuppu Negotiations With Netflix,neutral,691.0,688.9600219726562,701.5,686.239990234375,2729400
2024-08-22,What Is 'Baramulla' on Netflix? Everything to Know About the Latest Supernatural Thriller,positive,691.0,688.9600219726562,701.5,686.239990234375,2729400
2024-08-23,Netflix casts Adam Driver in tense new hostage drama from Adolescence creator,negative,694.1300048828125,686.72998046875,696.0700073242188,678.6300048828125,2354500
2024-08-23,Netflix drops Stranger Things 5 trailer as fans all share same heartbreaking concern,negative,694.1300048828125,686.72998046875,696.0700073242188,678.6300048828125,2354500
2024-08-23,Netflix top 10 TV shows revealed as new hit dominates charts,positive,694.1300048828125,686.72998046875,696.0700073242188,678.6300048828125,2354500
2024-08-23,Netflix unveils Adolescence star's new hostage thriller with Adam Driver,positive,694.1300048828125,686.72998046875,696.0700073242188,678.6300048828125,2354500
2024-08-23,Adam Driver returns to TV in Netflix series with high-stakes hostage situation,neutral,694.1300048828125,686.72998046875,696.0700073242188,678.6300048828125,2354500
2024-08-23,Stranger Things Season 5 Trailer: Netflix Takes Us Back To Upside Down Where Shadows Crawl And Memories Linger,neutral,694.1300048828125,686.72998046875,696.0700073242188,678.6300048828125,2354500
2024-08-23,Netflix drops new trailer for Stranger Things ahead of huge final season,positive,694.1300048828125,686.72998046875,696.0700073242188,678.6300048828125,2354500
2024-08-23,"'Stranger Things 5' Trailer: New Trailer For Final Season Of Netflix's Biggest Show Preview More Vecna, New Kids & More",neutral,694.1300048828125,686.72998046875,696.0700073242188,678.6300048828125,2354500
2024-08-23,Karuppu Negotiations With Netflix,neutral,694.1300048828125,686.72998046875,696.0700073242188,678.6300048828125,2354500
2024-08-23,What Is 'Baramulla' on Netflix? Everything to Know About the Latest Supernatural Thriller,positive,694.1300048828125,686.72998046875,696.0700073242188,678.6300048828125,2354500
2024-08-26,Netflix casts Adam Driver in tense new hostage drama from Adolescence creator,negative,687.260009765625,688.4400024414062,690.5900268554688,681.6400146484375,1354200
2024-08-26,Netflix drops Stranger Things 5 trailer as fans all share same heartbreaking concern,negative,687.260009765625,688.4400024414062,690.5900268554688,681.6400146484375,1354200
2024-08-26,Netflix top 10 TV shows revealed as new hit dominates charts,positive,687.260009765625,688.4400024414062,690.5900268554688,681.6400146484375,1354200
2024-08-26,Netflix unveils Adolescence star's new hostage thriller with Adam Driver,positive,687.260009765625,688.4400024414062,690.5900268554688,681.6400146484375,1354200
2024-08-26,Adam Driver returns to TV in Netflix series with high-stakes hostage situation,neutral,687.260009765625,688.4400024414062,690.5900268554688,681.6400146484375,1354200
2024-08-26,Stranger Things Season 5 Trailer: Netflix Takes Us Back To Upside Down Where Shadows Crawl And Memories Linger,neutral,687.260009765625,688.4400024414062,690.5900268554688,681.6400146484375,1354200
2024-08-26,Netflix drops new trailer for Stranger Things ahead of huge final season,positive,687.260009765625,688.4400024414062,690.5900268554688,681.6400146484375,1354200
2024-08-26,"'Stranger Things 5' Trailer: New Trailer For Final Season Of Netflix's Biggest Show Preview More Vecna, New Kids & More",neutral,687.260009765625,688.4400024414062,690.5900268554688,681.6400146484375,1354200
2024-08-26,Karuppu Negotiations With Netflix,neutral,687.260009765625,688.4400024414062,690.5900268554688,681.6400146484375,1354200
2024-08-26,What Is 'Baramulla' on Netflix? Everything to Know About the Latest Supernatural Thriller,positive,687.260009765625,688.4400024414062,690.5900268554688,681.6400146484375,1354200
2024-08-27,Netflix casts Adam Driver in tense new hostage drama from Adolescence creator,negative,688.530029296875,695.719970703125,707.8900146484375,686.9199829101562,3164900
2024-08-27,Netflix drops Stranger Things 5 trailer as fans all share same heartbreaking concern,negative,688.530029296875,695.719970703125,707.8900146484375,686.9199829101562,3164900
2024-08-27,Netflix top 10 TV shows revealed as new hit dominates charts,positive,688.530029296875,695.719970703125,707.8900146484375,686.9199829101562,3164900
2024-08-27,Netflix unveils Adolescence star's new hostage thriller with Adam Driver,positive,688.530029296875,695.719970703125,707.8900146484375,686.9199829101562,3164900
2024-08-27,Adam Driver returns to TV in Netflix series with high-stakes hostage situation,neutral,688.530029296875,695.719970703125,707.8900146484375,686.9199829101562,3164900
2024-08-27,Stranger Things Season 5 Trailer: Netflix Takes Us Back To Upside Down Where Shadows Crawl And Memories Linger,neutral,688.530029296875,695.719970703125,707.8900146484375,686.9199829101562,3164900
2024-08-27,Netflix drops new trailer for Stranger Things ahead of huge final season,positive,688.530029296875,695.719970703125,707.8900146484375,686.9199829101562,3164900
2024-08-27,"'Stranger Things 5' Trailer: New Trailer For Final Season Of Netflix's Biggest Show Preview More Vecna, New Kids & More",neutral,688.530029296875,695.719970703125,707.8900146484375,686.9199829101562,3164900
2024-08-27,Karuppu Negotiations With Netflix,neutral,688.530029296875,695.719970703125,707.8900146484375,686.9199829101562,3164900
2024-08-27,What Is 'Baramulla' on Netflix? Everything to Know About the Latest Supernatural Thriller,positive,688.530029296875,695.719970703125,707.8900146484375,686.9199829101562,3164900
2024-08-28,Netflix casts Adam Driver in tense new hostage drama from Adolescence creator,negative,695.8300170898438,683.8400268554688,696.6699829101562,677.0999755859375,2430600
2024-08-28,Netflix drops Stranger Things 5 trailer as fans all share same heartbreaking concern,negative,695.8300170898438,683.8400268554688,696.6699829101562,677.0999755859375,2430600
2024-08-28,Netflix top 10 TV shows revealed as new hit dominates charts,positive,695.8300170898438,683.8400268554688,696.6699829101562,677.0999755859375,2430600
2024-08-28,Netflix unveils Adolescence star's new hostage thriller with Adam Driver,positive,695.8300170898438,683.8400268554688,696.6699829101562,677.0999755859375,2430600
2024-08-28,Adam Driver returns to TV in Netflix series with high-stakes hostage situation,neutral,695.8300170898438,683.8400268554688,696.6699829101562,677.0999755859375,2430600
2024-08-28,Stranger Things Season 5 Trailer: Netflix Takes Us Back To Upside Down Where Shadows Crawl And Memories Linger,neutral,695.8300170898438,683.8400268554688,696.6699829101562,677.0999755859375,2430600
2024-08-28,Netflix drops new trailer for Stranger Things ahead of huge final season,positive,695.8300170898438,683.8400268554688,696.6699829101562,677.0999755859375,2430600
2024-08-28,"'Stranger Things 5' Trailer: New Trailer For Final Season Of Netflix's Biggest Show Preview More Vecna, New Kids & More",neutral,695.8300170898438,683.8400268554688,696.6699829101562,677.0999755859375,2430600
2024-08-28,Karuppu Negotiations With Netflix,neutral,695.8300170898438,683.8400268554688,696.6699829101562,677.0999755859375,2430600
2024-08-28,What Is 'Baramulla' on Netflix? Everything to Know About the Latest Supernatural Thriller,positive,695.8300170898438,683.8400268554688,696.6699829101562,677.0999755859375,2430600
2024-08-29,Netflix casts Adam Driver in tense new hostage drama from Adolescence creator,negative,690.0,692.47998046875,699.7999877929688,686.0700073242188,2187000
2024-08-29,Netflix drops Stranger Things 5 trailer as fans all share same heartbreaking concern,negative,690.0,692.47998046875,699.7999877929688,686.0700073242188,2187000
2024-08-29,Netflix top 10 TV shows revealed as new hit dominates charts,positive,690.0,692.47998046875,699.7999877929688,686.0700073242188,2187000
2024-08-29,Netflix unveils Adolescence star's new hostage thriller with Adam Driver,positive,690.0,692.47998046875,699.7999877929688,686.0700073242188,2187000
2024-08-29,Adam Driver returns to TV in Netflix series with high-stakes hostage situation,neutral,690.0,692.47998046875,699.7999877929688,686.0700073242188,2187000
2024-08-29,Stranger Things Season 5 Trailer: Netflix Takes Us Back To Upside Down Where Shadows Crawl And Memories Linger,neutral,690.0,692.47998046875,699.7999877929688,686.0700073242188,2187000
2024-08-29,Netflix drops new trailer for Stranger Things ahead of huge final season,positive,690.0,692.47998046875,699.7999877929688,686.0700073242188,2187000
2024-08-29,"'Stranger Things 5' Trailer: New Trailer For Final Season Of Netflix's Biggest Show Preview More Vecna, New Kids & More",neutral,690.0,692.47998046875,699.7999877929688,686.0700073242188,2187000
2024-08-29,Karuppu Negotiations With Netflix,neutral,690.0,692.47998046875,699.7999877929688,686.0700073242188,2187000
2024-08-29,What Is 'Baramulla' on Netflix? Everything to Know About the Latest Supernatural Thriller,positive,690.0,692.47998046875,699.7999877929688,686.0700073242188,2187000
2024-08-30,Netflix casts Adam Driver in tense new hostage drama from Adolescence creator,negative,700.3599853515625,701.3499755859375,701.8599853515625,688.1599731445312,3266700
2024-08-30,Netflix drops Stranger Things 5 trailer as fans all share same heartbreaking concern,negative,700.3599853515625,701.3499755859375,701.8599853515625,688.1599731445312,3266700
2024-08-30,Netflix top 10 TV shows revealed as new hit dominates charts,positive,700.3599853515625,701.3499755859375,701.8599853515625,688.1599731445312,3266700
2024-08-30,Netflix unveils Adolescence star's new hostage thriller with Adam Driver,positive,700.3599853515625,701.3499755859375,701.8599853515625,688.1599731445312,3266700
2024-08-30,Adam Driver returns to TV in Netflix series with high-stakes hostage situation,neutral,700.3599853515625,701.3499755859375,701.8599853515625,688.1599731445312,3266700
2024-08-30,Stranger Things Season 5 Trailer: Netflix Takes Us Back To Upside Down Where Shadows Crawl And Memories Linger,neutral,700.3599853515625,701.3499755859375,701.8599853515625,688.1599731445312,3266700
2024-08-30,Netflix drops new trailer for Stranger Things ahead of huge final season,positive,700.3599853515625,701.3499755859375,701.8599853515625,688.1599731445312,3266700
2024-08-30,"'Stranger Things 5' Trailer: New Trailer For Final Season Of Netflix's Biggest Show Preview More Vecna, New Kids & More",neutral,700.3599853515625,701.3499755859375,701.8599853515625,688.1599731445312,3266700
2024-08-30,Karuppu Negotiations With Netflix,neutral,700.3599853515625,701.3499755859375,701.8599853515625,688.1599731445312,3266700
2024-08-30,What Is 'Baramulla' on Netflix? Everything to Know About the Latest Supernatural Thriller,positive,700.3599853515625,701.3499755859375,701.8599853515625,688.1599731445312,3266700
2024-09-03,Netflix casts Adam Driver in tense new hostage drama from Adolescence creator,negative,700.0999755859375,675.3200073242188,703.8599853515625,671.010009765625,3161000
2024-09-03,Netflix drops Stranger Things 5 trailer as fans all share same heartbreaking concern,negative,700.0999755859375,675.3200073242188,703.8599853515625,671.010009765625,3161000
2024-09-03,Netflix top 10 TV shows revealed as new hit dominates charts,positive,700.0999755859375,675.3200073242188,703.8599853515625,671.010009765625,3161000
2024-09-03,Netflix unveils Adolescence star's new hostage thriller with Adam Driver,positive,700.0999755859375,675.3200073242188,703.8599853515625,671.010009765625,3161000
2024-09-03,Adam Driver returns to TV in Netflix series with high-stakes hostage situation,neutral,700.0999755859375,675.3200073242188,703.8599853515625,671.010009765625,3161000
2024-09-03,Stranger Things Season 5 Trailer: Netflix Takes Us Back To Upside Down Where Shadows Crawl And Memories Linger,neutral,700.0999755859375,675.3200073242188,703.8599853515625,671.010009765625,3161000
2024-09-03,Netflix drops new trailer for Stranger Things ahead of huge final season,positive,700.0999755859375,675.3200073242188,703.8599853515625,671.010009765625,3161000
2024-09-03,"'Stranger Things 5' Trailer: New Trailer For Final Season Of Netflix's Biggest Show Preview More Vecna, New Kids & More",neutral,700.0999755859375,675.3200073242188,703.8599853515625,671.010009765625,3161000
2024-09-03,Karuppu Negotiations With Netflix,neutral,700.0999755859375,675.3200073242188,703.8599853515625,671.010009765625,3161000
2024-09-03,What Is 'Baramulla' on Netflix? Everything to Know About the Latest Supernatural Thriller,positive,700.0999755859375,675.3200073242188,703.8599853515625,671.010009765625,3161000
2024-09-04,Netflix casts Adam Driver in tense new hostage drama from Adolescence creator,negative,673.3099975585938,679.6799926757812,684.6500244140625,673.0599975585938,1785300
2024-09-04,Netflix drops Stranger Things 5 trailer as fans all share same heartbreaking concern,negative,673.3099975585938,679.6799926757812,684.6500244140625,673.0599975585938,1785300
2024-09-04,Netflix top 10 TV shows revealed as new hit dominates charts,positive,673.3099975585938,679.6799926757812,684.6500244140625,673.0599975585938,1785300
2024-09-04,Netflix unveils Adolescence star's new hostage thriller with Adam Driver,positive,673.3099975585938,679.6799926757812,684.6500244140625,673.0599975585938,1785300
2024-09-04,Adam Driver returns to TV in Netflix series with high-stakes hostage situation,neutral,673.3099975585938,679.6799926757812,684.6500244140625,673.0599975585938,1785300
2024-09-04,Stranger Things Season 5 Trailer: Netflix Takes Us Back To Upside Down Where Shadows Crawl And Memories Linger,neutral,673.3099975585938,679.6799926757812,684.6500244140625,673.0599975585938,1785300
2024-09-04,Netflix drops new trailer for Stranger Things ahead of huge final season,positive,673.3099975585938,679.6799926757812,684.6500244140625,673.0599975585938,1785300
2024-09-04,"'Stranger Things 5' Trailer: New Trailer For Final Season Of Netflix's Biggest Show Preview More Vecna, New Kids & More",neutral,673.3099975585938,679.6799926757812,684.6500244140625,673.0599975585938,1785300
2024-09-04,Karuppu Negotiations With Netflix,neutral,673.3099975585938,679.6799926757812,684.6500244140625,673.0599975585938,1785300
2024-09-04,What Is 'Baramulla' on Netflix? Everything to Know About the Latest Supernatural Thriller,positive,673.3099975585938,679.6799926757812,684.6500244140625,673.0599975585938,1785300
2024-09-05,Netflix casts Adam Driver in tense new hostage drama from Adolescence creator,negative,673.1400146484375,683.6199951171875,687.3099975585938,671.8599853515625,1810100
2024-09-05,Netflix drops Stranger Things 5 trailer as fans all share same heartbreaking concern,negative,673.1400146484375,683.6199951171875,687.3099975585938,671.8599853515625,1810100
2024-09-05,Netflix top 10 TV shows revealed as new hit dominates charts,positive,673.1400146484375,683.6199951171875,687.3099975585938,671.8599853515625,1810100
2024-09-05,Netflix unveils Adolescence star's new hostage thriller with Adam Driver,positive,673.1400146484375,683.6199951171875,687.3099975585938,671.8599853515625,1810100
2024-09-05,Adam Driver returns to TV in Netflix series with high-stakes hostage situation,neutral,673.1400146484375,683.6199951171875,687.3099975585938,671.8599853515625,1810100
2024-09-05,Stranger Things Season 5 Trailer: Netflix Takes Us Back To Upside Down Where Shadows Crawl And Memories Linger,neutral,673.1400146484375,683.6199951171875,687.3099975585938,671.8599853515625,1810100
2024-09-05,Netflix drops new trailer for Stranger Things ahead of huge final season,positive,673.1400146484375,683.6199951171875,687.3099975585938,671.8599853515625,1810100
2024-09-05,"'Stranger Things 5' Trailer: New Trailer For Final Season Of Netflix's Biggest Show Preview More Vecna, New Kids & More",neutral,673.1400146484375,683.6199951171875,687.3099975585938,671.8599853515625,1810100
2024-09-05,Karuppu Negotiations With Netflix,neutral,673.1400146484375,683.6199951171875,687.3099975585938,671.8599853515625,1810100
2024-09-05,What Is 'Baramulla' on Netflix? Everything to Know About the Latest Supernatural Thriller,positive,673.1400146484375,683.6199951171875,687.3099975585938,671.8599853515625,1810100
2024-09-06,Famke Janssen On Her Career And New ‘Amsterdam Empire’ Netflix Series,neutral,681.8599853515625,665.77001953125,683.1500244140625,662.3400268554688,2991300
2024-09-06,Netflix casts Adam Driver in tense new hostage drama from Adolescence creator,negative,681.8599853515625,665.77001953125,683.1500244140625,662.3400268554688,2991300
2024-09-06,Netflix drops Stranger Things 5 trailer as fans all share same heartbreaking concern,negative,681.8599853515625,665.77001953125,683.1500244140625,662.3400268554688,2991300
2024-09-06,Netflix top 10 TV shows revealed as new hit dominates charts,positive,681.8599853515625,665.77001953125,683.1500244140625,662.3400268554688,2991300
2024-09-06,Netflix unveils Adolescence star's new hostage thriller with Adam Driver,positive,681.8599853515625,665.77001953125,683.1500244140625,662.3400268554688,2991300
2024-09-06,Adam Driver returns to TV in Netflix series with high-stakes hostage situation,neutral,681.8599853515625,665.77001953125,683.1500244140625,662.3400268554688,2991300
2024-09-06,Stranger Things Season 5 Trailer: Netflix Takes Us Back To Upside Down Where Shadows Crawl And Memories Linger,neutral,681.8599853515625,665.77001953125,683.1500244140625,662.3400268554688,2991300
2024-09-06,Netflix drops new trailer for Stranger Things ahead of huge final season,positive,681.8599853515625,665.77001953125,683.1500244140625,662.3400268554688,2991300
2024-09-06,"'Stranger Things 5' Trailer: New Trailer For Final Season Of Netflix's Biggest Show Preview More Vecna, New Kids & More",neutral,681.8599853515625,665.77001953125,683.1500244140625,662.3400268554688,2991300
2024-09-06,Karuppu Negotiations With Netflix,neutral,681.8599853515625,665.77001953125,683.1500244140625,662.3400268554688,2991300
2024-09-09,Netflix casts Adam Driver in tense new hostage drama from Adolescence creator,negative,674.0,675.4199829101562,683.5,672.1400146484375,2683100
2024-09-09,Netflix drops Stranger Things 5 trailer as fans all share same heartbreaking concern,negative,674.0,675.4199829101562,683.5,672.1400146484375,2683100
2024-09-09,Netflix top 10 TV shows revealed as new hit dominates charts,positive,674.0,675.4199829101562,683.5,672.1400146484375,2683100
2024-09-09,Netflix unveils Adolescence star's new hostage thriller with Adam Driver,positive,674.0,675.4199829101562,683.5,672.1400146484375,2683100
2024-09-09,Adam Driver returns to TV in Netflix series with high-stakes hostage situation,neutral,674.0,675.4199829101562,683.5,672.1400146484375,2683100
2024-09-09,Stranger Things Season 5 Trailer: Netflix Takes Us Back To Upside Down Where Shadows Crawl And Memories Linger,neutral,674.0,675.4199829101562,683.5,672.1400146484375,2683100
2024-09-09,Netflix drops new trailer for Stranger Things ahead of huge final season,positive,674.0,675.4199829101562,683.5,672.1400146484375,2683100
2024-09-09,"'Stranger Things 5' Trailer: New Trailer For Final Season Of Netflix's Biggest Show Preview More Vecna, New Kids & More",neutral,674.0,675.4199829101562,683.5,672.1400146484375,2683100
2024-09-09,Karuppu Negotiations With Netflix,neutral,674.0,675.4199829101562,683.5,672.1400146484375,2683100
2024-09-09,What Is 'Baramulla' on Netflix? Everything to Know About the Latest Supernatural Thriller,positive,674.0,675.4199829101562,683.5,672.1400146484375,2683100
2024-09-10,Netflix drops Stranger Things 5 trailer as fans all share same heartbreaking concern,negative,676.8699951171875,673.6199951171875,680.5900268554688,665.8099975585938,2079200
2024-09-10,Netflix casts Adam Driver in tense new hostage drama from Adolescence creator,negative,676.8699951171875,673.6199951171875,680.5900268554688,665.8099975585938,2079200
2024-09-10,Netflix top 10 TV shows revealed as new hit dominates charts,positive,676.8699951171875,673.6199951171875,680.5900268554688,665.8099975585938,2079200
2024-09-10,Netflix unveils Adolescence star's new hostage thriller with Adam Driver,positive,676.8699951171875,673.6199951171875,680.5900268554688,665.8099975585938,2079200
2024-09-10,Adam Driver returns to TV in Netflix series with high-stakes hostage situation,neutral,676.8699951171875,673.6199951171875,680.5900268554688,665.8099975585938,2079200
2024-09-10,Stranger Things Season 5 Trailer: Netflix Takes Us Back To Upside Down Where Shadows Crawl And Memories Linger,neutral,676.8699951171875,673.6199951171875,680.5900268554688,665.8099975585938,2079200
2024-09-10,Netflix drops new trailer for Stranger Things ahead of huge final season,positive,676.8699951171875,673.6199951171875,680.5900268554688,665.8099975585938,2079200
2024-09-10,"'Stranger Things 5' Trailer: New Trailer For Final Season Of Netflix's Biggest Show Preview More Vecna, New Kids & More",neutral,676.8699951171875,673.6199951171875,680.5900268554688,665.8099975585938,2079200
2024-09-10,Karuppu Negotiations With Netflix,neutral,676.8699951171875,673.6199951171875,680.5900268554688,665.8099975585938,2079200
2024-09-10,What Is 'Baramulla' on Netflix? Everything to Know About the Latest Supernatural Thriller,positive,676.8699951171875,673.6199951171875,680.5900268554688,665.8099975585938,2079200
2024-09-11,Netflix casts Adam Driver in tense new hostage drama from Adolescence creator,negative,677.4600219726562,681.469970703125,682.969970703125,660.7999877929688,2391900
2024-09-11,Netflix drops Stranger Things 5 trailer as fans all share same heartbreaking concern,negative,677.4600219726562,681.469970703125,682.969970703125,660.7999877929688,2391900
2024-09-11,Netflix top 10 TV shows revealed as new hit dominates charts,positive,677.4600219726562,681.469970703125,682.969970703125,660.7999877929688,2391900
2024-09-11,Netflix unveils Adolescence star's new hostage thriller with Adam Driver,positive,677.4600219726562,681.469970703125,682.969970703125,660.7999877929688,2391900
2024-09-11,Adam Driver returns to TV in Netflix series with high-stakes hostage situation,neutral,677.4600219726562,681.469970703125,682.969970703125,660.7999877929688,2391900
2024-09-11,Stranger Things Season 5 Trailer: Netflix Takes Us Back To Upside Down Where Shadows Crawl And Memories Linger,neutral,677.4600219726562,681.469970703125,682.969970703125,660.7999877929688,2391900
2024-09-11,Netflix drops new trailer for Stranger Things ahead of huge final season,positive,677.4600219726562,681.469970703125,682.969970703125,660.7999877929688,2391900
2024-09-11,"'Stranger Things 5' Trailer: New Trailer For Final Season Of Netflix's Biggest Show Preview More Vecna, New Kids & More",neutral,677.4600219726562,681.469970703125,682.969970703125,660.7999877929688,2391900
2024-09-11,Karuppu Negotiations With Netflix,neutral,677.4600219726562,681.469970703125,682.969970703125,660.7999877929688,2391900
2024-09-11,What Is 'Baramulla' on Netflix? Everything to Know About the Latest Supernatural Thriller,positive,677.4600219726562,681.469970703125,682.969970703125,660.7999877929688,2391900
2024-09-12,Famke Janssen On Her Career And New ‘Amsterdam Empire’ Netflix Series,neutral,684.9199829101562,686.7999877929688,694.8800048828125,682.2000122070312,2582100
2024-09-12,Netflix casts Adam Driver in tense new hostage drama from Adolescence creator,negative,684.9199829101562,686.7999877929688,694.8800048828125,682.2000122070312,2582100
2024-09-12,Netflix drops Stranger Things 5 trailer as fans all share same heartbreaking concern,negative,684.9199829101562,686.7999877929688,694.8800048828125,682.2000122070312,2582100
2024-09-12,Netflix top 10 TV shows revealed as new hit dominates charts,positive,684.9199829101562,686.7999877929688,694.8800048828125,682.2000122070312,2582100
2024-09-12,Netflix unveils Adolescence star's new hostage thriller with Adam Driver,positive,684.9199829101562,686.7999877929688,694.8800048828125,682.2000122070312,2582100
2024-09-12,Adam Driver returns to TV in Netflix series with high-stakes hostage situation,neutral,684.9199829101562,686.7999877929688,694.8800048828125,682.2000122070312,2582100
2024-09-12,Stranger Things Season 5 Trailer: Netflix Takes Us Back To Upside Down Where Shadows Crawl And Memories Linger,neutral,684.9199829101562,686.7999877929688,694.8800048828125,682.2000122070312,2582100
2024-09-12,Netflix drops new trailer for Stranger Things ahead of huge final season,positive,684.9199829101562,686.7999877929688,694.8800048828125,682.2000122070312,2582100
2024-09-12,"'Stranger Things 5' Trailer: New Trailer For Final Season Of Netflix's Biggest Show Preview More Vecna, New Kids & More",neutral,684.9199829101562,686.7999877929688,694.8800048828125,682.2000122070312,2582100
2024-09-12,Karuppu Negotiations With Netflix,neutral,684.9199829101562,686.7999877929688,694.8800048828125,682.2000122070312,2582100
2024-09-13,Netflix drops Stranger Things 5 trailer as fans all share same heartbreaking concern,negative,680.010009765625,697.0599975585938,699.6400146484375,680.0,2276500
2024-09-13,Netflix casts Adam Driver in tense new hostage drama from Adolescence creator,negative,680.010009765625,697.0599975585938,699.6400146484375,680.0,2276500
2024-09-13,Netflix top 10 TV shows revealed as new hit dominates charts,positive,680.010009765625,697.0599975585938,699.6400146484375,680.0,2276500
2024-09-13,Netflix unveils Adolescence star's new hostage thriller with Adam Driver,positive,680.010009765625,697.0599975585938,699.6400146484375,680.0,2276500
2024-09-13,Adam Driver returns to TV in Netflix series with high-stakes hostage situation,neutral,680.010009765625,697.0599975585938,699.6400146484375,680.0,2276500
2024-09-13,Stranger Things Season 5 Trailer: Netflix Takes Us Back To Upside Down Where Shadows Crawl And Memories Linger,neutral,680.010009765625,697.0599975585938,699.6400146484375,680.0,2276500
2024-09-13,Netflix drops new trailer for Stranger Things ahead of huge final season,positive,680.010009765625,697.0599975585938,699.6400146484375,680.0,2276500
2024-09-13,"'Stranger Things 5' Trailer: New Trailer For Final Season Of Netflix's Biggest Show Preview More Vecna, New Kids & More",neutral,680.010009765625,697.0599975585938,699.6400146484375,680.0,2276500
2024-09-13,Karuppu Negotiations With Netflix,neutral,680.010009765625,697.0599975585938,699.6400146484375,680.0,2276500
2024-09-13,What Is 'Baramulla' on Netflix? Everything to Know About the Latest Supernatural Thriller,positive,680.010009765625,697.0599975585938,699.6400146484375,680.0,2276500
2024-09-16,Famke Janssen On Her Career And New ‘Amsterdam Empire’ Netflix Series,neutral,700.0,696.5,703.02001953125,688.6300048828125,1843700
2024-09-16,Netflix casts Adam Driver in tense new hostage drama from Adolescence creator,negative,700.0,696.5,703.02001953125,688.6300048828125,1843700
2024-09-16,Netflix drops Stranger Things 5 trailer as fans all share same heartbreaking concern,negative,700.0,696.5,703.02001953125,688.6300048828125,1843700
2024-09-16,Netflix top 10 TV shows revealed as new hit dominates charts,positive,700.0,696.5,703.02001953125,688.6300048828125,1843700
2024-09-16,Netflix unveils Adolescence star's new hostage thriller with Adam Driver,positive,700.0,696.5,703.02001953125,688.6300048828125,1843700
2024-09-16,Adam Driver returns to TV in Netflix series with high-stakes hostage situation,neutral,700.0,696.5,703.02001953125,688.6300048828125,1843700
2024-09-16,"November 2025 Anime Streaming Highlights: Crunchyroll, Netflix, Hulu, and More",neutral,700.0,696.5,703.02001953125,688.6300048828125,1843700
2024-09-16,Stranger Things Season 5 Trailer: Netflix Takes Us Back To Upside Down Where Shadows Crawl And Memories Linger,neutral,700.0,696.5,703.02001953125,688.6300048828125,1843700
2024-09-16,Netflix drops new trailer for Stranger Things ahead of huge final season,positive,700.0,696.5,703.02001953125,688.6300048828125,1843700
2024-09-16,"'Stranger Things 5' Trailer: New Trailer For Final Season Of Netflix's Biggest Show Preview More Vecna, New Kids & More",neutral,700.0,696.5,703.02001953125,688.6300048828125,1843700
2024-09-17,Netflix casts Adam Driver in tense new hostage drama from Adolescence creator,negative,700.8200073242188,706.9099731445312,707.6300048828125,698.3699951171875,2298600
2024-09-17,Netflix drops Stranger Things 5 trailer as fans all share same heartbreaking concern,negative,700.8200073242188,706.9099731445312,707.6300048828125,698.3699951171875,2298600
2024-09-17,Netflix top 10 TV shows revealed as new hit dominates charts,positive,700.8200073242188,706.9099731445312,707.6300048828125,698.3699951171875,2298600
2024-09-17,Netflix unveils Adolescence star's new hostage thriller with Adam Driver,positive,700.8200073242188,706.9099731445312,707.6300048828125,698.3699951171875,2298600
2024-09-17,Adam Driver returns to TV in Netflix series with high-stakes hostage situation,neutral,700.8200073242188,706.9099731445312,707.6300048828125,698.3699951171875,2298600
2024-09-17,Stranger Things Season 5 Trailer: Netflix Takes Us Back To Upside Down Where Shadows Crawl And Memories Linger,neutral,700.8200073242188,706.9099731445312,707.6300048828125,698.3699951171875,2298600
2024-09-17,Netflix drops new trailer for Stranger Things ahead of huge final season,positive,700.8200073242188,706.9099731445312,707.6300048828125,698.3699951171875,2298600
2024-09-17,"'Stranger Things 5' Trailer: New Trailer For Final Season Of Netflix's Biggest Show Preview More Vecna, New Kids & More",neutral,700.8200073242188,706.9099731445312,707.6300048828125,698.3699951171875,2298600
2024-09-17,Karuppu Negotiations With Netflix,neutral,700.8200073242188,706.9099731445312,707.6300048828125,698.3699951171875,2298600
2024-09-17,What Is 'Baramulla' on Netflix? Everything to Know About the Latest Supernatural Thriller,positive,700.8200073242188,706.9099731445312,707.6300048828125,698.3699951171875,2298600
2024-09-18,Netflix casts Adam Driver in tense new hostage drama from Adolescence creator,negative,707.5499877929688,690.469970703125,707.5499877929688,688.0,2984400
2024-09-18,Netflix drops Stranger Things 5 trailer as fans all share same heartbreaking concern,negative,707.5499877929688,690.469970703125,707.5499877929688,688.0,2984400
2024-09-18,Netflix top 10 TV shows revealed as new hit dominates charts,positive,707.5499877929688,690.469970703125,707.5499877929688,688.0,2984400
2024-09-18,Netflix unveils Adolescence star's new hostage thriller with Adam Driver,positive,707.5499877929688,690.469970703125,707.5499877929688,688.0,2984400
2024-09-18,Adam Driver returns to TV in Netflix series with high-stakes hostage situation,neutral,707.5499877929688,690.469970703125,707.5499877929688,688.0,2984400
2024-09-18,Stranger Things Season 5 Trailer: Netflix Takes Us Back To Upside Down Where Shadows Crawl And Memories Linger,neutral,707.5499877929688,690.469970703125,707.5499877929688,688.0,2984400
2024-09-18,Netflix drops new trailer for Stranger Things ahead of huge final season,positive,707.5499877929688,690.469970703125,707.5499877929688,688.0,2984400
2024-09-18,"'Stranger Things 5' Trailer: New Trailer For Final Season Of Netflix's Biggest Show Preview More Vecna, New Kids & More",neutral,707.5499877929688,690.469970703125,707.5499877929688,688.0,2984400
2024-09-18,Karuppu Negotiations With Netflix,neutral,707.5499877929688,690.469970703125,707.5499877929688,688.0,2984400
2024-09-18,What Is 'Baramulla' on Netflix? Everything to Know About the Latest Supernatural Thriller,positive,707.5499877929688,690.469970703125,707.5499877929688,688.0,2984400
2024-09-19,Netflix casts Adam Driver in tense new hostage drama from Adolescence creator,negative,705.0,704.3200073242188,715.6599731445312,695.3699951171875,4228500
2024-09-19,Netflix drops Stranger Things 5 trailer as fans all share same heartbreaking concern,negative,705.0,704.3200073242188,715.6599731445312,695.3699951171875,4228500
2024-09-19,Netflix top 10 TV shows revealed as new hit dominates charts,positive,705.0,704.3200073242188,715.6599731445312,695.3699951171875,4228500
2024-09-19,Netflix unveils Adolescence star's new hostage thriller with Adam Driver,positive,705.0,704.3200073242188,715.6599731445312,695.3699951171875,4228500
2024-09-19,Adam Driver returns to TV in Netflix series with high-stakes hostage situation,neutral,705.0,704.3200073242188,715.6599731445312,695.3699951171875,4228500
2024-09-19,Stranger Things Season 5 Trailer: Netflix Takes Us Back To Upside Down Where Shadows Crawl And Memories Linger,neutral,705.0,704.3200073242188,715.6599731445312,695.3699951171875,4228500
2024-09-19,Netflix drops new trailer for Stranger Things ahead of huge final season,positive,705.0,704.3200073242188,715.6599731445312,695.3699951171875,4228500
2024-09-19,"'Stranger Things 5' Trailer: New Trailer For Final Season Of Netflix's Biggest Show Preview More Vecna, New Kids & More",neutral,705.0,704.3200073242188,715.6599731445312,695.3699951171875,4228500
2024-09-19,Karuppu Negotiations With Netflix,neutral,705.0,704.3200073242188,715.6599731445312,695.3699951171875,4228500
2024-09-19,What Is 'Baramulla' on Netflix? Everything to Know About the Latest Supernatural Thriller,positive,705.0,704.3200073242188,715.6599731445312,695.3699951171875,4228500
2024-09-20,Netflix casts Adam Driver in tense new hostage drama from Adolescence creator,negative,705.5499877929688,701.030029296875,706.6699829101562,696.3099975585938,3998100
2024-09-20,Netflix drops Stranger Things 5 trailer as fans all share same heartbreaking concern,negative,705.5499877929688,701.030029296875,706.6699829101562,696.3099975585938,3998100
2024-09-20,Netflix top 10 TV shows revealed as new hit dominates charts,positive,705.5499877929688,701.030029296875,706.6699829101562,696.3099975585938,3998100
2024-09-20,Netflix unveils Adolescence star's new hostage thriller with Adam Driver,positive,705.5499877929688,701.030029296875,706.6699829101562,696.3099975585938,3998100
2024-09-20,Adam Driver returns to TV in Netflix series with high-stakes hostage situation,neutral,705.5499877929688,701.030029296875,706.6699829101562,696.3099975585938,3998100
2024-09-20,Stranger Things Season 5 Trailer: Netflix Takes Us Back To Upside Down Where Shadows Crawl And Memories Linger,neutral,705.5499877929688,701.030029296875,706.6699829101562,696.3099975585938,3998100
2024-09-20,Netflix drops new trailer for Stranger Things ahead of huge final season,positive,705.5499877929688,701.030029296875,706.6699829101562,696.3099975585938,3998100
2024-09-20,"'Stranger Things 5' Trailer: New Trailer For Final Season Of Netflix's Biggest Show Preview More Vecna, New Kids & More",neutral,705.5499877929688,701.030029296875,706.6699829101562,696.3099975585938,3998100
2024-09-20,Karuppu Negotiations With Netflix,neutral,705.5499877929688,701.030029296875,706.6699829101562,696.3099975585938,3998100
2024-09-20,What Is 'Baramulla' on Netflix? Everything to Know About the Latest Supernatural Thriller,positive,705.5499877929688,701.030029296875,706.6699829101562,696.3099975585938,3998100
2024-09-23,Netflix casts Adam Driver in tense new hostage drama from Adolescence creator,negative,702.3900146484375,705.3699951171875,712.25,699.1599731445312,3224300
2024-09-23,Netflix drops Stranger Things 5 trailer as fans all share same heartbreaking concern,negative,702.3900146484375,705.3699951171875,712.25,699.1599731445312,3224300
2024-09-23,Netflix top 10 TV shows revealed as new hit dominates charts,positive,702.3900146484375,705.3699951171875,712.25,699.1599731445312,3224300
2024-09-23,Netflix unveils Adolescence star's new hostage thriller with Adam Driver,positive,702.3900146484375,705.3699951171875,712.25,699.1599731445312,3224300
2024-09-23,Adam Driver returns to TV in Netflix series with high-stakes hostage situation,neutral,702.3900146484375,705.3699951171875,712.25,699.1599731445312,3224300
2024-09-23,Stranger Things Season 5 Trailer: Netflix Takes Us Back To Upside Down Where Shadows Crawl And Memories Linger,neutral,702.3900146484375,705.3699951171875,712.25,699.1599731445312,3224300
2024-09-23,Netflix drops new trailer for Stranger Things ahead of huge final season,positive,702.3900146484375,705.3699951171875,712.25,699.1599731445312,3224300
2024-09-23,"'Stranger Things 5' Trailer: New Trailer For Final Season Of Netflix's Biggest Show Preview More Vecna, New Kids & More",neutral,702.3900146484375,705.3699951171875,712.25,699.1599731445312,3224300
2024-09-23,Karuppu Negotiations With Netflix,neutral,702.3900146484375,705.3699951171875,712.25,699.1599731445312,3224300
2024-09-23,What Is 'Baramulla' on Netflix? Everything to Know About the Latest Supernatural Thriller,positive,702.3900146484375,705.3699951171875,712.25,699.1599731445312,3224300
2024-09-24,Famke Janssen On Her Career And New ‘Amsterdam Empire’ Netflix Series,neutral,706.6300048828125,722.260009765625,722.4400024414062,704.4500122070312,3565700
2024-09-24,Netflix casts Adam Driver in tense new hostage drama from Adolescence creator,negative,706.6300048828125,722.260009765625,722.4400024414062,704.4500122070312,3565700
2024-09-24,Netflix drops Stranger Things 5 trailer as fans all share same heartbreaking concern,negative,706.6300048828125,722.260009765625,722.4400024414062,704.4500122070312,3565700
2024-09-24,Netflix top 10 TV shows revealed as new hit dominates charts,positive,706.6300048828125,722.260009765625,722.4400024414062,704.4500122070312,3565700
2024-09-24,Netflix unveils Adolescence star's new hostage thriller with Adam Driver,positive,706.6300048828125,722.260009765625,722.4400024414062,704.4500122070312,3565700
2024-09-24,Adam Driver returns to TV in Netflix series with high-stakes hostage situation,neutral,706.6300048828125,722.260009765625,722.4400024414062,704.4500122070312,3565700
2024-09-24,Stranger Things Season 5 Trailer: Netflix Takes Us Back To Upside Down Where Shadows Crawl And Memories Linger,neutral,706.6300048828125,722.260009765625,722.4400024414062,704.4500122070312,3565700
2024-09-24,Netflix drops new trailer for Stranger Things ahead of huge final season,positive,706.6300048828125,722.260009765625,722.4400024414062,704.4500122070312,3565700
2024-09-24,"'Stranger Things 5' Trailer: New Trailer For Final Season Of Netflix's Biggest Show Preview More Vecna, New Kids & More",neutral,706.6300048828125,722.260009765625,722.4400024414062,704.4500122070312,3565700
2024-09-24,Karuppu Negotiations With Netflix,neutral,706.6300048828125,722.260009765625,722.4400024414062,704.4500122070312,3565700
2024-09-25,Famke Janssen On Her Career And New ‘Amsterdam Empire’ Netflix Series,neutral,721.0,721.5599975585938,725.1199951171875,716.2100219726562,2259800
2024-09-25,Netflix casts Adam Driver in tense new hostage drama from Adolescence creator,negative,721.0,721.5599975585938,725.1199951171875,716.2100219726562,2259800
2024-09-25,Netflix drops Stranger Things 5 trailer as fans all share same heartbreaking concern,negative,721.0,721.5599975585938,725.1199951171875,716.2100219726562,2259800
2024-09-25,Netflix top 10 TV shows revealed as new hit dominates charts,positive,721.0,721.5599975585938,725.1199951171875,716.2100219726562,2259800
2024-09-25,Netflix unveils Adolescence star's new hostage thriller with Adam Driver,positive,721.0,721.5599975585938,725.1199951171875,716.2100219726562,2259800
2024-09-25,Adam Driver returns to TV in Netflix series with high-stakes hostage situation,neutral,721.0,721.5599975585938,725.1199951171875,716.2100219726562,2259800
2024-09-25,Stranger Things Season 5 Trailer: Netflix Takes Us Back To Upside Down Where Shadows Crawl And Memories Linger,neutral,721.0,721.5599975585938,725.1199951171875,716.2100219726562,2259800
2024-09-25,Netflix drops new trailer for Stranger Things ahead of huge final season,positive,721.0,721.5599975585938,725.1199951171875,716.2100219726562,2259800
2024-09-25,"'Stranger Things 5' Trailer: New Trailer For Final Season Of Netflix's Biggest Show Preview More Vecna, New Kids & More",neutral,721.0,721.5599975585938,725.1199951171875,716.2100219726562,2259800
2024-09-25,Karuppu Negotiations With Netflix,neutral,721.0,721.5599975585938,725.1199951171875,716.2100219726562,2259800
2024-09-26,Famke Janssen On Her Career And New ‘Amsterdam Empire’ Netflix Series,neutral,724.72998046875,711.4299926757812,725.260009765625,701.719970703125,2833000
2024-09-26,Netflix casts Adam Driver in tense new hostage drama from Adolescence creator,negative,724.72998046875,711.4299926757812,725.260009765625,701.719970703125,2833000
2024-09-26,Netflix drops Stranger Things 5 trailer as fans all share same heartbreaking concern,negative,724.72998046875,711.4299926757812,725.260009765625,701.719970703125,2833000
2024-09-26,Netflix top 10 TV shows revealed as new hit dominates charts,positive,724.72998046875,711.4299926757812,725.260009765625,701.719970703125,2833000
2024-09-26,Netflix unveils Adolescence star's new hostage thriller with Adam Driver,positive,724.72998046875,711.4299926757812,725.260009765625,701.719970703125,2833000
2024-09-26,Adam Driver returns to TV in Netflix series with high-stakes hostage situation,neutral,724.72998046875,711.4299926757812,725.260009765625,701.719970703125,2833000
2024-09-26,Stranger Things Season 5 Trailer: Netflix Takes Us Back To Upside Down Where Shadows Crawl And Memories Linger,neutral,724.72998046875,711.4299926757812,725.260009765625,701.719970703125,2833000
2024-09-26,Netflix drops new trailer for Stranger Things ahead of huge final season,positive,724.72998046875,711.4299926757812,725.260009765625,701.719970703125,2833000
2024-09-26,"'Stranger Things 5' Trailer: New Trailer For Final Season Of Netflix's Biggest Show Preview More Vecna, New Kids & More",neutral,724.72998046875,711.4299926757812,725.260009765625,701.719970703125,2833000
2024-09-26,Karuppu Negotiations With Netflix,neutral,724.72998046875,711.4299926757812,725.260009765625,701.719970703125,2833000
2024-09-27,Famke Janssen On Her Career And New ‘Amsterdam Empire’ Netflix Series,neutral,708.3599853515625,707.3499755859375,710.7100219726562,701.25,2395600
2024-09-27,Netflix casts Adam Driver in tense new hostage drama from Adolescence creator,negative,708.3599853515625,707.3499755859375,710.7100219726562,701.25,2395600
2024-09-27,Netflix drops Stranger Things 5 trailer as fans all share same heartbreaking concern,negative,708.3599853515625,707.3499755859375,710.7100219726562,701.25,2395600
2024-09-27,Netflix top 10 TV shows revealed as new hit dominates charts,positive,708.3599853515625,707.3499755859375,710.7100219726562,701.25,2395600
2024-09-27,Netflix unveils Adolescence star's new hostage thriller with Adam Driver,positive,708.3599853515625,707.3499755859375,710.7100219726562,701.25,2395600
2024-09-27,Adam Driver returns to TV in Netflix series with high-stakes hostage situation,neutral,708.3599853515625,707.3499755859375,710.7100219726562,701.25,2395600
2024-09-27,"November 2025 Anime Streaming Highlights: Crunchyroll, Netflix, Hulu, and More",neutral,708.3599853515625,707.3499755859375,710.7100219726562,701.25,2395600
2024-09-27,Stranger Things Season 5 Trailer: Netflix Takes Us Back To Upside Down Where Shadows Crawl And Memories Linger,neutral,708.3599853515625,707.3499755859375,710.7100219726562,701.25,2395600
2024-09-27,Netflix drops new trailer for Stranger Things ahead of huge final season,positive,708.3599853515625,707.3499755859375,710.7100219726562,701.25,2395600
2024-09-27,"'Stranger Things 5' Trailer: New Trailer For Final Season Of Netflix's Biggest Show Preview More Vecna, New Kids & More",neutral,708.3599853515625,707.3499755859375,710.7100219726562,701.25,2395600
2024-09-30,Famke Janssen On Her Career And New ‘Amsterdam Empire’ Netflix Series,neutral,707.0,709.27001953125,711.2100219726562,702.8200073242188,1709900
2024-09-30,Netflix casts Adam Driver in tense new hostage drama from Adolescence creator,negative,707.0,709.27001953125,711.2100219726562,702.8200073242188,1709900
2024-09-30,Netflix drops Stranger Things 5 trailer as fans all share same heartbreaking concern,negative,707.0,709.27001953125,711.2100219726562,702.8200073242188,1709900
2024-09-30,Netflix top 10 TV shows revealed as new hit dominates charts,positive,707.0,709.27001953125,711.2100219726562,702.8200073242188,1709900
2024-09-30,Netflix unveils Adolescence star's new hostage thriller with Adam Driver,positive,707.0,709.27001953125,711.2100219726562,702.8200073242188,1709900
2024-09-30,Adam Driver returns to TV in Netflix series with high-stakes hostage situation,neutral,707.0,709.27001953125,711.2100219726562,702.8200073242188,1709900
2024-09-30,"November 2025 Anime Streaming Highlights: Crunchyroll, Netflix, Hulu, and More",neutral,707.0,709.27001953125,711.2100219726562,702.8200073242188,1709900
2024-09-30,Stranger Things Season 5 Trailer: Netflix Takes Us Back To Upside Down Where Shadows Crawl And Memories Linger,neutral,707.0,709.27001953125,711.2100219726562,702.8200073242188,1709900
2024-09-30,Netflix drops new trailer for Stranger Things ahead of huge final season,positive,707.0,709.27001953125,711.2100219726562,702.8200073242188,1709900
2024-09-30,"'Stranger Things 5' Trailer: New Trailer For Final Season Of Netflix's Biggest Show Preview More Vecna, New Kids & More",neutral,707.0,709.27001953125,711.2100219726562,702.8200073242188,1709900
2024-10-01,"Video: ""Stranger Things 5"" - Official Trailer - Netflix",neutral,713.6400146484375,706.1300048828125,717.760009765625,698.5900268554688,2813500
2024-10-01,Famke Janssen On Her Career And New ‘Amsterdam Empire’ Netflix Series,neutral,713.6400146484375,706.1300048828125,717.760009765625,698.5900268554688,2813500
2024-10-01,Netflix casts Adam Driver in tense new hostage drama from Adolescence creator,negative,713.6400146484375,706.1300048828125,717.760009765625,698.5900268554688,2813500
2024-10-01,Netflix drops Stranger Things 5 trailer as fans all share same heartbreaking concern,negative,713.6400146484375,706.1300048828125,717.760009765625,698.5900268554688,2813500
2024-10-01,Netflix top 10 TV shows revealed as new hit dominates charts,positive,713.6400146484375,706.1300048828125,717.760009765625,698.5900268554688,2813500
2024-10-01,Netflix unveils Adolescence star's new hostage thriller with Adam Driver,positive,713.6400146484375,706.1300048828125,717.760009765625,698.5900268554688,2813500
2024-10-01,Adam Driver returns to TV in Netflix series with high-stakes hostage situation,neutral,713.6400146484375,706.1300048828125,717.760009765625,698.5900268554688,2813500
2024-10-01,"November 2025 Anime Streaming Highlights: Crunchyroll, Netflix, Hulu, and More",neutral,713.6400146484375,706.1300048828125,717.760009765625,698.5900268554688,2813500
2024-10-01,Stranger Things Season 5 Trailer: Netflix Takes Us Back To Upside Down Where Shadows Crawl And Memories Linger,neutral,713.6400146484375,706.1300048828125,717.760009765625,698.5900268554688,2813500
2024-10-01,Netflix drops new trailer for Stranger Things ahead of huge final season,positive,713.6400146484375,706.1300048828125,717.760009765625,698.5900268554688,2813500
2024-10-02,"Netflix Drops the Epic, Nearly 3-Minute Long Trailer for ""Stranger Things"" Season 5",neutral,706.1300048828125,711.0900268554688,716.2100219726562,704.6900024414062,1758200
2024-10-02,"Video: ""Stranger Things 5"" - Official Trailer - Netflix",neutral,706.1300048828125,711.0900268554688,716.2100219726562,704.6900024414062,1758200
2024-10-02,Famke Janssen On Her Career And New ‘Amsterdam Empire’ Netflix Series,neutral,706.1300048828125,711.0900268554688,716.2100219726562,704.6900024414062,1758200
2024-10-02,Netflix drops Stranger Things 5 trailer as fans all share same heartbreaking concern,negative,706.1300048828125,711.0900268554688,716.2100219726562,704.6900024414062,1758200
2024-10-02,Netflix casts Adam Driver in tense new hostage drama from Adolescence creator,negative,706.1300048828125,711.0900268554688,716.2100219726562,704.6900024414062,1758200
2024-10-02,Netflix top 10 TV shows revealed as new hit dominates charts,positive,706.1300048828125,711.0900268554688,716.2100219726562,704.6900024414062,1758200
2024-10-02,Netflix unveils Adolescence star's new hostage thriller with Adam Driver,positive,706.1300048828125,711.0900268554688,716.2100219726562,704.6900024414062,1758200
2024-10-02,Adam Driver returns to TV in Netflix series with high-stakes hostage situation,neutral,706.1300048828125,711.0900268554688,716.2100219726562,704.6900024414062,1758200
2024-10-02,"November 2025 Anime Streaming Highlights: Crunchyroll, Netflix, Hulu, and More",neutral,706.1300048828125,711.0900268554688,716.2100219726562,704.6900024414062,1758200
2024-10-02,Stranger Things Season 5 Trailer: Netflix Takes Us Back To Upside Down Where Shadows Crawl And Memories Linger,neutral,706.1300048828125,711.0900268554688,716.2100219726562,704.6900024414062,1758200
2024-10-03,"Netflix Drops the Epic, Nearly 3-Minute Long Trailer for ""Stranger Things"" Season 5",neutral,704.260009765625,706.7999877929688,708.8099975585938,700.0,2256400
2024-10-03,"Video: ""Stranger Things 5"" - Official Trailer - Netflix",neutral,704.260009765625,706.7999877929688,708.8099975585938,700.0,2256400
2024-10-03,Famke Janssen On Her Career And New ‘Amsterdam Empire’ Netflix Series,neutral,704.260009765625,706.7999877929688,708.8099975585938,700.0,2256400
2024-10-03,Netflix casts Adam Driver in tense new hostage drama from Adolescence creator,negative,704.260009765625,706.7999877929688,708.8099975585938,700.0,2256400
2024-10-03,Netflix drops Stranger Things 5 trailer as fans all share same heartbreaking concern,negative,704.260009765625,706.7999877929688,708.8099975585938,700.0,2256400
2024-10-03,Netflix top 10 TV shows revealed as new hit dominates charts,positive,704.260009765625,706.7999877929688,708.8099975585938,700.0,2256400
2024-10-03,Netflix unveils Adolescence star's new hostage thriller with Adam Driver,positive,704.260009765625,706.7999877929688,708.8099975585938,700.0,2256400
2024-10-03,Adam Driver returns to TV in Netflix series with high-stakes hostage situation,neutral,704.260009765625,706.7999877929688,708.8099975585938,700.0,2256400
2024-10-03,"November 2025 Anime Streaming Highlights: Crunchyroll, Netflix, Hulu, and More",neutral,704.260009765625,706.7999877929688,708.8099975585938,700.0,2256400
2024-10-03,Stranger Things Season 5 Trailer: Netflix Takes Us Back To Upside Down Where Shadows Crawl And Memories Linger,neutral,704.260009765625,706.7999877929688,708.8099975585938,700.0,2256400
2024-10-04,"Netflix Drops the Epic, Nearly 3-Minute Long Trailer for ""Stranger Things"" Season 5",neutral,713.3200073242188,719.7000122070312,721.010009765625,708.8200073242188,2229000
2024-10-04,"Video: ""Stranger Things 5"" - Official Trailer - Netflix",neutral,713.3200073242188,719.7000122070312,721.010009765625,708.8200073242188,2229000
2024-10-04,Famke Janssen On Her Career And New ‘Amsterdam Empire’ Netflix Series,neutral,713.3200073242188,719.7000122070312,721.010009765625,708.8200073242188,2229000
2024-10-04,Netflix casts Adam Driver in tense new hostage drama from Adolescence creator,negative,713.3200073242188,719.7000122070312,721.010009765625,708.8200073242188,2229000
2024-10-04,Netflix drops Stranger Things 5 trailer as fans all share same heartbreaking concern,negative,713.3200073242188,719.7000122070312,721.010009765625,708.8200073242188,2229000
2024-10-04,Netflix top 10 TV shows revealed as new hit dominates charts,positive,713.3200073242188,719.7000122070312,721.010009765625,708.8200073242188,2229000
2024-10-04,Netflix unveils Adolescence star's new hostage thriller with Adam Driver,positive,713.3200073242188,719.7000122070312,721.010009765625,708.8200073242188,2229000
2024-10-04,Adam Driver returns to TV in Netflix series with high-stakes hostage situation,neutral,713.3200073242188,719.7000122070312,721.010009765625,708.8200073242188,2229000
2024-10-04,"November 2025 Anime Streaming Highlights: Crunchyroll, Netflix, Hulu, and More",neutral,713.3200073242188,719.7000122070312,721.010009765625,708.8200073242188,2229000
2024-10-04,Stranger Things Season 5 Trailer: Netflix Takes Us Back To Upside Down Where Shadows Crawl And Memories Linger,neutral,713.3200073242188,719.7000122070312,721.010009765625,708.8200073242188,2229000
2024-10-07,"Netflix Drops the Epic, Nearly 3-Minute Long Trailer for ""Stranger Things"" Season 5",neutral,714.760009765625,701.9199829101562,715.8800048828125,696.4299926757812,3360500
2024-10-07,"Video: ""Stranger Things 5"" - Official Trailer - Netflix",neutral,714.760009765625,701.9199829101562,715.8800048828125,696.4299926757812,3360500
2024-10-07,Famke Janssen On Her Career And New ‘Amsterdam Empire’ Netflix Series,neutral,714.760009765625,701.9199829101562,715.8800048828125,696.4299926757812,3360500
2024-10-07,Netflix casts Adam Driver in tense new hostage drama from Adolescence creator,negative,714.760009765625,701.9199829101562,715.8800048828125,696.4299926757812,3360500
2024-10-07,Netflix drops Stranger Things 5 trailer as fans all share same heartbreaking concern,negative,714.760009765625,701.9199829101562,715.8800048828125,696.4299926757812,3360500
2024-10-07,Netflix top 10 TV shows revealed as new hit dominates charts,positive,714.760009765625,701.9199829101562,715.8800048828125,696.4299926757812,3360500
2024-10-07,Netflix unveils Adolescence star's new hostage thriller with Adam Driver,positive,714.760009765625,701.9199829101562,715.8800048828125,696.4299926757812,3360500
2024-10-07,Adam Driver returns to TV in Netflix series with high-stakes hostage situation,neutral,714.760009765625,701.9199829101562,715.8800048828125,696.4299926757812,3360500
2024-10-07,"November 2025 Anime Streaming Highlights: Crunchyroll, Netflix, Hulu, and More",neutral,714.760009765625,701.9199829101562,715.8800048828125,696.4299926757812,3360500
2024-10-07,Stranger Things Season 5 Trailer: Netflix Takes Us Back To Upside Down Where Shadows Crawl And Memories Linger,neutral,714.760009765625,701.9199829101562,715.8800048828125,696.4299926757812,3360500
2024-10-08,"Netflix Drops the Epic, Nearly 3-Minute Long Trailer for ""Stranger Things"" Season 5",neutral,703.8800048828125,721.760009765625,725.0599975585938,703.5499877929688,3187400
2024-10-08,"Video: ""Stranger Things 5"" - Official Trailer - Netflix",neutral,703.8800048828125,721.760009765625,725.0599975585938,703.5499877929688,3187400
2024-10-08,Famke Janssen On Her Career And New ‘Amsterdam Empire’ Netflix Series,neutral,703.8800048828125,721.760009765625,725.0599975585938,703.5499877929688,3187400
2024-10-08,Netflix casts Adam Driver in tense new hostage drama from Adolescence creator,negative,703.8800048828125,721.760009765625,725.0599975585938,703.5499877929688,3187400
2024-10-08,Netflix drops Stranger Things 5 trailer as fans all share same heartbreaking concern,negative,703.8800048828125,721.760009765625,725.0599975585938,703.5499877929688,3187400
2024-10-08,Netflix top 10 TV shows revealed as new hit dominates charts,positive,703.8800048828125,721.760009765625,725.0599975585938,703.5499877929688,3187400
2024-10-08,Netflix unveils Adolescence star's new hostage thriller with Adam Driver,positive,703.8800048828125,721.760009765625,725.0599975585938,703.5499877929688,3187400
2024-10-08,Adam Driver returns to TV in Netflix series with high-stakes hostage situation,neutral,703.8800048828125,721.760009765625,725.0599975585938,703.5499877929688,3187400
2024-10-08,"November 2025 Anime Streaming Highlights: Crunchyroll, Netflix, Hulu, and More",neutral,703.8800048828125,721.760009765625,725.0599975585938,703.5499877929688,3187400
2024-10-08,Stranger Things Season 5 Trailer: Netflix Takes Us Back To Upside Down Where Shadows Crawl And Memories Linger,neutral,703.8800048828125,721.760009765625,725.0599975585938,703.5499877929688,3187400
2024-10-09,"Netflix Drops the Epic, Nearly 3-Minute Long Trailer for ""Stranger Things"" Season 5",neutral,719.25,727.4299926757812,728.5900268554688,718.8699951171875,1981100
2024-10-09,"Video: ""Stranger Things 5"" - Official Trailer - Netflix",neutral,719.25,727.4299926757812,728.5900268554688,718.8699951171875,1981100
2024-10-09,Famke Janssen On Her Career And New ‘Amsterdam Empire’ Netflix Series,neutral,719.25,727.4299926757812,728.5900268554688,718.8699951171875,1981100
2024-10-09,Netflix casts Adam Driver in tense new hostage drama from Adolescence creator,negative,719.25,727.4299926757812,728.5900268554688,718.8699951171875,1981100
2024-10-09,Netflix drops Stranger Things 5 trailer as fans all share same heartbreaking concern,negative,719.25,727.4299926757812,728.5900268554688,718.8699951171875,1981100
2024-10-09,Netflix top 10 TV shows revealed as new hit dominates charts,positive,719.25,727.4299926757812,728.5900268554688,718.8699951171875,1981100
2024-10-09,Netflix unveils Adolescence star's new hostage thriller with Adam Driver,positive,719.25,727.4299926757812,728.5900268554688,718.8699951171875,1981100
2024-10-09,Adam Driver returns to TV in Netflix series with high-stakes hostage situation,neutral,719.25,727.4299926757812,728.5900268554688,718.8699951171875,1981100
2024-10-09,"November 2025 Anime Streaming Highlights: Crunchyroll, Netflix, Hulu, and More",neutral,719.25,727.4299926757812,728.5900268554688,718.8699951171875,1981100
2024-10-09,Stranger Things Season 5 Trailer: Netflix Takes Us Back To Upside Down Where Shadows Crawl And Memories Linger,neutral,719.25,727.4299926757812,728.5900268554688,718.8699951171875,1981100
2024-10-10,"Netflix Drops the Epic, Nearly 3-Minute Long Trailer for ""Stranger Things"" Season 5",neutral,723.2899780273438,730.2899780273438,733.8499755859375,722.5,2767900
2024-10-10,"Video: ""Stranger Things 5"" - Official Trailer - Netflix",neutral,723.2899780273438,730.2899780273438,733.8499755859375,722.5,2767900
2024-10-10,Famke Janssen On Her Career And New ‘Amsterdam Empire’ Netflix Series,neutral,723.2899780273438,730.2899780273438,733.8499755859375,722.5,2767900
2024-10-10,Netflix casts Adam Driver in tense new hostage drama from Adolescence creator,negative,723.2899780273438,730.2899780273438,733.8499755859375,722.5,2767900
2024-10-10,Netflix drops Stranger Things 5 trailer as fans all share same heartbreaking concern,negative,723.2899780273438,730.2899780273438,733.8499755859375,722.5,2767900
2024-10-10,Netflix top 10 TV shows revealed as new hit dominates charts,positive,723.2899780273438,730.2899780273438,733.8499755859375,722.5,2767900
2024-10-10,Netflix unveils Adolescence star's new hostage thriller with Adam Driver,positive,723.2899780273438,730.2899780273438,733.8499755859375,722.5,2767900
2024-10-10,Adam Driver returns to TV in Netflix series with high-stakes hostage situation,neutral,723.2899780273438,730.2899780273438,733.8499755859375,722.5,2767900
2024-10-10,"November 2025 Anime Streaming Highlights: Crunchyroll, Netflix, Hulu, and More",neutral,723.2899780273438,730.2899780273438,733.8499755859375,722.5,2767900
2024-10-10,Stranger Things Season 5 Trailer: Netflix Takes Us Back To Upside Down Where Shadows Crawl And Memories Linger,neutral,723.2899780273438,730.2899780273438,733.8499755859375,722.5,2767900
2024-10-11,"Netflix Drops the Epic, Nearly 3-Minute Long Trailer for ""Stranger Things"" Season 5",neutral,734.9000244140625,722.7899780273438,736.0,721.219970703125,2299500
2024-10-11,"Video: ""Stranger Things 5"" - Official Trailer - Netflix",neutral,734.9000244140625,722.7899780273438,736.0,721.219970703125,2299500
2024-10-11,Famke Janssen On Her Career And New ‘Amsterdam Empire’ Netflix Series,neutral,734.9000244140625,722.7899780273438,736.0,721.219970703125,2299500
2024-10-11,Netflix casts Adam Driver in tense new hostage drama from Adolescence creator,negative,734.9000244140625,722.7899780273438,736.0,721.219970703125,2299500
2024-10-11,Netflix drops Stranger Things 5 trailer as fans all share same heartbreaking concern,negative,734.9000244140625,722.7899780273438,736.0,721.219970703125,2299500
2024-10-11,Netflix top 10 TV shows revealed as new hit dominates charts,positive,734.9000244140625,722.7899780273438,736.0,721.219970703125,2299500
2024-10-11,Netflix unveils Adolescence star's new hostage thriller with Adam Driver,positive,734.9000244140625,722.7899780273438,736.0,721.219970703125,2299500
2024-10-11,Adam Driver returns to TV in Netflix series with high-stakes hostage situation,neutral,734.9000244140625,722.7899780273438,736.0,721.219970703125,2299500
2024-10-11,"November 2025 Anime Streaming Highlights: Crunchyroll, Netflix, Hulu, and More",neutral,734.9000244140625,722.7899780273438,736.0,721.219970703125,2299500
2024-10-11,Stranger Things Season 5 Trailer: Netflix Takes Us Back To Upside Down Where Shadows Crawl And Memories Linger,neutral,734.9000244140625,722.7899780273438,736.0,721.219970703125,2299500
2024-10-14,"Netflix Drops the Epic, Nearly 3-Minute Long Trailer for ""Stranger Things"" Season 5",neutral,725.0,713.0,726.6199951171875,711.3099975585938,2797100
2024-10-14,"Video: ""Stranger Things 5"" - Official Trailer - Netflix",neutral,725.0,713.0,726.6199951171875,711.3099975585938,2797100
2024-10-14,Famke Janssen On Her Career And New ‘Amsterdam Empire’ Netflix Series,neutral,725.0,713.0,726.6199951171875,711.3099975585938,2797100
2024-10-14,Netflix drops Stranger Things 5 trailer as fans all share same heartbreaking concern,negative,725.0,713.0,726.6199951171875,711.3099975585938,2797100
2024-10-14,Netflix casts Adam Driver in tense new hostage drama from Adolescence creator,negative,725.0,713.0,726.6199951171875,711.3099975585938,2797100
2024-10-14,Netflix top 10 TV shows revealed as new hit dominates charts,positive,725.0,713.0,726.6199951171875,711.3099975585938,2797100
2024-10-14,Netflix unveils Adolescence star's new hostage thriller with Adam Driver,positive,725.0,713.0,726.6199951171875,711.3099975585938,2797100
2024-10-14,Adam Driver returns to TV in Netflix series with high-stakes hostage situation,neutral,725.0,713.0,726.6199951171875,711.3099975585938,2797100
2024-10-14,"November 2025 Anime Streaming Highlights: Crunchyroll, Netflix, Hulu, and More",neutral,725.0,713.0,726.6199951171875,711.3099975585938,2797100
2024-10-14,Stranger Things Season 5 Trailer: Netflix Takes Us Back To Upside Down Where Shadows Crawl And Memories Linger,neutral,725.0,713.0,726.6199951171875,711.3099975585938,2797100
2024-10-15,"Netflix Drops the Epic, Nearly 3-Minute Long Trailer for ""Stranger Things"" Season 5",neutral,712.510009765625,705.97998046875,713.4000244140625,699.780029296875,2932800
2024-10-15,"Video: ""Stranger Things 5"" - Official Trailer - Netflix",neutral,712.510009765625,705.97998046875,713.4000244140625,699.780029296875,2932800
2024-10-15,Famke Janssen On Her Career And New ‘Amsterdam Empire’ Netflix Series,neutral,712.510009765625,705.97998046875,713.4000244140625,699.780029296875,2932800
2024-10-15,Netflix casts Adam Driver in tense new hostage drama from Adolescence creator,negative,712.510009765625,705.97998046875,713.4000244140625,699.780029296875,2932800
2024-10-15,Netflix drops Stranger Things 5 trailer as fans all share same heartbreaking concern,negative,712.510009765625,705.97998046875,713.4000244140625,699.780029296875,2932800
2024-10-15,Netflix top 10 TV shows revealed as new hit dominates charts,positive,712.510009765625,705.97998046875,713.4000244140625,699.780029296875,2932800
2024-10-15,Netflix unveils Adolescence star's new hostage thriller with Adam Driver,positive,712.510009765625,705.97998046875,713.4000244140625,699.780029296875,2932800
2024-10-15,Adam Driver returns to TV in Netflix series with high-stakes hostage situation,neutral,712.510009765625,705.97998046875,713.4000244140625,699.780029296875,2932800
2024-10-15,"November 2025 Anime Streaming Highlights: Crunchyroll, Netflix, Hulu, and More",neutral,712.510009765625,705.97998046875,713.4000244140625,699.780029296875,2932800
2024-10-15,Stranger Things Season 5 Trailer: Netflix Takes Us Back To Upside Down Where Shadows Crawl And Memories Linger,neutral,712.510009765625,705.97998046875,713.4000244140625,699.780029296875,2932800
2024-10-16,"Netflix Drops the Epic, Nearly 3-Minute Long Trailer for ""Stranger Things"" Season 5",neutral,703.4299926757812,702.0,705.5900268554688,697.8200073242188,2494300
2024-10-16,"Video: ""Stranger Things 5"" - Official Trailer - Netflix",neutral,703.4299926757812,702.0,705.5900268554688,697.8200073242188,2494300
2024-10-16,Famke Janssen On Her Career And New ‘Amsterdam Empire’ Netflix Series,neutral,703.4299926757812,702.0,705.5900268554688,697.8200073242188,2494300
2024-10-16,Netflix casts Adam Driver in tense new hostage drama from Adolescence creator,negative,703.4299926757812,702.0,705.5900268554688,697.8200073242188,2494300
2024-10-16,Netflix drops Stranger Things 5 trailer as fans all share same heartbreaking concern,negative,703.4299926757812,702.0,705.5900268554688,697.8200073242188,2494300
2024-10-16,Netflix top 10 TV shows revealed as new hit dominates charts,positive,703.4299926757812,702.0,705.5900268554688,697.8200073242188,2494300
2024-10-16,Netflix unveils Adolescence star's new hostage thriller with Adam Driver,positive,703.4299926757812,702.0,705.5900268554688,697.8200073242188,2494300
2024-10-16,Adam Driver returns to TV in Netflix series with high-stakes hostage situation,neutral,703.4299926757812,702.0,705.5900268554688,697.8200073242188,2494300
2024-10-16,"November 2025 Anime Streaming Highlights: Crunchyroll, Netflix, Hulu, and More",neutral,703.4299926757812,702.0,705.5900268554688,697.8200073242188,2494300
2024-10-16,Stranger Things Season 5 Trailer: Netflix Takes Us Back To Upside Down Where Shadows Crawl And Memories Linger,neutral,703.4299926757812,702.0,705.5900268554688,697.8200073242188,2494300
2024-10-18,"Netflix Drops the Epic, Nearly 3-Minute Long Trailer for ""Stranger Things"" Season 5",neutral,737.6400146484375,763.8900146484375,766.280029296875,736.22998046875,15974100
2024-10-18,"Video: ""Stranger Things 5"" - Official Trailer - Netflix",neutral,737.6400146484375,763.8900146484375,766.280029296875,736.22998046875,15974100
2024-10-18,Famke Janssen On Her Career And New ‘Amsterdam Empire’ Netflix Series,neutral,737.6400146484375,763.8900146484375,766.280029296875,736.22998046875,15974100
2024-10-18,Netflix casts Adam Driver in tense new hostage drama from Adolescence creator,negative,737.6400146484375,763.8900146484375,766.280029296875,736.22998046875,15974100
2024-10-18,Netflix drops Stranger Things 5 trailer as fans all share same heartbreaking concern,negative,737.6400146484375,763.8900146484375,766.280029296875,736.22998046875,15974100
2024-10-18,Netflix top 10 TV shows revealed as new hit dominates charts,positive,737.6400146484375,763.8900146484375,766.280029296875,736.22998046875,15974100
2024-10-18,Netflix unveils Adolescence star's new hostage thriller with Adam Driver,positive,737.6400146484375,763.8900146484375,766.280029296875,736.22998046875,15974100
2024-10-18,Adam Driver returns to TV in Netflix series with high-stakes hostage situation,neutral,737.6400146484375,763.8900146484375,766.280029296875,736.22998046875,15974100
2024-10-18,"November 2025 Anime Streaming Highlights: Crunchyroll, Netflix, Hulu, and More",neutral,737.6400146484375,763.8900146484375,766.280029296875,736.22998046875,15974100
2024-10-18,Stranger Things Season 5 Trailer: Netflix Takes Us Back To Upside Down Where Shadows Crawl And Memories Linger,neutral,737.6400146484375,763.8900146484375,766.280029296875,736.22998046875,15974100
2024-10-21,"Netflix Drops the Epic, Nearly 3-Minute Long Trailer for ""Stranger Things"" Season 5",neutral,765.760009765625,772.0700073242188,773.0,756.5999755859375,6057100
2024-10-21,"Video: ""Stranger Things 5"" - Official Trailer - Netflix",neutral,765.760009765625,772.0700073242188,773.0,756.5999755859375,6057100
2024-10-21,Famke Janssen On Her Career And New ‘Amsterdam Empire’ Netflix Series,neutral,765.760009765625,772.0700073242188,773.0,756.5999755859375,6057100
2024-10-21,Netflix casts Adam Driver in tense new hostage drama from Adolescence creator,negative,765.760009765625,772.0700073242188,773.0,756.5999755859375,6057100
2024-10-21,Netflix drops Stranger Things 5 trailer as fans all share same heartbreaking concern,negative,765.760009765625,772.0700073242188,773.0,756.5999755859375,6057100
2024-10-21,Netflix top 10 TV shows revealed as new hit dominates charts,positive,765.760009765625,772.0700073242188,773.0,756.5999755859375,6057100
2024-10-21,Netflix unveils Adolescence star's new hostage thriller with Adam Driver,positive,765.760009765625,772.0700073242188,773.0,756.5999755859375,6057100
2024-10-21,Adam Driver returns to TV in Netflix series with high-stakes hostage situation,neutral,765.760009765625,772.0700073242188,773.0,756.5999755859375,6057100
2024-10-21,"November 2025 Anime Streaming Highlights: Crunchyroll, Netflix, Hulu, and More",neutral,765.760009765625,772.0700073242188,773.0,756.5999755859375,6057100
2024-10-21,Stranger Things Season 5 Trailer: Netflix Takes Us Back To Upside Down Where Shadows Crawl And Memories Linger,neutral,765.760009765625,772.0700073242188,773.0,756.5999755859375,6057100
2024-10-22,"Netflix Drops the Epic, Nearly 3-Minute Long Trailer for ""Stranger Things"" Season 5",neutral,765.27001953125,764.239990234375,769.7000122070312,761.1199951171875,2987300
2024-10-22,"Video: ""Stranger Things 5"" - Official Trailer - Netflix",neutral,765.27001953125,764.239990234375,769.7000122070312,761.1199951171875,2987300
2024-10-22,Famke Janssen On Her Career And New ‘Amsterdam Empire’ Netflix Series,neutral,765.27001953125,764.239990234375,769.7000122070312,761.1199951171875,2987300
2024-10-22,Netflix casts Adam Driver in tense new hostage drama from Adolescence creator,negative,765.27001953125,764.239990234375,769.7000122070312,761.1199951171875,2987300
2024-10-22,Netflix drops Stranger Things 5 trailer as fans all share same heartbreaking concern,negative,765.27001953125,764.239990234375,769.7000122070312,761.1199951171875,2987300
2024-10-22,Netflix top 10 TV shows revealed as new hit dominates charts,positive,765.27001953125,764.239990234375,769.7000122070312,761.1199951171875,2987300
2024-10-22,Netflix unveils Adolescence star's new hostage thriller with Adam Driver,positive,765.27001953125,764.239990234375,769.7000122070312,761.1199951171875,2987300
2024-10-22,Adam Driver returns to TV in Netflix series with high-stakes hostage situation,neutral,765.27001953125,764.239990234375,769.7000122070312,761.1199951171875,2987300
2024-10-22,"November 2025 Anime Streaming Highlights: Crunchyroll, Netflix, Hulu, and More",neutral,765.27001953125,764.239990234375,769.7000122070312,761.1199951171875,2987300
2024-10-22,Stranger Things Season 5 Trailer: Netflix Takes Us Back To Upside Down Where Shadows Crawl And Memories Linger,neutral,765.27001953125,764.239990234375,769.7000122070312,761.1199951171875,2987300
2024-10-23,"Netflix Drops the Epic, Nearly 3-Minute Long Trailer for ""Stranger Things"" Season 5",neutral,762.8300170898438,749.2899780273438,763.7899780273438,744.260009765625,3749000
2024-10-23,"Video: ""Stranger Things 5"" - Official Trailer - Netflix",neutral,762.8300170898438,749.2899780273438,763.7899780273438,744.260009765625,3749000
2024-10-23,Famke Janssen On Her Career And New ‘Amsterdam Empire’ Netflix Series,neutral,762.8300170898438,749.2899780273438,763.7899780273438,744.260009765625,3749000
2024-10-23,Netflix drops Stranger Things 5 trailer as fans all share same heartbreaking concern,negative,762.8300170898438,749.2899780273438,763.7899780273438,744.260009765625,3749000
2024-10-23,Netflix casts Adam Driver in tense new hostage drama from Adolescence creator,negative,762.8300170898438,749.2899780273438,763.7899780273438,744.260009765625,3749000
2024-10-23,Netflix top 10 TV shows revealed as new hit dominates charts,positive,762.8300170898438,749.2899780273438,763.7899780273438,744.260009765625,3749000
2024-10-23,Netflix unveils Adolescence star's new hostage thriller with Adam Driver,positive,762.8300170898438,749.2899780273438,763.7899780273438,744.260009765625,3749000
2024-10-23,Adam Driver returns to TV in Netflix series with high-stakes hostage situation,neutral,762.8300170898438,749.2899780273438,763.7899780273438,744.260009765625,3749000
2024-10-23,"November 2025 Anime Streaming Highlights: Crunchyroll, Netflix, Hulu, and More",neutral,762.8300170898438,749.2899780273438,763.7899780273438,744.260009765625,3749000
2024-10-23,Stranger Things Season 5 Trailer: Netflix Takes Us Back To Upside Down Where Shadows Crawl And Memories Linger,neutral,762.8300170898438,749.2899780273438,763.7899780273438,744.260009765625,3749000
2024-10-24,"Netflix Drops the Epic, Nearly 3-Minute Long Trailer for ""Stranger Things"" Season 5",neutral,751.969970703125,754.5499877929688,755.8200073242188,746.25,2643000
2024-10-24,Former Netflix UK head of original film Teresa Moneo joins ‘Ballad Of A Small Player’ producer Good Chaos,positive,751.969970703125,754.5499877929688,755.8200073242188,746.25,2643000
2024-10-24,"Video: ""Stranger Things 5"" - Official Trailer - Netflix",neutral,751.969970703125,754.5499877929688,755.8200073242188,746.25,2643000
2024-10-24,Famke Janssen On Her Career And New ‘Amsterdam Empire’ Netflix Series,neutral,751.969970703125,754.5499877929688,755.8200073242188,746.25,2643000
2024-10-24,Netflix casts Adam Driver in tense new hostage drama from Adolescence creator,negative,751.969970703125,754.5499877929688,755.8200073242188,746.25,2643000
2024-10-24,Netflix drops Stranger Things 5 trailer as fans all share same heartbreaking concern,negative,751.969970703125,754.5499877929688,755.8200073242188,746.25,2643000
2024-10-24,Netflix top 10 TV shows revealed as new hit dominates charts,positive,751.969970703125,754.5499877929688,755.8200073242188,746.25,2643000
2024-10-24,Netflix unveils Adolescence star's new hostage thriller with Adam Driver,positive,751.969970703125,754.5499877929688,755.8200073242188,746.25,2643000
2024-10-24,"I couldn’t believe the huge cameo in The Witcher season 4 episode 6, and it’s one of the creators' ‘favorite moments’",positive,751.969970703125,754.5499877929688,755.8200073242188,746.25,2643000
2024-10-24,Adam Driver returns to TV in Netflix series with high-stakes hostage situation,neutral,751.969970703125,754.5499877929688,755.8200073242188,746.25,2643000
2024-10-25,"Netflix Drops the Epic, Nearly 3-Minute Long Trailer for ""Stranger Things"" Season 5",neutral,756.1699829101562,754.6799926757812,768.5,753.530029296875,2819500
2024-10-25,"Video: ""Stranger Things 5"" - Official Trailer - Netflix",neutral,756.1699829101562,754.6799926757812,768.5,753.530029296875,2819500
2024-10-25,Famke Janssen On Her Career And New ‘Amsterdam Empire’ Netflix Series,neutral,756.1699829101562,754.6799926757812,768.5,753.530029296875,2819500
2024-10-25,Netflix casts Adam Driver in tense new hostage drama from Adolescence creator,negative,756.1699829101562,754.6799926757812,768.5,753.530029296875,2819500
2024-10-25,Netflix drops Stranger Things 5 trailer as fans all share same heartbreaking concern,negative,756.1699829101562,754.6799926757812,768.5,753.530029296875,2819500
2024-10-25,Netflix top 10 TV shows revealed as new hit dominates charts,positive,756.1699829101562,754.6799926757812,768.5,753.530029296875,2819500
2024-10-25,Netflix unveils Adolescence star's new hostage thriller with Adam Driver,positive,756.1699829101562,754.6799926757812,768.5,753.530029296875,2819500
2024-10-25,Adam Driver returns to TV in Netflix series with high-stakes hostage situation,neutral,756.1699829101562,754.6799926757812,768.5,753.530029296875,2819500
2024-10-25,"November 2025 Anime Streaming Highlights: Crunchyroll, Netflix, Hulu, and More",neutral,756.1699829101562,754.6799926757812,768.5,753.530029296875,2819500
2024-10-25,Stranger Things Season 5 Trailer: Netflix Takes Us Back To Upside Down Where Shadows Crawl And Memories Linger,neutral,756.1699829101562,754.6799926757812,768.5,753.530029296875,2819500
2024-10-28,"Netflix Drops the Epic, Nearly 3-Minute Long Trailer for ""Stranger Things"" Season 5",neutral,758.6799926757812,749.1199951171875,758.6799926757812,747.8800048828125,2862400
2024-10-28,"Video: ""Stranger Things 5"" - Official Trailer - Netflix",neutral,758.6799926757812,749.1199951171875,758.6799926757812,747.8800048828125,2862400
2024-10-28,Famke Janssen On Her Career And New ‘Amsterdam Empire’ Netflix Series,neutral,758.6799926757812,749.1199951171875,758.6799926757812,747.8800048828125,2862400
2024-10-28,Netflix casts Adam Driver in tense new hostage drama from Adolescence creator,negative,758.6799926757812,749.1199951171875,758.6799926757812,747.8800048828125,2862400
2024-10-28,Netflix drops Stranger Things 5 trailer as fans all share same heartbreaking concern,negative,758.6799926757812,749.1199951171875,758.6799926757812,747.8800048828125,2862400
2024-10-28,Netflix top 10 TV shows revealed as new hit dominates charts,positive,758.6799926757812,749.1199951171875,758.6799926757812,747.8800048828125,2862400
2024-10-28,Netflix unveils Adolescence star's new hostage thriller with Adam Driver,positive,758.6799926757812,749.1199951171875,758.6799926757812,747.8800048828125,2862400
2024-10-28,Adam Driver returns to TV in Netflix series with high-stakes hostage situation,neutral,758.6799926757812,749.1199951171875,758.6799926757812,747.8800048828125,2862400
2024-10-28,"November 2025 Anime Streaming Highlights: Crunchyroll, Netflix, Hulu, and More",neutral,758.6799926757812,749.1199951171875,758.6799926757812,747.8800048828125,2862400
2024-10-28,Stranger Things Season 5 Trailer: Netflix Takes Us Back To Upside Down Where Shadows Crawl And Memories Linger,neutral,758.6799926757812,749.1199951171875,758.6799926757812,747.8800048828125,2862400
2024-10-29,"Netflix Drops the Epic, Nearly 3-Minute Long Trailer for ""Stranger Things"" Season 5",neutral,751.1300048828125,759.4400024414062,763.8800048828125,748.010009765625,3660400
2024-10-29,"Video: ""Stranger Things 5"" - Official Trailer - Netflix",neutral,751.1300048828125,759.4400024414062,763.8800048828125,748.010009765625,3660400
2024-10-29,Famke Janssen On Her Career And New ‘Amsterdam Empire’ Netflix Series,neutral,751.1300048828125,759.4400024414062,763.8800048828125,748.010009765625,3660400
2024-10-29,Netflix casts Adam Driver in tense new hostage drama from Adolescence creator,negative,751.1300048828125,759.4400024414062,763.8800048828125,748.010009765625,3660400
2024-10-29,Netflix drops Stranger Things 5 trailer as fans all share same heartbreaking concern,negative,751.1300048828125,759.4400024414062,763.8800048828125,748.010009765625,3660400
2024-10-29,Netflix top 10 TV shows revealed as new hit dominates charts,positive,751.1300048828125,759.4400024414062,763.8800048828125,748.010009765625,3660400
2024-10-29,Netflix unveils Adolescence star's new hostage thriller with Adam Driver,positive,751.1300048828125,759.4400024414062,763.8800048828125,748.010009765625,3660400
2024-10-29,Adam Driver returns to TV in Netflix series with high-stakes hostage situation,neutral,751.1300048828125,759.4400024414062,763.8800048828125,748.010009765625,3660400
2024-10-29,"November 2025 Anime Streaming Highlights: Crunchyroll, Netflix, Hulu, and More",neutral,751.1300048828125,759.4400024414062,763.8800048828125,748.010009765625,3660400
2024-10-29,Stranger Things Season 5 Trailer: Netflix Takes Us Back To Upside Down Where Shadows Crawl And Memories Linger,neutral,751.1300048828125,759.4400024414062,763.8800048828125,748.010009765625,3660400
2024-10-30,"Netflix Drops the Epic, Nearly 3-Minute Long Trailer for ""Stranger Things"" Season 5",neutral,758.0800170898438,753.739990234375,759.7899780273438,752.280029296875,1722000
2024-10-30,Former Netflix UK head of original film Teresa Moneo joins ‘Ballad Of A Small Player’ producer Good Chaos,positive,758.0800170898438,753.739990234375,759.7899780273438,752.280029296875,1722000
2024-10-30,"Video: ""Stranger Things 5"" - Official Trailer - Netflix",neutral,758.0800170898438,753.739990234375,759.7899780273438,752.280029296875,1722000
2024-10-30,Famke Janssen On Her Career And New ‘Amsterdam Empire’ Netflix Series,neutral,758.0800170898438,753.739990234375,759.7899780273438,752.280029296875,1722000
2024-10-30,Netflix casts Adam Driver in tense new hostage drama from Adolescence creator,negative,758.0800170898438,753.739990234375,759.7899780273438,752.280029296875,1722000
2024-10-30,Netflix drops Stranger Things 5 trailer as fans all share same heartbreaking concern,negative,758.0800170898438,753.739990234375,759.7899780273438,752.280029296875,1722000
2024-10-30,Netflix top 10 TV shows revealed as new hit dominates charts,positive,758.0800170898438,753.739990234375,759.7899780273438,752.280029296875,1722000
2024-10-30,Netflix unveils Adolescence star's new hostage thriller with Adam Driver,positive,758.0800170898438,753.739990234375,759.7899780273438,752.280029296875,1722000
2024-10-30,"I couldn’t believe the huge cameo in The Witcher season 4 episode 6, and it’s one of the creators' ‘favorite moments’",positive,758.0800170898438,753.739990234375,759.7899780273438,752.280029296875,1722000
2024-10-30,Adam Driver returns to TV in Netflix series with high-stakes hostage situation,neutral,758.0800170898438,753.739990234375,759.7899780273438,752.280029296875,1722000
2024-10-31,"Netflix Drops the Epic, Nearly 3-Minute Long Trailer for ""Stranger Things"" Season 5",neutral,753.9299926757812,756.030029296875,760.7899780273438,752.22998046875,3057700
2024-10-31,Former Netflix UK head of original film Teresa Moneo joins ‘Ballad Of A Small Player’ producer Good Chaos,positive,753.9299926757812,756.030029296875,760.7899780273438,752.22998046875,3057700
2024-10-31,"Video: ""Stranger Things 5"" - Official Trailer - Netflix",neutral,753.9299926757812,756.030029296875,760.7899780273438,752.22998046875,3057700
2024-10-31,Famke Janssen On Her Career And New ‘Amsterdam Empire’ Netflix Series,neutral,753.9299926757812,756.030029296875,760.7899780273438,752.22998046875,3057700
2024-10-31,Netflix casts Adam Driver in tense new hostage drama from Adolescence creator,negative,753.9299926757812,756.030029296875,760.7899780273438,752.22998046875,3057700
2024-10-31,Netflix drops Stranger Things 5 trailer as fans all share same heartbreaking concern,negative,753.9299926757812,756.030029296875,760.7899780273438,752.22998046875,3057700
2024-10-31,Netflix top 10 TV shows revealed as new hit dominates charts,positive,753.9299926757812,756.030029296875,760.7899780273438,752.22998046875,3057700
2024-10-31,Netflix unveils Adolescence star's new hostage thriller with Adam Driver,positive,753.9299926757812,756.030029296875,760.7899780273438,752.22998046875,3057700
2024-10-31,"I couldn’t believe the huge cameo in The Witcher season 4 episode 6, and it’s one of the creators' ‘favorite moments’",positive,753.9299926757812,756.030029296875,760.7899780273438,752.22998046875,3057700
2024-10-31,Adam Driver returns to TV in Netflix series with high-stakes hostage situation,neutral,753.9299926757812,756.030029296875,760.7899780273438,752.22998046875,3057700
2024-11-01,"Netflix Drops the Epic, Nearly 3-Minute Long Trailer for ""Stranger Things"" Season 5",neutral,753.47998046875,756.0999755859375,763.7999877929688,747.77001953125,2996800
2024-11-01,Former Netflix UK head of original film Teresa Moneo joins ‘Ballad Of A Small Player’ producer Good Chaos,positive,753.47998046875,756.0999755859375,763.7999877929688,747.77001953125,2996800
2024-11-01,"Video: ""Stranger Things 5"" - Official Trailer - Netflix",neutral,753.47998046875,756.0999755859375,763.7999877929688,747.77001953125,2996800
2024-11-01,Famke Janssen On Her Career And New ‘Amsterdam Empire’ Netflix Series,neutral,753.47998046875,756.0999755859375,763.7999877929688,747.77001953125,2996800
2024-11-01,Netflix casts Adam Driver in tense new hostage drama from Adolescence creator,negative,753.47998046875,756.0999755859375,763.7999877929688,747.77001953125,2996800
2024-11-01,Netflix drops Stranger Things 5 trailer as fans all share same heartbreaking concern,negative,753.47998046875,756.0999755859375,763.7999877929688,747.77001953125,2996800
2024-11-01,Netflix top 10 TV shows revealed as new hit dominates charts,positive,753.47998046875,756.0999755859375,763.7999877929688,747.77001953125,2996800
2024-11-01,Netflix unveils Adolescence star's new hostage thriller with Adam Driver,positive,753.47998046875,756.0999755859375,763.7999877929688,747.77001953125,2996800
2024-11-01,"I couldn’t believe the huge cameo in The Witcher season 4 episode 6, and it’s one of the creators' ‘favorite moments’",positive,753.47998046875,756.0999755859375,763.7999877929688,747.77001953125,2996800
2024-11-01,Adam Driver returns to TV in Netflix series with high-stakes hostage situation,neutral,753.47998046875,756.0999755859375,763.7999877929688,747.77001953125,2996800
2024-11-04,"Netflix Drops the Epic, Nearly 3-Minute Long Trailer for ""Stranger Things"" Season 5",neutral,753.1400146484375,755.510009765625,762.47998046875,749.6900024414062,1902200
2024-11-04,Former Netflix UK head of original film Teresa Moneo joins ‘Ballad Of A Small Player’ producer Good Chaos,positive,753.1400146484375,755.510009765625,762.47998046875,749.6900024414062,1902200
2024-11-04,"Video: ""Stranger Things 5"" - Official Trailer - Netflix",neutral,753.1400146484375,755.510009765625,762.47998046875,749.6900024414062,1902200
2024-11-04,Famke Janssen On Her Career And New ‘Amsterdam Empire’ Netflix Series,neutral,753.1400146484375,755.510009765625,762.47998046875,749.6900024414062,1902200
2024-11-04,Netflix casts Adam Driver in tense new hostage drama from Adolescence creator,negative,753.1400146484375,755.510009765625,762.47998046875,749.6900024414062,1902200
2024-11-04,Netflix drops Stranger Things 5 trailer as fans all share same heartbreaking concern,negative,753.1400146484375,755.510009765625,762.47998046875,749.6900024414062,1902200
2024-11-04,Netflix top 10 TV shows revealed as new hit dominates charts,positive,753.1400146484375,755.510009765625,762.47998046875,749.6900024414062,1902200
2024-11-04,Netflix unveils Adolescence star's new hostage thriller with Adam Driver,positive,753.1400146484375,755.510009765625,762.47998046875,749.6900024414062,1902200
2024-11-04,"I couldn’t believe the huge cameo in The Witcher season 4 episode 6, and it’s one of the creators' ‘favorite moments’",positive,753.1400146484375,755.510009765625,762.47998046875,749.6900024414062,1902200
2024-11-04,Adam Driver returns to TV in Netflix series with high-stakes hostage situation,neutral,753.1400146484375,755.510009765625,762.47998046875,749.6900024414062,1902200
2024-11-05,"Netflix Drops the Epic, Nearly 3-Minute Long Trailer for ""Stranger Things"" Season 5",neutral,757.3499755859375,763.9099731445312,767.530029296875,756.27001953125,2200600
2024-11-05,Former Netflix UK head of original film Teresa Moneo joins ‘Ballad Of A Small Player’ producer Good Chaos,positive,757.3499755859375,763.9099731445312,767.530029296875,756.27001953125,2200600
2024-11-05,"Video: ""Stranger Things 5"" - Official Trailer - Netflix",neutral,757.3499755859375,763.9099731445312,767.530029296875,756.27001953125,2200600
2024-11-05,Famke Janssen On Her Career And New ‘Amsterdam Empire’ Netflix Series,neutral,757.3499755859375,763.9099731445312,767.530029296875,756.27001953125,2200600
2024-11-05,Netflix casts Adam Driver in tense new hostage drama from Adolescence creator,negative,757.3499755859375,763.9099731445312,767.530029296875,756.27001953125,2200600
2024-11-05,Netflix drops Stranger Things 5 trailer as fans all share same heartbreaking concern,negative,757.3499755859375,763.9099731445312,767.530029296875,756.27001953125,2200600
2024-11-05,Netflix top 10 TV shows revealed as new hit dominates charts,positive,757.3499755859375,763.9099731445312,767.530029296875,756.27001953125,2200600
2024-11-05,Netflix unveils Adolescence star's new hostage thriller with Adam Driver,positive,757.3499755859375,763.9099731445312,767.530029296875,756.27001953125,2200600
2024-11-05,Adam Driver returns to TV in Netflix series with high-stakes hostage situation,neutral,757.3499755859375,763.9099731445312,767.530029296875,756.27001953125,2200600
2024-11-05,"I couldn’t believe the huge cameo in The Witcher season 4 episode 6, and it’s one of the creators' ‘favorite moments’",positive,757.3499755859375,763.9099731445312,767.530029296875,756.27001953125,2200600
2024-11-06,"Netflix Drops the Epic, Nearly 3-Minute Long Trailer for ""Stranger Things"" Season 5",neutral,771.5,780.2100219726562,781.489990234375,757.3800048828125,3690800
2024-11-06,Former Netflix UK head of original film Teresa Moneo joins ‘Ballad Of A Small Player’ producer Good Chaos,positive,771.5,780.2100219726562,781.489990234375,757.3800048828125,3690800
2024-11-06,"Video: ""Stranger Things 5"" - Official Trailer - Netflix",neutral,771.5,780.2100219726562,781.489990234375,757.3800048828125,3690800
2024-11-06,Famke Janssen On Her Career And New ‘Amsterdam Empire’ Netflix Series,neutral,771.5,780.2100219726562,781.489990234375,757.3800048828125,3690800
2024-11-06,Netflix casts Adam Driver in tense new hostage drama from Adolescence creator,negative,771.5,780.2100219726562,781.489990234375,757.3800048828125,3690800
2024-11-06,Netflix drops Stranger Things 5 trailer as fans all share same heartbreaking concern,negative,771.5,780.2100219726562,781.489990234375,757.3800048828125,3690800
2024-11-06,Netflix top 10 TV shows revealed as new hit dominates charts,positive,771.5,780.2100219726562,781.489990234375,757.3800048828125,3690800
2024-11-06,Netflix unveils Adolescence star's new hostage thriller with Adam Driver,positive,771.5,780.2100219726562,781.489990234375,757.3800048828125,3690800
2024-11-06,"I couldn’t believe the huge cameo in The Witcher season 4 episode 6, and it’s one of the creators' ‘favorite moments’",positive,771.5,780.2100219726562,781.489990234375,757.3800048828125,3690800
2024-11-06,Adam Driver returns to TV in Netflix series with high-stakes hostage situation,neutral,771.5,780.2100219726562,781.489990234375,757.3800048828125,3690800
2024-11-07,"Netflix Drops the Epic, Nearly 3-Minute Long Trailer for ""Stranger Things"" Season 5",neutral,781.3699951171875,796.5399780273438,798.219970703125,779.9400024414062,3295100
2024-11-07,Former Netflix UK head of original film Teresa Moneo joins ‘Ballad Of A Small Player’ producer Good Chaos,positive,781.3699951171875,796.5399780273438,798.219970703125,779.9400024414062,3295100
2024-11-07,"Video: ""Stranger Things 5"" - Official Trailer - Netflix",neutral,781.3699951171875,796.5399780273438,798.219970703125,779.9400024414062,3295100
2024-11-07,Famke Janssen On Her Career And New ‘Amsterdam Empire’ Netflix Series,neutral,781.3699951171875,796.5399780273438,798.219970703125,779.9400024414062,3295100
2024-11-07,Netflix casts Adam Driver in tense new hostage drama from Adolescence creator,negative,781.3699951171875,796.5399780273438,798.219970703125,779.9400024414062,3295100
2024-11-07,Netflix drops Stranger Things 5 trailer as fans all share same heartbreaking concern,negative,781.3699951171875,796.5399780273438,798.219970703125,779.9400024414062,3295100
2024-11-07,Netflix top 10 TV shows revealed as new hit dominates charts,positive,781.3699951171875,796.5399780273438,798.219970703125,779.9400024414062,3295100
2024-11-07,Netflix unveils Adolescence star's new hostage thriller with Adam Driver,positive,781.3699951171875,796.5399780273438,798.219970703125,779.9400024414062,3295100
2024-11-07,Adam Driver returns to TV in Netflix series with high-stakes hostage situation,neutral,781.3699951171875,796.5399780273438,798.219970703125,779.9400024414062,3295100
2024-11-07,"I couldn’t believe the huge cameo in The Witcher season 4 episode 6, and it’s one of the creators' ‘favorite moments’",positive,781.3699951171875,796.5399780273438,798.219970703125,779.9400024414062,3295100
2024-11-08,"Netflix Drops the Epic, Nearly 3-Minute Long Trailer for ""Stranger Things"" Season 5",neutral,797.3599853515625,795.0399780273438,799.0599975585938,788.6500244140625,1910600
2024-11-08,Former Netflix UK head of original film Teresa Moneo joins ‘Ballad Of A Small Player’ producer Good Chaos,positive,797.3599853515625,795.0399780273438,799.0599975585938,788.6500244140625,1910600
2024-11-08,"Video: ""Stranger Things 5"" - Official Trailer - Netflix",neutral,797.3599853515625,795.0399780273438,799.0599975585938,788.6500244140625,1910600
2024-11-08,Famke Janssen On Her Career And New ‘Amsterdam Empire’ Netflix Series,neutral,797.3599853515625,795.0399780273438,799.0599975585938,788.6500244140625,1910600
2024-11-08,Netflix casts Adam Driver in tense new hostage drama from Adolescence creator,negative,797.3599853515625,795.0399780273438,799.0599975585938,788.6500244140625,1910600
2024-11-08,Netflix drops Stranger Things 5 trailer as fans all share same heartbreaking concern,negative,797.3599853515625,795.0399780273438,799.0599975585938,788.6500244140625,1910600
2024-11-08,Netflix top 10 TV shows revealed as new hit dominates charts,positive,797.3599853515625,795.0399780273438,799.0599975585938,788.6500244140625,1910600
2024-11-08,Netflix unveils Adolescence star's new hostage thriller with Adam Driver,positive,797.3599853515625,795.0399780273438,799.0599975585938,788.6500244140625,1910600
2024-11-08,"I couldn’t believe the huge cameo in The Witcher season 4 episode 6, and it’s one of the creators' ‘favorite moments’",positive,797.3599853515625,795.0399780273438,799.0599975585938,788.6500244140625,1910600
2024-11-08,Adam Driver returns to TV in Netflix series with high-stakes hostage situation,neutral,797.3599853515625,795.0399780273438,799.0599975585938,788.6500244140625,1910600
2024-11-11,"Netflix Drops the Epic, Nearly 3-Minute Long Trailer for ""Stranger Things"" Season 5",neutral,795.9000244140625,805.4400024414062,806.8200073242188,795.5700073242188,2399200
2024-11-11,Former Netflix UK head of original film Teresa Moneo joins ‘Ballad Of A Small Player’ producer Good Chaos,positive,795.9000244140625,805.4400024414062,806.8200073242188,795.5700073242188,2399200
2024-11-11,"Video: ""Stranger Things 5"" - Official Trailer - Netflix",neutral,795.9000244140625,805.4400024414062,806.8200073242188,795.5700073242188,2399200
2024-11-11,Famke Janssen On Her Career And New ‘Amsterdam Empire’ Netflix Series,neutral,795.9000244140625,805.4400024414062,806.8200073242188,795.5700073242188,2399200
2024-11-11,Netflix casts Adam Driver in tense new hostage drama from Adolescence creator,negative,795.9000244140625,805.4400024414062,806.8200073242188,795.5700073242188,2399200
2024-11-11,Netflix drops Stranger Things 5 trailer as fans all share same heartbreaking concern,negative,795.9000244140625,805.4400024414062,806.8200073242188,795.5700073242188,2399200
2024-11-11,Netflix top 10 TV shows revealed as new hit dominates charts,positive,795.9000244140625,805.4400024414062,806.8200073242188,795.5700073242188,2399200
2024-11-11,Netflix unveils Adolescence star's new hostage thriller with Adam Driver,positive,795.9000244140625,805.4400024414062,806.8200073242188,795.5700073242188,2399200
2024-11-11,Adam Driver returns to TV in Netflix series with high-stakes hostage situation,neutral,795.9000244140625,805.4400024414062,806.8200073242188,795.5700073242188,2399200
2024-11-11,"I couldn’t believe the huge cameo in The Witcher season 4 episode 6, and it’s one of the creators' ‘favorite moments’",positive,795.9000244140625,805.4400024414062,806.8200073242188,795.5700073242188,2399200
2024-11-12,"Netflix Drops the Epic, Nearly 3-Minute Long Trailer for ""Stranger Things"" Season 5",neutral,807.5,819.5,820.3699951171875,803.75,2814100
2024-11-12,Former Netflix UK head of original film Teresa Moneo joins ‘Ballad Of A Small Player’ producer Good Chaos,positive,807.5,819.5,820.3699951171875,803.75,2814100
2024-11-12,"Video: ""Stranger Things 5"" - Official Trailer - Netflix",neutral,807.5,819.5,820.3699951171875,803.75,2814100
2024-11-12,Famke Janssen On Her Career And New ‘Amsterdam Empire’ Netflix Series,neutral,807.5,819.5,820.3699951171875,803.75,2814100
2024-11-12,Netflix casts Adam Driver in tense new hostage drama from Adolescence creator,negative,807.5,819.5,820.3699951171875,803.75,2814100
2024-11-12,Netflix drops Stranger Things 5 trailer as fans all share same heartbreaking concern,negative,807.5,819.5,820.3699951171875,803.75,2814100
2024-11-12,Netflix top 10 TV shows revealed as new hit dominates charts,positive,807.5,819.5,820.3699951171875,803.75,2814100
2024-11-12,Netflix unveils Adolescence star's new hostage thriller with Adam Driver,positive,807.5,819.5,820.3699951171875,803.75,2814100
2024-11-12,"I couldn’t believe the huge cameo in The Witcher season 4 episode 6, and it’s one of the creators' ‘favorite moments’",positive,807.5,819.5,820.3699951171875,803.75,2814100
2024-11-12,Adam Driver returns to TV in Netflix series with high-stakes hostage situation,neutral,807.5,819.5,820.3699951171875,803.75,2814100
2024-11-13,"Netflix Drops the Epic, Nearly 3-Minute Long Trailer for ""Stranger Things"" Season 5",neutral,822.6199951171875,830.469970703125,836.989990234375,820.5399780273438,2767800
2024-11-13,Former Netflix UK head of original film Teresa Moneo joins ‘Ballad Of A Small Player’ producer Good Chaos,positive,822.6199951171875,830.469970703125,836.989990234375,820.5399780273438,2767800
2024-11-13,"Video: ""Stranger Things 5"" - Official Trailer - Netflix",neutral,822.6199951171875,830.469970703125,836.989990234375,820.5399780273438,2767800
2024-11-13,Famke Janssen On Her Career And New ‘Amsterdam Empire’ Netflix Series,neutral,822.6199951171875,830.469970703125,836.989990234375,820.5399780273438,2767800
2024-11-13,Netflix casts Adam Driver in tense new hostage drama from Adolescence creator,negative,822.6199951171875,830.469970703125,836.989990234375,820.5399780273438,2767800
2024-11-13,Netflix drops Stranger Things 5 trailer as fans all share same heartbreaking concern,negative,822.6199951171875,830.469970703125,836.989990234375,820.5399780273438,2767800
2024-11-13,Netflix top 10 TV shows revealed as new hit dominates charts,positive,822.6199951171875,830.469970703125,836.989990234375,820.5399780273438,2767800
2024-11-13,Netflix unveils Adolescence star's new hostage thriller with Adam Driver,positive,822.6199951171875,830.469970703125,836.989990234375,820.5399780273438,2767800
2024-11-13,"I couldn’t believe the huge cameo in The Witcher season 4 episode 6, and it’s one of the creators' ‘favorite moments’",positive,822.6199951171875,830.469970703125,836.989990234375,820.5399780273438,2767800
2024-11-13,Adam Driver returns to TV in Netflix series with high-stakes hostage situation,neutral,822.6199951171875,830.469970703125,836.989990234375,820.5399780273438,2767800
2024-11-14,"Netflix Drops the Epic, Nearly 3-Minute Long Trailer for ""Stranger Things"" Season 5",neutral,833.6699829101562,837.260009765625,841.0,830.02001953125,3038200
2024-11-14,Former Netflix UK head of original film Teresa Moneo joins ‘Ballad Of A Small Player’ producer Good Chaos,positive,833.6699829101562,837.260009765625,841.0,830.02001953125,3038200
2024-11-14,"Video: ""Stranger Things 5"" - Official Trailer - Netflix",neutral,833.6699829101562,837.260009765625,841.0,830.02001953125,3038200
2024-11-14,Famke Janssen On Her Career And New ‘Amsterdam Empire’ Netflix Series,neutral,833.6699829101562,837.260009765625,841.0,830.02001953125,3038200
2024-11-14,Netflix casts Adam Driver in tense new hostage drama from Adolescence creator,negative,833.6699829101562,837.260009765625,841.0,830.02001953125,3038200
2024-11-14,Netflix drops Stranger Things 5 trailer as fans all share same heartbreaking concern,negative,833.6699829101562,837.260009765625,841.0,830.02001953125,3038200
2024-11-14,Netflix top 10 TV shows revealed as new hit dominates charts,positive,833.6699829101562,837.260009765625,841.0,830.02001953125,3038200
2024-11-14,Netflix unveils Adolescence star's new hostage thriller with Adam Driver,positive,833.6699829101562,837.260009765625,841.0,830.02001953125,3038200
2024-11-14,"I couldn’t believe the huge cameo in The Witcher season 4 episode 6, and it’s one of the creators' ‘favorite moments’",positive,833.6699829101562,837.260009765625,841.0,830.02001953125,3038200
2024-11-14,Adam Driver returns to TV in Netflix series with high-stakes hostage situation,neutral,833.6699829101562,837.260009765625,841.0,830.02001953125,3038200
2024-11-15,"Netflix Drops the Epic, Nearly 3-Minute Long Trailer for ""Stranger Things"" Season 5",neutral,832.0399780273438,823.9600219726562,832.0399780273438,816.489990234375,3673700
2024-11-15,Former Netflix UK head of original film Teresa Moneo joins ‘Ballad Of A Small Player’ producer Good Chaos,positive,832.0399780273438,823.9600219726562,832.0399780273438,816.489990234375,3673700
2024-11-15,"Video: ""Stranger Things 5"" - Official Trailer - Netflix",neutral,832.0399780273438,823.9600219726562,832.0399780273438,816.489990234375,3673700
2024-11-15,Famke Janssen On Her Career And New ‘Amsterdam Empire’ Netflix Series,neutral,832.0399780273438,823.9600219726562,832.0399780273438,816.489990234375,3673700
2024-11-15,Netflix casts Adam Driver in tense new hostage drama from Adolescence creator,negative,832.0399780273438,823.9600219726562,832.0399780273438,816.489990234375,3673700
2024-11-15,Netflix drops Stranger Things 5 trailer as fans all share same heartbreaking concern,negative,832.0399780273438,823.9600219726562,832.0399780273438,816.489990234375,3673700
2024-11-15,Netflix top 10 TV shows revealed as new hit dominates charts,positive,832.0399780273438,823.9600219726562,832.0399780273438,816.489990234375,3673700
2024-11-15,Netflix unveils Adolescence star's new hostage thriller with Adam Driver,positive,832.0399780273438,823.9600219726562,832.0399780273438,816.489990234375,3673700
2024-11-15,"I couldn’t believe the huge cameo in The Witcher season 4 episode 6, and it’s one of the creators' ‘favorite moments’",positive,832.0399780273438,823.9600219726562,832.0399780273438,816.489990234375,3673700
2024-11-15,Adam Driver returns to TV in Netflix series with high-stakes hostage situation,neutral,832.0399780273438,823.9600219726562,832.0399780273438,816.489990234375,3673700
2024-11-18,"Netflix Drops the Epic, Nearly 3-Minute Long Trailer for ""Stranger Things"" Season 5",neutral,815.5,847.0499877929688,848.4500122070312,809.3300170898438,4081200
2024-11-18,Former Netflix UK head of original film Teresa Moneo joins ‘Ballad Of A Small Player’ producer Good Chaos,positive,815.5,847.0499877929688,848.4500122070312,809.3300170898438,4081200
2024-11-18,"Video: ""Stranger Things 5"" - Official Trailer - Netflix",neutral,815.5,847.0499877929688,848.4500122070312,809.3300170898438,4081200
2024-11-18,Famke Janssen On Her Career And New ‘Amsterdam Empire’ Netflix Series,neutral,815.5,847.0499877929688,848.4500122070312,809.3300170898438,4081200
2024-11-18,Netflix casts Adam Driver in tense new hostage drama from Adolescence creator,negative,815.5,847.0499877929688,848.4500122070312,809.3300170898438,4081200
2024-11-18,Netflix drops Stranger Things 5 trailer as fans all share same heartbreaking concern,negative,815.5,847.0499877929688,848.4500122070312,809.3300170898438,4081200
2024-11-18,Netflix top 10 TV shows revealed as new hit dominates charts,positive,815.5,847.0499877929688,848.4500122070312,809.3300170898438,4081200
2024-11-18,Netflix unveils Adolescence star's new hostage thriller with Adam Driver,positive,815.5,847.0499877929688,848.4500122070312,809.3300170898438,4081200
2024-11-18,"I couldn’t believe the huge cameo in The Witcher season 4 episode 6, and it’s one of the creators' ‘favorite moments’",positive,815.5,847.0499877929688,848.4500122070312,809.3300170898438,4081200
2024-11-18,Adam Driver returns to TV in Netflix series with high-stakes hostage situation,neutral,815.5,847.0499877929688,848.4500122070312,809.3300170898438,4081200
2024-11-19,"Netflix Drops the Epic, Nearly 3-Minute Long Trailer for ""Stranger Things"" Season 5",neutral,839.75,871.3200073242188,874.489990234375,839.1599731445312,3814200
2024-11-19,Former Netflix UK head of original film Teresa Moneo joins ‘Ballad Of A Small Player’ producer Good Chaos,positive,839.75,871.3200073242188,874.489990234375,839.1599731445312,3814200
2024-11-19,"Video: ""Stranger Things 5"" - Official Trailer - Netflix",neutral,839.75,871.3200073242188,874.489990234375,839.1599731445312,3814200
2024-11-19,Famke Janssen On Her Career And New ‘Amsterdam Empire’ Netflix Series,neutral,839.75,871.3200073242188,874.489990234375,839.1599731445312,3814200
2024-11-19,Netflix casts Adam Driver in tense new hostage drama from Adolescence creator,negative,839.75,871.3200073242188,874.489990234375,839.1599731445312,3814200
2024-11-19,Netflix drops Stranger Things 5 trailer as fans all share same heartbreaking concern,negative,839.75,871.3200073242188,874.489990234375,839.1599731445312,3814200
2024-11-19,Netflix top 10 TV shows revealed as new hit dominates charts,positive,839.75,871.3200073242188,874.489990234375,839.1599731445312,3814200
2024-11-19,Netflix unveils Adolescence star's new hostage thriller with Adam Driver,positive,839.75,871.3200073242188,874.489990234375,839.1599731445312,3814200
2024-11-19,Adam Driver returns to TV in Netflix series with high-stakes hostage situation,neutral,839.75,871.3200073242188,874.489990234375,839.1599731445312,3814200
2024-11-19,"I couldn’t believe the huge cameo in The Witcher season 4 episode 6, and it’s one of the creators' ‘favorite moments’",positive,839.75,871.3200073242188,874.489990234375,839.1599731445312,3814200
2024-11-20,"Netflix Drops the Epic, Nearly 3-Minute Long Trailer for ""Stranger Things"" Season 5",neutral,879.97998046875,883.8499755859375,890.5999755859375,868.4000244140625,4093800
2024-11-20,Former Netflix UK head of original film Teresa Moneo joins ‘Ballad Of A Small Player’ producer Good Chaos,positive,879.97998046875,883.8499755859375,890.5999755859375,868.4000244140625,4093800
2024-11-20,"Video: ""Stranger Things 5"" - Official Trailer - Netflix",neutral,879.97998046875,883.8499755859375,890.5999755859375,868.4000244140625,4093800
2024-11-20,Famke Janssen On Her Career And New ‘Amsterdam Empire’ Netflix Series,neutral,879.97998046875,883.8499755859375,890.5999755859375,868.4000244140625,4093800
2024-11-20,Netflix casts Adam Driver in tense new hostage drama from Adolescence creator,negative,879.97998046875,883.8499755859375,890.5999755859375,868.4000244140625,4093800
2024-11-20,Netflix drops Stranger Things 5 trailer as fans all share same heartbreaking concern,negative,879.97998046875,883.8499755859375,890.5999755859375,868.4000244140625,4093800
2024-11-20,Netflix top 10 TV shows revealed as new hit dominates charts,positive,879.97998046875,883.8499755859375,890.5999755859375,868.4000244140625,4093800
2024-11-20,Netflix unveils Adolescence star's new hostage thriller with Adam Driver,positive,879.97998046875,883.8499755859375,890.5999755859375,868.4000244140625,4093800
2024-11-20,"I couldn’t believe the huge cameo in The Witcher season 4 episode 6, and it’s one of the creators' ‘favorite moments’",positive,879.97998046875,883.8499755859375,890.5999755859375,868.4000244140625,4093800
2024-11-20,Adam Driver returns to TV in Netflix series with high-stakes hostage situation,neutral,879.97998046875,883.8499755859375,890.5999755859375,868.4000244140625,4093800
