customer_id,Movie Name,watch_duration_percent,liked,rating,watch_date,rewatch_count,completion_status,device,time_of_day,skipped_scenes,buffering_time_sec,review_text
C0001,Hellraiser Hellseeker,31,0,6.3,2025-01-16,1,Dropped,Mobile,Afternoon,10,0.0,Average experience.
C0001,500 Days of Summer,80,1,,2025-05-09,1,Dropped,Smart TV,Afternoon,1,18.86,
C0001,Precious,68,0,,2025-06-12,3,Partial,Mobile,Afternoon,7,10.41,
C0001,48 Hrs.,85,1,,2025-01-04,2,Partial,Smart TV,Evening,2,0.0,Could be better.
C0001,"Ides of March, The",53,0,9.7,2025-04-20,2,Dropped,Tablet,Afternoon,8,17.99,
C0001,"Last Samurai, The",37,0,7.9,2025-07-21,2,Partial,Laptop,Night,6,0.71,
C0001,Mad Max 2 The Road Warrior,48,0,7.8,2025-05-15,3,Partial,Tablet,Evening,2,17.53,Too slow.
C0001,Cinema Paradiso,53,0,7.4,2025-01-21,1,Partial,Smart TV,Morning,3,14.88,Amazing cinematography!
C0001,Henry Fool,94,1,9.1,2024-11-04,3,Completed,Mobile,Morning,2,18.89,Not my type.
C0001,Milk,87,1,4.3,2025-05-29,1,Dropped,Tablet,Afternoon,1,11.39,
C0002,"Ladykillers, The",43,0,6.9,2025-02-22,1,Partial,Laptop,Morning,0,4.19,
C0002,"Sessions, The",31,0,6.6,2025-07-18,3,Partial,Mobile,Night,7,0.75,Amazing cinematography!
C0002,Leaving Las Vegas,87,1,8.1,2025-05-23,1,Dropped,Laptop,Evening,1,0.0,Could be better.
C0002,Bad Dreams,25,0,5.7,2025-08-29,4,Partial,Smart TV,Night,10,6.85,
C0002,Eternal Sunshine of the Spotless Mind,41,0,,2024-11-23,3,Dropped,Laptop,Afternoon,3,2.62,
C0002,Chaos,66,0,8.8,2025-01-29,3,Partial,Mobile,Morning,9,13.24,
C0002,Apt Pupil,34,0,6.3,2025-06-27,4,Partial,Mobile,Night,2,0.0,
C0002,John Wick Chapter 4,73,1,,2024-11-29,2,Dropped,Tablet,Night,1,12.35,Too slow.
C0002,"Fault in Our Stars, The",97,1,5.6,2024-12-15,4,Completed,Laptop,Afternoon,1,5.91,Would watch again!
C0003,Little Athens,50,0,8.0,2025-08-14,0,Partial,Smart TV,Afternoon,1,1.5,
C0003,"Girl with the Dragon Tattoo, The",78,1,,2025-07-22,2,Partial,Smart TV,Night,0,0.0,Loved it!
C0003,"Mechanic, The",60,0,4.7,2025-10-25,0,Dropped,Smart TV,Afternoon,10,6.57,
C0003,Blitz,67,0,,2025-06-26,1,Dropped,Tablet,Night,6,5.44,Would watch again!
C0003,Die Hard,34,0,8.4,2025-07-30,1,Dropped,Smart TV,Night,9,11.38,Average experience.
C0003,All the President's Men,36,0,6.9,2025-06-22,3,Partial,Smart TV,Morning,1,0.0,Not my type.
C0003,Swordfish,86,1,7.7,2025-05-21,3,Dropped,Mobile,Night,1,12.83,Loved it!
C0003,Dead Poets Society,84,1,,2025-07-27,3,Dropped,Tablet,Morning,1,6.62,Not my type.
C0003,Oppenheimer,50,0,6.7,2025-07-28,4,Partial,Mobile,Morning,7,2.37,Loved it!
C0003,Orgy of the Dead,72,1,7.3,2024-12-28,0,Partial,Laptop,Afternoon,10,19.01,Loved it!
C0003,Roughshod,62,0,7.7,2025-03-07,3,Partial,Mobile,Night,1,0.0,
C0003,Machete,65,0,,2025-04-04,2,Partial,Tablet,Morning,0,9.85,
C0003,Breakdown,52,0,5.1,2025-10-01,3,Dropped,Tablet,Night,3,2.16,Too slow.
C0003,Rust and Bone,95,1,,2024-10-28,1,Completed,Tablet,Night,0,0.97,
C0003,"Sting, The",42,0,5.0,2025-01-18,1,Dropped,Tablet,Night,10,17.65,
C0003,Pirates of the Caribbean,97,1,,2024-10-31,1,Completed,Laptop,Evening,1,19.41,Great acting!
C0003,"Persian Version, The",97,1,8.5,2025-07-02,2,Completed,Smart TV,Evening,2,11.07,Not my type.
C0003,Malcolm X,36,0,,2024-12-06,1,Partial,Tablet,Morning,5,11.66,
C0003,Three Men and a Baby,56,0,,2025-01-02,3,Dropped,Laptop,Morning,0,1.06,Could be better.
C0003,Into the Wild,52,0,4.4,2024-12-07,2,Dropped,Laptop,Morning,5,2.05,
C0004,Gran Torino,85,1,8.8,2025-01-09,2,Dropped,Mobile,Night,1,15.76,
C0004,A Few Good Men,52,0,9.2,2025-02-23,3,Dropped,Laptop,Evening,9,12.07,
C0004,"Italian Job, The",77,1,8.1,2025-08-19,1,Dropped,Laptop,Morning,6,0.0,Could be better.
C0004,Coriolanus,94,1,,2025-10-01,0,Completed,Mobile,Evening,1,3.1,Amazing cinematography!
C0004,John Wick Chapter 4,82,1,7.3,2024-12-23,0,Partial,Mobile,Afternoon,0,15.73,Average experience.
C0004,"Man Who Knew Too Much, The",48,0,,2025-09-20,2,Partial,Tablet,Evening,4,0.0,
C0004,Wag the Dog,21,0,6.1,2025-06-12,1,Dropped,Mobile,Morning,10,7.63,
C0004,Nashville,52,0,5.7,2025-04-02,4,Partial,Laptop,Night,7,0.0,
C0004,Law Abiding Citizen,85,1,4.6,2025-03-09,4,Dropped,Tablet,Morning,0,15.47,
C0004,"Bourne Ultimatum, The",46,0,8.2,2025-02-11,3,Dropped,Laptop,Afternoon,0,6.63,Loved it!
C0004,Harold and Kumar Go to White Castle,91,1,8.9,2025-07-13,2,Completed,Mobile,Night,1,8.09,Average experience.
C0004,Thunderbirds,20,0,7.7,2025-07-29,4,Dropped,Smart TV,Morning,5,2.12,
C0004,Black Snake Moan,56,0,6.6,2025-07-22,3,Dropped,Laptop,Night,2,2.73,Could be better.
C0004,Jennifer's Body,67,0,,2025-06-30,0,Dropped,Mobile,Morning,0,0.0,
C0004,Jurassic Park The Lost World,46,0,9.4,2024-12-27,2,Dropped,Laptop,Night,10,2.85,Could be better.
C0004,Burning Annie,43,0,7.4,2025-10-19,0,Partial,Smart TV,Morning,4,5.01,Would watch again!
C0004,"Matrix, The",36,0,5.4,2025-07-13,2,Dropped,Laptop,Afternoon,5,6.57,
C0005,"Ladykillers, The",74,1,5.9,2024-11-18,1,Partial,Tablet,Evening,5,0.0,
C0005,Scarface,77,1,5.8,2024-12-23,4,Dropped,Laptop,Afternoon,10,16.84,
C0005,TMNT,45,0,9.3,2025-06-03,0,Dropped,Laptop,Morning,8,16.25,
C0005,American Psycho,90,1,9.4,2024-12-16,4,Completed,Laptop,Night,2,7.32,Could be better.
C0005,Scream 2,84,1,6.4,2025-10-23,4,Dropped,Laptop,Afternoon,2,15.14,Great acting!
C0005,War of the Worlds,92,1,9.8,2024-11-12,3,Completed,Smart TV,Evening,0,0.0,Too slow.
C0005,Mimic,49,0,5.2,2025-02-03,2,Partial,Mobile,Night,7,0.8,
C0005,Take Shelter,55,0,,2025-01-08,2,Dropped,Mobile,Night,10,11.75,
C0005,Suspect Zero,52,0,9.4,2025-04-17,4,Partial,Laptop,Evening,5,9.64,
C0005,Rear Window,41,0,7.1,2025-09-02,2,Dropped,Mobile,Afternoon,2,0.0,
C0005,Ghost,73,1,,2025-01-08,0,Partial,Mobile,Night,7,0.0,Average experience.
C0005,"Grudge, The",25,0,7.6,2025-07-27,1,Dropped,Tablet,Afternoon,0,0.0,
C0005,Wall Street Money Never Sleeps,22,0,,2024-11-01,2,Dropped,Tablet,Afternoon,7,9.43,Not my type.
C0005,"Crazy, Stupid, Love",94,1,,2025-04-08,1,Completed,Laptop,Evening,0,6.85,Too slow.
C0005,Mrs. Brown,69,0,4.1,2025-03-07,4,Partial,Mobile,Afternoon,9,0.0,Loved it!
C0005,Blitz,81,1,9.4,2024-10-28,4,Dropped,Tablet,Night,2,17.5,
C0006,Silver Linings Playbook,68,0,8.8,2024-12-05,4,Dropped,Mobile,Night,2,0.0,
C0006,Inglourious Basterds,96,1,,2025-04-27,3,Completed,Mobile,Evening,0,0.0,
C0006,Wild Things,86,1,4.0,2025-04-05,1,Partial,Smart TV,Night,1,0.0,Could be better.
C0006,Timber Falls,74,1,7.7,2025-07-24,3,Dropped,Smart TV,Night,8,9.65,Would watch again!
C0006,"Kids Are All Right, The",93,1,8.2,2025-07-23,1,Completed,Laptop,Morning,2,0.0,
C0006,Bodyguard,47,0,8.7,2025-10-12,4,Dropped,Tablet,Afternoon,6,0.11,Great acting!
C0006,"Queen, The",31,0,5.3,2025-09-17,0,Dropped,Mobile,Night,6,10.42,
C0006,"Dry White Season, A",83,1,5.2,2025-03-17,4,Partial,Laptop,Afternoon,0,10.21,
C0006,American Outlaws,66,0,4.0,2025-05-31,1,Dropped,Mobile,Evening,6,7.9,
C0006,Barton Fink,31,0,8.4,2025-06-05,4,Partial,Tablet,Evening,4,0.0,
C0006,Origin,93,1,5.1,2025-06-15,4,Completed,Smart TV,Morning,2,0.0,Too slow.
C0006,Tinker Tailor Soldier Spy,93,1,6.7,2025-02-07,3,Completed,Mobile,Night,0,19.22,Would watch again!
C0007,Case 39,53,0,7.8,2025-01-17,1,Dropped,Laptop,Evening,6,10.33,Could be better.
C0007,"Hospital, The",31,0,8.5,2025-06-26,2,Dropped,Laptop,Afternoon,7,4.37,
C0007,Evil Dead II Dead by Dawn,83,1,5.4,2025-03-19,1,Partial,Laptop,Afternoon,0,0.0,Amazing cinematography!
C0007,Break,35,0,,2025-03-10,3,Dropped,Smart TV,Morning,7,6.31,
C0007,So I Married an Axe Murderer,43,0,,2025-01-20,4,Partial,Tablet,Night,3,2.56,
C0007,Shrek the Third,89,1,6.1,2025-08-05,1,Partial,Tablet,Morning,2,6.31,Not my type.
C0007,"Wizard of Oz, The",32,0,7.7,2025-02-07,2,Dropped,Smart TV,Evening,3,0.0,
C0007,Midnight Cowboy,43,0,5.3,2025-07-06,2,Partial,Laptop,Night,4,11.43,
C0007,Bookworm,54,0,,2025-08-22,4,Partial,Laptop,Night,3,0.0,
C0007,"Sex, Lies and Videotape",21,0,,2025-06-17,4,Partial,Mobile,Night,4,0.0,
C0007,Oblivion,32,0,4.4,2025-10-11,2,Partial,Smart TV,Morning,7,5.2,Could be better.
C0007,After School Special,72,1,9.2,2025-10-03,4,Dropped,Mobile,Afternoon,4,13.46,Would watch again!
C0007,Music of the Heart,98,1,7.8,2025-04-04,1,Completed,Tablet,Afternoon,2,6.75,
C0007,"Battle of Algiers, The",30,0,5.4,2025-05-17,2,Partial,Tablet,Evening,9,5.42,Amazing cinematography!
C0007,Pet Sematary,41,0,4.1,2025-05-22,1,Partial,Tablet,Morning,3,0.0,Too slow.
C0007,True Grit,26,0,6.4,2024-11-04,0,Dropped,Tablet,Evening,9,0.0,
C0007,Killing Zoe,49,0,5.7,2025-10-13,1,Dropped,Tablet,Afternoon,0,0.0,Amazing cinematography!
C0007,"Searchers, The",89,1,,2025-10-08,4,Partial,Smart TV,Afternoon,2,11.82,Average experience.
C0007,"Cell, The",81,1,,2025-07-01,3,Partial,Laptop,Evening,1,0.0,Loved it!
C0007,Maestro,56,0,4.0,2025-07-13,3,Partial,Mobile,Evening,0,15.96,
C0008,Even Cowgirls Get the Blues,72,1,,2025-07-27,3,Partial,Laptop,Afternoon,2,12.92,
C0008,Highlander Endgame,30,0,5.4,2025-07-26,4,Partial,Laptop,Evening,10,16.18,Too slow.
C0008,"Color Purple, The",57,0,6.7,2025-01-24,3,Partial,Mobile,Night,3,3.04,
C0008,Entrapment,33,0,4.8,2025-01-29,3,Dropped,Tablet,Afternoon,1,0.0,Amazing cinematography!
C0008,Klute,83,1,,2025-07-02,3,Dropped,Mobile,Evening,0,19.03,Average experience.
C0008,Toy Story,80,1,9.4,2025-06-03,2,Partial,Laptop,Morning,0,14.29,Would watch again!
C0008,American Graffiti,45,0,8.6,2025-07-06,4,Dropped,Mobile,Night,6,6.24,Loved it!
C0008,Heat,81,1,5.2,2025-10-14,0,Dropped,Mobile,Morning,0,6.49,Could be better.
C0008,No Hard Feelings,51,0,4.3,2025-03-21,3,Dropped,Mobile,Evening,1,0.0,Amazing cinematography!
C0008,"Avventura, L' (The Adventure)",65,0,8.2,2025-03-19,0,Dropped,Smart TV,Night,3,11.17,
C0008,"Reader, The",44,0,6.3,2025-04-06,1,Partial,Tablet,Morning,7,11.18,
C0008,Evil Dead,92,1,6.1,2025-06-18,3,Completed,Tablet,Evening,2,11.09,Great acting!
C0008,Jacob's Ladder,53,0,6.7,2025-07-31,4,Partial,Smart TV,Afternoon,0,7.28,
C0008,Bad Boys,88,1,,2025-09-07,1,Partial,Mobile,Afternoon,2,0.0,Amazing cinematography!
C0008,Birdman,86,1,4.3,2024-12-25,1,Dropped,Tablet,Morning,0,0.0,Loved it!
C0008,Snow Falling On Cedars,87,1,7.5,2025-08-27,0,Partial,Tablet,Afternoon,2,0.26,
C0009,Saturday Night,27,0,8.5,2025-03-13,3,Partial,Smart TV,Morning,9,0.0,Too slow.
C0009,Being There,47,0,,2025-02-06,0,Dropped,Laptop,Afternoon,8,3.86,
C0009,Valkyrie,91,1,4.6,2025-08-28,4,Completed,Laptop,Evening,2,13.3,
C0009,Edward Scissorhands,90,1,6.0,2024-11-20,1,Completed,Smart TV,Night,1,11.0,
C0009,"Perks of Being a Wallflower, The",75,1,,2025-04-11,2,Dropped,Tablet,Afternoon,6,18.52,Would watch again!
C0009,Notting Hill,20,0,9.9,2025-04-17,4,Dropped,Laptop,Afternoon,4,0.0,
C0009,La La Land,22,0,9.7,2025-04-24,2,Dropped,Laptop,Morning,0,3.12,Not my type.
C0010,Jimmy and Judy,31,0,7.4,2025-04-14,1,Dropped,Mobile,Evening,7,0.0,
C0010,Jimmy and Judy,24,0,7.5,2025-03-25,0,Dropped,Mobile,Evening,5,8.69,
C0010,Get Out,97,1,,2025-04-27,3,Completed,Smart TV,Morning,1,6.39,
C0010,"Rock, The",48,0,8.0,2025-05-21,3,Partial,Mobile,Morning,3,15.73,Amazing cinematography!
C0010,Sherlock Holmes,93,1,7.3,2025-09-05,2,Completed,Tablet,Morning,1,15.48,Great acting!
C0010,"Verdict, The",45,0,7.9,2025-09-05,1,Dropped,Mobile,Afternoon,1,0.0,Too slow.
C0010,Pet Sematary,74,1,5.1,2025-01-13,2,Dropped,Tablet,Evening,2,12.32,
C0010,Croupier,76,1,,2024-12-31,1,Partial,Smart TV,Afternoon,1,0.0,Great acting!
C0010,A Real Pain,63,0,4.7,2025-03-28,3,Partial,Laptop,Morning,5,0.0,
C0010,Tremors,86,1,7.3,2025-05-10,4,Dropped,Mobile,Morning,1,13.27,Great acting!
C0010,Initiation,45,0,7.7,2025-08-21,0,Partial,Smart TV,Morning,1,5.43,
C0010,Breaking Away,22,0,9.3,2025-08-25,3,Dropped,Laptop,Night,8,1.99,Too slow.
C0010,Fear and Loathing in Las Vegas,84,1,,2024-12-24,4,Dropped,Mobile,Morning,0,6.1,Great acting!
C0011,Margaret,65,0,5.4,2025-10-26,4,Partial,Smart TV,Morning,10,0.0,Loved it!
C0011,Get Carter,39,0,6.4,2025-10-26,1,Dropped,Laptop,Night,8,12.25,
C0011,"Piano, The",50,0,6.6,2025-04-02,2,Partial,Laptop,Night,8,0.0,
C0011,Confessions of a Dangerous Mind,59,0,9.4,2025-06-14,1,Partial,Laptop,Afternoon,10,18.34,Too slow.
C0011,Larry Crowne,38,0,8.6,2025-10-22,3,Partial,Smart TV,Evening,7,16.43,
C0011,"Dark Knight Rises, The",44,0,5.1,2025-08-04,4,Partial,Smart TV,Afternoon,9,0.0,
C0011,Beloved,81,1,9.1,2025-03-19,3,Partial,Tablet,Afternoon,1,2.75,Loved it!
C0011,Above the Law,54,0,,2025-05-31,1,Dropped,Tablet,Afternoon,1,0.0,
C0011,Snow Falling On Cedars,61,0,,2025-01-21,1,Partial,Tablet,Night,0,16.49,
C0011,Out of Sight,96,1,7.8,2025-07-16,0,Completed,Laptop,Morning,1,17.56,
C0011,Swingers,88,1,8.4,2025-04-12,4,Partial,Smart TV,Morning,0,0.0,Could be better.
C0011,Saving Private Ryan,41,0,7.7,2025-08-14,0,Dropped,Tablet,Night,10,14.45,Great acting!
C0011,Pet Sematary II,61,0,,2025-02-12,4,Dropped,Laptop,Night,1,0.0,
C0011,Charlie's Angels,31,0,6.7,2025-05-24,2,Dropped,Mobile,Night,8,3.2,
C0011,Donnie Brasco,62,0,8.0,2025-02-06,1,Dropped,Smart TV,Afternoon,2,1.03,Would watch again!
C0011,Eight Legged Freaks,35,0,,2025-07-29,1,Dropped,Mobile,Evening,0,17.11,
C0012,Grand Hotel,47,0,6.9,2025-01-16,3,Partial,Laptop,Morning,9,4.89,
C0012,Arbitrage,43,0,7.9,2025-05-06,0,Dropped,Mobile,Morning,10,12.07,Too slow.
C0012,Bringing Out the Dead,73,1,,2025-07-05,1,Partial,Smart TV,Afternoon,7,7.2,Could be better.
C0012,Miller's Crossing,68,0,,2025-06-26,3,Dropped,Smart TV,Evening,7,0.0,
C0012,"Limey, The",87,1,5.3,2025-07-14,1,Dropped,Tablet,Morning,2,12.58,
C0012,"Hospital, The",74,1,5.9,2025-01-31,4,Partial,Tablet,Afternoon,9,10.39,
C0012,Ed Wood,98,1,5.7,2025-08-02,1,Completed,Mobile,Morning,0,0.0,
C0012,"Flintstones, The",98,1,,2025-08-20,3,Completed,Smart TV,Morning,1,16.12,Not my type.
C0012,Heavy Metal,28,0,7.0,2025-07-28,2,Dropped,Mobile,Morning,10,7.92,
C0012,Duck Soup,44,0,6.0,2025-01-24,3,Partial,Smart TV,Morning,10,0.0,Would watch again!
C0012,Scarface,72,1,,2025-01-13,0,Partial,Smart TV,Evening,8,4.17,
C0012,Bad Teacher,39,0,4.2,2025-10-10,3,Dropped,Smart TV,Night,2,17.29,
C0012,Amelia,54,0,7.0,2025-04-21,1,Partial,Smart TV,Night,4,0.0,Too slow.
C0012,"American President, The",45,0,,2025-05-21,3,Dropped,Smart TV,Night,8,0.0,Would watch again!
C0012,"Life of David Gale, The",38,0,,2025-08-16,4,Dropped,Mobile,Afternoon,0,14.27,
C0012,"King of Comedy, The",25,0,7.6,2024-12-08,0,Partial,Smart TV,Night,0,0.0,
C0012,Airplane 2 The Sequel,93,1,7.8,2025-01-29,1,Completed,Tablet,Evening,0,0.0,Amazing cinematography!
C0012,Casino,54,0,,2025-05-15,0,Dropped,Laptop,Afternoon,8,6.37,Could be better.
C0012,"Doors, The",29,0,9.4,2025-08-10,4,Partial,Mobile,Morning,2,0.0,
C0012,Brazil,69,0,6.6,2025-02-26,1,Partial,Mobile,Evening,4,3.96,
C0013,Water for Elephants,36,0,8.8,2025-05-05,3,Dropped,Laptop,Night,4,14.2,Not my type.
C0013,Creation,98,1,6.2,2025-03-26,1,Completed,Tablet,Evening,1,0.61,Amazing cinematography!
C0013,Saving Private Ryan,41,0,6.1,2025-08-11,4,Dropped,Smart TV,Morning,6,15.94,Too slow.
C0013,Thor,79,1,6.5,2025-09-16,4,Dropped,Tablet,Afternoon,7,6.81,
C0013,"Queen, The",92,1,7.3,2025-04-15,1,Completed,Tablet,Afternoon,2,14.79,
C0013,Burning Annie,95,1,6.0,2025-01-09,0,Completed,Tablet,Night,0,8.12,
C0013,"Life of David Gale, The",83,1,4.4,2025-08-24,1,Dropped,Laptop,Morning,0,9.06,Would watch again!
C0013,Flash Gordon,60,0,8.8,2024-11-27,2,Partial,Laptop,Evening,1,12.23,
C0013,"Italian Job, The",27,0,,2025-07-11,0,Dropped,Smart TV,Evening,1,17.31,Average experience.
C0013,My Best Friend's Wedding,71,1,7.3,2025-03-20,1,Partial,Laptop,Afternoon,3,16.87,Average experience.
C0013,Intolerable Cruelty,36,0,4.4,2025-01-13,0,Dropped,Tablet,Night,10,19.8,Average experience.
C0013,Pride and Prejudice,99,1,7.1,2024-10-28,4,Completed,Tablet,Night,1,3.72,
C0013,Grabbers,84,1,9.6,2025-03-15,4,Partial,Mobile,Morning,0,14.1,Would watch again!
C0013,Crank,87,1,,2025-05-29,2,Partial,Smart TV,Morning,2,1.77,Too slow.
C0013,As Good As It Gets,63,0,4.1,2025-09-05,3,Partial,Mobile,Evening,6,19.56,Great acting!
C0013,Juno,92,1,7.8,2025-03-17,4,Completed,Mobile,Afternoon,2,0.0,
C0013,Interview with the Vampire,82,1,,2025-08-23,2,Partial,Mobile,Afternoon,2,0.0,
C0013,Bruce Almighty,97,1,7.6,2025-07-15,1,Completed,Tablet,Night,1,5.23,
C0013,Eight Legged Freaks,87,1,,2025-01-08,2,Dropped,Tablet,Afternoon,2,3.08,Average experience.
C0014,Rebel Without A Cause,41,0,8.4,2024-12-22,2,Dropped,Smart TV,Evening,1,0.0,Would watch again!
C0014,Shifty,88,1,8.1,2025-10-19,3,Partial,Tablet,Evening,0,8.69,Would watch again!
C0014,Labyrinth,87,1,4.2,2025-07-06,4,Partial,Mobile,Night,2,17.17,Could be better.
C0014,"Hebrew Hammer, The",94,1,8.6,2025-07-18,1,Completed,Mobile,Afternoon,2,13.81,Loved it!
C0014,Barry Lyndon,21,0,7.2,2025-03-04,3,Partial,Mobile,Afternoon,4,0.0,Too slow.
C0014,"Way Back, The",47,0,,2025-06-04,0,Dropped,Laptop,Morning,9,0.0,
C0014,"Brothers Bloom, The",43,0,6.8,2025-03-26,0,Partial,Smart TV,Evening,6,13.35,
C0014,"Deer Hunter, The",29,0,4.4,2025-07-23,3,Partial,Laptop,Morning,4,5.29,Would watch again!
C0014,"Nightmare on Elm Street, A",42,0,4.7,2024-12-07,4,Partial,Mobile,Afternoon,9,18.25,
C0014,American Hustle,29,0,8.4,2024-11-08,3,Dropped,Smart TV,Night,2,0.02,Average experience.
C0014,"Danish Girl, The",62,0,,2025-06-22,4,Dropped,Mobile,Night,7,16.88,
C0014,Tomorrow Never Dies,48,0,9.7,2025-10-16,3,Dropped,Mobile,Evening,5,8.01,
C0015,"Three Musketeers, The",63,0,6.8,2025-01-28,2,Dropped,Smart TV,Afternoon,8,0.0,Not my type.
C0015,Next,33,0,6.2,2025-07-17,0,Partial,Tablet,Afternoon,2,0.0,Not my type.
C0015,Next Friday,28,0,7.9,2025-02-13,3,Partial,Tablet,Morning,0,6.75,
C0015,Cast Away,47,0,,2025-06-09,4,Partial,Tablet,Afternoon,9,0.0,Great acting!
C0015,"Adventures of Buckaroo Banzai Across the Eighth Dimension, The",80,1,,2025-06-23,4,Dropped,Smart TV,Afternoon,2,0.29,
C0015,Bones,78,1,9.0,2025-08-20,0,Dropped,Tablet,Morning,7,12.31,Not my type.
C0015,"Lord of the Rings Fellowship of the Ring, The",71,1,9.9,2025-05-06,4,Dropped,Smart TV,Evening,3,11.86,Too slow.
C0015,Cradle 2 the Grave,73,1,,2025-06-15,1,Partial,Laptop,Afternoon,9,0.0,Average experience.
C0015,A Serious Man,82,1,4.0,2025-02-21,0,Partial,Laptop,Night,2,15.45,
C0015,Crazylove,54,0,6.5,2024-12-23,1,Dropped,Smart TV,Afternoon,7,1.76,
C0015,Man On Fire,73,1,5.4,2025-02-28,0,Dropped,Laptop,Evening,8,9.28,
C0015,I Still Know What You Did Last Summer,26,0,8.8,2025-10-23,3,Partial,Smart TV,Afternoon,2,0.86,
C0015,Foxcatcher,75,1,7.7,2025-01-19,3,Dropped,Tablet,Morning,0,3.52,
C0015,Superbad,34,0,5.4,2025-02-11,3,Partial,Smart TV,Night,3,17.97,Too slow.
C0015,"Getaway, The",32,0,6.5,2025-02-20,1,Partial,Laptop,Afternoon,1,9.69,
C0015,Fright Night,98,1,6.3,2025-04-23,1,Completed,Laptop,Night,2,0.0,Could be better.
C0016,"Cider House Rules, The",24,0,4.4,2025-04-12,1,Dropped,Laptop,Night,7,15.21,Could be better.
C0016,Dogma,93,1,,2025-04-16,1,Completed,Tablet,Morning,1,9.78,
C0016,Scarface,55,0,6.6,2025-09-16,1,Dropped,Laptop,Evening,6,17.84,
C0016,"White Ribbon, The",20,0,4.3,2025-07-05,3,Dropped,Mobile,Night,8,16.19,
C0016,Ronin,83,1,7.4,2025-07-03,0,Partial,Mobile,Afternoon,0,4.78,
C0016,Sideways,59,0,6.8,2025-06-23,4,Dropped,Tablet,Night,7,17.48,Amazing cinematography!
C0016,12 and Holding,100,1,9.4,2025-05-07,2,Completed,Laptop,Morning,1,5.4,
C0016,"Big Blue, The",99,1,,2024-12-01,0,Completed,Smart TV,Evening,0,0.0,Loved it!
C0016,Midnight Express,42,0,8.2,2025-03-20,4,Dropped,Laptop,Afternoon,5,0.0,Would watch again!
C0016,Get Carter,61,0,5.6,2025-05-26,3,Partial,Mobile,Morning,1,9.05,
C0016,Serial Mom,88,1,7.2,2025-09-17,2,Partial,Mobile,Evening,2,16.18,
C0016,Eternal Sunshine of the Spotless Mind,78,1,6.3,2025-02-06,1,Partial,Tablet,Morning,1,0.0,Great acting!
C0016,"Damned United, The",46,0,7.8,2025-06-02,2,Partial,Smart TV,Afternoon,7,8.88,
C0016,Event Horizon,28,0,8.8,2025-03-29,4,Partial,Tablet,Night,9,12.92,Would watch again!
C0016,Juno,92,1,8.7,2025-05-04,1,Completed,Mobile,Evening,0,19.41,
C0017,Margot at the Wedding,56,0,5.0,2025-02-26,1,Partial,Laptop,Afternoon,2,13.86,
C0017,Deep Rising,50,0,,2024-11-04,4,Dropped,Smart TV,Night,4,4.1,
C0017,Maestro,38,0,,2024-11-16,1,Partial,Smart TV,Morning,0,9.99,Would watch again!
C0017,"Day the Earth Stood Still, The",20,0,,2024-11-14,4,Partial,Laptop,Evening,7,19.39,
C0017,Wanted,76,1,4.7,2025-03-19,3,Dropped,Tablet,Afternoon,10,6.16,Not my type.
C0017,"Matrix, The",31,0,7.6,2025-08-17,1,Dropped,Tablet,Evening,3,0.0,
C0017,Blackberry,85,1,6.9,2025-03-21,4,Dropped,Smart TV,Evening,1,0.0,
C0017,Nashville,67,0,6.1,2025-10-15,2,Partial,Tablet,Morning,3,8.88,
C0017,Inventing the Abbotts,40,0,,2025-02-26,3,Partial,Mobile,Afternoon,9,2.87,Amazing cinematography!
C0018,Blade II,20,0,9.5,2025-02-07,3,Dropped,Smart TV,Night,9,2.74,Average experience.
C0018,U Turn,82,1,9.0,2025-02-07,4,Partial,Laptop,Night,2,4.49,
C0018,High Fidelity,58,0,,2024-12-16,3,Dropped,Laptop,Evening,6,0.0,
C0018,All the King's Men,35,0,7.0,2025-07-21,0,Partial,Mobile,Night,9,5.16,
C0018,Mission to Mars,85,1,,2025-10-20,2,Dropped,Mobile,Morning,0,17.57,Great acting!
C0018,"Hunt for Red October, The",66,0,9.5,2025-08-13,2,Dropped,Laptop,Evening,4,18.73,
C0018,Blue Valentine,96,1,7.3,2025-04-20,2,Completed,Laptop,Evening,1,13.77,Amazing cinematography!
C0018,A Few Good Men,37,0,,2025-08-22,3,Partial,Laptop,Evening,2,0.0,Not my type.
C0018,Vanilla Sky,98,1,9.7,2025-01-15,4,Completed,Mobile,Morning,1,1.53,
C0018,Sideways,64,0,,2025-04-19,3,Partial,Laptop,Afternoon,4,0.0,
C0018,Cirque du Freak The Vampire's Assistant,38,0,,2025-06-26,1,Dropped,Tablet,Morning,6,15.68,Would watch again!
C0018,Anna Karenina,45,0,8.8,2025-05-02,4,Dropped,Mobile,Night,1,0.87,Loved it!
C0018,Charlie's Angels,97,1,9.4,2024-12-19,1,Completed,Smart TV,Evening,0,0.0,
C0018,Withnail and I,64,0,9.1,2025-02-27,4,Dropped,Laptop,Morning,1,15.26,
C0018,Indiana Jones and the Temple of Doom,41,0,,2024-12-06,4,Dropped,Tablet,Morning,3,17.03,Great acting!
C0018,Breakdown,43,0,,2025-05-11,3,Partial,Mobile,Afternoon,8,0.0,Amazing cinematography!
C0018,Scream,34,0,7.0,2025-07-13,2,Partial,Tablet,Morning,1,2.31,Could be better.
C0019,U Turn,72,1,9.1,2025-05-16,1,Dropped,Mobile,Night,10,0.26,
C0019,No One Will Save You,76,1,8.1,2025-09-24,0,Dropped,Laptop,Night,6,19.55,
C0019,Bad Lieutenant,66,0,,2025-03-19,2,Dropped,Smart TV,Night,1,0.0,Would watch again!
C0019,Wonder Boys,95,1,8.7,2025-04-09,3,Completed,Smart TV,Evening,1,19.0,
C0019,"Crow Salvation, The",78,1,5.5,2024-12-07,3,Dropped,Tablet,Afternoon,0,0.0,Too slow.
C0019,Aliens,42,0,8.1,2025-09-04,1,Partial,Laptop,Morning,1,10.4,Would watch again!
C0019,Jackie Brown,83,1,5.6,2025-05-04,2,Dropped,Tablet,Morning,1,2.38,Average experience.
C0019,"Sandlot Kids, The",24,0,7.3,2025-05-24,2,Dropped,Tablet,Night,6,0.0,
C0019,Broadcast News,92,1,8.0,2025-02-20,4,Completed,Tablet,Night,1,3.13,Could be better.
C0019,Zootopia,68,0,6.1,2025-04-12,2,Partial,Smart TV,Morning,0,2.56,Loved it!
C0019,"Mummy, The",32,0,10.0,2025-08-07,3,Partial,Mobile,Morning,10,0.0,Could be better.
C0019,Bad Santa,59,0,5.0,2025-03-31,4,Partial,Tablet,Morning,7,8.45,
C0020,After.Life,80,1,9.9,2025-05-24,3,Partial,Smart TV,Evening,2,0.0,Not my type.
C0020,Sphere,84,1,,2024-12-15,2,Dropped,Mobile,Evening,1,4.04,
C0020,Timber Falls,47,0,4.3,2025-05-15,4,Partial,Mobile,Afternoon,9,1.84,
C0020,Win Win,63,0,,2025-01-01,4,Partial,Smart TV,Night,3,1.53,
C0020,Punch Drunk Love,89,1,6.5,2024-11-25,2,Partial,Laptop,Afternoon,0,10.32,Would watch again!
C0020,"Secret Life of Walter Mitty, The",54,0,,2025-04-08,4,Partial,Laptop,Morning,8,0.0,Not my type.
C0020,Jennifer Eight,75,1,9.2,2025-06-12,0,Dropped,Tablet,Night,4,12.92,Not my type.
C0020,Fracture,34,0,4.2,2025-03-12,2,Partial,Laptop,Night,8,8.44,
C0020,Death to Smoochy,54,0,5.6,2025-03-16,2,Dropped,Smart TV,Morning,7,1.11,
C0020,Jennifer's Body,28,0,,2024-11-07,3,Partial,Mobile,Morning,6,14.48,Too slow.
C0020,Taking Lives,94,1,,2025-05-04,4,Completed,Smart TV,Evening,1,4.76,Amazing cinematography!
C0020,"World is not Enough, The",69,0,,2025-09-23,1,Partial,Tablet,Afternoon,2,0.0,Could be better.
C0020,"Passion of Joan of Arc, The",52,0,,2025-01-12,0,Partial,Smart TV,Evening,1,8.48,
C0021,Men in Black 3,80,1,8.9,2025-01-28,0,Dropped,Smart TV,Morning,2,13.43,Average experience.
C0021,Men in Black 3,35,0,5.4,2025-05-04,3,Partial,Smart TV,Morning,6,18.36,Not my type.
C0021,Four Rooms,40,0,,2025-05-31,2,Partial,Tablet,Morning,4,16.46,
C0021,"Persian Version, The",62,0,9.3,2025-04-18,0,Dropped,Tablet,Evening,8,0.0,Amazing cinematography!
C0021,All About Steve,26,0,5.1,2025-01-11,3,Dropped,Mobile,Morning,6,0.0,Too slow.
C0021,Dear White People,51,0,9.8,2024-12-24,1,Partial,Smart TV,Evening,7,14.7,Amazing cinematography!
C0021,"Fault in Our Stars, The",30,0,5.1,2025-05-13,3,Dropped,Mobile,Morning,0,12.94,
C0021,Scarface,45,0,9.1,2025-07-25,0,Partial,Laptop,Night,9,0.0,Amazing cinematography!
C0021,Watchmen,35,0,7.2,2025-01-27,3,Partial,Smart TV,Morning,3,3.81,
C0022,South Park,68,0,9.1,2025-10-05,4,Dropped,Mobile,Evening,10,0.0,Great acting!
C0022,"Iron Claw, The",53,0,,2025-07-31,1,Partial,Tablet,Night,1,0.0,Amazing cinematography!
C0022,Frankenstein,69,0,8.4,2025-05-01,2,Dropped,Tablet,Morning,8,0.0,Not my type.
C0022,Martha Marcy May Marlene,97,1,,2025-10-18,4,Completed,Smart TV,Morning,0,0.0,
C0022,"Ninth Gate, The",67,0,9.4,2025-03-04,0,Dropped,Laptop,Evening,2,18.61,
C0022,Blade Trinity,60,0,6.6,2025-02-11,2,Dropped,Smart TV,Evening,0,9.98,
C0022,Meet Joe Black,75,1,9.3,2024-11-28,4,Partial,Laptop,Evening,6,6.31,
C0022,Unknown,76,1,4.9,2024-12-20,1,Dropped,Tablet,Morning,7,0.0,
C0022,Capote,83,1,6.1,2025-02-07,4,Partial,Laptop,Night,1,0.0,
C0022,Charlie's Angels,64,0,9.2,2025-10-25,1,Dropped,Mobile,Evening,9,11.71,
C0022,Ted,93,1,9.5,2025-09-11,1,Completed,Mobile,Night,2,0.0,Could be better.
C0022,Ninotchka,67,0,,2025-02-16,2,Dropped,Mobile,Morning,1,14.15,Could be better.
C0022,"Limey, The",25,0,9.7,2025-06-11,2,Dropped,Mobile,Afternoon,0,5.66,
C0022,TRON Legacy,97,1,6.4,2025-05-08,1,Completed,Laptop,Afternoon,1,0.0,
C0023,Onward,56,0,9.7,2025-06-23,1,Dropped,Laptop,Evening,7,14.72,
C0023,May December,32,0,,2025-01-11,4,Dropped,Tablet,Night,7,9.53,
C0023,"Blast from the Past, The",74,1,,2025-03-02,4,Dropped,Laptop,Night,10,0.81,Would watch again!
C0023,"Day the Clown Cried, The",83,1,7.9,2025-10-10,0,Partial,Smart TV,Night,1,0.0,
C0023,Cube,36,0,5.8,2025-01-07,1,Partial,Mobile,Evening,9,0.0,Loved it!
C0023,Straight Outta Compton,74,1,6.8,2025-05-21,4,Partial,Laptop,Evening,4,15.37,Would watch again!
C0023,Elemental,70,0,6.5,2024-11-14,2,Partial,Laptop,Night,10,16.16,Great acting!
C0023,Enough,30,0,7.6,2024-12-13,0,Partial,Tablet,Morning,0,0.27,
C0023,"Other Boleyn Girl, The",97,1,5.8,2025-09-29,4,Completed,Mobile,Evening,2,13.81,Could be better.
C0023,Cherry Falls,37,0,,2025-05-10,0,Dropped,Mobile,Morning,3,2.9,Not my type.
C0023,John Wick Chapter 4,79,1,6.5,2025-09-22,0,Dropped,Laptop,Afternoon,7,9.43,
C0023,"Fifth Element, The",57,0,9.0,2025-06-09,0,Partial,Tablet,Morning,1,14.26,
C0023,Willow,96,1,,2024-12-03,0,Completed,Tablet,Night,1,11.82,
C0023,Gladiator,27,0,6.5,2025-02-02,2,Dropped,Tablet,Evening,10,9.47,Amazing cinematography!
C0023,Rachel Getting Married,22,0,8.4,2025-05-14,3,Partial,Tablet,Night,3,11.75,
C0023,Cliffhanger,57,0,6.3,2025-09-16,3,Partial,Tablet,Night,2,5.65,
C0023,Citizen Kane,42,0,7.6,2025-03-29,0,Partial,Mobile,Night,4,0.0,
C0024,Her,65,0,5.0,2025-06-07,4,Dropped,Tablet,Morning,5,12.35,Not my type.
C0024,Hellraiser Deader,63,0,8.6,2025-05-13,4,Partial,Tablet,Afternoon,8,2.08,Would watch again!
C0024,"Brothers Bloom, The",33,0,7.7,2024-12-03,0,Dropped,Laptop,Morning,2,17.42,
C0024,It's Complicated,76,1,7.0,2024-11-02,0,Dropped,Mobile,Evening,5,2.46,Average experience.
C0024,Hall Pass,80,1,7.0,2025-05-10,0,Partial,Laptop,Evening,2,7.21,
C0024,They,73,1,4.8,2024-11-22,3,Partial,Mobile,Night,7,10.32,
C0024,"Relic, The",38,0,8.3,2024-11-10,4,Dropped,Tablet,Morning,5,19.64,Loved it!
C0024,American Psycho,39,0,,2025-04-27,0,Partial,Smart TV,Night,6,14.02,
C0024,Maestro,21,0,,2025-05-29,4,Dropped,Tablet,Night,7,17.75,
C0024,Malcolm X,71,1,9.3,2025-04-05,0,Dropped,Laptop,Evening,6,14.8,Could be better.
C0024,Blitz,85,1,7.1,2024-12-28,1,Dropped,Tablet,Morning,2,4.83,
C0024,Star Wars The Phantom Menace,34,0,9.0,2025-08-11,2,Partial,Tablet,Morning,0,18.83,Loved it!
C0024,"Losers, The",50,0,,2025-06-28,4,Dropped,Laptop,Evening,4,0.0,
C0024,Mr Deeds Goes to Town,86,1,4.6,2025-01-13,4,Dropped,Tablet,Evening,1,0.0,
C0024,Big Fish,31,0,9.3,2024-11-02,3,Dropped,Tablet,Night,1,10.53,
C0024,"Hills Have Eyes, The",94,1,6.5,2025-09-21,3,Completed,Tablet,Night,2,16.48,Great acting!
C0025,Citizen Kane,85,1,,2025-08-24,0,Dropped,Mobile,Night,1,0.0,Amazing cinematography!
C0025,"Passion of Joan of Arc, The",34,0,7.4,2024-11-14,0,Dropped,Laptop,Morning,5,7.49,Loved it!
C0025,Crash,95,1,9.6,2024-12-18,2,Completed,Mobile,Evening,0,0.0,
C0025,Changeling,90,1,9.2,2024-12-18,3,Completed,Tablet,Night,2,9.05,Average experience.
C0025,Cobb,37,0,6.8,2025-05-09,3,Partial,Tablet,Afternoon,5,0.0,
C0025,"Neverending Story, The",49,0,,2025-10-24,2,Dropped,Smart TV,Night,4,17.32,
C0025,Wag the Dog,35,0,4.5,2025-05-30,4,Dropped,Laptop,Afternoon,7,0.37,
C0025,"Addams Family, The",55,0,5.5,2025-05-28,4,Partial,Smart TV,Morning,8,8.04,Loved it!
C0025,Raising Arizona,43,0,9.2,2025-01-10,2,Partial,Smart TV,Evening,1,0.0,Great acting!
C0025,Creation,43,0,4.5,2025-07-31,2,Partial,Smart TV,Afternoon,0,6.51,Loved it!
C0025,Next,32,0,6.5,2025-06-24,2,Partial,Tablet,Night,1,0.0,Not my type.
C0025,"Sting, The",84,1,4.7,2024-11-08,0,Partial,Mobile,Night,2,9.68,Not my type.
C0025,Hotel Rwanda,90,1,,2025-08-01,0,Completed,Tablet,Afternoon,2,2.51,
C0025,Big,84,1,9.8,2025-08-13,2,Dropped,Mobile,Afternoon,2,19.23,
C0025,12 and Holding,79,1,,2025-10-27,4,Partial,Smart TV,Afternoon,0,0.0,
C0025,Happy Feet,68,0,,2025-02-20,1,Partial,Mobile,Morning,2,11.26,Average experience.
C0025,Copycat,91,1,,2025-03-07,3,Completed,Smart TV,Afternoon,2,16.04,
C0025,Here Comes Peter Cottontail,77,1,8.0,2025-02-13,2,Partial,Laptop,Afternoon,7,6.57,
C0025,12 Years a Slave,97,1,9.4,2025-10-25,1,Completed,Mobile,Night,2,14.07,
C0026,TMNT,23,0,,2025-06-29,3,Dropped,Mobile,Evening,6,7.16,Loved it!
C0026,Scarface,67,0,,2024-12-04,3,Dropped,Laptop,Afternoon,0,13.61,
C0026,"Blast from the Past, The",98,1,8.9,2025-10-13,1,Completed,Mobile,Afternoon,1,0.74,Not my type.
C0026,Fantastic Beasts The Crimes of Grindelwald,70,0,5.7,2025-05-03,4,Partial,Laptop,Afternoon,8,0.0,
C0026,Bad Dreams,95,1,4.4,2025-03-21,2,Completed,Mobile,Afternoon,2,5.49,
C0026,Thor,98,1,7.4,2025-09-27,3,Completed,Tablet,Morning,1,18.86,Amazing cinematography!
C0026,ParaNorman,55,0,7.1,2025-03-22,3,Partial,Tablet,Morning,3,0.0,
C0027,17 Again,70,0,4.5,2025-04-18,4,Dropped,Smart TV,Afternoon,6,18.34,Amazing cinematography!
C0027,Backdraft,100,1,4.2,2025-09-01,3,Completed,Laptop,Morning,2,18.7,
C0027,Breaking Away,80,1,6.0,2025-01-18,0,Partial,Tablet,Afternoon,0,12.39,
C0027,Willow,35,0,4.4,2025-10-24,0,Partial,Mobile,Evening,1,1.24,
C0027,John Q,98,1,4.4,2024-12-04,0,Completed,Tablet,Morning,1,8.03,
C0027,"Godfather Part III, The",96,1,7.7,2025-10-04,3,Completed,Smart TV,Night,1,17.6,
C0027,Alien,78,1,7.5,2025-05-21,0,Dropped,Laptop,Morning,9,11.86,
C0027,Silver Bullet,52,0,6.9,2025-06-28,4,Partial,Smart TV,Afternoon,3,0.0,Great acting!
C0027,"Wrestler, The",75,1,7.9,2025-05-15,2,Partial,Laptop,Afternoon,2,12.07,Loved it!
C0027,Authors Anonymous,50,0,9.0,2024-11-24,0,Partial,Smart TV,Evening,3,12.81,Too slow.
C0027,Event Horizon,80,1,9.9,2025-09-25,4,Partial,Tablet,Evening,2,0.0,Too slow.
C0027,Angel Eyes,83,1,4.0,2025-04-14,1,Dropped,Tablet,Night,2,0.0,Amazing cinematography!
C0027,Five Easy Pieces,71,1,9.9,2024-11-18,2,Dropped,Tablet,Morning,5,0.0,Could be better.
C0027,"Family Man, The",100,1,8.6,2025-07-01,0,Completed,Laptop,Morning,0,0.0,Could be better.
C0027,Lost Highway,90,1,5.2,2025-04-06,1,Completed,Tablet,Evening,0,0.0,
C0028,Lord of War,46,0,5.4,2025-09-01,2,Dropped,Laptop,Night,1,0.0,
C0028,Evil Dead,44,0,8.2,2025-01-01,2,Partial,Smart TV,Afternoon,0,11.75,
C0028,Cube,61,0,7.8,2024-10-31,2,Dropped,Mobile,Night,3,15.69,
C0028,Diner,85,1,9.3,2025-03-21,4,Partial,Tablet,Night,2,6.44,Would watch again!
C0028,Shame,54,0,7.8,2024-11-12,4,Dropped,Smart TV,Afternoon,3,9.04,Not my type.
C0028,Pretty Woman,68,0,9.6,2025-05-23,2,Partial,Laptop,Morning,2,5.9,
C0028,"Woodsman, The",25,0,7.7,2025-09-20,3,Partial,Mobile,Night,6,16.09,Average experience.
C0028,Ed TV,76,1,7.9,2025-10-14,2,Dropped,Laptop,Evening,8,12.87,
C0029,Cast Away,29,0,7.3,2025-01-05,2,Dropped,Smart TV,Evening,4,16.31,
C0029,Ex Machina,97,1,,2025-07-27,4,Completed,Tablet,Evening,0,5.64,Average experience.
C0029,Withnail and I,21,0,7.1,2025-06-18,1,Partial,Tablet,Afternoon,3,4.2,Would watch again!
C0029,Lost in Translation,30,0,5.1,2025-06-10,3,Dropped,Smart TV,Night,7,0.6,Great acting!
C0029,8MM,83,1,,2025-02-11,2,Partial,Smart TV,Afternoon,1,15.05,
C0029,Leviathan,95,1,8.7,2024-11-30,1,Completed,Tablet,Afternoon,1,15.98,
C0029,Music of the Heart,46,0,,2025-04-05,0,Partial,Tablet,Afternoon,7,0.0,
C0029,Jurassic Park III,31,0,8.0,2025-04-07,1,Dropped,Smart TV,Night,0,0.0,Average experience.
C0030,"Godfather Part III, The",57,0,4.4,2025-03-26,0,Partial,Laptop,Morning,2,18.2,Too slow.
C0030,"Time Machine, The",73,1,4.4,2024-11-15,1,Dropped,Laptop,Afternoon,4,14.19,Could be better.
C0030,Star Wars Attack of the Clones,78,1,4.0,2024-12-20,1,Partial,Tablet,Morning,6,4.94,Would watch again!
C0030,Scarface,93,1,4.5,2024-11-07,3,Completed,Tablet,Evening,2,15.85,Great acting!
C0030,Hannibal,42,0,,2025-06-16,3,Partial,Tablet,Night,10,0.0,
C0030,Anonymous,50,0,,2025-06-02,1,Partial,Laptop,Evening,10,13.96,
C0030,Something's Gotta Give,72,1,,2024-11-22,4,Dropped,Tablet,Evening,1,10.09,
C0030,RocknRolla,41,0,7.0,2025-08-01,3,Dropped,Laptop,Morning,10,14.99,Average experience.
C0030,No Strings Attached,24,0,4.7,2025-03-28,1,Partial,Tablet,Night,7,1.65,
C0030,Coraline,80,1,,2025-03-22,1,Dropped,Laptop,Morning,2,0.0,Average experience.
C0030,Being John Malkovich,21,0,4.9,2024-11-20,2,Dropped,Mobile,Afternoon,0,10.65,Loved it!
C0031,"Killer, The",76,1,4.0,2025-08-24,3,Dropped,Mobile,Afternoon,5,4.0,Loved it!
C0031,"Lord of the Rings Fellowship of the Ring, The",44,0,,2025-05-29,0,Dropped,Laptop,Afternoon,0,2.15,Not my type.
C0031,"Tourist, The",70,0,,2025-06-05,0,Dropped,Mobile,Afternoon,1,3.47,Amazing cinematography!
C0031,"Next Three Days, The",47,0,4.4,2025-02-22,2,Partial,Tablet,Morning,1,8.22,
C0031,Bound,88,1,9.5,2025-02-17,4,Dropped,Laptop,Evening,0,19.63,
C0031,Bottle Rocket,42,0,9.3,2025-07-06,2,Partial,Tablet,Morning,5,0.0,
C0031,My Best Friend's Wedding,85,1,5.4,2025-09-17,4,Dropped,Laptop,Afternoon,0,17.94,Average experience.
C0031,Beloved,27,0,7.0,2025-04-02,1,Dropped,Tablet,Night,3,4.76,
C0031,Light Sleeper,37,0,7.9,2025-02-08,0,Partial,Smart TV,Evening,0,0.0,
C0031,"Grifters, The",46,0,9.4,2025-08-13,1,Dropped,Mobile,Night,8,8.85,Would watch again!
C0031,Face Off,26,0,,2025-05-12,1,Dropped,Laptop,Morning,2,16.62,
C0031,Station West,30,0,6.8,2024-12-04,1,Dropped,Tablet,Afternoon,6,0.0,Could be better.
C0031,"Fifth Element, The",54,0,,2025-06-30,3,Dropped,Laptop,Evening,6,9.41,Average experience.
C0031,Silver Linings Playbook,22,0,6.6,2024-11-10,0,Partial,Smart TV,Afternoon,8,5.15,Would watch again!
C0031,Moon,91,1,4.4,2024-11-28,1,Completed,Smart TV,Night,0,0.0,Loved it!
C0031,"Social Network, The",71,1,,2025-09-03,3,Partial,Mobile,Night,7,19.75,Loved it!
C0031,My Week with Marilyn,92,1,8.6,2025-01-21,2,Completed,Tablet,Evening,2,12.7,Loved it!
C0032,Hancock,51,0,,2024-11-11,2,Dropped,Laptop,Afternoon,4,18.89,Not my type.
C0032,A Quiet Place,34,0,7.9,2024-12-16,3,Partial,Smart TV,Morning,8,17.52,Average experience.
C0032,John Wick,84,1,,2025-09-08,3,Partial,Smart TV,Night,2,2.19,
C0032,"Crazy, Stupid, Love",54,0,,2025-06-01,3,Partial,Tablet,Morning,2,0.03,Average experience.
C0032,Intolerable Cruelty,75,1,6.2,2025-08-16,1,Dropped,Laptop,Night,2,2.2,
C0032,Entrapment,45,0,5.1,2025-06-11,1,Partial,Laptop,Night,7,12.49,
C0032,Belle,57,0,4.7,2025-07-07,0,Partial,Mobile,Morning,9,0.0,Too slow.
C0032,Bachelor Party,54,0,4.0,2025-07-06,4,Dropped,Smart TV,Morning,3,0.15,
C0032,Sleepy Hollow,80,1,7.6,2025-06-13,2,Partial,Tablet,Evening,1,18.82,
C0032,Authors Anonymous,65,0,,2025-01-08,0,Dropped,Smart TV,Night,6,17.76,Too slow.
C0032,Hannah and Her Sisters,67,0,8.1,2024-12-20,3,Partial,Mobile,Afternoon,0,19.15,
C0032,"Mechanic, The",25,0,,2025-08-23,2,Partial,Smart TV,Afternoon,9,14.78,
C0032,"Private Life of Sherlock Holmes, The",80,1,,2025-04-17,0,Partial,Laptop,Evening,2,0.0,Loved it!
C0032,Spider Man,31,0,,2025-10-26,4,Partial,Laptop,Afternoon,7,9.64,
C0032,Freaked,41,0,8.0,2025-04-15,0,Dropped,Tablet,Night,0,0.0,
C0032,Independence Day,48,0,8.0,2025-04-01,0,Dropped,Smart TV,Night,1,6.66,Too slow.
C0032,Mr Brooks,68,0,8.7,2024-11-16,3,Dropped,Smart TV,Afternoon,4,0.0,Too slow.
C0032,Win Win,44,0,4.7,2024-11-07,2,Dropped,Tablet,Evening,6,0.03,Not my type.
C0033,"Last Samurai, The",66,0,9.6,2025-02-18,1,Dropped,Smart TV,Morning,6,0.0,
C0033,"Croods, The",57,0,,2025-02-12,3,Partial,Mobile,Afternoon,9,0.0,
C0033,"Last of the Mohicans, The",59,0,8.1,2024-12-09,2,Partial,Mobile,Afternoon,7,0.0,
C0033,Living in Oblivion,39,0,,2025-02-05,1,Dropped,Mobile,Morning,2,14.55,Great acting!
C0033,Tropic Thunder,70,0,8.1,2025-06-12,2,Partial,Laptop,Night,1,5.66,
C0033,Tropic Thunder,70,0,5.9,2024-12-07,4,Dropped,Smart TV,Evening,7,11.54,Would watch again!
C0033,"Croods, The",46,0,8.5,2025-10-05,0,Partial,Laptop,Morning,10,17.17,Average experience.
C0033,Austin Powers   International Man of Mystery,32,0,6.8,2025-04-17,0,Dropped,Laptop,Evening,9,2.97,
C0033,American Gangster,35,0,6.9,2025-09-17,4,Dropped,Tablet,Night,10,15.55,
C0033,I Love You Phillip Morris,100,1,,2024-12-12,0,Completed,Laptop,Morning,0,0.0,
C0033,Airplane,95,1,7.4,2025-03-14,2,Completed,Smart TV,Morning,2,0.0,Average experience.
C0033,While She Was Out,36,0,4.4,2025-08-17,4,Dropped,Tablet,Night,0,16.35,
C0033,Bad Country,86,1,,2025-10-12,4,Dropped,Laptop,Afternoon,2,3.61,
C0033,17 Again,91,1,5.9,2025-02-06,0,Completed,Mobile,Afternoon,2,0.0,Could be better.
C0033,Birthday Girl,35,0,6.2,2025-04-24,4,Dropped,Tablet,Night,10,0.0,Could be better.
C0033,Copycat,93,1,5.9,2025-06-20,2,Completed,Laptop,Afternoon,2,0.0,
C0033,American Psycho,44,0,9.1,2025-05-14,1,Dropped,Mobile,Afternoon,9,2.57,
C0033,"Truman Show, The",52,0,7.9,2024-12-14,1,Partial,Laptop,Night,1,13.53,
C0034,Batman,100,1,10.0,2025-06-06,1,Completed,Tablet,Evening,2,16.41,
C0034,Darkman,60,0,,2024-12-04,3,Partial,Tablet,Morning,9,0.0,Too slow.
C0034,Bad Teacher,62,0,6.2,2024-12-31,2,Partial,Tablet,Afternoon,3,0.0,Not my type.
C0034,Boyhood,35,0,8.4,2024-11-04,2,Partial,Mobile,Morning,8,11.44,Could be better.
C0034,Apt Pupil,41,0,8.5,2025-03-26,1,Partial,Laptop,Night,7,5.18,
C0034,Chronicle,38,0,8.4,2025-08-15,0,Partial,Tablet,Afternoon,10,14.14,Amazing cinematography!
C0034,"Rock, The",56,0,6.6,2025-06-14,1,Partial,Mobile,Morning,4,6.25,Too slow.
C0034,"Great Gatsby, The",31,0,4.3,2024-11-20,2,Partial,Mobile,Morning,6,18.65,Would watch again!
C0034,"Pacifier, The",21,0,9.5,2025-04-03,0,Partial,Mobile,Evening,3,13.22,
C0034,Rise of the Guardians,41,0,9.3,2024-11-17,4,Dropped,Tablet,Afternoon,1,2.67,Loved it!
C0034,Spanglish,68,0,9.8,2025-02-24,2,Dropped,Mobile,Morning,4,0.0,Not my type.
C0035,Frozen (Disney),59,0,,2025-10-23,4,Dropped,Smart TV,Night,9,1.15,Would watch again!
C0035,Jerry Maguire,65,0,6.1,2025-09-26,1,Partial,Laptop,Evening,0,0.0,Too slow.
C0035,Peggy Sue Got Married,35,0,,2025-01-21,0,Dropped,Smart TV,Evening,3,7.49,Great acting!
C0035,Bridesmaids,76,1,6.6,2025-08-23,1,Partial,Smart TV,Night,0,17.41,Not my type.
C0035,"Amityville Asylum, The",37,0,8.5,2025-09-02,0,Dropped,Tablet,Afternoon,7,19.66,Would watch again!
C0035,"Cider House Rules, The",61,0,8.7,2025-09-17,3,Partial,Mobile,Afternoon,1,15.85,Amazing cinematography!
C0035,Grabbers,26,0,6.1,2025-05-16,4,Dropped,Laptop,Night,7,0.0,Average experience.
C0035,Dark Star,85,1,5.7,2025-02-06,0,Partial,Mobile,Afternoon,2,3.97,
C0035,"Rock, The",98,1,10.0,2025-06-04,4,Completed,Laptop,Afternoon,0,0.0,Could be better.
C0035,"Crow, The",74,1,5.2,2025-10-20,0,Partial,Tablet,Night,8,12.67,Amazing cinematography!
C0035,Sicario,27,0,7.9,2025-03-31,2,Dropped,Laptop,Evening,5,0.0,Average experience.
C0035,"Last of the Mohicans, The",26,0,4.0,2025-10-19,2,Dropped,Tablet,Evening,7,0.0,
C0035,"English Patient, The",52,0,,2025-05-01,2,Partial,Smart TV,Evening,1,0.0,Great acting!
C0035,Meet Joe Black,66,0,7.5,2025-09-14,4,Partial,Mobile,Afternoon,10,0.0,
C0035,Braveheart,36,0,7.6,2025-06-13,0,Dropped,Smart TV,Afternoon,7,1.5,
C0035,John Q,80,1,,2025-09-13,1,Dropped,Smart TV,Morning,0,0.0,
C0035,Virtuosity,64,0,,2025-09-05,3,Dropped,Mobile,Night,1,10.48,
C0036,"I, Robot",36,0,9.7,2025-04-16,0,Dropped,Laptop,Night,7,17.41,
C0036,Ghostbusters 2,85,1,,2025-04-08,3,Partial,Mobile,Afternoon,0,0.0,
C0036,Sugar and Spice,78,1,8.3,2025-02-27,2,Partial,Laptop,Afternoon,4,11.04,Loved it!
C0036,It's a Wonderful Life,25,0,9.7,2025-02-11,2,Dropped,Mobile,Evening,0,4.98,
C0036,12 and Holding,64,0,9.8,2025-03-26,2,Dropped,Mobile,Evening,2,12.23,Loved it!
C0036,Mary Poppins,48,0,5.7,2025-04-30,2,Dropped,Laptop,Morning,6,5.15,
C0036,Reindeer Games,48,0,5.2,2025-07-12,3,Dropped,Mobile,Night,3,8.68,Would watch again!
C0036,Spartan,43,0,8.9,2024-12-05,1,Dropped,Tablet,Night,2,0.42,Great acting!
C0036,Escape From L.A.,28,0,6.6,2025-10-15,3,Partial,Mobile,Morning,8,0.0,
C0036,Bookworm,68,0,4.7,2024-11-25,0,Dropped,Mobile,Afternoon,3,5.35,
C0037,Braveheart,89,1,6.0,2025-02-27,0,Dropped,Smart TV,Afternoon,1,17.85,
C0037,"Little Mermaid, The",81,1,4.3,2025-09-29,2,Dropped,Laptop,Morning,0,0.0,Average experience.
C0037,12 and Holding,48,0,6.6,2025-04-07,1,Partial,Mobile,Evening,3,13.69,
C0037,Solaris,41,0,,2025-07-24,1,Dropped,Mobile,Evening,5,0.0,Amazing cinematography!
C0037,"Anniversary Party, The",97,1,6.6,2025-01-20,2,Completed,Smart TV,Afternoon,2,17.86,
C0038,"Bourne Ultimatum, The",54,0,,2025-09-27,2,Partial,Laptop,Morning,0,19.56,
C0038,"Last of the Mohicans, The",38,0,8.3,2025-03-31,3,Dropped,Laptop,Morning,9,14.53,Amazing cinematography!
C0038,Election,69,0,7.0,2025-02-19,3,Partial,Tablet,Evening,2,13.08,Average experience.
C0038,TMNT,88,1,7.2,2025-04-23,1,Partial,Laptop,Morning,2,10.54,
C0038,Blackberry,50,0,5.2,2025-04-12,0,Partial,Smart TV,Night,2,1.19,Great acting!
C0038,Save the Last Dance,38,0,,2025-08-20,4,Partial,Tablet,Afternoon,3,1.12,Great acting!
C0038,Alien,74,1,8.2,2025-09-10,4,Dropped,Laptop,Night,9,0.6,Too slow.
C0038,Being Human,21,0,8.9,2025-05-31,1,Dropped,Smart TV,Night,2,13.97,Average experience.
C0038,Repo Man,21,0,4.9,2025-07-13,0,Dropped,Tablet,Afternoon,0,8.47,
C0038,U Turn,53,0,,2025-10-22,4,Partial,Laptop,Afternoon,6,5.44,Average experience.
C0038,Freaked,71,1,5.3,2025-09-23,1,Dropped,Laptop,Night,7,12.84,
C0038,At First Sight,67,0,5.2,2025-05-23,0,Dropped,Laptop,Morning,5,16.93,Could be better.
C0038,"Tourist, The",33,0,7.6,2025-01-24,2,Dropped,Tablet,Afternoon,10,4.81,Loved it!
C0038,Antitrust,26,0,9.7,2024-12-23,0,Partial,Laptop,Evening,6,6.29,Amazing cinematography!
C0038,Bones,62,0,8.4,2025-06-01,0,Dropped,Mobile,Morning,9,9.54,
C0038,"Iron Claw, The",40,0,6.8,2025-01-17,0,Dropped,Tablet,Afternoon,10,15.38,Amazing cinematography!
C0039,"Losers, The",57,0,9.1,2024-12-30,3,Dropped,Mobile,Night,3,0.0,
C0039,Dark Star,92,1,7.0,2025-06-12,0,Completed,Mobile,Afternoon,1,19.38,
C0039,Star Trek First Contact,32,0,5.0,2025-01-30,2,Dropped,Smart TV,Morning,4,7.07,Would watch again!
C0039,Shallow Grave,52,0,6.7,2025-04-27,1,Dropped,Tablet,Night,0,5.73,Great acting!
C0039,Mighty Joe Young,85,1,,2025-05-01,2,Partial,Mobile,Morning,2,9.0,
C0039,Austin Powers   The Spy Who Shagged Me,51,0,7.4,2025-02-07,1,Dropped,Laptop,Evening,6,0.0,Too slow.
C0039,Newsies,79,1,6.1,2025-02-11,3,Partial,Tablet,Morning,1,0.0,Average experience.
C0039,Feast,71,1,,2025-05-02,4,Partial,Tablet,Afternoon,7,0.0,Great acting!
C0039,Croupier,47,0,4.2,2025-09-19,4,Partial,Mobile,Morning,5,19.57,Not my type.
C0040,House of 1000 Corpses,52,0,4.5,2025-06-10,0,Partial,Tablet,Night,1,0.0,
C0040,"Teachers' Lounge, The",47,0,5.6,2025-10-05,0,Dropped,Tablet,Night,5,5.94,Average experience.
C0040,She's Out of My League,88,1,5.0,2025-06-11,3,Partial,Smart TV,Night,0,17.88,Great acting!
C0040,Lake Placid,21,0,6.8,2025-07-26,1,Partial,Tablet,Evening,1,13.48,Loved it!
C0040,Chinatown,77,1,7.5,2025-09-20,0,Dropped,Laptop,Afternoon,6,15.49,
C0040,Man On Fire,46,0,,2025-01-05,4,Dropped,Mobile,Evening,5,0.0,
C0040,Star Trek Generations,78,1,6.1,2025-02-04,4,Partial,Tablet,Evening,1,9.18,Great acting!
C0040,Milk,56,0,,2025-03-26,3,Partial,Tablet,Morning,1,2.08,
C0040,"Bourne Ultimatum, The",83,1,7.7,2025-04-19,4,Dropped,Laptop,Night,2,0.65,Average experience.
C0040,Gandhi,78,1,4.7,2025-01-29,3,Dropped,Tablet,Evening,7,16.41,
C0040,48 Hrs.,67,0,7.0,2024-11-05,2,Partial,Mobile,Evening,6,0.08,
C0040,Absolute Power,23,0,6.2,2025-09-08,4,Partial,Laptop,Evening,2,19.86,Average experience.
C0040,Nine,26,0,,2025-07-18,4,Partial,Laptop,Afternoon,10,14.56,Amazing cinematography!
C0040,Raising Arizona,49,0,,2025-08-11,4,Dropped,Laptop,Night,10,16.75,Amazing cinematography!
C0040,Blitz,31,0,4.1,2025-04-05,4,Dropped,Mobile,Morning,9,18.41,Average experience.
C0040,Clash of the Titans,78,1,8.7,2025-02-11,1,Dropped,Tablet,Afternoon,4,0.0,
C0040,Henry Fool,26,0,9.6,2024-12-21,0,Dropped,Laptop,Morning,7,2.45,Could be better.
C0040,Blitz,29,0,6.2,2025-05-21,1,Partial,Laptop,Morning,7,8.27,Too slow.
C0041,Moon,60,0,6.7,2025-09-16,1,Dropped,Mobile,Evening,0,13.19,
C0041,Casino,63,0,,2024-11-20,3,Dropped,Mobile,Afternoon,8,18.53,Loved it!
C0041,"Sweet Hereafter, The",85,1,,2025-04-15,2,Dropped,Laptop,Afternoon,0,4.4,
C0041,"Horse Whisperer, The",55,0,9.7,2024-11-17,2,Partial,Smart TV,Night,7,18.93,
C0041,Dream Scenario,45,0,9.3,2024-12-02,2,Partial,Tablet,Morning,9,11.75,Not my type.
C0041,Purple Rain,77,1,8.5,2025-03-02,2,Dropped,Tablet,Night,6,0.0,Too slow.
C0041,Diner,24,0,,2024-10-31,2,Partial,Smart TV,Evening,9,12.9,
C0041,Oblivion,23,0,8.9,2025-03-19,3,Dropped,Smart TV,Evening,3,0.0,
C0041,"Crouching Tiger, Hidden Dragon",60,0,5.9,2025-01-10,0,Partial,Tablet,Afternoon,7,6.43,Too slow.
C0041,Inglourious Basterds,97,1,5.3,2025-03-20,4,Completed,Mobile,Evening,2,17.67,
C0041,White Squall,73,1,6.6,2025-04-27,2,Dropped,Tablet,Afternoon,0,9.97,
C0041,Catwoman,35,0,7.6,2024-12-08,4,Partial,Tablet,Afternoon,9,0.0,Loved it!
C0041,"Insider, The",36,0,,2025-05-25,3,Dropped,Smart TV,Morning,5,1.39,Average experience.
C0041,I Am Number Four,60,0,6.4,2025-01-03,4,Partial,Tablet,Night,9,0.0,Would watch again!
C0041,Cellular,67,0,,2025-10-27,0,Dropped,Tablet,Afternoon,0,2.77,
C0041,Get on Up,41,0,,2025-02-05,2,Dropped,Mobile,Morning,4,0.86,Could be better.
C0041,"Hills Have Eyes, The",62,0,8.7,2025-02-21,3,Partial,Tablet,Afternoon,2,2.4,Great acting!
C0041,Revolutionary Road,35,0,5.4,2025-07-30,3,Partial,Mobile,Evening,5,9.65,Could be better.
C0042,Valkyrie,51,0,8.4,2025-08-07,1,Dropped,Tablet,Morning,7,0.0,Not my type.
C0042,My Week with Marilyn,44,0,6.0,2024-12-30,4,Partial,Laptop,Evening,7,16.96,Great acting!
C0042,Men in Black,69,0,,2025-08-16,4,Dropped,Mobile,Night,3,0.0,Could be better.
C0042,"Crow Salvation, The",79,1,,2025-05-31,0,Dropped,Smart TV,Morning,7,0.0,Would watch again!
C0042,"Hitchhiker's Guide to the Galaxy, The",35,0,,2025-01-17,0,Partial,Smart TV,Night,3,0.0,
C0042,As Good As It Gets,76,1,4.6,2025-06-06,3,Partial,Tablet,Afternoon,4,0.0,Could be better.
C0042,Swingers,75,1,4.3,2025-10-25,1,Dropped,Laptop,Afternoon,1,0.0,Could be better.
C0042,Bad Santa,88,1,5.4,2025-02-09,4,Partial,Smart TV,Night,1,0.0,
C0042,Spanglish,46,0,5.2,2025-04-09,2,Partial,Tablet,Morning,1,0.0,
C0042,Jurassic Park,50,0,8.1,2024-11-10,1,Dropped,Tablet,Evening,7,0.0,Would watch again!
C0042,Logan's Run,22,0,5.6,2024-11-07,0,Dropped,Tablet,Morning,9,9.48,Not my type.
C0042,Broadcast News,25,0,,2025-05-22,4,Partial,Mobile,Afternoon,8,15.1,
C0042,Jurassic Park III,62,0,8.4,2024-11-07,4,Partial,Tablet,Night,4,0.27,Amazing cinematography!
C0042,Buffy the Vampire Slayer,54,0,8.4,2025-10-25,0,Dropped,Tablet,Night,3,2.83,Not my type.
C0042,Mean Streets,46,0,5.2,2025-03-05,3,Dropped,Smart TV,Evening,10,17.98,Great acting!
C0042,Man Trouble,62,0,6.5,2025-03-26,2,Partial,Mobile,Afternoon,0,14.04,
C0043,"Ruins, The",92,1,,2024-12-12,2,Completed,Tablet,Evening,0,9.98,
C0043,Dallas Buyers Club,86,1,,2025-02-17,4,Dropped,Mobile,Evening,1,0.0,
C0043,Rosetta,25,0,9.0,2025-03-02,0,Dropped,Mobile,Night,4,0.0,Loved it!
C0043,Hard to Kill,37,0,5.7,2025-09-08,4,Dropped,Tablet,Morning,4,0.0,
C0043,"X Files Fight the Future, The",30,0,4.2,2025-08-11,2,Dropped,Smart TV,Night,6,18.08,
C0043,"King of Comedy, The",42,0,8.1,2025-08-08,2,Dropped,Smart TV,Afternoon,4,0.0,
C0043,Jurassic Park The Lost World,30,0,9.6,2024-11-10,3,Dropped,Smart TV,Night,6,0.0,
C0043,Star Wars Revenge of the Sith,65,0,6.6,2024-10-30,3,Partial,Mobile,Night,0,0.53,
C0043,Coraline,98,1,,2025-08-18,1,Completed,Mobile,Evening,0,18.0,
C0043,"Nightmare on Elm Street, A",36,0,4.0,2025-02-02,4,Partial,Mobile,Morning,1,0.0,
C0043,Living in Oblivion,96,1,5.7,2025-03-11,3,Completed,Mobile,Evening,0,0.0,
C0043,First Cow,86,1,8.4,2025-10-06,3,Dropped,Mobile,Afternoon,2,3.1,
C0043,"Sixth Sense, The",99,1,,2025-04-27,0,Completed,Tablet,Afternoon,2,10.4,Too slow.
C0043,Alien Nation,84,1,4.3,2025-05-06,0,Partial,Smart TV,Night,1,16.41,
C0043,Real Genius,98,1,4.9,2024-12-24,0,Completed,Tablet,Afternoon,0,13.15,Not my type.
C0043,"Siege, The",57,0,4.6,2025-03-02,4,Partial,Tablet,Evening,10,0.0,Too slow.
C0043,"Pianist, The",74,1,,2025-03-06,0,Partial,Tablet,Morning,9,12.9,
C0043,Anna Karenina,65,0,,2025-04-24,3,Partial,Laptop,Evening,0,7.15,
C0044,Taxi Driver,69,0,5.0,2025-02-04,1,Partial,Tablet,Evening,7,15.73,Could be better.
C0044,Barry Lyndon,81,1,6.8,2025-02-14,1,Partial,Mobile,Afternoon,2,19.1,Average experience.
C0044,Anora,23,0,,2025-02-16,1,Dropped,Tablet,Morning,10,0.0,
C0044,Legion,49,0,,2025-09-25,1,Dropped,Mobile,Afternoon,6,8.4,Could be better.
C0044,"American President, The",29,0,6.2,2024-12-30,0,Dropped,Laptop,Evening,1,7.55,
C0044,Fantastic Beasts The Secrets of Dumbledore,52,0,8.1,2025-06-04,1,Dropped,Mobile,Afternoon,6,16.17,Loved it!
C0044,Fatal Instinct,24,0,,2024-12-11,0,Partial,Laptop,Night,9,1.44,Would watch again!
C0044,"Flintstones, The",93,1,,2025-09-23,4,Completed,Tablet,Evening,1,11.17,Too slow.
C0044,Priscilla,100,1,4.4,2025-10-10,0,Completed,Mobile,Afternoon,2,0.0,Not my type.
C0044,Top Gun,62,0,8.9,2025-06-12,2,Partial,Smart TV,Night,5,0.0,
C0044,Beauty and the Beast,88,1,9.1,2025-02-01,4,Partial,Mobile,Night,2,0.0,
C0044,White Jazz,80,1,,2025-08-17,2,Dropped,Mobile,Morning,1,4.01,
C0044,"Cooler, The",46,0,8.4,2025-09-24,0,Dropped,Mobile,Night,1,11.28,
C0044,Malibu's Most Wanted,29,0,,2025-05-15,4,Dropped,Tablet,Night,2,0.0,Loved it!
C0044,Station West,48,0,6.6,2025-02-07,2,Dropped,Laptop,Morning,0,0.0,
C0044,"Three Musketeers, The",97,1,,2025-02-19,0,Completed,Laptop,Night,0,7.54,Average experience.
C0045,Ghostbusters 2,35,0,,2025-08-23,2,Partial,Laptop,Afternoon,5,1.16,Loved it!
C0045,"Persian Version, The",88,1,,2025-05-29,0,Dropped,Mobile,Morning,0,0.0,Could be better.
C0045,L.A. Confidential,64,0,9.3,2024-11-23,2,Dropped,Tablet,Night,7,13.13,Not my type.
C0045,"Matrix, The",48,0,5.8,2025-02-11,2,Partial,Mobile,Afternoon,8,6.38,
C0045,"Assignment, The",64,0,,2025-01-28,4,Partial,Smart TV,Evening,1,0.0,Not my type.
C0045,Twister,46,0,8.3,2025-09-20,1,Dropped,Mobile,Afternoon,7,9.08,Would watch again!
C0045,How to Train Your Dragon 2,55,0,5.8,2025-03-21,0,Dropped,Mobile,Evening,9,0.38,Would watch again!
C0045,Garden State,46,0,8.0,2025-01-15,4,Dropped,Smart TV,Evening,0,6.96,Amazing cinematography!
C0046,All About Steve,63,0,7.7,2025-10-26,3,Dropped,Tablet,Morning,8,14.43,
C0046,Predator,93,1,8.6,2024-12-18,2,Completed,Smart TV,Afternoon,1,19.85,Loved it!
C0046,"I, Robot",30,0,,2025-10-24,4,Partial,Mobile,Evening,9,12.31,Could be better.
C0046,Chasing Amy,59,0,,2025-04-17,2,Dropped,Smart TV,Night,7,0.0,Loved it!
C0046,"Siege, The",91,1,4.4,2025-01-29,0,Completed,Smart TV,Evening,2,19.07,Could be better.
C0046,"Help, The",83,1,7.8,2025-01-01,1,Dropped,Tablet,Afternoon,0,3.69,
C0046,Withnail and I,60,0,8.3,2025-04-08,0,Partial,Laptop,Evening,0,17.15,Loved it!
C0046,"Man Who Wasn't There, The",33,0,6.7,2025-01-16,4,Dropped,Tablet,Afternoon,3,7.43,
C0046,"Battle of Algiers, The",74,1,,2025-07-10,1,Dropped,Tablet,Evening,9,6.7,Amazing cinematography!
C0046,"Italian Job, The",99,1,6.2,2024-11-12,2,Completed,Smart TV,Afternoon,2,0.0,
C0046,Strange Days,85,1,8.3,2025-03-25,1,Partial,Mobile,Morning,2,7.62,
C0047,Garden State,92,1,7.4,2024-11-09,4,Completed,Mobile,Night,2,16.95,
C0047,Shakespeare in Love,87,1,5.9,2025-05-15,1,Partial,Smart TV,Afternoon,1,0.0,
C0047,Ghostbusters,78,1,9.8,2025-05-29,1,Partial,Mobile,Night,5,0.0,
C0047,Memento,81,1,6.7,2025-06-14,3,Dropped,Laptop,Afternoon,2,0.0,
C0047,Henry Fool,56,0,4.7,2025-06-09,3,Partial,Tablet,Afternoon,9,17.63,Great acting!
C0047,Absolute Power,41,0,5.6,2024-12-04,4,Partial,Mobile,Morning,2,16.68,Great acting!
C0047,Cobb,85,1,,2024-11-02,3,Partial,Mobile,Evening,0,11.14,
C0048,Lord of Illusions,95,1,4.6,2025-09-18,0,Completed,Tablet,Morning,2,19.0,
C0048,Quiz Lady,57,0,8.2,2025-06-16,1,Dropped,Tablet,Afternoon,0,7.4,
C0048,Law Abiding Citizen,76,1,8.3,2025-02-12,2,Dropped,Tablet,Afternoon,4,0.97,
C0048,Insomnia,61,0,8.5,2024-12-10,1,Dropped,Mobile,Afternoon,6,11.5,
C0048,"Cell, The",56,0,5.7,2025-04-08,3,Partial,Mobile,Afternoon,2,0.0,
C0048,Gladiator,55,0,5.2,2024-11-20,4,Dropped,Laptop,Morning,9,19.2,
C0048,25th Hour,82,1,,2025-01-12,0,Partial,Laptop,Afternoon,1,11.42,
C0048,Rosetta,57,0,,2025-05-03,0,Partial,Smart TV,Night,7,0.0,
C0048,Case 39,65,0,,2025-06-18,1,Dropped,Mobile,Evening,2,5.52,
C0048,La La Land,24,0,9.6,2024-12-06,4,Partial,Laptop,Afternoon,8,17.55,Loved it!
C0048,Commando,95,1,9.7,2025-06-09,1,Completed,Tablet,Evening,1,0.0,
C0048,"Informant, The",36,0,9.3,2025-07-01,4,Dropped,Laptop,Morning,6,0.0,
C0048,Eagle Eye,24,0,5.6,2025-05-24,3,Dropped,Laptop,Evening,7,19.09,
C0048,It's Complicated,82,1,7.8,2025-06-26,4,Partial,Tablet,Night,1,0.0,Could be better.
C0048,Revolutionary Road,61,0,6.5,2025-10-14,1,Partial,Laptop,Evening,10,0.0,
C0049,Snatch,96,1,5.4,2024-12-25,2,Completed,Tablet,Evening,2,0.0,
C0049,Babel,91,1,5.6,2025-09-19,2,Completed,Smart TV,Night,1,8.5,Loved it!
C0049,Sleepless in Seattle,48,0,8.9,2025-07-15,2,Partial,Smart TV,Night,3,3.33,Too slow.
C0049,Citizen Kane,97,1,9.7,2024-11-20,0,Completed,Mobile,Night,0,6.67,Too slow.
C0049,Swingers,46,0,5.2,2024-12-17,1,Partial,Laptop,Afternoon,4,18.21,Not my type.
C0049,A Good Person,24,0,,2025-03-26,4,Dropped,Laptop,Night,7,0.0,Loved it!
C0049,"Hangover, The",24,0,4.7,2025-10-27,3,Partial,Tablet,Afternoon,4,1.53,
C0049,After.Life,21,0,7.3,2025-05-17,1,Dropped,Tablet,Night,3,17.19,
C0049,"Substance, The",22,0,6.8,2025-03-17,0,Partial,Smart TV,Night,6,0.0,Average experience.
C0049,Sing Sing,56,0,,2025-06-08,4,Dropped,Mobile,Night,0,14.55,
C0049,Ronin,48,0,4.1,2025-01-21,1,Partial,Mobile,Evening,7,12.86,Too slow.
C0049,"Visitor, The",41,0,9.7,2025-04-27,4,Dropped,Laptop,Morning,2,16.76,
C0049,"Avengers, The",83,1,5.9,2024-11-02,2,Dropped,Smart TV,Morning,1,11.97,
C0049,Four Feathers,91,1,7.3,2024-12-12,2,Completed,Mobile,Afternoon,1,9.66,
C0049,Boyhood,74,1,6.3,2024-11-21,0,Dropped,Mobile,Morning,2,0.0,
C0049,American Werewolf in London,74,1,7.8,2025-06-28,4,Partial,Smart TV,Afternoon,8,0.19,Could be better.
C0049,Taking Sides,61,0,6.2,2025-04-11,1,Dropped,Smart TV,Evening,8,16.06,
C0049,Swordfish,97,1,6.8,2025-05-10,2,Completed,Laptop,Afternoon,0,16.59,Average experience.
C0049,Dallas Buyers Club,80,1,9.9,2025-09-15,2,Dropped,Mobile,Afternoon,2,0.0,Too slow.
C0049,Semi Pro,96,1,,2025-04-02,4,Completed,Smart TV,Afternoon,1,18.56,Average experience.
C0050,Oppenheimer,52,0,7.8,2025-05-13,1,Dropped,Laptop,Afternoon,1,5.6,Too slow.
C0050,"Taking of Pelham One Two Three, The",95,1,6.3,2025-05-12,4,Completed,Mobile,Evening,2,13.37,Great acting!
C0050,Gladiator,47,0,8.8,2025-08-08,1,Dropped,Mobile,Afternoon,7,6.47,
C0050,Commando,85,1,,2025-08-02,3,Partial,Tablet,Evening,1,2.35,
C0050,Napoleon,80,1,9.0,2025-05-03,2,Dropped,Tablet,Afternoon,0,16.67,
C0050,Virtuosity,76,1,8.7,2024-11-06,0,Partial,Smart TV,Evening,2,0.0,Would watch again!
C0050,Predator,47,0,9.3,2024-12-01,1,Partial,Laptop,Evening,2,19.91,Amazing cinematography!
C0050,20th Century Women,95,1,4.6,2025-07-01,2,Completed,Tablet,Evening,2,12.14,Could be better.
C0050,Oblivion,25,0,,2025-09-25,2,Partial,Tablet,Morning,9,17.26,
C0050,Snow White and the Huntsman,42,0,9.2,2024-11-02,4,Dropped,Laptop,Morning,5,0.0,
C0050,Dune,36,0,9.0,2025-04-19,0,Dropped,Smart TV,Night,10,6.28,
C0050,FairyTale A True Story,98,1,6.0,2025-06-11,2,Completed,Tablet,Afternoon,2,7.33,Average experience.
C0050,Bachelor Party,28,0,8.6,2025-01-11,1,Partial,Laptop,Morning,2,5.51,Average experience.
C0050,127 Hours,59,0,6.1,2025-06-20,2,Partial,Laptop,Morning,9,1.76,
C0050,Black Rain,43,0,,2025-01-15,0,Dropped,Laptop,Morning,3,9.21,
C0050,Kill Your Darlings,44,0,8.4,2025-08-16,2,Dropped,Tablet,Night,4,0.0,Amazing cinematography!
C0051,Eternal Sunshine of the Spotless Mind,54,0,,2025-03-12,1,Partial,Smart TV,Evening,7,0.0,Amazing cinematography!
C0051,"Talented Mr. Ripley, The",77,1,,2024-12-29,1,Dropped,Smart TV,Night,2,4.21,
C0051,Inventing the Abbotts,46,0,9.8,2025-01-30,4,Partial,Mobile,Morning,8,5.16,Loved it!
C0051,Suspect Zero,100,1,4.8,2025-02-08,4,Completed,Smart TV,Evening,1,13.17,
C0051,"Boxtrolls, The",100,1,9.4,2025-07-28,1,Completed,Smart TV,Night,1,12.96,Amazing cinematography!
C0051,"Departed, The",79,1,8.5,2025-03-01,3,Partial,Smart TV,Night,6,4.87,
C0051,Simone,71,1,9.8,2025-03-01,1,Dropped,Laptop,Night,6,19.08,Loved it!
C0051,"Stuntman, The",41,0,,2025-09-27,4,Dropped,Smart TV,Afternoon,2,15.77,Too slow.
C0051,Cradle 2 the Grave,64,0,,2025-03-30,0,Dropped,Tablet,Afternoon,2,1.61,Not my type.
C0051,"Blast from the Past, The",51,0,7.3,2024-10-27,2,Dropped,Laptop,Night,2,9.42,
C0051,Shakespeare in Love,68,0,,2025-03-28,1,Dropped,Smart TV,Night,2,18.71,Amazing cinematography!
C0051,"Prestige, The",96,1,4.4,2025-10-10,3,Completed,Smart TV,Morning,0,3.56,Amazing cinematography!
C0052,Oblivion,29,0,4.8,2025-02-17,1,Dropped,Tablet,Afternoon,4,6.79,
C0052,"Damned United, The",56,0,8.1,2024-11-17,3,Dropped,Tablet,Evening,6,0.0,Too slow.
C0052,"Big Sick, The",64,0,4.6,2025-03-23,3,Dropped,Tablet,Afternoon,5,0.0,
C0052,A Prayer Before Dawn,82,1,8.0,2025-07-31,3,Dropped,Tablet,Evening,1,0.0,
C0052,"Rock, The",67,0,8.3,2025-07-31,4,Partial,Laptop,Morning,2,10.63,Too slow.
C0053,"Lord of the Rings Fellowship of the Ring, The",95,1,7.1,2025-06-23,4,Completed,Tablet,Night,1,0.0,Too slow.
C0053,Save the Last Dance,66,0,7.6,2025-05-02,2,Partial,Laptop,Night,5,15.34,Could be better.
C0053,It Happened One Night,65,0,6.7,2025-05-04,2,Dropped,Mobile,Morning,5,10.63,Great acting!
C0053,Thunderbirds,32,0,4.9,2025-04-27,3,Partial,Mobile,Evening,5,13.78,Would watch again!
C0053,Beginners,61,0,,2025-10-18,0,Partial,Laptop,Morning,5,14.99,Loved it!
C0054,Beloved,75,1,,2025-06-11,1,Partial,Smart TV,Evening,9,17.08,Loved it!
C0054,"White Ribbon, The",80,1,9.6,2025-01-07,2,Dropped,Smart TV,Evening,2,12.09,
C0054,"Hunt for Red October, The",20,0,4.1,2024-10-30,3,Dropped,Mobile,Evening,4,15.81,
C0054,"Game, The",48,0,5.9,2025-07-31,0,Partial,Tablet,Night,9,11.9,
C0054,V for Vendetta,21,0,5.9,2025-04-04,3,Dropped,Tablet,Night,7,0.0,
C0054,Heist,71,1,9.1,2025-08-31,0,Partial,Smart TV,Evening,1,0.0,
C0054,Juno,57,0,6.7,2025-02-19,3,Dropped,Tablet,Afternoon,9,12.49,
C0054,Airplane,56,0,6.9,2025-02-13,1,Partial,Laptop,Afternoon,6,16.99,Not my type.
C0054,Broken Embraces,93,1,9.2,2025-01-12,3,Completed,Smart TV,Night,1,8.36,
C0054,Men in Black 3,100,1,9.3,2024-11-08,2,Completed,Laptop,Night,0,9.9,Would watch again!
C0054,E.T.,71,1,,2025-06-27,2,Partial,Tablet,Afternoon,10,7.67,
C0054,Peeping Tom,44,0,7.7,2024-12-20,1,Dropped,Tablet,Night,0,5.0,
C0054,Blade,67,0,7.6,2025-02-28,3,Dropped,Smart TV,Afternoon,7,17.49,Not my type.
C0055,It Happened One Night,28,0,,2025-09-14,1,Partial,Tablet,Night,3,8.87,Great acting!
C0055,Star Trek Nemesis,34,0,,2025-04-19,2,Dropped,Tablet,Afternoon,7,1.4,
C0055,"Synecdoche, New York",80,1,,2025-02-16,0,Partial,Mobile,Evening,2,14.32,
C0055,"Reader, The",81,1,,2025-03-21,0,Partial,Tablet,Night,2,7.27,
C0055,"Producer, The",35,0,9.1,2025-07-01,4,Dropped,Tablet,Afternoon,5,6.8,
C0055,Four Rooms,53,0,7.9,2025-02-18,0,Partial,Smart TV,Night,3,6.85,
C0055,Robin Hood Prince of Thieves,53,0,7.6,2024-11-25,1,Dropped,Smart TV,Evening,0,0.0,Amazing cinematography!
C0055,"Kids Are All Right, The",40,0,5.8,2025-03-04,3,Partial,Smart TV,Afternoon,2,0.0,Average experience.
C0055,"Getaway, The",23,0,,2024-11-16,4,Partial,Tablet,Afternoon,9,0.0,Average experience.
C0056,Maestro,39,0,7.0,2024-11-06,4,Partial,Tablet,Night,7,17.42,Would watch again!
C0056,A Scanner Darkly,28,0,5.9,2025-02-14,1,Dropped,Smart TV,Evening,9,15.79,
C0056,Star Trek First Contact,78,1,7.8,2024-12-09,0,Dropped,Mobile,Afternoon,5,7.97,Amazing cinematography!
C0056,Hudson Hawk,90,1,,2025-10-27,4,Completed,Laptop,Morning,0,10.46,Great acting!
C0056,"Ghost and the Darkness, The",78,1,9.9,2025-03-27,2,Partial,Laptop,Morning,3,18.35,
C0056,Taking Sides,58,0,5.4,2025-04-05,4,Partial,Laptop,Night,1,15.63,Too slow.
C0056,Shrek the Third,34,0,6.9,2025-06-28,0,Dropped,Mobile,Night,4,11.63,
C0056,"Relic, The",44,0,7.8,2025-03-13,3,Dropped,Smart TV,Evening,6,9.85,Would watch again!
C0056,JFK,53,0,,2025-10-23,1,Partial,Tablet,Evening,10,6.18,Great acting!
C0056,25th Hour,60,0,,2025-01-15,4,Partial,Smart TV,Night,2,0.0,
C0057,Remember Me,63,0,7.2,2025-10-18,1,Dropped,Smart TV,Morning,3,0.0,
C0057,"Thing, The",80,1,5.8,2025-02-15,4,Dropped,Laptop,Afternoon,1,0.0,
C0057,Dear White People,98,1,6.0,2025-05-10,4,Completed,Laptop,Night,2,8.34,
C0057,Highlander Endgame,80,1,,2025-04-26,2,Partial,Tablet,Afternoon,1,7.08,
C0057,Kill Your Darlings,74,1,8.6,2025-08-02,0,Partial,Smart TV,Morning,6,16.11,
C0057,"Adventures of Buckaroo Banzai Across the Eighth Dimension, The",45,0,8.3,2025-03-04,2,Partial,Laptop,Morning,5,7.65,
C0057,Friday the 13th Part VIII Jason Takes Manhattan,99,1,9.1,2025-01-13,0,Completed,Tablet,Morning,0,0.0,
C0057,Antz,69,0,9.5,2025-04-28,3,Dropped,Smart TV,Evening,9,1.19,Amazing cinematography!
C0058,Rambling Rose,56,0,4.8,2025-04-06,0,Partial,Mobile,Night,2,11.8,
C0058,Rambling Rose,51,0,7.3,2025-06-14,2,Partial,Smart TV,Morning,2,1.36,
C0058,Meet John Doe,77,1,5.3,2024-11-13,2,Partial,Smart TV,Afternoon,7,3.98,
C0058,"Hebrew Hammer, The",97,1,4.1,2025-05-01,0,Completed,Smart TV,Night,1,9.73,Loved it!
C0058,"Abyss, The",92,1,4.2,2025-05-14,4,Completed,Mobile,Evening,2,11.5,
C0058,Wanted,31,0,,2025-02-22,0,Dropped,Mobile,Morning,9,12.2,
C0058,Psycho,55,0,9.3,2025-08-16,1,Partial,Tablet,Morning,2,6.8,
C0058,Agnes of God,71,1,4.0,2024-11-29,3,Dropped,Smart TV,Morning,3,3.01,
C0058,Thor Ragnarok,78,1,5.2,2025-07-09,4,Partial,Mobile,Afternoon,3,4.12,Loved it!
C0058,"Cider House Rules, The",89,1,4.4,2025-09-02,2,Dropped,Smart TV,Afternoon,0,8.49,Not my type.
C0058,All About Eve,37,0,,2025-02-12,3,Dropped,Tablet,Night,0,14.88,
C0058,Arbitrage,77,1,5.2,2025-07-03,3,Dropped,Laptop,Morning,2,11.57,
C0058,Foxcatcher,35,0,,2024-12-13,4,Partial,Smart TV,Evening,6,0.0,
C0058,Shivers,52,0,9.7,2025-08-26,0,Dropped,Mobile,Night,6,17.15,Could be better.
C0058,Quantum Project,58,0,8.2,2025-03-25,3,Partial,Laptop,Morning,4,17.95,Not my type.
C0058,War for the Planet of the Apes,21,0,4.9,2025-10-24,3,Dropped,Smart TV,Morning,9,17.33,
C0059,Deadpool,73,1,9.6,2025-05-18,1,Dropped,Smart TV,Evening,1,0.6,Average experience.
C0059,"Hitchhiker's Guide to the Galaxy, The",99,1,8.7,2025-09-24,2,Completed,Tablet,Morning,1,0.0,
C0059,"Apartment, The",89,1,7.6,2025-06-16,4,Dropped,Mobile,Afternoon,0,0.0,
C0059,"Planet of the Apes, The",28,0,6.9,2025-10-15,3,Partial,Laptop,Afternoon,9,0.01,Could be better.
C0059,Legend,89,1,7.7,2025-10-23,0,Partial,Laptop,Night,2,11.42,Great acting!
C0059,Get Carter,30,0,8.3,2025-07-08,2,Dropped,Smart TV,Afternoon,3,0.0,
C0059,Light Sleeper,79,1,7.1,2025-02-11,4,Partial,Mobile,Afternoon,5,13.22,
C0059,My Week with Marilyn,100,1,5.2,2025-07-16,1,Completed,Smart TV,Morning,0,16.71,Average experience.
C0059,A Prayer Before Dawn,93,1,9.1,2024-12-29,1,Completed,Mobile,Night,1,9.06,Would watch again!
C0059,Inception,85,1,,2024-10-27,2,Dropped,Mobile,Evening,1,9.75,
C0059,Machine Gun Preacher,86,1,8.7,2025-09-16,3,Dropped,Mobile,Afternoon,0,0.0,Too slow.
C0059,Tucker and Dale vs Evil,57,0,6.1,2025-03-14,3,Partial,Laptop,Morning,8,0.0,
C0059,Crank,48,0,5.2,2025-03-14,2,Dropped,Laptop,Morning,8,4.61,
C0059,Monkeybone,40,0,5.0,2024-12-09,4,Dropped,Smart TV,Afternoon,8,12.19,
C0059,Arbitrage,71,1,9.4,2025-07-06,3,Partial,Mobile,Night,5,0.0,
C0059,Beauty and the Beast,52,0,8.0,2025-04-29,1,Dropped,Laptop,Morning,6,0.0,Great acting!
C0059,Nickel Boys,40,0,6.3,2025-09-24,1,Dropped,Laptop,Evening,1,0.0,
C0059,One Flew Over the Cuckoo's Nest,35,0,7.5,2025-07-06,1,Dropped,Smart TV,Night,2,15.21,Too slow.
C0060,Rush,49,0,5.8,2025-05-16,0,Partial,Smart TV,Afternoon,1,15.09,
C0060,Analyze That,68,0,,2025-07-04,2,Dropped,Tablet,Night,6,17.52,
C0060,"Island, The",48,0,4.5,2025-09-11,4,Partial,Mobile,Afternoon,10,14.03,Loved it!
C0060,"Incredibles, The",55,0,,2024-11-23,4,Partial,Tablet,Night,10,19.66,Too slow.
C0060,Grosse Point Blank,94,1,7.5,2025-03-23,2,Completed,Tablet,Morning,2,12.13,
C0060,Angel Eyes,97,1,9.0,2025-07-18,0,Completed,Tablet,Morning,0,4.77,
C0060,Ninja Assassin,25,0,8.7,2025-08-18,3,Dropped,Laptop,Night,10,8.64,
C0060,Watchmen,43,0,9.7,2024-12-05,0,Partial,Smart TV,Night,0,16.99,Amazing cinematography!
C0061,I Still Know What You Did Last Summer,77,1,5.9,2024-11-23,2,Dropped,Smart TV,Afternoon,8,10.95,Average experience.
C0061,Drag Me to Hell,83,1,,2025-02-19,2,Partial,Tablet,Afternoon,1,2.03,
C0061,Kramer vs Kramer,99,1,5.1,2025-10-18,3,Completed,Smart TV,Afternoon,1,9.71,Would watch again!
C0061,Death to Smoochy,41,0,4.7,2025-08-21,4,Partial,Laptop,Evening,8,7.96,
C0061,Blood and Wine,31,0,,2025-07-23,3,Partial,Mobile,Afternoon,5,7.94,
C0061,Jackie Brown,98,1,4.5,2025-07-12,1,Completed,Mobile,Night,0,0.0,Could be better.
C0061,South Park,48,0,,2025-04-26,1,Dropped,Mobile,Afternoon,7,4.32,Not my type.
C0061,Sing Sing,76,1,7.3,2025-07-26,4,Dropped,Tablet,Night,2,11.62,
C0061,Here Comes Peter Cottontail,66,0,,2025-08-18,2,Partial,Mobile,Evening,5,18.74,Amazing cinematography!
C0061,Collateral Damage,61,0,,2025-04-12,1,Dropped,Smart TV,Morning,8,10.71,Not my type.
C0061,U Turn,48,0,,2025-03-21,0,Partial,Mobile,Night,7,1.29,
C0061,Very Bad Things,77,1,4.3,2025-06-19,2,Partial,Smart TV,Afternoon,1,1.31,
C0062,So I Married an Axe Murderer,75,1,9.7,2024-12-05,3,Dropped,Laptop,Night,4,13.49,Average experience.
C0062,Tombstone,95,1,4.0,2024-10-29,4,Completed,Mobile,Morning,2,11.75,
C0062,Bad Country,87,1,5.0,2025-04-20,1,Dropped,Mobile,Afternoon,0,0.0,
C0062,"Little Mermaid, The",31,0,6.4,2025-02-08,3,Partial,Smart TV,Night,7,0.0,Too slow.
C0062,Marty,42,0,9.3,2025-03-20,3,Dropped,Mobile,Afternoon,4,4.53,
C0063,Rocky,32,0,4.1,2024-11-03,4,Dropped,Mobile,Morning,10,3.37,
C0063,2012,61,0,4.2,2025-06-29,4,Partial,Laptop,Morning,2,0.0,
C0063,Thunderheart,47,0,,2025-05-12,0,Dropped,Laptop,Evening,9,0.0,Great acting!
C0063,Reservoir Dogs,23,0,9.6,2025-02-20,0,Partial,Mobile,Evening,1,3.61,
C0063,Spider Man,44,0,10.0,2025-07-27,2,Partial,Smart TV,Night,7,13.37,Not my type.
C0063,Cradle 2 the Grave,50,0,,2025-02-19,3,Dropped,Mobile,Night,0,18.33,
C0063,"Synecdoche, New York",31,0,5.9,2025-10-01,4,Partial,Tablet,Afternoon,4,8.96,Average experience.
C0063,"Queen, The",68,0,4.1,2025-01-25,0,Partial,Smart TV,Night,9,9.95,
C0063,Asteroid City,87,1,,2025-05-21,1,Dropped,Mobile,Evening,2,11.43,Amazing cinematography!
C0063,"Three Musketeers, The",23,0,5.8,2025-03-13,1,Partial,Laptop,Morning,10,14.77,
C0063,"Sting, The",67,0,4.3,2025-10-10,1,Dropped,Tablet,Night,2,14.25,Not my type.
C0063,Flight,93,1,4.1,2024-12-28,3,Completed,Smart TV,Afternoon,2,0.0,Not my type.
C0063,Dune,69,0,,2025-01-12,2,Partial,Tablet,Morning,2,0.0,Could be better.
C0063,Warm Springs,100,1,9.6,2025-07-06,2,Completed,Tablet,Night,2,0.0,
C0063,In the Bedroom,44,0,,2024-12-16,3,Partial,Laptop,Morning,10,0.84,
C0064,Batman,34,0,9.4,2025-01-02,3,Dropped,Smart TV,Afternoon,8,18.87,Average experience.
C0064,"Time Machine, The",56,0,7.4,2025-01-04,0,Dropped,Mobile,Night,3,11.09,Great acting!
C0064,Sense and Sensibility,81,1,5.4,2024-12-24,3,Dropped,Tablet,Morning,2,4.84,
C0064,"Crazy, Stupid, Love",76,1,4.2,2025-04-28,4,Dropped,Smart TV,Afternoon,5,0.0,Great acting!
C0064,Happy Feet,42,0,5.2,2025-01-18,0,Partial,Smart TV,Night,2,10.11,Not my type.
C0064,"Reader, The",23,0,,2024-12-18,0,Dropped,Smart TV,Evening,8,0.0,
C0064,Austin Powers   The Spy Who Shagged Me,34,0,6.5,2024-11-19,4,Dropped,Mobile,Afternoon,5,2.87,Not my type.
C0064,Music of the Heart,20,0,8.9,2025-05-14,4,Dropped,Mobile,Afternoon,10,0.0,
C0064,Shifty,93,1,5.7,2025-06-19,4,Completed,Smart TV,Night,1,4.75,Could be better.
C0064,"Ruins, The",81,1,,2025-05-11,1,Partial,Laptop,Evening,0,0.0,
C0064,Newsies,52,0,,2025-01-26,2,Dropped,Tablet,Night,4,0.0,Not my type.
C0064,Cherry Falls,100,1,9.7,2025-10-23,3,Completed,Smart TV,Night,1,8.88,Amazing cinematography!
C0065,Observe and Report,37,0,5.2,2025-03-25,1,Dropped,Smart TV,Afternoon,10,7.27,Average experience.
C0065,"Kids Are All Right, The",47,0,6.8,2025-09-05,4,Partial,Tablet,Evening,9,3.99,Great acting!
C0065,Sweeney Todd The Demon Barber of Fleet Street,75,1,6.7,2025-05-09,1,Partial,Tablet,Afternoon,4,13.61,
C0065,Wicked,45,0,5.9,2025-04-28,1,Dropped,Mobile,Night,5,15.27,
C0065,Body of Evidence,28,0,4.1,2024-11-19,0,Partial,Laptop,Morning,5,7.13,
C0065,Kids,28,0,9.5,2025-08-30,4,Partial,Laptop,Night,5,5.79,Great acting!
C0065,Despicable Me 2,73,1,9.5,2025-05-02,3,Dropped,Laptop,Night,4,18.07,
C0065,Reservoir Dogs,32,0,4.8,2024-12-02,3,Partial,Tablet,Night,7,0.0,Amazing cinematography!
C0065,"Wrestler, The",93,1,9.4,2025-07-23,3,Completed,Smart TV,Evening,1,17.73,Great acting!
C0065,Ninja Assassin,39,0,9.6,2024-12-15,1,Partial,Laptop,Evening,1,19.67,Average experience.
C0065,Metro,52,0,5.7,2025-05-28,4,Dropped,Smart TV,Night,5,1.04,Could be better.
C0065,Rise of the Planet of the Apes,75,1,5.6,2025-09-09,3,Dropped,Mobile,Evening,8,0.0,
C0065,"White Ribbon, The",22,0,,2024-12-13,3,Partial,Tablet,Night,0,5.41,Amazing cinematography!
C0065,ParaNorman,63,0,6.1,2025-06-21,2,Dropped,Mobile,Night,4,0.0,
C0065,"Last Boy Scout, The",85,1,,2025-10-26,0,Dropped,Laptop,Morning,0,0.0,Great acting!
C0066,Beavis and Butt head Do America,21,0,8.4,2025-07-21,2,Dropped,Mobile,Afternoon,9,17.43,Amazing cinematography!
C0066,"Change Up, The",27,0,5.2,2025-03-03,0,Dropped,Laptop,Morning,1,0.0,
C0066,Four Rooms,26,0,6.3,2025-03-09,4,Dropped,Tablet,Night,3,9.91,
C0066,Into the Woods,95,1,,2025-06-28,0,Completed,Smart TV,Night,0,1.59,
C0066,Creation,89,1,,2025-09-22,0,Dropped,Smart TV,Afternoon,0,15.13,Average experience.
C0066,"Perks of Being a Wallflower, The",84,1,5.3,2025-06-27,2,Partial,Smart TV,Afternoon,2,0.0,
C0066,Indiana Jones and the Raiders of the Lost Ark,40,0,4.4,2024-12-09,2,Dropped,Smart TV,Night,1,17.97,Too slow.
C0067,Bad Santa,92,1,9.0,2025-04-19,3,Completed,Smart TV,Evening,2,7.41,Would watch again!
C0067,Trap Livin',44,0,5.0,2025-07-16,2,Partial,Tablet,Night,7,15.93,
C0067,Schindler's List,79,1,,2025-10-16,3,Partial,Laptop,Morning,2,7.63,
C0067,Ocean's Eleven,66,0,8.7,2025-02-23,1,Dropped,Smart TV,Afternoon,3,0.0,Great acting!
C0067,"Lord of the Rings Fellowship of the Ring, The",45,0,,2024-12-11,2,Partial,Tablet,Afternoon,3,14.47,Great acting!
C0067,"Avventura, L' (The Adventure)",65,0,,2025-05-06,0,Partial,Laptop,Night,9,0.0,Would watch again!
C0067,Pi,82,1,5.8,2024-11-13,1,Partial,Smart TV,Evening,2,12.23,
C0067,Love and Basketball,67,0,,2025-03-27,1,Partial,Laptop,Night,1,0.0,Not my type.
C0067,Life As A House,49,0,,2024-12-23,2,Partial,Laptop,Evening,8,15.88,
C0067,Leaving Las Vegas,100,1,9.5,2025-09-03,4,Completed,Tablet,Afternoon,0,9.4,Too slow.
C0067,Crying Game,99,1,7.2,2024-12-27,3,Completed,Smart TV,Evening,0,15.55,
C0067,Crazylove,66,0,,2025-02-26,0,Partial,Tablet,Afternoon,3,6.54,
C0067,"Walk to Remember, A",38,0,,2024-11-10,3,Partial,Mobile,Afternoon,10,0.0,
C0067,Jacob's Ladder,27,0,5.2,2025-06-09,4,Partial,Laptop,Afternoon,6,16.37,Could be better.
C0067,Crime Spree,57,0,7.9,2025-04-19,3,Dropped,Laptop,Evening,7,19.86,Average experience.
C0067,"Way Back, The",76,1,4.6,2025-05-20,2,Partial,Smart TV,Evening,3,9.07,Great acting!
C0068,Charlie's Angels,26,0,,2025-05-05,4,Partial,Tablet,Evening,2,14.41,
C0068,"LEGO Movie, The",70,0,7.7,2025-01-13,0,Partial,Laptop,Evening,9,0.79,
C0068,Sphere,28,0,,2025-10-03,1,Dropped,Mobile,Morning,8,0.0,
C0068,"Mechanic, The",65,0,6.5,2025-08-19,0,Partial,Laptop,Night,8,0.0,Average experience.
C0068,Tropic Thunder,31,0,,2024-12-24,3,Dropped,Mobile,Morning,4,0.0,Loved it!
C0069,Shrek,25,0,8.6,2025-02-05,1,Dropped,Tablet,Evening,5,12.69,Could be better.
C0069,Aladdin,73,1,4.2,2025-05-08,4,Dropped,Smart TV,Afternoon,3,0.14,
C0069,Silver Bullet,41,0,4.9,2025-04-10,0,Partial,Smart TV,Evening,8,7.77,
C0069,Logan,45,0,5.6,2025-08-24,0,Partial,Tablet,Night,0,19.35,
C0069,First Cow,43,0,6.3,2025-08-05,0,Dropped,Laptop,Afternoon,9,5.97,
C0069,"Things My Father Never Taught Me, The",58,0,4.3,2025-09-24,1,Partial,Smart TV,Afternoon,8,0.0,Great acting!
C0069,Fletch,83,1,,2024-12-23,3,Partial,Laptop,Night,1,3.31,Could be better.
C0069,Being There,98,1,4.0,2024-12-22,0,Completed,Laptop,Morning,0,18.6,Average experience.
C0069,Bones,26,0,7.9,2025-06-21,3,Partial,Mobile,Morning,4,0.45,
C0069,John Wick,38,0,9.6,2025-09-18,1,Dropped,Tablet,Morning,7,0.0,Not my type.
C0069,Withnail and I,91,1,4.1,2025-08-29,4,Completed,Mobile,Night,0,3.07,Average experience.
C0069,"American President, The",83,1,6.8,2024-10-30,1,Dropped,Smart TV,Morning,2,0.0,
C0070,Sicario,45,0,,2025-03-31,0,Partial,Mobile,Afternoon,3,16.21,
C0070,Wall E,75,1,8.2,2025-09-25,1,Dropped,Laptop,Evening,5,0.0,Would watch again!
C0070,Mission to Mars,67,0,7.2,2024-11-08,2,Partial,Smart TV,Night,2,7.44,
C0070,Cruel Intentions,83,1,6.4,2025-10-13,3,Dropped,Mobile,Evening,0,7.17,Great acting!
C0070,Made,84,1,,2025-01-22,1,Partial,Laptop,Afternoon,2,0.0,
C0070,No One Will Save You,30,0,,2025-03-14,0,Dropped,Laptop,Morning,9,0.0,
C0070,Get Out,62,0,6.0,2025-05-12,2,Partial,Mobile,Night,3,15.0,
C0070,Get Low,78,1,8.2,2024-12-19,1,Dropped,Laptop,Morning,7,0.0,Could be better.
C0070,Pandorum,58,0,,2025-08-14,4,Dropped,Laptop,Afternoon,0,0.0,Not my type.
C0070,"Battle of Algiers, The",28,0,9.7,2024-12-27,3,Partial,Smart TV,Night,0,6.0,Not my type.
C0070,"Producer, The",99,1,6.9,2025-03-16,4,Completed,Smart TV,Morning,2,0.63,Loved it!
C0070,Shallow Grave,69,0,8.6,2025-04-26,3,Partial,Mobile,Night,0,19.26,
C0070,"Shawshank Redemption, The",52,0,4.5,2024-12-13,0,Partial,Mobile,Night,5,0.0,
C0070,Legend,59,0,8.2,2025-01-03,3,Dropped,Tablet,Night,1,0.0,Loved it!
C0071,"Rock, The",43,0,8.2,2025-06-05,3,Dropped,Laptop,Evening,9,0.0,
C0071,Rocky,57,0,,2025-08-27,0,Partial,Laptop,Evening,6,0.0,Too slow.
C0071,Silver Linings Playbook,82,1,6.3,2025-09-26,1,Partial,Laptop,Morning,1,0.0,Would watch again!
C0071,"Rescuers Down Under, The",34,0,4.8,2024-10-31,4,Dropped,Mobile,Night,7,13.98,Amazing cinematography!
C0071,Pirates of the Caribbean,80,1,6.6,2025-02-04,3,Dropped,Smart TV,Morning,0,0.0,
C0071,"Shawshank Redemption, The",71,1,5.5,2025-04-29,1,Dropped,Tablet,Morning,2,0.0,Not my type.
C0071,Trap Livin',67,0,6.9,2024-12-03,1,Partial,Laptop,Morning,8,0.0,Could be better.
C0072,A Million Miles Away,67,0,8.7,2025-04-05,0,Partial,Tablet,Morning,4,2.74,
C0072,Frequency,44,0,6.9,2025-06-15,1,Dropped,Mobile,Afternoon,6,12.54,
C0072,"Crow, The",36,0,,2025-06-12,1,Dropped,Smart TV,Night,8,1.45,Average experience.
C0072,Get Carter,53,0,8.5,2025-07-06,0,Partial,Smart TV,Night,0,0.0,
C0072,Nick of Time,77,1,9.2,2025-05-01,1,Partial,Tablet,Night,10,12.71,Could be better.
C0072,Beauty and the Beast,75,1,6.5,2025-07-22,4,Dropped,Tablet,Afternoon,10,0.0,Could be better.
C0072,Machete,58,0,,2024-11-29,4,Partial,Laptop,Evening,7,7.72,
C0072,Serenity,63,0,6.9,2025-01-30,2,Dropped,Laptop,Evening,10,0.0,Could be better.
C0072,Kundun,61,0,,2025-07-25,4,Dropped,Smart TV,Evening,4,0.0,Average experience.
C0072,"Hills Have Eyes, The",96,1,8.0,2025-09-10,4,Completed,Smart TV,Afternoon,2,0.0,
C0072,Ticker,90,1,8.8,2025-07-26,4,Completed,Laptop,Afternoon,0,17.52,
C0072,"Lord of the Rings Fellowship of the Ring, The",43,0,,2025-09-19,3,Partial,Smart TV,Afternoon,6,5.41,
C0072,"Crow, The",52,0,5.5,2025-03-15,3,Partial,Tablet,Morning,1,0.0,
C0072,"Ruins, The",90,1,5.7,2024-12-13,4,Completed,Tablet,Night,0,0.0,
C0072,Brick,80,1,5.9,2025-01-12,1,Dropped,Smart TV,Morning,1,19.88,Too slow.
C0072,Breaking Away,90,1,4.8,2025-09-07,0,Completed,Mobile,Night,0,0.0,
C0072,42,34,0,7.7,2025-01-26,2,Partial,Smart TV,Night,3,0.0,
C0073,Grabbers,39,0,7.5,2025-09-30,1,Dropped,Tablet,Night,3,0.35,Could be better.
C0073,Chasing Sleep,32,0,6.4,2025-08-28,1,Partial,Tablet,Afternoon,2,5.59,Could be better.
C0073,Withnail and I,96,1,,2025-06-21,3,Completed,Tablet,Afternoon,0,0.0,Would watch again!
C0073,Dallas Buyers Club,69,0,,2025-02-02,3,Dropped,Smart TV,Evening,3,9.83,
C0073,Leaving Las Vegas,22,0,,2025-06-08,3,Dropped,Tablet,Evening,2,12.02,
C0073,Disturbia,71,1,5.9,2025-03-28,3,Partial,Mobile,Afternoon,4,7.59,
C0073,Wall E,51,0,4.4,2025-02-12,0,Partial,Tablet,Evening,5,9.82,
C0073,Blade Trinity,75,1,5.4,2025-10-06,2,Partial,Laptop,Night,2,0.0,
C0073,American Pie,68,0,8.6,2025-03-20,0,Dropped,Tablet,Morning,9,1.0,Could be better.
C0073,"Curious Case of Benjamin Button, The",57,0,6.6,2025-05-08,1,Dropped,Mobile,Night,4,0.0,Too slow.
C0073,"Whistleblower, The",42,0,6.8,2025-09-03,3,Dropped,Mobile,Afternoon,0,3.91,
C0073,Boondock Saints 2 All Saints Day,54,0,,2025-08-09,1,Dropped,Laptop,Night,8,14.46,Great acting!
C0073,50 50,61,0,,2025-06-26,2,Dropped,Laptop,Morning,6,0.0,Great acting!
C0073,Grand Theft Parsons,97,1,,2025-09-16,4,Completed,Laptop,Evening,1,0.0,Too slow.
C0073,"Deer Hunter, The",97,1,4.4,2025-05-24,3,Completed,Tablet,Afternoon,0,0.0,
C0073,"Ninth Gate, The",90,1,6.4,2025-05-19,4,Completed,Tablet,Night,2,7.08,
C0074,Tall in the Saddle,72,1,9.1,2025-07-06,1,Dropped,Tablet,Afternoon,1,7.35,Average experience.
C0074,Moonrise Kingdom,58,0,5.9,2025-01-20,1,Dropped,Smart TV,Afternoon,6,15.01,Great acting!
C0074,No One Will Save You,51,0,9.4,2024-12-11,3,Partial,Tablet,Night,6,9.3,
C0074,Clash of the Titans,73,1,,2025-02-11,1,Dropped,Tablet,Morning,4,7.01,
C0074,Being There,96,1,8.9,2025-09-23,4,Completed,Smart TV,Night,0,17.37,Amazing cinematography!
C0074,Fair Game,59,0,,2025-10-03,1,Dropped,Smart TV,Morning,2,11.23,Not my type.
C0074,Ali,77,1,8.8,2025-03-22,3,Partial,Tablet,Evening,4,16.02,
C0074,Slumdog Millionaire,75,1,4.2,2025-05-05,4,Dropped,Smart TV,Afternoon,6,14.29,
C0074,Creation,38,0,5.2,2025-01-20,4,Partial,Laptop,Evening,6,0.0,Loved it!
C0074,"Family Man, The",73,1,6.5,2024-12-01,1,Partial,Smart TV,Evening,3,0.0,Loved it!
C0074,Simone,28,0,9.5,2025-03-05,1,Partial,Tablet,Morning,1,16.23,Amazing cinematography!
C0074,Hellraiser Deader,93,1,9.3,2025-07-07,2,Completed,Smart TV,Evening,2,0.0,
C0074,"Way Back, The",51,0,4.1,2025-05-03,3,Partial,Mobile,Evening,8,19.46,
C0075,Hellraiser 3 Hell on Earth,33,0,,2025-08-10,4,Dropped,Tablet,Afternoon,3,3.07,Amazing cinematography!
C0075,Ocean's Eleven,73,1,5.8,2024-11-22,1,Dropped,Tablet,Night,10,0.0,Loved it!
C0075,Pandorum,75,1,,2024-12-28,0,Partial,Tablet,Evening,1,9.73,
C0075,You Can Count On Me,47,0,9.1,2024-12-26,2,Dropped,Mobile,Afternoon,5,0.0,Average experience.
C0075,"Boondock Saints, The",30,0,8.4,2025-10-14,1,Partial,Laptop,Night,1,15.87,
C0075,Arsenic and Old Lace,20,0,4.2,2025-01-12,2,Partial,Smart TV,Evening,10,0.81,
C0075,Bookworm,24,0,,2025-02-20,0,Dropped,Tablet,Morning,3,17.94,
C0075,Breaking Away,54,0,7.7,2025-01-04,4,Dropped,Smart TV,Evening,2,0.0,
C0075,Deadpool,85,1,7.6,2025-07-22,2,Dropped,Smart TV,Night,1,13.9,
C0075,Silver Bullet,59,0,,2025-09-13,3,Partial,Mobile,Afternoon,4,4.21,Great acting!
C0075,Beloved,27,0,4.7,2025-03-28,0,Partial,Laptop,Afternoon,2,5.65,Amazing cinematography!
C0075,Silent Grace,75,1,9.6,2025-07-07,4,Partial,Mobile,Afternoon,7,7.28,Amazing cinematography!
C0075,Arbitrage,24,0,,2025-02-10,2,Partial,Smart TV,Afternoon,7,19.33,
C0075,RKO 281,37,0,,2025-07-01,3,Partial,Tablet,Afternoon,0,3.28,Too slow.
C0076,Crying Game,25,0,,2025-10-11,1,Partial,Smart TV,Evening,3,8.36,
C0076,Mad Max 2 The Road Warrior,98,1,4.0,2025-10-16,3,Completed,Smart TV,Afternoon,0,0.0,
C0076,Thirteen Days,70,0,,2025-02-06,4,Dropped,Tablet,Night,0,14.38,
C0076,Annie Hall,56,0,6.4,2025-04-19,0,Partial,Laptop,Night,7,12.18,Amazing cinematography!
C0076,RKO 281,53,0,7.9,2025-07-28,0,Dropped,Mobile,Evening,6,0.0,
C0076,Game 6,77,1,4.0,2024-12-30,0,Dropped,Mobile,Evening,8,10.93,Could be better.
C0076,Sphere,94,1,8.0,2025-03-24,2,Completed,Laptop,Morning,0,7.78,
C0076,Trainspotting,45,0,6.6,2025-03-31,2,Dropped,Smart TV,Night,0,0.0,
C0076,Do The Right Thing,57,0,6.5,2025-01-22,3,Dropped,Smart TV,Afternoon,5,0.0,
C0076,"Town, The",90,1,4.5,2025-01-26,1,Completed,Smart TV,Morning,0,1.32,
C0076,Easy A,34,0,6.0,2025-07-11,4,Partial,Smart TV,Morning,7,5.57,Too slow.
C0076,Dune Part One,69,0,,2025-07-26,4,Partial,Laptop,Morning,9,15.87,Too slow.
C0076,Croupier,63,0,8.9,2024-12-15,4,Dropped,Mobile,Night,10,6.8,Average experience.
C0076,"Substance, The",71,1,5.1,2025-04-11,3,Dropped,Tablet,Afternoon,10,15.62,
C0076,"Neverending Story, The",61,0,5.2,2025-07-26,0,Dropped,Smart TV,Night,3,0.0,Amazing cinematography!
C0077,48 Hrs.,60,0,,2025-07-26,0,Dropped,Tablet,Morning,9,15.32,
C0077,South Park,90,1,,2025-10-11,2,Completed,Laptop,Morning,2,15.72,
C0077,Knocked Up,88,1,,2025-07-13,2,Dropped,Smart TV,Morning,0,13.3,
C0077,Mulholland Drive,39,0,,2025-04-13,0,Partial,Smart TV,Morning,7,6.0,Could be better.
C0077,"English Patient, The",31,0,,2025-03-08,4,Dropped,Smart TV,Evening,1,0.0,Amazing cinematography!
C0077,Charlie's Angels,43,0,7.5,2025-09-19,0,Dropped,Mobile,Morning,4,15.21,
C0077,True Romance,93,1,,2024-11-27,4,Completed,Smart TV,Evening,2,2.01,Loved it!
C0077,Platoon,31,0,5.6,2025-09-04,0,Dropped,Mobile,Morning,1,11.77,Would watch again!
C0077,Sense and Sensibility,66,0,4.6,2024-11-28,1,Dropped,Mobile,Morning,5,0.0,
C0077,Ace Ventura Pet Detective,80,1,8.2,2025-05-08,1,Dropped,Laptop,Night,0,17.5,
C0077,Soldier,90,1,6.6,2024-12-25,4,Completed,Smart TV,Night,0,5.85,Average experience.
C0077,Hotel Rwanda,51,0,9.3,2025-06-13,3,Partial,Laptop,Night,0,8.11,Could be better.
C0077,Wild Hogs,43,0,,2025-01-30,4,Dropped,Mobile,Afternoon,2,4.62,Loved it!
C0077,"Ninth Gate, The",37,0,,2025-08-10,2,Dropped,Tablet,Morning,10,0.0,Loved it!
C0077,Breakdown,63,0,4.9,2025-05-28,0,Partial,Laptop,Evening,6,10.38,Not my type.
C0077,Flight,69,0,9.2,2025-05-14,1,Partial,Mobile,Night,4,5.04,Great acting!
C0077,"Avventura, L' (The Adventure)",78,1,5.2,2024-10-28,0,Partial,Tablet,Afternoon,4,0.0,Loved it!
C0077,They,28,0,6.1,2025-09-27,1,Partial,Laptop,Afternoon,4,19.27,Would watch again!
C0078,Code of Silence,22,0,7.9,2025-09-30,3,Dropped,Mobile,Afternoon,1,0.0,Could be better.
C0078,"Hudsucker Proxy, The",86,1,8.5,2024-12-09,0,Dropped,Tablet,Morning,0,5.04,Great acting!
C0078,The Rage Carrie 2,20,0,4.1,2025-08-02,4,Partial,Tablet,Evening,0,3.75,
C0078,Hard to Kill,54,0,7.8,2025-01-16,4,Partial,Smart TV,Morning,6,3.93,Loved it!
C0078,"Master, The",80,1,7.2,2025-04-06,3,Dropped,Laptop,Night,2,0.0,Great acting!
C0078,Peggy Sue Got Married,25,0,6.5,2025-05-21,0,Dropped,Mobile,Night,2,0.0,Amazing cinematography!
C0078,American Pie,52,0,7.5,2025-07-06,0,Partial,Mobile,Night,3,0.0,
C0078,Blood and Wine,52,0,7.2,2024-11-13,1,Dropped,Mobile,Night,4,13.15,
C0078,"Sessions, The",47,0,9.3,2025-10-09,0,Dropped,Smart TV,Afternoon,9,0.0,Amazing cinematography!
C0078,Ronin,91,1,4.2,2025-07-16,0,Completed,Laptop,Morning,2,0.0,Great acting!
C0078,Anora,42,0,5.3,2025-03-28,1,Partial,Laptop,Night,0,4.51,Too slow.
C0078,Midnight Express,100,1,8.6,2025-08-02,3,Completed,Tablet,Afternoon,2,0.0,
C0078,Mrs. Brown,20,0,4.2,2025-10-17,1,Partial,Tablet,Morning,1,4.24,Too slow.
C0078,Ghost Ship,41,0,7.1,2025-10-01,4,Partial,Laptop,Night,2,11.89,
C0078,Rise of the Planet of the Apes,74,1,9.0,2025-04-28,3,Partial,Mobile,Evening,4,18.52,
C0078,Fantastic Beasts The Crimes of Grindelwald,71,1,,2025-07-11,3,Dropped,Mobile,Morning,2,4.59,
C0078,Virtuosity,81,1,7.9,2025-06-03,1,Dropped,Mobile,Afternoon,2,15.98,Loved it!
C0078,Gremlins,88,1,6.0,2025-03-29,4,Dropped,Tablet,Evening,1,2.72,Average experience.
C0078,Five Easy Pieces,37,0,,2024-11-14,1,Dropped,Mobile,Afternoon,9,8.44,
C0079,Saving Mr. Banks,41,0,10.0,2025-05-31,2,Dropped,Mobile,Morning,0,15.51,
C0079,Big,61,0,,2024-12-07,4,Dropped,Mobile,Morning,3,16.11,Amazing cinematography!
C0079,Alien Resurrection,39,0,,2025-08-07,2,Partial,Laptop,Morning,8,15.05,Too slow.
C0079,Wild Hogs,89,1,,2025-09-19,0,Dropped,Mobile,Afternoon,1,15.77,Would watch again!
C0079,State and Main,75,1,4.3,2025-04-02,0,Dropped,Laptop,Evening,3,12.73,Could be better.
C0079,"Other Boleyn Girl, The",68,0,5.4,2024-11-05,1,Partial,Tablet,Afternoon,5,0.98,Great acting!
C0079,Anastasia,90,1,7.8,2025-07-29,0,Completed,Tablet,Night,0,0.0,
C0079,Marty,22,0,8.7,2025-01-19,4,Dropped,Mobile,Afternoon,1,0.0,
C0079,Nightbreed,52,0,,2025-06-21,0,Dropped,Tablet,Evening,10,19.24,
C0079,St. Elmo's Fire,51,0,6.3,2025-01-26,1,Dropped,Laptop,Night,4,0.0,
C0079,Ocean's Twelve,99,1,8.4,2025-08-19,4,Completed,Laptop,Evening,1,0.0,Average experience.
C0079,Miller's Crossing,87,1,,2025-08-07,2,Dropped,Tablet,Night,0,5.83,
C0079,Days of Heaven,65,0,,2025-05-18,2,Partial,Smart TV,Morning,2,4.58,
C0079,Traffic,43,0,9.8,2025-02-11,0,Dropped,Mobile,Night,6,15.84,
C0079,Get Low,33,0,7.3,2025-03-19,4,Dropped,Mobile,Evening,5,2.69,
C0080,"American President, The",57,0,4.3,2025-10-21,2,Dropped,Smart TV,Afternoon,3,0.0,
C0080,FairyTale A True Story,87,1,5.9,2025-09-29,0,Partial,Tablet,Afternoon,0,1.8,
C0080,Ted,79,1,8.7,2025-06-15,4,Dropped,Laptop,Afternoon,3,12.62,Not my type.
C0080,"Other Boleyn Girl, The",61,0,,2024-12-19,0,Partial,Tablet,Morning,1,18.36,
C0080,"Life of David Gale, The",69,0,9.8,2025-09-21,3,Dropped,Mobile,Morning,2,0.0,Loved it!
C0080,Logan,73,1,4.8,2025-06-25,4,Dropped,Mobile,Afternoon,6,12.74,Could be better.
C0080,Philadelphia,20,0,,2025-06-17,1,Partial,Mobile,Evening,9,2.68,Could be better.
C0080,Chaos,87,1,7.5,2025-04-17,0,Partial,Laptop,Afternoon,0,9.55,
C0080,"Nines, The",44,0,8.3,2025-03-20,1,Dropped,Smart TV,Morning,3,6.7,Too slow.
C0080,American Pie,57,0,7.2,2024-11-09,0,Partial,Tablet,Morning,5,0.0,
C0080,"Queen, The",25,0,4.6,2025-03-14,1,Partial,Smart TV,Morning,0,17.5,Not my type.
C0080,Ni vu ni connu,70,0,,2025-02-04,0,Dropped,Laptop,Night,2,1.45,
C0080,Bookworm,42,0,5.5,2025-07-11,2,Partial,Tablet,Morning,6,3.67,
C0080,"Sixth Sense, The",74,1,7.9,2025-03-27,1,Dropped,Tablet,Evening,4,0.81,Loved it!
C0080,FairyTale A True Story,63,0,6.9,2025-07-17,4,Dropped,Mobile,Night,0,0.0,
C0081,"Bourne Identity, The",67,0,8.2,2025-09-14,4,Dropped,Mobile,Evening,9,1.3,Great acting!
C0081,Room,52,0,,2025-07-09,4,Partial,Tablet,Night,10,0.0,
C0081,Blade Trinity,86,1,7.2,2025-03-16,2,Partial,Laptop,Afternoon,0,2.06,Could be better.
C0081,"Dry White Season, A",44,0,9.0,2025-01-06,1,Partial,Tablet,Afternoon,6,11.2,
C0081,Airplane,91,1,6.4,2025-08-01,0,Completed,Smart TV,Night,1,0.61,Not my type.
C0081,"Walk to Remember, A",49,0,5.3,2024-12-17,4,Partial,Mobile,Afternoon,8,0.0,
C0082,127 Hours,64,0,,2025-06-28,0,Dropped,Laptop,Night,5,0.0,
C0082,Pandorum,95,1,7.3,2025-07-23,1,Completed,Tablet,Night,2,0.0,
C0082,White Christmas,68,0,7.8,2025-03-08,1,Dropped,Laptop,Night,6,0.0,
C0082,Evil Dead II Dead by Dawn,87,1,6.0,2025-09-01,0,Partial,Smart TV,Afternoon,1,2.98,
C0082,Silver Bullet,54,0,4.2,2025-05-15,0,Dropped,Tablet,Night,3,0.0,
C0082,Nick of Time,69,0,4.3,2024-12-20,3,Dropped,Mobile,Morning,1,16.29,Loved it!
C0082,Bad Teacher,68,0,7.7,2025-08-19,2,Dropped,Tablet,Evening,10,17.16,Would watch again!
C0082,Dune,100,1,9.2,2025-03-26,3,Completed,Laptop,Night,2,0.0,
C0082,"Incredibles, The",54,0,7.0,2025-01-21,3,Partial,Laptop,Night,2,0.0,
C0082,Oppenheimer,72,1,7.6,2025-08-19,2,Dropped,Mobile,Morning,7,16.52,
C0082,Coriolanus,92,1,7.6,2025-04-29,2,Completed,Laptop,Morning,1,13.49,Not my type.
C0082,Final Destination 2,78,1,9.6,2024-11-07,2,Partial,Tablet,Afternoon,3,19.22,Too slow.
C0082,9,46,0,,2024-12-18,1,Dropped,Tablet,Morning,9,0.0,Not my type.
C0082,Grand Hotel,85,1,,2024-12-05,2,Dropped,Laptop,Night,1,19.53,Not my type.
C0083,Beasts of the Southern Wild,89,1,5.6,2025-03-06,0,Dropped,Mobile,Evening,0,0.0,Loved it!
C0083,Public Enemies,55,0,4.3,2025-03-23,3,Dropped,Tablet,Evening,1,10.68,
C0083,Star Trek II The Wrath of Khan,85,1,5.1,2025-02-06,0,Dropped,Mobile,Morning,1,11.78,
C0083,Fair Game,53,0,9.8,2025-01-02,1,Partial,Laptop,Night,10,4.68,Not my type.
C0083,"Butterfly Effect, The",85,1,8.1,2024-11-06,2,Partial,Mobile,Morning,1,0.0,
C0083,Someone To Watch Over Me,95,1,7.8,2024-12-26,3,Completed,Tablet,Morning,1,1.22,
C0083,Gothika,71,1,8.8,2025-10-24,0,Partial,Laptop,Morning,6,1.69,
C0083,Gangs of New York,100,1,8.0,2025-02-12,0,Completed,Tablet,Night,2,7.32,
C0083,"Boxtrolls, The",53,0,4.9,2024-12-31,0,Dropped,Tablet,Morning,9,0.0,
C0083,"Way Back, The",25,0,7.2,2025-07-24,2,Dropped,Mobile,Night,9,5.78,
C0083,Death at a Funeral,36,0,,2025-06-28,0,Partial,Tablet,Morning,9,4.6,
C0083,Happy Feet,84,1,,2024-11-29,1,Partial,Smart TV,Evening,2,11.07,Too slow.
C0083,Man in the Iron Mask,77,1,7.0,2025-04-14,0,Partial,Tablet,Morning,5,4.71,
C0083,Ni vu ni connu,81,1,8.6,2025-07-15,1,Dropped,Tablet,Night,1,1.56,
C0083,Space Milkshake,98,1,6.3,2025-01-18,1,Completed,Laptop,Night,2,16.91,
C0083,"Last of the Mohicans, The",86,1,7.0,2024-12-16,0,Partial,Smart TV,Morning,1,13.65,
C0083,Army of Darkness,54,0,,2025-01-30,2,Partial,Laptop,Night,9,9.13,Too slow.
C0083,Inception,89,1,8.5,2025-01-14,2,Partial,Laptop,Evening,0,7.86,
C0083,Coraline,65,0,,2025-04-26,4,Partial,Smart TV,Afternoon,10,0.0,
C0084,Gamer,44,0,,2025-02-24,4,Dropped,Laptop,Evening,6,0.0,Amazing cinematography!
C0084,Thor,63,0,9.6,2025-05-23,1,Partial,Laptop,Night,2,3.44,
C0084,Gamer,63,0,8.7,2025-02-22,2,Dropped,Smart TV,Afternoon,8,0.0,
C0084,Midnight Cowboy,23,0,,2024-11-10,3,Partial,Smart TV,Night,8,12.2,
C0084,Here Comes Peter Cottontail,48,0,5.8,2025-07-23,4,Dropped,Smart TV,Morning,1,11.98,Not my type.
C0084,Wonder Boys,50,0,4.2,2025-09-14,2,Dropped,Smart TV,Night,4,0.0,Too slow.
C0084,Life of Pi,45,0,8.4,2024-11-20,2,Dropped,Tablet,Night,7,19.01,Average experience.
C0084,Land of the Dead,25,0,7.7,2025-04-29,1,Dropped,Tablet,Evening,1,0.0,Would watch again!
C0084,There's Something About Mary,35,0,,2025-03-24,4,Dropped,Smart TV,Afternoon,7,0.0,Not my type.
C0084,Only God Forgives,40,0,,2025-05-29,2,Partial,Tablet,Night,0,17.28,
C0084,"Road, The",88,1,5.8,2025-10-04,1,Dropped,Smart TV,Night,2,6.75,
C0084,Total Recall,100,1,7.5,2025-08-28,2,Completed,Smart TV,Evening,2,5.76,
C0084,Carrie,30,0,,2025-04-11,3,Partial,Smart TV,Morning,2,0.13,Great acting!
C0084,Mission Impossible II,49,0,9.3,2025-10-24,0,Dropped,Smart TV,Afternoon,10,17.66,
C0084,Land of the Dead,28,0,5.9,2025-02-16,3,Dropped,Smart TV,Afternoon,10,11.11,Too slow.
C0084,Judge Dredd,56,0,,2025-09-07,4,Partial,Tablet,Night,9,14.33,Not my type.
C0084,Rise of the Planet of the Apes,76,1,5.8,2025-06-22,3,Dropped,Laptop,Morning,2,10.31,
C0085,Into the Woods,46,0,,2025-10-05,0,Dropped,Laptop,Afternoon,8,2.12,Too slow.
C0085,Ferrari,97,1,9.0,2025-09-04,0,Completed,Mobile,Evening,2,0.0,Loved it!
C0085,"Synecdoche, New York",51,0,6.9,2025-07-25,1,Partial,Tablet,Evening,0,15.34,Too slow.
C0085,Dune,43,0,,2025-02-08,3,Partial,Tablet,Evening,4,7.26,
C0085,Colombiana,68,0,7.4,2025-02-06,0,Partial,Tablet,Afternoon,9,0.0,
C0085,My Best Friend's Wedding,90,1,4.6,2024-12-13,0,Completed,Tablet,Afternoon,2,2.42,Too slow.
C0085,Friday the 13th Part VIII Jason Takes Manhattan,45,0,8.3,2025-10-22,1,Dropped,Tablet,Morning,5,0.0,Not my type.
C0085,"Doors, The",32,0,8.8,2025-02-11,4,Dropped,Smart TV,Evening,3,2.88,
C0085,Men in Black,51,0,,2025-04-30,4,Dropped,Tablet,Evening,8,5.34,Would watch again!
C0085,Fruitvale Station,40,0,,2024-12-09,2,Dropped,Tablet,Morning,9,17.31,
C0085,Case 39,43,0,,2024-11-12,4,Partial,Laptop,Morning,2,8.8,Amazing cinematography!
C0085,Semi Pro,87,1,,2025-05-30,0,Dropped,Laptop,Night,2,6.54,
C0085,Clash of the Titans,39,0,8.1,2025-04-27,0,Dropped,Laptop,Evening,6,14.52,Not my type.
C0085,American Sniper,25,0,7.3,2025-07-31,4,Partial,Smart TV,Night,5,13.87,
C0085,Super 8,65,0,7.8,2024-12-06,3,Dropped,Laptop,Morning,3,0.0,
C0085,New York Minute,30,0,,2025-06-09,4,Partial,Laptop,Morning,7,0.0,
C0086,Warm Springs,31,0,4.9,2025-06-13,4,Dropped,Smart TV,Evening,10,0.0,Would watch again!
C0086,Strangers on a Train,44,0,8.9,2025-07-15,0,Partial,Mobile,Night,1,0.0,
C0086,"Butterfly Effect, The",38,0,7.8,2025-02-24,1,Dropped,Tablet,Afternoon,2,0.0,
C0086,Pearl Harbor,79,1,4.8,2024-12-10,0,Dropped,Mobile,Morning,1,2.09,
C0086,Cedar Rapids,99,1,6.7,2025-07-02,2,Completed,Laptop,Night,0,0.0,
C0086,American Psycho,57,0,6.6,2025-07-15,2,Dropped,Smart TV,Morning,10,0.0,
C0086,Spare Me,33,0,8.7,2025-04-22,1,Dropped,Tablet,Morning,4,0.0,
C0086,"Teachers' Lounge, The",37,0,,2024-12-10,0,Partial,Smart TV,Afternoon,2,7.51,Not my type.
C0086,"Man Who Wasn't There, The",68,0,,2025-07-31,0,Dropped,Tablet,Afternoon,10,6.9,
C0086,Ace Ventura Pet Detective,32,0,6.7,2025-05-13,1,Partial,Tablet,Afternoon,6,10.99,
C0086,"Kids Are All Right, The",36,0,4.2,2025-02-06,0,Dropped,Laptop,Morning,2,18.6,Amazing cinematography!
C0087,Ghostbusters,91,1,4.4,2025-08-11,4,Completed,Tablet,Morning,1,19.28,Loved it!
C0087,"Ghost and the Darkness, The",36,0,5.7,2025-06-06,0,Partial,Mobile,Evening,4,3.17,
C0087,Game 6,56,0,4.4,2025-08-09,0,Partial,Smart TV,Night,7,15.37,Average experience.
C0087,Bad Lieutenant,67,0,8.1,2025-09-17,2,Partial,Laptop,Evening,6,18.92,Too slow.
C0087,Hard to Kill,79,1,4.7,2025-03-06,4,Dropped,Laptop,Morning,8,0.0,Average experience.
C0087,Bodyguard,77,1,8.6,2025-05-16,0,Partial,Smart TV,Afternoon,6,10.89,
C0087,Ringu,33,0,4.2,2025-01-19,0,Partial,Tablet,Morning,7,0.0,
C0087,Room,33,0,6.8,2025-02-02,1,Partial,Smart TV,Morning,0,5.75,
C0087,Solaris,58,0,6.4,2025-06-20,0,Dropped,Smart TV,Morning,0,3.63,
C0087,Revolutionary Road,74,1,7.6,2025-05-08,3,Dropped,Laptop,Afternoon,1,6.68,
C0087,Onward,40,0,,2024-11-17,3,Partial,Laptop,Night,6,2.98,Too slow.
C0087,Constantine,80,1,,2025-07-09,2,Partial,Mobile,Night,1,0.0,
C0087,Barbie,34,0,7.5,2025-04-16,3,Dropped,Laptop,Evening,0,0.0,
C0087,Traffic,90,1,8.3,2025-05-15,2,Completed,Mobile,Morning,1,0.0,
C0087,Lake Placid,42,0,7.7,2025-07-15,4,Dropped,Tablet,Evening,10,16.43,
C0087,There's Something About Mary,83,1,7.9,2025-04-15,1,Partial,Mobile,Night,2,0.0,Could be better.
C0087,Peggy Sue Got Married,68,0,,2025-09-13,1,Dropped,Laptop,Night,4,9.7,
C0087,"Godfather Part III, The",42,0,6.6,2025-06-06,1,Partial,Smart TV,Morning,9,0.29,
C0087,Devil in a Blue Dress,75,1,,2025-10-07,1,Dropped,Mobile,Afternoon,7,0.0,Great acting!
C0087,Blade Runner,72,1,5.0,2025-08-21,0,Partial,Laptop,Morning,8,15.98,Would watch again!
C0088,Big,76,1,,2024-11-29,4,Partial,Smart TV,Morning,1,18.56,
C0088,Thunderbirds,37,0,4.7,2025-02-17,2,Dropped,Mobile,Night,8,18.65,
C0088,Alien Resurrection,53,0,6.5,2025-08-19,2,Partial,Mobile,Morning,2,7.6,Average experience.
C0088,"Birds, The",40,0,7.0,2025-10-18,4,Partial,Tablet,Afternoon,9,11.19,
C0088,"Nightmare Before Christmas, The",94,1,,2025-03-10,3,Completed,Smart TV,Morning,1,0.0,Too slow.
C0088,Blade II,94,1,6.1,2025-04-24,0,Completed,Smart TV,Night,2,3.54,Not my type.
C0088,Mr Brooks,65,0,9.6,2025-10-13,4,Partial,Smart TV,Afternoon,4,17.7,
C0088,Moonstruck,69,0,8.3,2024-11-23,4,Partial,Laptop,Morning,4,6.25,Loved it!
C0089,"Bourne Identity, The",69,0,,2025-04-06,2,Dropped,Laptop,Night,4,2.5,
C0089,"Holdovers, The",88,1,8.2,2025-04-06,1,Dropped,Mobile,Night,0,7.9,Would watch again!
C0089,Pretty Woman,22,0,4.4,2025-09-27,2,Dropped,Smart TV,Afternoon,1,15.13,
C0089,Despicable Me 2,46,0,4.6,2025-04-12,1,Partial,Smart TV,Night,0,19.62,Could be better.
C0089,Up in the Air,85,1,,2025-03-22,0,Dropped,Tablet,Evening,1,9.91,Too slow.
C0089,Last Chance Harvey,24,0,,2025-09-27,2,Partial,Mobile,Morning,9,16.9,Would watch again!
C0089,"Surfer King, The",36,0,7.6,2024-12-08,4,Dropped,Tablet,Morning,6,11.02,Too slow.
C0089,How to Train Your Dragon,72,1,10.0,2024-11-13,1,Partial,Laptop,Afternoon,6,18.94,
C0089,Wonder Boys,70,0,7.3,2025-06-17,2,Partial,Mobile,Evening,1,11.77,
C0089,Broken Embraces,35,0,8.3,2025-01-28,1,Dropped,Mobile,Night,5,0.0,
C0089,Manhunter,34,0,4.5,2025-06-26,0,Dropped,Laptop,Night,3,4.97,
C0089,Bookworm,85,1,6.0,2025-06-19,4,Dropped,Laptop,Night,1,0.0,Could be better.
C0089,Jerry Maguire,87,1,,2025-10-14,2,Dropped,Smart TV,Morning,1,19.97,
C0089,Up,98,1,,2025-06-14,0,Completed,Smart TV,Evening,1,0.0,Could be better.
C0089,Precious,66,0,6.7,2025-08-29,4,Dropped,Tablet,Night,4,19.3,Loved it!
C0090,"Grifters, The",67,0,6.4,2024-12-10,3,Dropped,Smart TV,Afternoon,6,5.78,Amazing cinematography!
C0090,Ghost Rider,26,0,9.6,2025-07-30,3,Dropped,Tablet,Afternoon,1,0.0,Would watch again!
C0090,Shrek the Third,80,1,4.8,2025-09-04,2,Dropped,Mobile,Night,0,0.0,Too slow.
C0090,Mission Impossible II,84,1,,2025-05-07,2,Partial,Tablet,Morning,0,19.59,Would watch again!
C0090,Silence of the Lambs,83,1,,2024-11-25,1,Dropped,Smart TV,Morning,0,17.65,Loved it!
C0090,Return of the Apes,37,0,,2025-10-15,3,Partial,Laptop,Afternoon,10,1.52,
C0090,Assassins,46,0,5.4,2024-12-26,3,Partial,Tablet,Afternoon,6,11.77,Loved it!
C0090,U Turn,64,0,,2025-03-02,1,Partial,Smart TV,Evening,8,0.0,Not my type.
C0090,Heat,66,0,9.9,2024-12-08,2,Dropped,Smart TV,Morning,10,5.09,
C0091,Lord of War,38,0,,2025-09-23,0,Dropped,Tablet,Afternoon,3,0.0,
C0091,Insomnia,88,1,8.4,2025-05-15,3,Dropped,Laptop,Night,1,7.96,Could be better.
C0091,"Sessions, The",41,0,9.2,2025-06-08,4,Partial,Mobile,Afternoon,1,7.07,Loved it!
C0091,Never Been Kissed,51,0,,2025-07-15,2,Partial,Smart TV,Afternoon,0,19.89,
C0091,Trainspotting,84,1,,2025-09-30,2,Dropped,Mobile,Evening,0,0.24,
C0091,Superbad,28,0,6.4,2025-10-21,3,Partial,Smart TV,Morning,6,3.44,Amazing cinematography!
C0091,Hesher,74,1,7.2,2025-06-27,4,Partial,Mobile,Morning,7,4.35,
C0091,Absolute Power,61,0,7.6,2025-08-16,1,Partial,Tablet,Evening,8,16.08,
C0091,X Men,87,1,4.9,2025-02-19,4,Dropped,Mobile,Evening,1,14.06,
C0091,"I, Robot",77,1,5.5,2024-11-04,1,Dropped,Laptop,Morning,9,19.27,
C0091,"Horse Whisperer, The",36,0,,2025-01-28,4,Dropped,Laptop,Night,2,4.77,
C0091,Buffy the Vampire Slayer,90,1,6.4,2025-04-16,1,Completed,Laptop,Afternoon,0,10.29,Not my type.
C0091,Croupier,35,0,4.7,2025-10-06,1,Dropped,Tablet,Afternoon,0,0.0,
C0091,Saving Private Ryan,75,1,4.3,2024-11-01,0,Partial,Laptop,Night,1,0.0,Could be better.
C0091,Mission Impossible,69,0,5.7,2025-02-19,1,Partial,Mobile,Evening,10,0.0,
C0091,Simone,55,0,8.5,2025-06-10,4,Dropped,Mobile,Afternoon,5,17.33,
C0091,American Hustle,20,0,8.6,2025-01-04,0,Partial,Smart TV,Night,2,0.0,
C0091,"Limey, The",95,1,9.0,2025-08-19,2,Completed,Tablet,Morning,2,0.0,Average experience.
C0091,Hot Tub Time Machine,31,0,9.4,2025-10-05,3,Partial,Laptop,Evening,1,14.08,
C0092,15 Minutes,77,1,4.6,2025-04-03,4,Partial,Laptop,Night,0,0.3,
C0092,"Prophecy, The",73,1,5.8,2025-07-11,1,Partial,Tablet,Night,2,9.18,Not my type.
C0092,V for Vendetta,91,1,7.8,2025-09-04,0,Completed,Smart TV,Night,2,13.21,Too slow.
C0092,Alone in the Dark,67,0,,2025-05-06,3,Dropped,Mobile,Evening,7,11.39,
C0092,Grabbers,36,0,4.5,2025-02-27,3,Partial,Tablet,Night,10,11.18,
C0092,Above the Law,58,0,,2025-06-05,4,Dropped,Mobile,Evening,2,15.68,Amazing cinematography!
C0092,Saving Mr. Banks,82,1,8.2,2024-11-07,1,Partial,Smart TV,Evening,1,15.68,Great acting!
C0092,Blink Twice,97,1,6.4,2025-08-20,1,Completed,Smart TV,Night,1,0.0,Would watch again!
C0092,"Substance, The",95,1,4.3,2025-06-18,2,Completed,Smart TV,Evening,1,2.1,
C0092,Mission Impossible,82,1,,2025-10-18,0,Partial,Laptop,Night,2,0.0,
C0092,Chronicle,66,0,4.0,2025-01-25,4,Dropped,Smart TV,Morning,1,4.39,
C0092,Pearl Harbor,55,0,,2024-12-04,3,Dropped,Laptop,Afternoon,2,0.0,
C0092,Star Wars Return of the Jedi,40,0,,2025-06-10,4,Partial,Laptop,Evening,0,0.0,Great acting!
C0092,Hesher,77,1,4.8,2025-06-12,3,Dropped,Mobile,Night,8,15.9,Would watch again!
C0093,Manhunter,91,1,8.5,2025-10-02,0,Completed,Tablet,Morning,0,19.49,
C0093,Bringing Out the Dead,31,0,6.6,2025-02-17,0,Partial,Laptop,Afternoon,7,0.0,
C0093,Anonymous,24,0,8.9,2025-06-28,4,Partial,Mobile,Morning,0,5.13,
C0093,Star Wars The Empire Strikes Back,93,1,7.4,2024-12-04,2,Completed,Tablet,Evening,0,2.82,
C0093,Pet Sematary II,95,1,5.3,2025-01-08,3,Completed,Tablet,Evening,0,5.58,Too slow.
C0093,BlacKkKlansman,99,1,7.1,2025-06-03,1,Completed,Mobile,Night,0,16.22,Too slow.
C0094,Bottle Rocket,25,0,8.6,2025-10-24,4,Partial,Laptop,Afternoon,10,0.0,Could be better.
C0094,"Mechanic, The",76,1,8.6,2025-05-04,1,Partial,Mobile,Afternoon,6,8.11,Average experience.
C0094,Prometheus,77,1,7.3,2025-04-08,2,Partial,Tablet,Afternoon,8,3.54,
C0094,Jennifer's Body,71,1,,2025-09-13,4,Dropped,Smart TV,Evening,5,0.0,
C0094,Arctic Blue,70,0,7.7,2025-03-21,2,Dropped,Mobile,Evening,6,0.0,
C0094,"Way Back, The",24,0,6.0,2025-06-10,2,Dropped,Laptop,Morning,7,6.19,Too slow.
C0094,Bookworm,30,0,,2025-01-14,3,Partial,Tablet,Morning,9,0.38,Could be better.
C0094,Next Friday,26,0,5.1,2025-01-28,0,Partial,Laptop,Evening,3,18.4,Too slow.
C0094,1492 Conquest of Paradise,30,0,5.1,2025-01-04,2,Partial,Mobile,Morning,0,0.0,Loved it!
C0094,"Last Samurai, The",34,0,9.2,2025-09-06,1,Partial,Mobile,Evening,7,12.35,Could be better.
C0094,Soldier,32,0,8.2,2025-09-20,1,Partial,Laptop,Morning,5,11.8,Loved it!
C0094,Bad Santa,26,0,6.4,2025-02-11,4,Dropped,Mobile,Evening,0,0.0,
C0094,127 Hours,55,0,9.6,2025-04-18,1,Partial,Smart TV,Morning,8,19.45,Too slow.
C0095,"Game, The",63,0,,2024-12-10,4,Dropped,Laptop,Evening,5,4.87,Amazing cinematography!
C0095,Antitrust,66,0,4.2,2025-10-08,3,Partial,Mobile,Morning,10,0.0,
C0095,Arthur,89,1,6.6,2025-02-02,2,Dropped,Laptop,Afternoon,1,13.89,Not my type.
C0095,"Village, The",56,0,8.2,2024-11-19,2,Dropped,Laptop,Morning,0,9.17,
C0095,Logan's Run,61,0,5.0,2025-09-25,2,Dropped,Laptop,Morning,7,0.0,Could be better.
C0095,Nickel Boys,43,0,,2025-09-05,2,Dropped,Laptop,Morning,10,0.0,
C0095,Fruitvale Station,48,0,9.1,2025-06-17,0,Dropped,Tablet,Morning,9,0.0,
C0095,"Apartment, The",65,0,7.8,2025-07-03,4,Partial,Mobile,Evening,3,0.0,
C0096,Mystery Men,70,0,8.8,2025-07-17,4,Dropped,Smart TV,Evening,10,19.51,
C0096,"Ugly Truth, The",91,1,7.3,2025-07-10,2,Completed,Tablet,Afternoon,0,0.0,
C0096,Klute,41,0,5.4,2025-02-19,1,Partial,Mobile,Afternoon,0,2.83,Great acting!
C0096,Heist,79,1,,2025-09-18,0,Dropped,Laptop,Morning,7,0.0,
C0096,Get Low,90,1,5.1,2025-10-26,1,Completed,Mobile,Morning,2,14.51,Amazing cinematography!
C0096,"Taking of Pelham One Two Three, The",93,1,,2025-09-12,0,Completed,Tablet,Evening,2,0.0,Too slow.
C0096,Freaked,88,1,7.3,2025-06-25,0,Partial,Tablet,Night,2,3.35,
C0097,Argo,63,0,,2025-02-03,3,Dropped,Laptop,Morning,8,12.17,Would watch again!
C0097,Silver Bullet,55,0,9.3,2024-11-27,0,Dropped,Laptop,Afternoon,2,9.54,Great acting!
C0097,"Jacket, The",88,1,9.6,2025-01-12,1,Dropped,Smart TV,Afternoon,0,0.0,Would watch again!
C0097,Frankenweenie,36,0,,2025-07-01,4,Dropped,Laptop,Morning,6,19.13,
C0097,42,36,0,8.4,2025-05-31,1,Dropped,Laptop,Afternoon,0,0.0,
C0097,Fruitvale Station,36,0,6.6,2025-10-20,2,Dropped,Laptop,Morning,3,3.88,
C0098,Pineapple Express,62,0,,2025-05-05,3,Partial,Mobile,Night,3,0.0,
C0098,Magnolia,96,1,9.0,2025-05-14,3,Completed,Laptop,Night,1,11.69,
C0098,Clueless,29,0,7.9,2024-12-25,4,Dropped,Tablet,Night,10,13.72,
C0098,Jerry Maguire,68,0,,2025-03-17,0,Dropped,Mobile,Afternoon,1,0.58,Could be better.
C0098,Never Been Kissed,70,0,7.4,2025-08-12,1,Dropped,Smart TV,Night,7,0.0,Average experience.
C0098,Pineapple Express,70,0,8.5,2024-12-23,0,Partial,Tablet,Afternoon,6,1.68,
C0098,Memento,66,0,7.5,2024-12-07,2,Partial,Laptop,Morning,7,7.83,Could be better.
C0099,Water for Elephants,73,1,5.8,2025-05-18,4,Partial,Tablet,Afternoon,7,0.0,
C0099,Collateral Damage,75,1,,2025-10-12,0,Dropped,Laptop,Evening,2,0.0,
C0099,Made,91,1,5.6,2024-12-27,1,Completed,Mobile,Morning,2,10.26,
C0099,Three Men and a Baby,83,1,,2025-10-08,4,Dropped,Mobile,Night,0,14.49,
C0099,Whiplash,68,0,5.2,2025-10-25,2,Dropped,Mobile,Afternoon,4,19.48,Amazing cinematography!
C0099,"Menu, The",88,1,5.5,2025-01-11,1,Dropped,Tablet,Afternoon,0,0.0,
C0099,"Pacifier, The",23,0,8.3,2025-02-03,2,Partial,Tablet,Night,9,9.99,
C0099,xXx,54,0,9.7,2024-10-29,2,Dropped,Smart TV,Evening,3,11.29,
C0099,"Nightmare on Elm Street, A",69,0,,2025-03-16,4,Partial,Laptop,Morning,6,0.0,Too slow.
C0099,Mad Max 2 The Road Warrior,56,0,7.2,2025-04-30,0,Partial,Laptop,Evening,8,0.0,Average experience.
C0099,Legend,67,0,,2025-03-24,3,Dropped,Smart TV,Morning,3,0.0,
C0099,"Color Purple, The",50,0,,2025-02-06,0,Partial,Mobile,Afternoon,6,0.0,
C0100,"Theory of Everything, The",94,1,8.8,2025-05-13,1,Completed,Tablet,Night,0,6.33,Loved it!
C0100,Warrior,72,1,8.6,2024-12-24,1,Dropped,Laptop,Morning,0,13.73,Amazing cinematography!
C0100,Crank,35,0,8.4,2025-05-17,3,Dropped,Laptop,Evening,5,0.0,Could be better.
C0100,Punch Drunk Love,84,1,5.6,2025-07-10,3,Dropped,Mobile,Morning,1,0.0,
C0100,There's Something About Mary,72,1,9.3,2025-01-13,1,Dropped,Tablet,Night,7,11.55,Amazing cinematography!
C0100,Eternal Sunshine of the Spotless Mind,44,0,4.7,2025-04-10,0,Dropped,Smart TV,Evening,2,18.65,Amazing cinematography!
C0100,Swordfish,25,0,9.5,2025-03-07,3,Dropped,Laptop,Afternoon,1,6.4,
C0100,Catch Me If You Can,74,1,5.8,2025-03-27,4,Dropped,Mobile,Afternoon,6,12.55,Great acting!
C0100,"Fault in Our Stars, The",35,0,7.7,2025-04-26,2,Dropped,Tablet,Night,2,0.54,
C0100,Halloween,64,0,6.2,2025-02-17,4,Partial,Laptop,Afternoon,3,0.0,Would watch again!
C0100,Evil Dead II Dead by Dawn,86,1,5.0,2025-06-01,2,Partial,Smart TV,Night,2,17.89,
C0100,Get Carter,36,0,6.6,2025-08-21,4,Partial,Tablet,Morning,7,18.15,
C0100,Antitrust,85,1,7.6,2025-01-13,0,Dropped,Laptop,Afternoon,1,0.0,Too slow.
C0101,Bookworm,65,0,9.7,2025-06-17,4,Dropped,Tablet,Afternoon,1,9.86,
C0101,Hesher,88,1,,2024-12-28,3,Partial,Laptop,Afternoon,1,5.25,Not my type.
C0101,Crank,40,0,,2024-11-17,4,Dropped,Smart TV,Morning,9,0.0,
C0101,Virtuosity,92,1,8.9,2024-11-04,1,Completed,Laptop,Afternoon,2,8.1,Amazing cinematography!
C0101,Misery,26,0,,2025-09-28,1,Partial,Tablet,Afternoon,1,2.29,Average experience.
C0101,I am Sam,33,0,,2025-02-02,0,Partial,Smart TV,Evening,3,19.0,
C0101,Cube,21,0,,2024-11-05,0,Dropped,Tablet,Night,2,1.15,
C0101,Ghost Ship,93,1,,2025-01-18,3,Completed,Tablet,Evening,1,0.0,
C0101,Anora,66,0,7.4,2025-02-06,1,Dropped,Smart TV,Evening,1,14.41,Amazing cinematography!
C0101,"Producer, The",54,0,9.6,2025-05-04,0,Partial,Mobile,Afternoon,9,10.94,Great acting!
C0101,"Shipping News, The",20,0,,2024-12-05,0,Partial,Mobile,Afternoon,6,13.33,Would watch again!
C0101,Color of Night,31,0,4.4,2024-12-30,1,Dropped,Tablet,Night,9,10.64,
C0101,American Pie,92,1,,2025-10-22,3,Completed,Laptop,Afternoon,0,0.0,Would watch again!
C0101,Belle,97,1,,2025-01-16,1,Completed,Tablet,Afternoon,1,13.5,Amazing cinematography!
C0101,"Theory of Everything, The",73,1,9.0,2024-10-28,1,Partial,Laptop,Afternoon,1,12.6,Could be better.
C0101,"American, The",85,1,8.7,2025-05-31,2,Dropped,Smart TV,Afternoon,0,0.0,Too slow.
C0101,Aladdin,64,0,6.3,2024-11-13,2,Partial,Tablet,Evening,7,0.0,Great acting!
C0102,No Hard Feelings,59,0,8.0,2025-10-17,3,Partial,Mobile,Night,4,11.86,
C0102,"Planet of the Apes, The",45,0,6.1,2024-11-26,0,Partial,Laptop,Evening,0,0.0,Amazing cinematography!
C0102,"Seventh Seal, The",45,0,8.4,2024-12-05,2,Partial,Smart TV,Afternoon,7,2.2,
C0102,Conan the Barbarian,92,1,5.3,2025-05-28,1,Completed,Smart TV,Morning,2,9.32,Amazing cinematography!
C0102,"Breakfast Club, The",40,0,6.8,2025-04-27,1,Partial,Smart TV,Evening,3,17.07,
C0102,Nine,64,0,,2025-08-05,3,Partial,Smart TV,Afternoon,4,15.07,
C0102,"Game, The",59,0,8.7,2025-06-20,2,Dropped,Laptop,Night,9,11.78,
C0102,Hellraiser Hellseeker,55,0,5.7,2025-05-23,4,Partial,Laptop,Night,4,0.0,
C0102,"Crow, The",48,0,6.0,2024-11-04,3,Dropped,Smart TV,Night,3,13.38,
C0102,Bookworm,51,0,9.8,2024-12-17,4,Partial,Tablet,Afternoon,0,2.3,Loved it!
C0102,Liar Liar,58,0,,2025-06-08,4,Partial,Laptop,Afternoon,4,15.69,Would watch again!
C0102,Chinatown,24,0,4.3,2025-08-27,2,Partial,Mobile,Evening,6,2.97,
C0102,All About Steve,38,0,,2025-03-28,2,Dropped,Smart TV,Afternoon,1,0.0,
C0102,Nine,65,0,7.6,2025-08-09,1,Partial,Mobile,Evening,10,9.43,Average experience.
C0102,"White Ribbon, The",98,1,4.4,2024-11-25,2,Completed,Laptop,Evening,0,0.0,Average experience.
C0102,Birthday Girl,29,0,7.3,2025-01-31,2,Dropped,Mobile,Afternoon,4,3.81,Great acting!
C0102,Hannah and Her Sisters,44,0,5.8,2025-07-28,2,Partial,Tablet,Afternoon,10,0.0,Would watch again!
C0102,Star Wars The Force Awakens,70,0,7.2,2025-10-15,0,Dropped,Mobile,Evening,2,5.61,
C0102,Dark City,31,0,9.8,2025-01-19,3,Partial,Smart TV,Morning,7,0.0,
C0103,"Last Boy Scout, The",27,0,7.2,2025-10-09,2,Dropped,Smart TV,Afternoon,2,12.19,Average experience.
C0103,El Mariachi,77,1,8.4,2025-03-19,1,Dropped,Mobile,Afternoon,2,3.07,
C0103,"Color Purple, The",22,0,6.4,2025-06-25,0,Dropped,Tablet,Afternoon,0,0.0,Could be better.
C0103,Semi Pro,76,1,8.2,2025-09-10,3,Partial,Smart TV,Evening,0,8.54,
C0103,Labor of Love,51,0,,2025-05-09,0,Dropped,Laptop,Evening,10,1.12,
C0103,Ghostbusters,94,1,5.5,2025-09-29,3,Completed,Mobile,Afternoon,0,0.0,Great acting!
C0103,"Cider House Rules, The",89,1,4.4,2025-08-21,4,Dropped,Laptop,Morning,1,19.15,
C0103,It,26,0,,2024-11-23,0,Partial,Mobile,Night,4,10.93,
C0103,Shifty,83,1,5.6,2024-12-16,0,Dropped,Laptop,Evening,0,12.8,Would watch again!
C0103,Sense and Sensibility,100,1,7.0,2025-07-12,0,Completed,Smart TV,Afternoon,0,0.8,
C0103,Napoleon,70,0,5.7,2025-01-11,2,Dropped,Laptop,Afternoon,7,0.0,Too slow.
C0104,City of Joy,30,0,4.3,2024-11-05,4,Partial,Mobile,Morning,3,19.65,
C0104,Beasts of No Nation,78,1,,2025-03-08,3,Partial,Smart TV,Morning,10,11.97,Could be better.
C0104,Eagle Eye,96,1,9.3,2025-02-17,0,Completed,Tablet,Night,0,0.0,Would watch again!
C0104,Heavy Metal,51,0,6.7,2025-10-04,1,Dropped,Tablet,Evening,4,0.0,Great acting!
C0104,Law Abiding Citizen,53,0,7.9,2025-08-30,1,Dropped,Tablet,Morning,8,4.05,Could be better.
C0104,"Adjustment Bureau, The",59,0,7.1,2025-10-14,4,Partial,Tablet,Morning,4,16.09,Amazing cinematography!
C0104,Station West,64,0,8.6,2025-10-06,2,Dropped,Laptop,Night,7,0.0,
C0104,Notting Hill,74,1,,2025-09-03,4,Partial,Tablet,Night,3,0.0,Would watch again!
C0105,Donnie Brasco,40,0,,2025-02-20,4,Dropped,Laptop,Morning,6,0.0,Too slow.
C0105,Cold Mountain,23,0,7.4,2025-01-15,1,Dropped,Tablet,Evening,1,0.0,
C0105,Frozen,25,0,5.9,2025-06-07,4,Partial,Laptop,Afternoon,6,0.0,
C0105,"Passion of Joan of Arc, The",42,0,,2025-06-20,2,Dropped,Smart TV,Morning,6,6.7,Loved it!
C0105,Body of Evidence,44,0,,2025-08-12,4,Dropped,Mobile,Morning,4,17.03,Great acting!
C0105,Big,42,0,,2025-09-16,0,Dropped,Mobile,Morning,5,10.23,
C0105,Mission Impossible II,88,1,6.6,2025-10-12,3,Partial,Smart TV,Night,1,2.08,
C0105,Hesher,91,1,6.3,2024-12-12,2,Completed,Laptop,Afternoon,2,0.0,
C0105,"Village, The",84,1,,2025-04-25,3,Partial,Tablet,Night,0,10.42,
C0105,One Flew Over the Cuckoo's Nest,56,0,,2025-05-30,3,Partial,Mobile,Morning,9,2.59,Great acting!
C0105,Corpse Bride,75,1,,2025-02-23,1,Dropped,Mobile,Afternoon,2,0.0,
C0105,"Insider, The",40,0,7.2,2024-12-13,0,Partial,Mobile,Night,8,11.37,
C0105,"Blast from the Past, The",80,1,,2025-09-28,3,Dropped,Laptop,Night,2,19.54,Too slow.
C0105,Sunshine Cleaning,45,0,7.3,2025-07-25,0,Dropped,Mobile,Night,6,14.75,
C0105,"Back up Plan, The",20,0,5.2,2025-01-17,1,Partial,Smart TV,Afternoon,8,17.46,Loved it!
C0106,How to Train Your Dragon 2,51,0,,2025-03-11,1,Dropped,Laptop,Evening,8,18.5,
C0106,War for the Planet of the Apes,98,1,6.7,2025-09-08,4,Completed,Laptop,Night,0,15.13,
C0106,E.T.,91,1,,2025-09-29,1,Completed,Tablet,Night,2,19.19,Would watch again!
C0106,"Big White, The",84,1,4.7,2024-11-14,4,Partial,Mobile,Afternoon,1,4.96,
C0106,1492 Conquest of Paradise,29,0,,2024-11-12,1,Dropped,Laptop,Afternoon,9,0.0,
C0106,"Man Who Knew Too Much, The",43,0,7.6,2025-07-23,0,Partial,Mobile,Evening,0,17.91,Too slow.
C0106,"Postman, The",100,1,9.0,2025-01-02,1,Completed,Laptop,Morning,2,10.76,Could be better.
C0106,Beauty and the Beast,99,1,7.6,2025-10-24,3,Completed,Laptop,Morning,1,13.9,Average experience.
C0106,Total Recall,58,0,7.0,2025-02-12,0,Dropped,Laptop,Night,6,19.07,Average experience.
C0106,Lincoln,93,1,,2025-03-18,1,Completed,Laptop,Evening,1,0.0,
C0107,Leviathan,48,0,8.0,2025-04-09,0,Partial,Laptop,Evening,2,12.16,Would watch again!
C0107,"Perfect World, A",74,1,10.0,2025-09-11,0,Partial,Smart TV,Night,7,0.0,Would watch again!
C0107,Spider Man,52,0,,2025-07-10,4,Partial,Smart TV,Night,4,0.0,
C0107,Buffy the Vampire Slayer,72,1,5.7,2025-04-01,3,Partial,Tablet,Afternoon,6,10.73,
C0107,It,94,1,5.6,2025-03-15,2,Completed,Tablet,Morning,2,0.0,
C0107,42,61,0,,2025-10-13,0,Dropped,Tablet,Afternoon,6,0.0,Average experience.
C0107,"Invention of Lying, The",90,1,4.4,2025-06-11,4,Completed,Laptop,Afternoon,1,5.05,
C0107,1492 Conquest of Paradise,91,1,,2025-01-22,4,Completed,Tablet,Afternoon,2,6.6,Not my type.
C0107,Hesher,33,0,,2025-08-28,1,Dropped,Mobile,Afternoon,7,18.3,Not my type.
C0107,Major League,69,0,6.4,2025-03-19,4,Partial,Smart TV,Afternoon,0,19.01,Too slow.
C0107,Wanted,44,0,,2025-02-26,4,Partial,Mobile,Night,7,10.05,Loved it!
C0107,Thirteen Days,80,1,9.3,2025-09-05,0,Dropped,Mobile,Morning,2,8.55,
C0107,Apollo 13,49,0,5.8,2025-07-06,2,Dropped,Tablet,Morning,6,13.31,
C0107,Monkeybone,41,0,4.2,2025-04-20,1,Dropped,Laptop,Morning,5,12.23,Would watch again!
C0107,Labor of Love,74,1,5.1,2025-02-22,1,Dropped,Smart TV,Morning,5,0.0,
C0108,Almost Famous,53,0,6.9,2025-09-28,3,Partial,Smart TV,Evening,10,7.45,Average experience.
C0108,Donnie Brasco,32,0,,2025-06-05,1,Dropped,Smart TV,Evening,0,1.64,Amazing cinematography!
C0108,Frozen River,33,0,9.0,2025-09-15,4,Dropped,Mobile,Morning,3,13.17,
C0108,Shakespeare in Love,50,0,,2025-09-20,1,Partial,Laptop,Night,2,5.41,
C0108,Malignant,91,1,8.1,2025-02-03,4,Completed,Laptop,Evening,0,0.0,
C0108,Malignant,37,0,5.9,2025-01-24,3,Dropped,Mobile,Evening,7,1.68,Amazing cinematography!
C0108,There's Something About Mary,26,0,7.6,2025-02-09,2,Partial,Laptop,Night,4,0.0,Amazing cinematography!
C0108,"Master, The",38,0,9.2,2025-07-16,2,Dropped,Tablet,Night,1,6.01,
C0108,Feast,53,0,9.4,2025-01-09,1,Dropped,Laptop,Evening,3,10.69,Too slow.
C0108,Point Break,30,0,,2025-06-11,0,Dropped,Tablet,Afternoon,10,12.02,Loved it!
C0108,"Last Station, The",88,1,,2024-12-08,4,Dropped,Laptop,Evening,0,9.5,Average experience.
C0108,"Ladykillers, The",28,0,4.7,2025-02-26,2,Partial,Tablet,Evening,10,0.0,Not my type.
C0108,"Stuntman, The",26,0,7.4,2025-06-03,0,Partial,Tablet,Night,10,5.85,
C0108,Black Swan,81,1,6.3,2025-08-14,1,Partial,Laptop,Morning,1,0.0,
C0108,Yes Man,97,1,9.3,2025-09-26,3,Completed,Mobile,Evening,1,0.0,
C0108,American Psycho,34,0,7.6,2025-01-31,2,Partial,Smart TV,Afternoon,9,0.0,
C0108,"Descendants, The",32,0,7.2,2025-02-25,3,Partial,Smart TV,Evening,2,7.8,
C0108,Rustin,94,1,5.0,2025-03-05,2,Completed,Laptop,Night,1,11.42,
C0108,Sweet Smell of Success,34,0,,2025-02-28,0,Dropped,Mobile,Afternoon,1,11.68,
C0109,Jeux Interdits,87,1,7.8,2025-09-15,3,Dropped,Smart TV,Night,0,15.01,
C0109,Light Sleeper,32,0,8.8,2024-12-20,1,Partial,Mobile,Night,2,7.82,
C0109,Elemental,47,0,5.3,2025-07-04,4,Partial,Tablet,Night,8,0.0,Not my type.
C0109,TMNT,30,0,9.5,2025-10-17,4,Dropped,Laptop,Morning,9,17.33,
C0109,Boyhood,76,1,4.3,2025-02-11,2,Dropped,Mobile,Night,6,4.42,
C0109,Kundun,84,1,4.1,2025-06-21,3,Dropped,Mobile,Evening,0,0.0,Too slow.
C0109,Wild At Heart,50,0,4.5,2025-08-28,1,Dropped,Smart TV,Night,4,0.0,
C0109,Cellular,51,0,4.3,2024-12-05,0,Partial,Smart TV,Morning,8,0.85,Great acting!
C0109,Frankenstein,79,1,4.4,2025-02-06,2,Partial,Smart TV,Afternoon,6,2.8,Not my type.
C0110,Ordinary People,51,0,5.5,2025-02-27,4,Dropped,Tablet,Morning,10,6.44,
C0110,"Blind Side, The",66,0,5.8,2025-05-07,1,Dropped,Smart TV,Evening,6,4.79,Great acting!
C0110,Man in the Iron Mask,34,0,5.7,2024-11-16,3,Dropped,Laptop,Afternoon,8,9.43,Loved it!
C0110,"Theory of Everything, The",96,1,8.6,2025-08-25,3,Completed,Tablet,Night,0,4.99,Too slow.
C0110,"Hebrew Hammer, The",52,0,8.2,2025-09-09,3,Dropped,Smart TV,Morning,1,13.93,
C0110,First Cow,62,0,8.9,2025-08-17,2,Partial,Laptop,Evening,0,19.27,Loved it!
C0110,Snow White and the Huntsman,47,0,4.9,2025-03-30,3,Dropped,Smart TV,Night,2,10.18,Could be better.
C0110,"Roommate, The",34,0,7.5,2024-11-16,4,Partial,Tablet,Afternoon,0,11.5,Would watch again!
C0110,Henry's Crime,97,1,8.2,2025-05-31,0,Completed,Smart TV,Afternoon,0,15.27,Would watch again!
C0110,"Last of the Mohicans, The",64,0,8.2,2025-02-02,2,Partial,Mobile,Afternoon,7,0.0,Not my type.
C0110,Pretty Woman,90,1,,2025-01-25,0,Completed,Mobile,Morning,1,16.42,
C0110,Final Destination 2,59,0,,2025-08-19,4,Dropped,Laptop,Night,3,8.86,
C0110,Godzilla,47,0,8.6,2025-05-03,3,Dropped,Mobile,Evening,1,0.0,Loved it!
C0110,Man Trouble,44,0,7.8,2025-10-27,3,Dropped,Laptop,Afternoon,8,0.0,Could be better.
C0110,Amour,53,0,9.1,2024-12-22,1,Dropped,Mobile,Morning,10,9.24,Could be better.
C0110,After School Special,27,0,7.0,2025-04-02,4,Partial,Mobile,Morning,9,0.0,Not my type.
C0110,Avengers Endgame,99,1,7.7,2025-09-01,0,Completed,Laptop,Afternoon,0,10.88,Would watch again!
C0111,Heist,93,1,5.1,2025-09-30,2,Completed,Smart TV,Morning,1,15.87,Loved it!
C0111,Freud's Last Session,42,0,4.6,2024-11-26,4,Dropped,Laptop,Morning,3,10.52,Average experience.
C0111,Arctic Blue,80,1,7.3,2025-05-06,3,Dropped,Tablet,Morning,0,0.64,Not my type.
C0111,Petulia,37,0,,2024-11-30,3,Dropped,Tablet,Morning,5,12.1,Too slow.
C0111,Groundhog Day,37,0,8.8,2025-04-16,0,Dropped,Mobile,Night,3,1.79,
C0111,"Rocky Horror Picture Show, The",41,0,4.7,2024-11-06,4,Partial,Laptop,Morning,8,1.51,Great acting!
C0111,Catch Me If You Can,23,0,,2025-10-07,2,Partial,Mobile,Evening,6,19.98,Great acting!
C0111,Shame,20,0,5.8,2025-02-20,3,Dropped,Laptop,Afternoon,3,5.86,
C0111,Elvis,66,0,7.9,2025-06-20,0,Dropped,Mobile,Evening,2,0.0,
C0111,Crank,22,0,5.8,2025-08-17,3,Partial,Smart TV,Afternoon,6,4.16,Amazing cinematography!
C0111,Blue Valentine,48,0,,2024-11-30,3,Partial,Mobile,Morning,10,16.37,
C0111,Cold Mountain,54,0,,2025-07-26,2,Partial,Smart TV,Morning,6,0.0,Too slow.
C0111,Tin Cup,94,1,,2025-05-16,0,Completed,Smart TV,Afternoon,1,8.09,
C0111,Timber Falls,72,1,7.3,2025-08-02,4,Partial,Smart TV,Afternoon,3,19.98,
C0111,Klute,78,1,,2024-11-29,1,Partial,Laptop,Morning,9,0.0,Could be better.
C0111,Black Panther,75,1,4.3,2025-05-15,4,Dropped,Smart TV,Night,9,12.51,
C0111,Ghost,55,0,7.1,2025-07-20,2,Partial,Smart TV,Morning,8,0.0,Average experience.
C0112,"Program, The",43,0,9.1,2025-06-07,1,Dropped,Laptop,Afternoon,3,9.83,
C0112,A Scanner Darkly,65,0,,2025-03-01,0,Dropped,Laptop,Afternoon,0,0.0,Average experience.
C0112,It's a Wonderful Life,71,1,7.6,2025-09-11,4,Dropped,Mobile,Morning,8,15.36,
C0112,Cellular,52,0,8.8,2025-01-05,0,Dropped,Laptop,Night,9,12.56,
C0112,South Park,45,0,,2025-08-12,4,Partial,Smart TV,Morning,6,0.0,
C0112,Jennifer Eight,89,1,,2025-09-27,0,Partial,Laptop,Night,1,0.81,Could be better.
C0112,Hannibal,75,1,4.6,2025-03-27,1,Partial,Smart TV,Morning,1,1.7,Amazing cinematography!
C0112,Limitless,84,1,,2025-10-04,2,Dropped,Mobile,Morning,0,16.1,
C0112,Men in Black 3,46,0,5.4,2025-05-20,3,Partial,Smart TV,Morning,7,18.87,
C0112,Inglourious Basterds,94,1,,2025-04-06,2,Completed,Smart TV,Night,1,14.32,Great acting!
C0112,A Serious Man,37,0,7.2,2025-03-10,0,Dropped,Mobile,Afternoon,10,0.0,Could be better.
C0112,"Curious Case of Benjamin Button, The",70,0,7.2,2024-11-17,4,Dropped,Laptop,Night,4,18.1,Amazing cinematography!
C0112,Perfect Creature,59,0,9.6,2024-11-20,2,Partial,Laptop,Morning,0,0.0,Too slow.
C0113,Breakdown,90,1,6.5,2025-04-22,0,Completed,Mobile,Afternoon,2,6.92,Average experience.
C0113,Amelia,27,0,,2025-01-26,0,Partial,Laptop,Night,6,0.0,Not my type.
C0113,S. Darko,31,0,8.3,2025-09-15,1,Dropped,Mobile,Afternoon,9,18.5,Amazing cinematography!
C0113,Cherry Falls,23,0,5.6,2025-09-30,4,Partial,Smart TV,Morning,7,8.7,Could be better.
C0113,Milk,25,0,,2025-08-17,2,Dropped,Tablet,Afternoon,7,4.38,
C0113,Alien vs. Predator,33,0,6.0,2025-09-18,0,Partial,Smart TV,Night,10,19.28,Great acting!
C0113,"Good Girl, The",64,0,6.5,2025-02-26,3,Partial,Laptop,Afternoon,2,15.14,
C0113,"Saint, The",43,0,,2024-12-05,4,Partial,Laptop,Night,6,18.64,
C0113,City of Joy,55,0,,2025-10-10,4,Partial,Tablet,Night,8,17.13,Could be better.
C0113,"Searchers, The",30,0,7.5,2024-12-27,1,Partial,Smart TV,Morning,0,18.65,
C0113,Star Trek The Motion Picture,92,1,5.8,2025-06-10,1,Completed,Smart TV,Afternoon,0,5.44,Loved it!
C0113,Pitch Black,68,0,9.7,2024-11-25,1,Dropped,Smart TV,Evening,10,5.06,
C0113,"Descendants, The",65,0,8.7,2025-10-13,0,Partial,Laptop,Evening,4,1.76,Would watch again!
C0113,Tremors,90,1,4.9,2025-10-15,1,Completed,Laptop,Morning,2,6.13,Could be better.
C0113,Bad Lieutenant,87,1,7.5,2025-02-22,3,Dropped,Smart TV,Night,1,0.0,
C0114,"Boondock Saints, The",25,0,5.0,2025-06-02,2,Partial,Laptop,Afternoon,10,1.65,
C0114,Almost Famous,35,0,4.3,2025-04-25,4,Partial,Tablet,Morning,3,2.01,
C0114,As Good As It Gets,27,0,4.4,2025-06-10,1,Dropped,Mobile,Night,8,12.46,
C0114,"Best Exotic Marigold Hotel, The",31,0,,2025-04-22,0,Dropped,Tablet,Afternoon,4,9.5,Too slow.
C0114,"Book of Eli, The",95,1,,2025-08-30,4,Completed,Tablet,Night,0,2.1,
C0114,Dawn of the Dead,65,0,7.7,2025-02-14,0,Partial,Smart TV,Morning,9,16.91,
C0114,"Menu, The",21,0,4.5,2025-08-05,3,Partial,Tablet,Afternoon,5,14.12,Great acting!
C0114,Taking Sides,20,0,8.7,2025-06-07,4,Dropped,Mobile,Afternoon,7,0.0,Average experience.
C0115,Serial Mom,39,0,5.2,2025-08-08,4,Partial,Laptop,Evening,7,2.41,Amazing cinematography!
C0115,"Amityville Asylum, The",77,1,,2025-06-16,4,Dropped,Smart TV,Morning,2,10.94,
C0115,Margaret,79,1,,2025-08-04,4,Dropped,Laptop,Morning,2,13.38,Great acting!
C0115,No Country for Old Men,43,0,8.9,2025-03-27,3,Dropped,Smart TV,Night,9,7.65,Would watch again!
C0115,Oblivion,80,1,8.8,2024-12-25,2,Dropped,Smart TV,Night,2,4.92,
C0115,Crank,31,0,8.4,2025-07-24,3,Partial,Laptop,Afternoon,6,0.0,Loved it!
C0115,Fargo,66,0,9.6,2025-08-22,4,Partial,Laptop,Afternoon,4,14.06,
C0115,Wild Things,37,0,9.1,2024-11-10,4,Dropped,Tablet,Afternoon,0,0.0,
C0116,Absolute Power,60,0,,2025-09-08,0,Dropped,Tablet,Morning,5,7.54,
C0116,"Iron Lady, The",71,1,5.5,2025-01-01,4,Partial,Smart TV,Afternoon,4,1.87,Too slow.
C0116,Star Trek First Contact,73,1,10.0,2025-04-30,3,Partial,Laptop,Morning,5,11.04,Too slow.
C0116,Trap Livin',29,0,,2025-03-04,3,Partial,Mobile,Morning,2,0.0,Would watch again!
C0116,Machete,66,0,6.3,2025-09-24,0,Partial,Tablet,Afternoon,3,0.38,Could be better.
C0116,Mini's First Time,55,0,6.8,2024-12-08,1,Dropped,Mobile,Evening,1,0.55,Would watch again!
C0116,Megamind,69,0,,2025-05-19,3,Dropped,Laptop,Night,10,4.33,Could be better.
C0117,Entrapment,76,1,,2024-10-28,2,Partial,Smart TV,Night,10,0.0,Great acting!
C0117,"Help, The",70,0,6.4,2025-09-24,1,Partial,Tablet,Afternoon,8,6.01,Average experience.
C0117,Happy Feet,37,0,7.9,2024-10-27,3,Dropped,Smart TV,Afternoon,7,17.19,
C0117,Foe,90,1,,2025-10-11,3,Completed,Tablet,Night,1,7.16,Average experience.
C0117,Army of Darkness,72,1,,2025-03-16,0,Partial,Smart TV,Night,9,3.53,
C0118,"Help, The",20,0,4.2,2025-06-06,4,Dropped,Smart TV,Night,3,14.84,
C0118,RKO 281,74,1,,2025-10-03,0,Partial,Tablet,Afternoon,10,6.43,Would watch again!
C0118,Star Trek II The Wrath of Khan,63,0,,2025-03-31,0,Dropped,Tablet,Afternoon,8,0.0,
C0118,Four Rooms,71,1,4.8,2025-06-04,1,Dropped,Tablet,Morning,2,0.0,
C0118,"Bourne Supremacy, The",33,0,9.0,2025-05-11,2,Partial,Laptop,Night,9,0.0,Average experience.
C0118,Authors Anonymous,57,0,9.3,2025-08-01,2,Dropped,Mobile,Evening,4,8.08,
C0118,Monte Carlo,42,0,,2024-11-10,3,Dropped,Tablet,Afternoon,9,3.58,Great acting!
C0118,We Own the Night,90,1,10.0,2025-04-16,2,Completed,Mobile,Afternoon,2,9.91,Average experience.
C0118,"Battle of Algiers, The",77,1,9.3,2025-06-20,0,Dropped,Smart TV,Morning,6,8.91,
C0118,A Million Miles Away,24,0,,2024-12-11,1,Partial,Mobile,Night,2,0.0,Not my type.
C0118,Red Planet,40,0,8.7,2025-09-02,3,Dropped,Tablet,Morning,8,0.0,
C0118,Les Miserables,53,0,9.3,2024-12-01,4,Partial,Laptop,Morning,9,0.0,
C0119,Dear White People,83,1,9.2,2025-08-23,1,Dropped,Tablet,Night,0,0.96,
C0119,Avengers Endgame,36,0,,2025-07-13,3,Partial,Smart TV,Night,10,3.43,
C0119,Mary Poppins,46,0,5.6,2025-03-26,4,Partial,Smart TV,Morning,7,10.11,
C0119,12 Monkeys,73,1,10.0,2025-01-19,3,Dropped,Laptop,Afternoon,0,13.3,
C0119,"Apartment, The",41,0,4.5,2025-03-19,2,Partial,Laptop,Afternoon,9,0.0,Loved it!
C0119,Drive Angry,40,0,5.2,2025-10-05,1,Dropped,Smart TV,Morning,2,0.0,Great acting!
C0119,Little Men,64,0,,2024-10-28,0,Dropped,Mobile,Afternoon,5,0.0,
C0119,Get Low,71,1,8.9,2025-10-27,4,Partial,Laptop,Afternoon,9,0.0,
C0119,Defiance,57,0,,2025-03-26,3,Dropped,Smart TV,Night,2,0.0,
C0119,Wall Street,88,1,,2025-08-22,1,Dropped,Mobile,Afternoon,1,1.81,
C0119,Repo Man,62,0,6.4,2025-02-17,4,Dropped,Tablet,Morning,1,0.0,
C0119,Fast Times at Ridgemont High,29,0,5.9,2025-02-12,2,Partial,Smart TV,Afternoon,1,7.68,
C0119,Blitz,92,1,6.7,2025-01-12,4,Completed,Laptop,Morning,2,0.0,Too slow.
C0119,Bookworm,81,1,8.3,2025-03-12,1,Partial,Tablet,Evening,1,13.36,
C0119,Harold and Kumar Go to White Castle,69,0,9.4,2025-08-26,0,Partial,Smart TV,Morning,7,4.57,Great acting!
C0119,Labor of Love,37,0,5.1,2024-12-02,0,Dropped,Laptop,Evening,3,7.09,Could be better.
C0119,"Cooler, The",32,0,4.6,2025-04-29,1,Dropped,Laptop,Night,7,9.22,Would watch again!
C0119,Monkeybone,52,0,,2025-03-06,1,Dropped,Mobile,Afternoon,4,13.51,
C0119,"Zone of Interest, The",43,0,9.8,2025-06-14,2,Partial,Laptop,Night,0,12.68,
C0120,Gone in 60 Seconds,41,0,9.9,2025-03-01,3,Partial,Smart TV,Morning,5,18.86,Would watch again!
C0120,Purple Rain,55,0,7.1,2025-06-02,4,Partial,Tablet,Afternoon,8,0.0,
C0120,Shivers,37,0,5.0,2025-08-18,4,Partial,Laptop,Night,7,0.0,
C0120,Memory,59,0,,2025-05-22,2,Partial,Mobile,Morning,9,11.11,Amazing cinematography!
C0120,Braveheart,88,1,,2025-02-17,3,Dropped,Laptop,Evening,1,0.0,Could be better.
C0120,A Few Good Men,31,0,,2025-10-21,1,Dropped,Laptop,Afternoon,4,0.0,
C0120,"Way Back, The",21,0,7.6,2025-06-09,3,Partial,Smart TV,Afternoon,7,0.0,Loved it!
C0120,Machine Gun Preacher,26,0,,2025-03-13,2,Partial,Mobile,Afternoon,2,0.0,
C0120,"Addams Family, The",49,0,4.3,2025-08-15,0,Dropped,Smart TV,Afternoon,5,10.77,Great acting!
C0120,Schindler's List,31,0,7.6,2025-04-29,3,Dropped,Mobile,Morning,6,18.64,Would watch again!
C0120,Law Abiding Citizen,71,1,4.7,2025-02-24,3,Dropped,Mobile,Night,6,7.82,Amazing cinematography!
C0121,"Whistleblower, The",61,0,5.0,2025-01-27,2,Partial,Mobile,Morning,7,13.18,
C0121,Flash Gordon,45,0,,2025-03-21,4,Partial,Mobile,Evening,1,5.99,
C0121,Next Friday,64,0,8.9,2025-04-05,0,Dropped,Tablet,Night,2,13.17,Amazing cinematography!
C0121,Platoon,24,0,8.2,2024-12-29,2,Partial,Mobile,Afternoon,9,16.38,
C0121,Shallow Grave,61,0,,2025-03-18,0,Partial,Laptop,Morning,1,9.89,
C0122,JFK,43,0,5.0,2025-06-23,4,Dropped,Laptop,Night,4,0.0,Would watch again!
C0122,Fruitvale Station,54,0,8.7,2025-04-01,1,Partial,Smart TV,Evening,7,19.95,Could be better.
C0122,Get Carter,68,0,,2025-10-19,1,Partial,Smart TV,Morning,4,3.46,
C0122,Bad Boys,21,0,,2025-08-17,0,Partial,Laptop,Afternoon,8,12.52,Could be better.
C0122,Batman 2,70,0,5.4,2024-10-29,4,Dropped,Mobile,Morning,9,9.54,Average experience.
C0122,Jurassic Park The Lost World,82,1,,2025-08-30,3,Dropped,Smart TV,Evening,0,19.12,
C0122,Frankenstein,78,1,8.4,2025-04-03,0,Partial,Laptop,Evening,6,0.0,Would watch again!
C0122,New York Minute,49,0,9.5,2025-02-05,0,Partial,Mobile,Evening,1,16.33,
C0122,"Avventura, L' (The Adventure)",39,0,9.5,2025-05-05,1,Dropped,Mobile,Morning,8,0.82,Average experience.
C0122,"Iron Claw, The",50,0,8.5,2025-05-14,3,Dropped,Tablet,Evening,0,0.0,Could be better.
C0123,Frankenweenie,23,0,7.9,2025-02-02,1,Dropped,Laptop,Night,7,17.75,Great acting!
C0123,Elizabeth The Golden Age,73,1,9.1,2025-04-24,4,Partial,Tablet,Morning,9,0.0,
C0123,Light Sleeper,47,0,6.0,2025-04-25,4,Dropped,Tablet,Night,7,11.45,Great acting!
C0123,Ocean's Eleven,23,0,5.9,2025-10-02,2,Dropped,Tablet,Evening,9,0.0,
C0123,"Avengers, The",53,0,7.4,2025-08-23,0,Partial,Mobile,Night,0,4.12,
C0123,Only God Forgives,40,0,9.8,2024-11-22,0,Partial,Mobile,Afternoon,9,15.33,
C0123,Warrior,88,1,,2025-07-18,3,Dropped,Laptop,Afternoon,1,19.32,
C0123,Schindler's List,31,0,9.5,2024-11-08,0,Partial,Laptop,Evening,9,0.0,Could be better.
C0123,Amadeus,46,0,7.5,2025-01-21,1,Dropped,Mobile,Afternoon,5,19.79,
C0123,Bull Durham,56,0,7.4,2025-10-01,3,Partial,Laptop,Morning,6,1.27,Would watch again!
C0123,12 Years a Slave,67,0,7.6,2024-11-26,1,Partial,Mobile,Afternoon,8,14.85,Not my type.
C0123,"Crow City of Angels, The",29,0,7.2,2025-06-18,3,Partial,Mobile,Morning,6,19.08,Not my type.
C0124,Terminator,94,1,,2025-07-26,0,Completed,Laptop,Morning,1,5.05,
C0124,Strange Days,31,0,,2025-09-27,3,Dropped,Laptop,Morning,7,0.0,
C0124,"Perks of Being a Wallflower, The",100,1,6.7,2025-06-24,0,Completed,Mobile,Afternoon,0,10.79,
C0124,Roughshod,40,0,7.2,2025-03-01,4,Partial,Mobile,Afternoon,10,5.92,Amazing cinematography!
C0124,"Adventures of Buckaroo Banzai Across the Eighth Dimension, The",78,1,7.0,2025-02-18,4,Partial,Mobile,Afternoon,10,12.63,Average experience.
C0124,"Power of One, The",95,1,8.3,2025-10-03,3,Completed,Laptop,Morning,0,8.12,Loved it!
C0124,Ace Ventura Pet Detective,50,0,6.7,2024-11-17,1,Partial,Tablet,Afternoon,10,5.29,Amazing cinematography!
C0124,Elvis,52,0,7.1,2025-08-08,3,Dropped,Laptop,Morning,2,0.0,
C0124,Jennifer's Body,40,0,6.2,2025-01-13,3,Dropped,Smart TV,Morning,2,9.17,Great acting!
C0124,"Village, The",77,1,8.9,2024-12-08,0,Dropped,Smart TV,Night,10,0.02,
C0124,"Grifters, The",68,0,9.1,2025-06-25,2,Dropped,Smart TV,Evening,5,0.0,
C0124,Star Trek,30,0,8.9,2025-04-19,2,Partial,Mobile,Morning,3,16.54,Great acting!
C0124,Margin Call,92,1,7.0,2025-09-23,4,Completed,Laptop,Evening,1,8.0,Not my type.
C0124,Ghostbusters,74,1,6.4,2025-03-21,3,Partial,Tablet,Evening,9,0.0,Could be better.
C0124,Drop Dead Gorgeous,37,0,9.7,2025-10-25,1,Partial,Tablet,Afternoon,2,11.27,Average experience.
C0125,"Beach, The",78,1,,2025-06-23,4,Partial,Laptop,Afternoon,3,7.54,
C0125,You've Got Mail,97,1,,2024-12-30,1,Completed,Tablet,Afternoon,1,14.7,
C0125,Unknown,85,1,7.0,2025-01-27,4,Dropped,Laptop,Evening,1,0.0,Could be better.
C0125,Arbitrage,86,1,,2025-06-03,2,Dropped,Laptop,Morning,1,0.0,
C0125,Birthday Girl,39,0,,2025-05-03,3,Dropped,Tablet,Morning,0,5.79,Would watch again!
C0125,"Crow City of Angels, The",98,1,9.7,2024-11-01,2,Completed,Laptop,Afternoon,0,14.62,
C0125,Jimmy and Judy,35,0,7.1,2025-06-07,4,Partial,Tablet,Evening,2,16.87,Loved it!
C0125,"Life of David Gale, The",69,0,8.5,2025-06-27,1,Partial,Laptop,Morning,5,14.19,Great acting!
C0125,Lord of Illusions,49,0,9.6,2025-10-25,3,Partial,Laptop,Morning,9,11.17,
C0125,We Own the Night,89,1,,2025-05-01,0,Partial,Smart TV,Night,2,0.0,Would watch again!
C0125,Halloween The Curse of Michael Myers,100,1,,2025-03-27,3,Completed,Smart TV,Night,1,0.0,
C0125,"Siege, The",39,0,7.9,2024-11-02,2,Dropped,Smart TV,Evening,3,6.15,Great acting!
C0125,Get Carter,29,0,,2024-11-13,4,Partial,Laptop,Night,1,0.0,Would watch again!
C0125,Dog Day Afternoon,29,0,9.8,2025-01-17,0,Dropped,Laptop,Night,1,15.24,Loved it!
C0125,"Lock, Stock and Two Smoking Barrels",99,1,7.5,2025-01-09,0,Completed,Laptop,Afternoon,2,4.2,Could be better.
C0125,Jackie Brown,59,0,6.7,2025-03-24,4,Dropped,Tablet,Evening,7,8.88,
C0125,Cirque du Freak The Vampire's Assistant,48,0,4.4,2025-02-24,0,Partial,Mobile,Night,5,0.0,
C0126,American Gangster,91,1,,2025-08-28,2,Completed,Mobile,Morning,1,19.22,Amazing cinematography!
C0126,"Horse Whisperer, The",65,0,9.8,2025-06-29,0,Dropped,Mobile,Evening,8,0.0,Too slow.
C0126,Last Tango in Paris,77,1,8.3,2025-08-20,4,Partial,Tablet,Evening,3,2.34,Would watch again!
C0126,12 Monkeys,26,0,,2025-02-19,0,Partial,Laptop,Evening,4,0.0,Loved it!
C0126,Trap Livin',39,0,8.8,2025-04-12,0,Dropped,Mobile,Night,6,15.34,
C0126,Fracture,85,1,8.9,2025-08-16,4,Partial,Mobile,Evening,2,14.87,
C0126,"Danish Girl, The",70,0,7.6,2025-10-05,2,Dropped,Laptop,Night,4,14.19,Not my type.
C0126,Machine Gun Preacher,73,1,4.3,2025-04-15,1,Partial,Mobile,Evening,4,10.06,
C0126,"Program, The",82,1,8.3,2025-04-09,4,Partial,Mobile,Morning,2,0.0,
C0126,"Bling Ring, The",89,1,,2025-05-11,2,Dropped,Laptop,Morning,0,0.0,
C0126,Next,68,0,6.0,2025-02-22,2,Partial,Mobile,Morning,5,0.0,Great acting!
C0126,Bruce Almighty,96,1,4.2,2025-02-01,3,Completed,Mobile,Afternoon,0,0.0,Would watch again!
C0126,Sherlock Holmes,81,1,,2025-06-29,2,Partial,Laptop,Evening,1,19.17,Great acting!
C0126,Belle,76,1,5.7,2025-07-28,0,Partial,Tablet,Afternoon,9,0.0,
C0126,"Neverending Story, The",72,1,6.4,2025-07-06,1,Partial,Mobile,Night,0,19.52,Average experience.
C0126,"Three Musketeers, The",58,0,6.2,2025-04-15,4,Partial,Tablet,Morning,3,10.34,Loved it!
C0126,Grabbers,25,0,5.4,2024-12-23,0,Partial,Smart TV,Morning,2,17.74,Average experience.
C0126,44 Inch Chest,99,1,4.7,2025-07-18,1,Completed,Mobile,Morning,2,0.0,Not my type.
C0126,Crazylove,66,0,7.6,2025-03-19,2,Dropped,Smart TV,Afternoon,7,11.37,
C0126,"Girl with the Dragon Tattoo, The",34,0,8.9,2025-06-29,3,Dropped,Smart TV,Morning,9,8.61,Would watch again!
C0127,Jane Eyre,61,0,5.6,2025-10-13,4,Dropped,Smart TV,Morning,5,0.0,
C0127,Insomnia,62,0,4.5,2025-09-24,4,Dropped,Smart TV,Morning,8,6.96,Not my type.
C0127,Indiana Jones IV,62,0,6.4,2025-10-25,1,Partial,Tablet,Afternoon,1,9.9,Average experience.
C0127,A Most Violent Year,50,0,,2025-04-22,3,Dropped,Tablet,Night,2,8.46,Could be better.
C0127,Date Night,73,1,,2025-07-28,3,Dropped,Mobile,Afternoon,3,19.89,Amazing cinematography!
C0127,Battle Los Angeles,67,0,,2025-05-17,0,Dropped,Mobile,Night,3,12.7,Would watch again!
C0127,"Ladykillers, The",74,1,7.2,2025-10-07,4,Dropped,Laptop,Evening,2,0.0,Not my type.
C0127,"Zone of Interest, The",61,0,7.4,2024-11-02,0,Partial,Smart TV,Evening,5,0.0,
C0127,"Secret Life of Walter Mitty, The",94,1,8.3,2025-06-09,0,Completed,Tablet,Morning,2,12.74,
C0127,Jimmy and Judy,71,1,6.6,2025-10-05,3,Dropped,Tablet,Afternoon,3,14.27,Would watch again!
C0127,TRON Legacy,20,0,6.8,2024-12-23,1,Dropped,Mobile,Night,7,1.77,Loved it!
C0127,Wall Street Money Never Sleeps,43,0,7.6,2025-10-20,3,Partial,Tablet,Afternoon,3,0.0,
C0127,Fred Claus,37,0,10.0,2025-07-31,3,Partial,Laptop,Evening,0,0.0,
C0127,Leaving Las Vegas,50,0,8.9,2025-04-15,3,Partial,Laptop,Afternoon,4,0.0,Not my type.
C0127,Gangs of New York,88,1,,2025-03-13,1,Dropped,Mobile,Afternoon,0,0.43,Loved it!
C0127,"Power of One, The",98,1,8.6,2025-04-20,1,Completed,Tablet,Evening,1,0.0,
C0127,Batman,97,1,4.9,2025-09-07,4,Completed,Smart TV,Morning,2,16.4,
C0127,Hot Tub Time Machine,63,0,6.3,2025-09-30,3,Partial,Mobile,Night,9,12.45,Not my type.
C0127,Almost Famous,20,0,6.4,2025-01-29,2,Dropped,Tablet,Afternoon,10,0.0,
C0127,"Damned United, The",36,0,6.8,2025-08-29,1,Dropped,Tablet,Morning,6,10.12,
C0128,Jerry Maguire,81,1,8.8,2025-02-18,0,Dropped,Smart TV,Evening,0,0.0,
C0128,Kundun,41,0,8.8,2025-07-28,1,Partial,Laptop,Morning,0,15.82,Loved it!
C0128,Spartan,54,0,7.9,2025-07-23,3,Partial,Smart TV,Evening,8,0.0,Great acting!
C0128,What Lies Beneath,20,0,,2025-10-15,3,Dropped,Tablet,Morning,0,0.0,Amazing cinematography!
C0128,High Fidelity,72,1,5.7,2025-09-01,3,Partial,Tablet,Evening,9,11.72,Not my type.
C0128,Whiteout,89,1,9.1,2024-12-25,4,Dropped,Smart TV,Evening,2,10.12,Amazing cinematography!
C0128,A Scanner Darkly,56,0,8.8,2025-07-10,1,Dropped,Smart TV,Night,6,0.0,Not my type.
C0128,Music of the Heart,32,0,4.9,2025-03-11,4,Dropped,Mobile,Morning,5,11.25,Could be better.
C0128,2001 A Space Odyssey,29,0,6.7,2025-08-03,1,Dropped,Smart TV,Afternoon,9,14.06,Would watch again!
C0128,Dragonslayer,40,0,8.3,2025-09-05,4,Partial,Laptop,Morning,8,10.53,
C0128,First Cow,77,1,7.3,2025-04-28,3,Dropped,Tablet,Evening,10,16.96,Loved it!
C0128,Being Human,45,0,5.5,2025-06-10,2,Partial,Smart TV,Evening,7,11.5,
C0128,Nickel Boys,23,0,5.9,2024-12-13,3,Partial,Laptop,Evening,9,7.74,
C0128,187,99,1,,2025-05-26,3,Completed,Mobile,Afternoon,0,2.39,
C0128,White Squall,38,0,6.3,2025-08-17,1,Dropped,Tablet,Morning,6,18.02,
C0128,"Ice Storm, The",62,0,9.6,2024-11-10,3,Partial,Laptop,Evening,5,7.04,
C0128,Heavy Metal,80,1,4.0,2024-11-09,0,Partial,Laptop,Night,1,16.19,
C0129,Authors Anonymous,65,0,6.3,2025-02-01,2,Partial,Smart TV,Morning,2,0.0,Could be better.
C0129,Barton Fink,85,1,6.8,2025-06-28,2,Dropped,Mobile,Afternoon,0,0.0,Average experience.
C0129,"Substance, The",49,0,,2025-02-07,3,Dropped,Mobile,Morning,7,0.0,Not my type.
C0129,Jennifer's Body,54,0,5.3,2024-11-18,3,Dropped,Mobile,Afternoon,0,6.66,Not my type.
C0129,In the Bedroom,28,0,8.0,2025-01-12,0,Partial,Tablet,Morning,9,9.7,
C0129,Collateral,54,0,4.9,2025-04-07,2,Dropped,Mobile,Afternoon,5,5.41,Amazing cinematography!
C0129,Scott Pilgrim vs the World,46,0,8.6,2024-11-01,3,Partial,Smart TV,Morning,9,12.8,
C0129,"Addams Family, The",63,0,7.8,2025-06-11,4,Dropped,Smart TV,Afternoon,10,0.02,
C0129,How to Train Your Dragon 2,38,0,8.9,2025-10-17,0,Dropped,Smart TV,Morning,5,12.01,
C0129,Spare Me,55,0,9.2,2025-03-29,3,Dropped,Tablet,Evening,2,0.0,Would watch again!
C0129,Rush,56,0,6.8,2024-11-05,4,Partial,Laptop,Morning,10,10.27,Could be better.
C0129,"Fifth Element, The",20,0,8.5,2025-05-12,1,Partial,Laptop,Night,8,5.53,
C0129,Hackers,48,0,9.3,2025-01-31,0,Partial,Smart TV,Night,9,3.31,Would watch again!
C0129,Surrogates,46,0,9.9,2025-03-13,1,Dropped,Mobile,Night,6,0.0,
C0130,Blink Twice,87,1,,2025-06-13,0,Partial,Smart TV,Afternoon,1,17.73,
C0130,Wall E,59,0,7.3,2025-06-06,0,Partial,Laptop,Afternoon,3,0.0,
C0130,Shame,35,0,7.0,2025-09-16,4,Dropped,Mobile,Afternoon,2,0.0,
C0130,American Outlaws,74,1,5.6,2025-01-06,4,Partial,Smart TV,Morning,10,5.61,Would watch again!
C0130,"Help, The",29,0,6.7,2025-01-25,3,Partial,Mobile,Evening,3,1.55,
C0130,Ronin,46,0,4.4,2025-06-12,4,Dropped,Laptop,Evening,7,11.16,Average experience.
C0130,"Other Boleyn Girl, The",90,1,5.6,2025-07-14,4,Completed,Mobile,Night,1,0.0,Great acting!
C0130,Shrek,71,1,5.4,2025-10-27,3,Dropped,Smart TV,Afternoon,1,15.73,
C0130,BlacKkKlansman,90,1,,2025-03-13,4,Completed,Tablet,Morning,0,12.94,
C0130,Bonnie and Clyde,85,1,8.9,2025-10-04,0,Partial,Mobile,Morning,1,15.21,
C0130,Cast Away,26,0,4.8,2025-06-03,3,Dropped,Smart TV,Afternoon,6,17.87,Average experience.
C0130,Roughshod,25,0,5.9,2025-07-31,3,Partial,Laptop,Evening,7,8.28,
C0130,Excalibur,63,0,6.7,2025-02-16,3,Partial,Laptop,Afternoon,1,16.8,
C0130,Bodyguard,61,0,7.8,2025-04-27,2,Partial,Laptop,Morning,5,0.0,Would watch again!
C0130,Surrogates,55,0,5.7,2025-07-26,0,Partial,Smart TV,Evening,8,2.09,Too slow.
C0130,Sing Sing,26,0,8.2,2025-02-01,1,Dropped,Tablet,Evening,0,0.0,
C0131,Leprechaun 2,100,1,8.9,2024-11-23,4,Completed,Tablet,Morning,2,0.0,
C0131,"Revenant, The",88,1,9.3,2025-05-07,1,Partial,Smart TV,Evening,1,5.84,Would watch again!
C0131,Alien Nation,49,0,,2025-07-17,3,Partial,Smart TV,Evening,0,0.0,Great acting!
C0131,Sideways,47,0,7.0,2025-09-10,1,Dropped,Laptop,Evening,9,7.32,
C0131,"Crow Salvation, The",76,1,7.1,2025-10-15,4,Dropped,Smart TV,Morning,2,1.77,
C0131,"Descendants, The",49,0,5.8,2025-03-26,3,Partial,Tablet,Morning,8,14.78,
C0131,Next Friday,23,0,,2025-10-13,1,Partial,Smart TV,Evening,6,14.18,Too slow.
C0131,"Whistleblower, The",65,0,7.9,2025-06-16,3,Partial,Laptop,Morning,6,0.0,Loved it!
C0132,Being Human,85,1,6.4,2025-06-13,4,Dropped,Smart TV,Evening,0,0.0,
C0132,Sideways,69,0,,2024-11-13,4,Partial,Laptop,Afternoon,7,5.76,
C0132,Zebra Girl,36,0,5.7,2025-09-23,1,Dropped,Tablet,Morning,2,17.05,Loved it!
C0132,Erin Brockovich,34,0,5.1,2025-02-14,3,Partial,Mobile,Night,1,7.55,Average experience.
C0132,15 Minutes,37,0,,2025-10-09,3,Dropped,Laptop,Evening,2,18.43,Great acting!
C0132,Funny People,54,0,7.3,2025-10-06,0,Dropped,Mobile,Night,6,17.82,Loved it!
C0132,Shampoo,77,1,6.0,2024-11-29,2,Partial,Laptop,Night,1,0.0,Great acting!
C0132,Hall Pass,64,0,5.8,2025-10-09,3,Partial,Mobile,Night,4,0.0,
C0132,"Breakfast Club, The",90,1,6.9,2025-10-24,1,Completed,Smart TV,Night,0,0.0,
C0132,Milk,98,1,6.1,2025-02-16,1,Completed,Mobile,Afternoon,1,7.51,
C0133,Anora,23,0,9.1,2025-10-16,4,Partial,Smart TV,Morning,2,6.69,Not my type.
C0133,Intolerable Cruelty,52,0,,2025-04-28,3,Partial,Smart TV,Afternoon,2,10.72,
C0133,Sense and Sensibility,50,0,,2025-08-03,0,Partial,Smart TV,Evening,4,14.78,Would watch again!
C0133,Witness,45,0,4.6,2025-02-11,2,Partial,Smart TV,Night,9,4.27,Loved it!
C0133,A Real Pain,94,1,5.5,2025-08-02,3,Completed,Mobile,Night,1,0.0,Amazing cinematography!
C0133,"Avventura, L' (The Adventure)",32,0,7.2,2025-08-11,1,Dropped,Smart TV,Evening,3,6.49,
C0133,Ghost Rider,75,1,6.5,2025-01-05,0,Dropped,Tablet,Night,8,0.0,Loved it!
C0133,"Teachers' Lounge, The",60,0,4.8,2025-01-20,3,Dropped,Laptop,Night,10,16.76,Average experience.
C0133,Guardians of the Galaxy Vol 2,29,0,5.6,2025-03-05,1,Dropped,Tablet,Night,0,0.0,Great acting!
C0133,Lone Star,62,0,,2025-10-19,0,Partial,Laptop,Afternoon,2,0.0,Could be better.
C0133,All About Eve,71,1,4.2,2025-04-07,2,Dropped,Tablet,Evening,5,11.33,Average experience.
C0133,"Happy Birthday, Wanda June",46,0,,2025-02-10,4,Dropped,Laptop,Afternoon,2,5.56,Amazing cinematography!
C0133,Year One,36,0,5.1,2025-06-26,2,Partial,Mobile,Afternoon,10,0.0,
C0133,Beavis and Butt head Do America,34,0,5.5,2024-11-27,2,Dropped,Smart TV,Afternoon,9,0.0,Great acting!
C0134,Suspect Zero,68,0,,2025-08-21,0,Dropped,Tablet,Afternoon,3,5.08,
C0134,Inglourious Basterds,62,0,,2025-04-12,4,Partial,Tablet,Evening,4,8.56,Could be better.
C0134,Prometheus,44,0,8.5,2025-09-22,4,Partial,Smart TV,Afternoon,6,12.73,Not my type.
C0134,White Christmas,90,1,6.2,2025-06-11,4,Completed,Tablet,Night,0,16.7,Great acting!
C0134,Origin,67,0,,2025-01-04,4,Dropped,Mobile,Evening,7,7.8,Not my type.
C0134,"Pianist, The",73,1,5.6,2025-04-09,2,Dropped,Smart TV,Afternoon,6,13.96,Would watch again!
C0134,Ninja Assassin,75,1,8.0,2025-01-17,2,Dropped,Smart TV,Night,2,17.61,
C0134,"Happy Birthday, Wanda June",39,0,9.3,2025-09-27,3,Partial,Tablet,Afternoon,4,0.0,Great acting!
C0134,Pirates of the Caribbean Dead Man's Chest,45,0,7.3,2025-03-13,1,Partial,Tablet,Evening,3,5.73,
C0134,Halloween,93,1,8.7,2024-12-11,3,Completed,Tablet,Afternoon,1,11.8,Too slow.
C0135,Martha Marcy May Marlene,48,0,7.0,2025-03-25,0,Partial,Laptop,Afternoon,7,0.0,Would watch again!
C0135,Shame,36,0,6.8,2025-08-24,1,Dropped,Laptop,Morning,4,8.47,Loved it!
C0135,Natural Born Killers,55,0,,2024-12-05,0,Partial,Tablet,Night,3,5.96,
C0135,Elvis,61,0,,2025-04-02,4,Dropped,Laptop,Night,4,8.11,
C0135,Bridesmaids,78,1,9.6,2025-04-30,4,Partial,Mobile,Morning,3,11.45,
C0135,Broadcast News,43,0,8.2,2025-09-25,3,Partial,Tablet,Night,1,9.03,
C0135,Tucker and Dale vs Evil,48,0,,2025-03-21,0,Dropped,Mobile,Morning,6,0.0,Loved it!
C0135,Office Space,51,0,5.6,2025-09-05,4,Dropped,Laptop,Morning,3,0.0,Could be better.
C0136,Pitch Black,81,1,5.2,2025-10-10,2,Dropped,Mobile,Evening,0,10.91,
C0136,"Back up Plan, The",29,0,,2025-05-23,3,Dropped,Mobile,Morning,1,18.17,Average experience.
C0136,Indiana Jones IV,94,1,7.5,2024-12-29,0,Completed,Mobile,Morning,0,13.12,
C0136,"Damned United, The",87,1,9.3,2025-08-01,3,Dropped,Laptop,Night,2,14.96,Loved it!
C0136,It's a Wonderful Life,38,0,9.1,2025-07-18,1,Partial,Laptop,Evening,4,17.76,
C0136,"Last Flight, The",45,0,4.4,2025-05-31,3,Dropped,Tablet,Night,9,0.0,
C0136,"Avengers, The",30,0,6.9,2025-08-08,0,Partial,Mobile,Morning,3,15.65,Could be better.
C0136,Colombiana,58,0,,2025-03-24,0,Dropped,Smart TV,Morning,4,0.0,Would watch again!
C0136,Land of the Dead,37,0,,2025-09-12,0,Dropped,Laptop,Night,7,7.37,Average experience.
C0136,"Battle of Algiers, The",50,0,9.8,2025-10-27,0,Partial,Laptop,Evening,9,13.15,Could be better.
C0136,Hannibal,39,0,5.7,2025-05-12,0,Dropped,Laptop,Afternoon,1,4.36,Average experience.
C0136,Newsies,28,0,5.5,2024-11-23,2,Partial,Smart TV,Afternoon,5,0.0,
C0136,Beauty and the Beast,20,0,6.2,2024-11-15,3,Dropped,Tablet,Night,9,14.1,Amazing cinematography!
C0136,Ni vu ni connu,97,1,7.4,2025-01-17,4,Completed,Tablet,Afternoon,0,0.0,Amazing cinematography!
C0136,"Rocky Horror Picture Show, The",64,0,,2025-05-06,3,Dropped,Tablet,Evening,5,5.92,Great acting!
C0136,Black Rain,78,1,6.4,2024-12-29,2,Partial,Tablet,Evening,0,0.0,
C0136,Airplane 2 The Sequel,25,0,9.2,2025-07-25,2,Dropped,Tablet,Afternoon,0,7.56,
C0136,Ed Wood,53,0,8.2,2025-03-07,3,Dropped,Smart TV,Morning,0,19.61,Loved it!
C0136,Bodyguard,82,1,4.8,2024-12-18,3,Partial,Laptop,Afternoon,0,2.23,Great acting!
C0136,Ghost Ship,38,0,5.1,2025-01-29,4,Dropped,Laptop,Evening,0,9.42,
C0137,Zootopia,96,1,4.0,2025-06-27,0,Completed,Mobile,Morning,2,5.36,
C0137,"Ghost and the Darkness, The",67,0,,2024-11-28,0,Dropped,Smart TV,Afternoon,5,16.52,
C0137,FairyTale A True Story,60,0,,2025-05-05,3,Dropped,Tablet,Afternoon,10,2.63,
C0137,Invictus,35,0,9.6,2025-06-10,2,Partial,Mobile,Morning,9,10.48,Loved it!
C0137,Aladdin,58,0,5.7,2025-07-24,2,Dropped,Smart TV,Evening,1,17.43,Too slow.
C0137,Into the Woods,80,1,8.8,2025-07-30,2,Dropped,Laptop,Morning,0,0.0,
C0137,Airplane 2 The Sequel,69,0,6.1,2025-03-20,4,Dropped,Mobile,Afternoon,7,15.46,
C0137,Game 6,99,1,8.3,2025-10-10,2,Completed,Smart TV,Afternoon,2,11.51,Amazing cinematography!
C0137,Magnolia,83,1,7.6,2025-04-19,2,Dropped,Tablet,Evening,0,14.73,
C0137,Warrior,26,0,6.2,2025-06-17,1,Partial,Tablet,Morning,6,0.0,Amazing cinematography!
C0137,"Sandlot Kids, The",50,0,8.5,2025-10-14,2,Partial,Tablet,Morning,1,2.88,Not my type.
C0137,Virtuosity,28,0,9.4,2025-05-14,0,Dropped,Laptop,Evening,3,10.24,Average experience.
C0137,Nurse Betty,57,0,6.8,2025-03-07,3,Dropped,Smart TV,Evening,0,13.51,Great acting!
C0137,Drop Dead Gorgeous,47,0,4.0,2025-06-22,0,Partial,Smart TV,Morning,7,6.16,
C0137,Hancock,70,0,6.0,2025-06-06,2,Partial,Tablet,Night,4,11.7,Great acting!
C0137,Wall E,68,0,5.7,2024-12-09,2,Partial,Smart TV,Morning,3,4.26,
C0138,Max Payne,43,0,,2025-04-12,0,Partial,Tablet,Afternoon,8,0.92,Great acting!
C0138,"Nightmare Before Christmas, The",43,0,,2025-06-16,4,Dropped,Laptop,Night,2,0.0,Great acting!
C0138,Cliffhanger,23,0,6.4,2025-01-03,4,Dropped,Tablet,Morning,5,11.81,
C0138,Foxcatcher,80,1,,2025-09-11,0,Partial,Mobile,Afternoon,0,15.03,
C0138,Ghostbusters,95,1,4.3,2024-12-15,4,Completed,Mobile,Evening,0,0.0,Too slow.
C0138,Braveheart,93,1,5.5,2024-11-14,2,Completed,Mobile,Afternoon,1,1.7,Loved it!
C0138,Elvis,94,1,6.6,2025-05-26,3,Completed,Smart TV,Afternoon,0,7.53,
C0138,Soldier,28,0,6.2,2024-12-13,4,Partial,Laptop,Morning,7,12.43,
C0138,10 Things I Hate About You,56,0,6.1,2025-02-05,1,Dropped,Smart TV,Afternoon,1,13.02,Too slow.
C0138,Little Men,68,0,8.4,2025-04-08,1,Partial,Mobile,Morning,1,18.9,Too slow.
C0138,"Rocky Horror Picture Show, The",83,1,6.5,2024-11-15,3,Partial,Mobile,Morning,1,0.0,Average experience.
C0138,Cherry Falls,23,0,5.0,2024-12-07,0,Partial,Mobile,Night,8,0.0,
C0138,"Day the Earth Stood Still, The",36,0,8.1,2025-03-07,3,Partial,Laptop,Night,0,16.52,
C0138,Lone Star,51,0,5.2,2025-10-11,3,Dropped,Tablet,Evening,9,0.0,
C0139,"Substance, The",67,0,9.5,2025-04-17,0,Dropped,Tablet,Evening,2,3.85,Not my type.
C0139,Lord of Illusions,51,0,7.2,2025-10-14,1,Dropped,Tablet,Morning,3,0.0,Average experience.
C0139,Forrest Gump,36,0,,2025-01-06,4,Partial,Tablet,Morning,7,4.03,
C0139,Machine Gun Preacher,92,1,9.9,2024-12-24,1,Completed,Mobile,Afternoon,0,0.0,
C0139,New York Minute,65,0,6.6,2025-02-09,2,Dropped,Smart TV,Night,7,17.54,
C0139,Bad Country,38,0,,2024-11-08,2,Partial,Smart TV,Afternoon,3,16.69,
C0139,Nashville,98,1,6.5,2025-04-28,4,Completed,Smart TV,Night,2,0.0,Great acting!
C0139,Wild Things,56,0,9.0,2024-10-27,0,Partial,Laptop,Night,10,0.0,Average experience.
C0139,Water for Elephants,73,1,7.2,2024-11-19,2,Dropped,Tablet,Afternoon,10,0.0,Great acting!
C0139,Pineapple Express,83,1,9.7,2025-08-16,2,Dropped,Laptop,Night,2,5.15,
C0139,Bean,36,0,5.8,2024-12-04,2,Dropped,Smart TV,Afternoon,2,5.85,Loved it!
C0139,Major League,83,1,6.8,2025-08-15,1,Partial,Tablet,Morning,2,0.0,
C0139,Ali,46,0,7.7,2025-09-10,1,Dropped,Laptop,Evening,7,16.82,
C0139,Grosse Point Blank,44,0,8.4,2024-12-30,1,Dropped,Tablet,Evening,5,0.0,
C0140,Reservoir Dogs,21,0,6.4,2025-03-21,1,Dropped,Laptop,Night,3,0.0,Great acting!
C0140,All About Eve,26,0,,2025-03-27,4,Partial,Laptop,Evening,2,5.06,
C0140,First Cow,47,0,6.7,2025-03-27,4,Partial,Tablet,Morning,8,0.0,
C0140,Star Trek First Contact,30,0,6.3,2025-01-15,2,Partial,Tablet,Evening,6,11.99,Amazing cinematography!
C0140,"Incredibles, The",92,1,,2025-08-07,1,Completed,Smart TV,Afternoon,1,15.27,Not my type.
C0140,Arctic Blue,20,0,9.4,2025-07-12,2,Partial,Mobile,Morning,7,17.99,
C0140,Top Gun,26,0,7.1,2025-08-28,4,Dropped,Mobile,Evening,4,1.23,Not my type.
C0140,Man on the Moon,71,1,7.1,2025-03-21,0,Dropped,Tablet,Evening,3,13.09,Not my type.
C0140,King Kong,78,1,7.0,2025-04-22,1,Dropped,Tablet,Morning,1,10.33,Could be better.
C0140,"Breakfast Club, The",82,1,,2025-08-20,3,Partial,Mobile,Morning,0,12.16,Would watch again!
C0140,"Other Boleyn Girl, The",97,1,7.4,2025-06-26,1,Completed,Tablet,Night,2,0.0,Amazing cinematography!
C0140,Predator,86,1,,2025-03-26,0,Dropped,Laptop,Night,1,11.58,
C0140,Fear and Loathing in Las Vegas,40,0,6.9,2025-10-12,0,Partial,Smart TV,Morning,5,10.73,Could be better.
C0140,To Sleep with Anger,28,0,6.5,2025-02-22,3,Dropped,Smart TV,Evening,3,4.79,Great acting!
C0140,Death to Smoochy,69,0,4.9,2025-08-27,3,Partial,Smart TV,Evening,8,0.0,
C0140,Pride and Prejudice,74,1,7.6,2024-12-05,1,Dropped,Laptop,Afternoon,0,0.0,
C0140,Deadpool,79,1,8.5,2025-08-03,3,Dropped,Laptop,Evening,5,0.0,Loved it!
C0141,Chinatown,86,1,5.8,2025-03-27,0,Dropped,Tablet,Morning,2,3.81,
C0141,Cherry Falls,21,0,8.6,2025-07-04,1,Dropped,Mobile,Night,7,18.4,
C0141,Cedar Rapids,84,1,5.9,2025-04-24,3,Partial,Laptop,Afternoon,0,1.23,Too slow.
C0141,Bean,26,0,,2025-08-25,2,Dropped,Mobile,Afternoon,4,9.78,
C0141,Man Trouble,81,1,,2025-07-03,3,Partial,Mobile,Morning,2,15.67,
C0141,Withnail and I,94,1,4.7,2024-11-14,2,Completed,Mobile,Night,1,8.05,Could be better.
C0141,Mr Deeds Goes to Town,87,1,,2025-06-01,1,Partial,Laptop,Evening,0,0.0,
C0141,Deep Rising,56,0,,2025-07-17,3,Partial,Mobile,Afternoon,7,19.14,Too slow.
C0141,Hellraiser Hellseeker,51,0,,2025-01-02,0,Partial,Mobile,Morning,5,9.56,Loved it!
C0141,Logan,83,1,7.5,2025-04-04,0,Partial,Tablet,Morning,2,0.88,Great acting!
C0141,500 Days of Summer,23,0,4.8,2025-02-15,2,Dropped,Laptop,Evening,7,11.96,
C0141,G.I. Jane,60,0,7.0,2024-12-22,1,Partial,Tablet,Night,1,2.16,
C0141,"Village, The",31,0,,2024-12-25,3,Dropped,Laptop,Night,10,5.67,
C0141,Airplane 2 The Sequel,46,0,10.0,2025-09-07,3,Dropped,Smart TV,Night,6,15.57,Average experience.
C0141,"Hills Have Eyes, The",95,1,,2025-04-25,3,Completed,Laptop,Afternoon,1,0.0,
C0142,Trap Livin',70,0,4.5,2025-08-09,3,Dropped,Laptop,Evening,1,11.19,Not my type.
C0142,Spanglish,34,0,7.9,2025-06-14,0,Dropped,Tablet,Afternoon,5,16.9,
C0142,Field of Dreams,21,0,4.3,2025-05-26,0,Dropped,Smart TV,Afternoon,1,10.42,
C0142,This Boy's Life,25,0,7.9,2024-11-13,1,Partial,Laptop,Evening,1,17.62,
C0142,Argo,99,1,4.3,2025-05-19,2,Completed,Tablet,Afternoon,2,8.49,Average experience.
C0143,Three Men and a Baby,23,0,8.9,2025-04-04,1,Dropped,Smart TV,Night,8,0.0,
C0143,"Saint, The",52,0,9.1,2025-07-11,2,Dropped,Laptop,Morning,1,0.0,Not my type.
C0143,50 50,98,1,9.6,2024-12-30,4,Completed,Smart TV,Night,2,19.57,Too slow.
C0143,Copycat,74,1,6.8,2025-05-03,3,Partial,Tablet,Morning,1,9.72,Too slow.
C0143,Shrek,70,0,,2025-05-25,1,Dropped,Smart TV,Night,3,10.52,
C0143,Alien Nation,31,0,6.4,2025-09-07,1,Partial,Mobile,Night,2,3.68,Would watch again!
C0143,"Village, The",44,0,6.4,2025-01-23,3,Partial,Mobile,Afternoon,2,12.82,
C0143,Schindler's List,57,0,5.5,2025-08-18,2,Dropped,Smart TV,Afternoon,5,9.53,Average experience.
C0143,Spartan,68,0,7.3,2025-02-14,1,Partial,Mobile,Morning,5,0.0,Could be better.
C0143,Red Planet,33,0,,2024-11-03,3,Partial,Laptop,Night,8,11.43,
C0144,No One Will Save You,64,0,,2025-01-31,4,Partial,Tablet,Morning,10,0.0,
C0144,Amour,27,0,,2025-09-02,2,Dropped,Tablet,Morning,9,0.0,Great acting!
C0144,Wag the Dog,82,1,6.8,2025-05-27,0,Dropped,Smart TV,Morning,0,0.36,Great acting!
C0144,A Good Person,28,0,6.3,2025-07-24,0,Partial,Laptop,Evening,2,19.38,Amazing cinematography!
C0144,El Mariachi,40,0,5.1,2025-03-23,4,Dropped,Mobile,Morning,10,7.69,
C0144,St. Elmo's Fire,45,0,4.8,2024-11-28,2,Dropped,Tablet,Night,10,2.78,
C0144,Men in Black,50,0,,2025-07-18,2,Dropped,Smart TV,Evening,7,13.81,
C0144,Jurassic Park The Lost World,70,0,,2025-06-10,4,Partial,Tablet,Night,10,9.92,Average experience.
C0144,Foe,66,0,5.5,2025-08-20,2,Dropped,Tablet,Evening,5,5.61,
C0144,Lincoln,85,1,8.5,2025-05-20,2,Dropped,Smart TV,Evening,2,4.57,
C0144,TRON Legacy,74,1,9.1,2025-03-22,3,Dropped,Tablet,Night,6,10.35,Loved it!
C0144,"Sex, Lies and Videotape",66,0,4.0,2025-07-23,4,Partial,Laptop,Afternoon,2,13.01,
C0144,Harold and Kumar Go to White Castle,58,0,9.9,2025-08-23,3,Partial,Smart TV,Morning,5,0.0,
C0144,"Last Flight, The",27,0,8.3,2025-09-01,4,Dropped,Laptop,Evening,6,14.66,Would watch again!
C0144,Independence Day,42,0,,2024-11-12,4,Dropped,Smart TV,Morning,7,18.29,Great acting!
C0144,House of 1000 Corpses,64,0,9.8,2025-01-02,0,Dropped,Mobile,Morning,1,6.7,
C0145,American Splendor,36,0,7.8,2024-12-10,2,Partial,Smart TV,Morning,10,0.0,
C0145,Foxcatcher,63,0,4.4,2025-06-20,3,Partial,Smart TV,Afternoon,3,12.41,
C0145,Eternal Sunshine of the Spotless Mind,30,0,8.3,2025-02-26,0,Dropped,Tablet,Afternoon,3,11.52,Great acting!
C0145,"Matrix Reloaded, The",43,0,,2025-08-31,2,Dropped,Mobile,Night,10,3.66,
C0145,Armageddon,87,1,5.3,2025-10-18,1,Partial,Tablet,Evening,1,1.6,
C0145,Analyze That,97,1,,2025-10-10,0,Completed,Smart TV,Afternoon,1,0.0,Could be better.
C0145,Master and Commander,60,0,5.3,2025-05-14,3,Dropped,Laptop,Night,2,10.88,Would watch again!
C0145,"Hangover, The",76,1,4.6,2025-06-15,1,Dropped,Laptop,Evening,7,8.46,
C0145,Pride and Prejudice,52,0,,2025-05-11,1,Partial,Tablet,Morning,8,0.0,Would watch again!
C0145,Deception,21,0,9.6,2025-04-28,3,Dropped,Laptop,Morning,9,4.81,
C0145,Looper,29,0,7.0,2025-02-07,0,Partial,Laptop,Evening,0,14.42,
C0145,Cherry Falls,73,1,8.1,2024-11-24,0,Dropped,Mobile,Afternoon,4,16.56,
C0145,"Killer, The",84,1,9.6,2025-06-16,2,Dropped,Mobile,Morning,0,16.32,Amazing cinematography!
C0145,"Croods, The",90,1,8.3,2025-09-06,0,Completed,Tablet,Afternoon,1,0.0,Amazing cinematography!
C0145,Mud,79,1,7.7,2025-10-10,0,Partial,Laptop,Evening,9,0.0,Could be better.
C0145,"Black Dahlia, The",86,1,,2025-02-01,1,Partial,Mobile,Afternoon,1,7.45,
C0146,Dead Poets Society,94,1,4.7,2025-02-13,0,Completed,Laptop,Evening,0,13.67,Would watch again!
C0146,Next,63,0,,2024-12-11,3,Dropped,Mobile,Afternoon,8,0.0,Too slow.
C0146,Star Wars Revenge of the Sith,82,1,7.7,2025-03-04,1,Dropped,Tablet,Afternoon,1,1.51,Not my type.
C0146,"Queen, The",81,1,4.2,2025-07-02,1,Partial,Mobile,Night,0,5.84,
C0146,Mission to Mars,45,0,5.6,2024-12-11,0,Dropped,Laptop,Afternoon,0,0.0,
C0146,Virtuosity,83,1,4.2,2024-11-06,1,Partial,Tablet,Evening,0,0.0,Average experience.
C0147,Apocalypse Now,50,0,4.3,2025-03-26,0,Dropped,Laptop,Evening,6,9.18,Too slow.
C0147,"Great Gatsby, The",74,1,4.6,2025-10-09,0,Dropped,Mobile,Afternoon,7,0.0,Amazing cinematography!
C0147,"Grudge, The",51,0,4.4,2025-05-11,4,Partial,Smart TV,Afternoon,2,0.0,Great acting!
C0147,Gothika,42,0,7.3,2025-09-08,1,Dropped,Tablet,Night,8,0.0,
C0147,Gamer,73,1,,2025-08-28,1,Dropped,Tablet,Night,3,12.0,Could be better.
C0147,"Producer, The",81,1,4.3,2025-05-25,2,Dropped,Mobile,Morning,1,1.99,Would watch again!
C0147,Rushmore,34,0,5.6,2025-05-02,2,Dropped,Mobile,Evening,1,0.0,Amazing cinematography!
C0147,"Breakfast Club, The",94,1,7.7,2025-04-07,2,Completed,Smart TV,Evening,1,8.41,Average experience.
C0147,Lord of War,69,0,,2024-12-14,4,Dropped,Tablet,Night,6,4.73,Too slow.
C0147,Cradle 2 the Grave,74,1,6.1,2024-12-12,0,Dropped,Smart TV,Night,6,8.81,Loved it!
C0147,Men in Black,83,1,4.6,2025-10-02,4,Partial,Tablet,Evening,0,0.0,Could be better.
C0147,Barton Fink,58,0,6.3,2025-01-10,3,Dropped,Mobile,Night,6,0.0,Could be better.
C0147,"Battle of Algiers, The",78,1,4.6,2025-04-11,2,Dropped,Mobile,Morning,5,0.0,
C0147,No Strings Attached,88,1,5.2,2025-09-01,3,Partial,Tablet,Night,0,7.77,Average experience.
C0147,Air,47,0,7.4,2025-10-10,1,Dropped,Laptop,Morning,4,9.73,
C0147,One Flew Over the Cuckoo's Nest,49,0,4.5,2024-12-14,2,Dropped,Tablet,Afternoon,9,0.0,
C0147,Avatar,69,0,5.3,2025-05-28,0,Dropped,Mobile,Evening,0,18.73,Too slow.
C0148,Dogma,36,0,5.7,2025-05-13,0,Dropped,Tablet,Morning,1,8.93,
C0148,Assassins,81,1,6.7,2025-03-15,4,Partial,Smart TV,Night,1,8.98,
C0148,Deep Rising,37,0,4.7,2025-10-18,2,Partial,Mobile,Evening,6,14.76,
C0148,8MM,75,1,5.3,2025-03-02,2,Partial,Smart TV,Afternoon,1,4.0,Would watch again!
C0148,Margin Call,77,1,,2024-11-03,3,Dropped,Mobile,Night,9,8.21,Too slow.
C0148,White Squall,47,0,8.1,2025-07-22,4,Dropped,Mobile,Night,8,3.33,Not my type.
C0148,Star Trek II The Wrath of Khan,29,0,,2025-04-09,1,Dropped,Laptop,Morning,6,0.0,
C0148,Pokemon Mewtwo Returns,35,0,,2025-07-09,1,Dropped,Mobile,Night,9,6.59,
C0148,King Kong,97,1,,2025-08-05,1,Completed,Smart TV,Night,2,0.0,Could be better.
C0148,"Surfer King, The",62,0,6.1,2025-05-17,3,Dropped,Laptop,Morning,2,5.57,
C0148,"Crouching Tiger, Hidden Dragon",61,0,9.4,2025-01-05,0,Partial,Smart TV,Evening,1,14.01,Too slow.
C0148,Something's Gotta Give,73,1,,2025-09-11,0,Dropped,Laptop,Afternoon,6,2.43,
C0148,While She Was Out,96,1,5.5,2025-08-04,1,Completed,Mobile,Evening,1,0.0,Not my type.
C0148,"Grifters, The",21,0,,2025-09-10,3,Partial,Smart TV,Evening,9,0.0,
C0148,Memory,94,1,4.8,2025-08-24,2,Completed,Mobile,Morning,2,12.23,
C0148,Saving Mr. Banks,81,1,9.4,2024-12-23,2,Dropped,Laptop,Night,1,1.33,Would watch again!
C0148,Prom Night,77,1,8.2,2025-09-27,0,Partial,Laptop,Afternoon,4,14.13,Great acting!
C0148,Donnie Brasco,54,0,7.7,2025-01-22,1,Dropped,Smart TV,Night,10,3.7,Amazing cinematography!
C0148,A Scanner Darkly,32,0,,2025-06-25,0,Partial,Smart TV,Evening,4,0.0,
C0149,"American, The",40,0,5.5,2025-10-07,2,Dropped,Mobile,Evening,7,14.03,
C0149,Superbad,74,1,9.9,2025-04-08,3,Partial,Laptop,Morning,9,5.7,Amazing cinematography!
C0149,To Sleep with Anger,99,1,9.4,2025-05-22,3,Completed,Mobile,Morning,1,12.73,Amazing cinematography!
C0149,August Osage County,85,1,,2025-07-26,1,Partial,Smart TV,Morning,2,15.6,Not my type.
C0149,My Mother Dreams the Satan's Disciples in New York,60,0,5.1,2024-12-20,4,Dropped,Tablet,Morning,10,4.84,Average experience.
C0149,Wonka,74,1,8.7,2024-12-06,4,Partial,Laptop,Afternoon,3,1.87,Too slow.
C0149,"Abyss, The",99,1,,2025-01-12,2,Completed,Tablet,Afternoon,1,17.17,Average experience.
C0149,E.T.,85,1,5.6,2025-06-11,1,Dropped,Smart TV,Evening,2,12.09,
C0149,Forrest Gump,80,1,9.6,2024-12-15,4,Partial,Smart TV,Night,2,0.0,Average experience.
C0150,Duck Soup,56,0,7.4,2025-04-18,3,Dropped,Mobile,Evening,5,0.0,Amazing cinematography!
C0150,Wild Things Diamonds in the Rough,64,0,8.6,2024-12-07,4,Partial,Tablet,Evening,7,17.31,Average experience.
C0150,Inglourious Basterds,61,0,7.6,2025-09-19,3,Partial,Mobile,Evening,0,0.0,Not my type.
C0150,American Sniper,95,1,6.0,2025-03-10,1,Completed,Tablet,Night,0,19.72,
C0150,Mr Brooks,86,1,,2024-11-19,3,Partial,Tablet,Evening,1,0.0,
C0150,Affliction,75,1,4.5,2025-10-27,2,Partial,Smart TV,Morning,1,0.0,
C0150,Ringu,33,0,6.9,2024-12-04,2,Partial,Mobile,Night,5,0.0,Average experience.
C0150,Body Heat,69,0,5.8,2025-06-23,4,Dropped,Smart TV,Afternoon,4,19.39,Average experience.
C0150,"Addams Family, The",55,0,9.5,2025-04-05,2,Partial,Laptop,Night,9,4.59,Loved it!
C0150,His Girl Friday,42,0,6.6,2025-08-10,3,Dropped,Laptop,Evening,7,0.0,
C0150,"Lincoln Lawyer, The",27,0,,2025-07-10,1,Partial,Smart TV,Night,6,15.11,
C0150,Super 8,29,0,8.6,2025-02-23,1,Partial,Laptop,Afternoon,6,17.36,
C0150,Legend,85,1,4.1,2025-07-12,0,Dropped,Mobile,Morning,0,11.56,
C0150,Foe,20,0,7.9,2025-06-06,4,Partial,Mobile,Afternoon,7,10.48,
C0151,"Neverending Story, The",61,0,4.3,2025-01-17,1,Partial,Smart TV,Afternoon,4,5.63,
C0151,Oppenheimer,85,1,6.3,2025-08-20,1,Dropped,Laptop,Morning,2,0.0,
C0151,Gamer,67,0,6.5,2025-10-25,3,Dropped,Tablet,Night,3,17.72,Amazing cinematography!
C0151,Saw IV,74,1,6.5,2025-04-30,1,Partial,Tablet,Afternoon,6,6.26,Would watch again!
C0151,Hitchcock,83,1,,2025-01-05,2,Partial,Laptop,Evening,2,0.0,Amazing cinematography!
C0151,Yes Man,65,0,,2025-01-27,3,Partial,Tablet,Evening,0,15.68,Would watch again!
C0151,"Usual Suspects, The",80,1,5.6,2025-10-20,1,Dropped,Smart TV,Night,1,1.61,
C0151,Ferrari,58,0,5.9,2025-09-01,3,Dropped,Smart TV,Afternoon,0,1.16,Loved it!
C0151,American Graffiti,72,1,6.1,2025-10-13,4,Dropped,Smart TV,Afternoon,4,6.87,
C0151,"Postman, The",66,0,9.7,2025-06-11,1,Dropped,Mobile,Night,6,12.63,
C0151,American Psycho,53,0,9.1,2025-09-29,4,Dropped,Smart TV,Morning,0,16.3,
C0152,Being There,30,0,8.6,2024-12-23,4,Partial,Laptop,Evening,1,0.0,Amazing cinematography!
C0152,Ringu,55,0,4.5,2025-08-21,2,Partial,Tablet,Night,6,10.21,
C0152,Strange Days,82,1,5.7,2025-08-26,3,Partial,Mobile,Night,2,15.64,Great acting!
C0152,Mission Impossible,37,0,6.1,2025-09-28,4,Partial,Laptop,Morning,8,1.36,
C0152,Gladiator,20,0,7.4,2025-10-09,1,Partial,Laptop,Night,4,6.31,
C0152,Thunderbirds,74,1,4.9,2024-11-26,2,Dropped,Tablet,Evening,1,0.0,Average experience.
C0152,American Fiction,59,0,6.7,2025-05-07,1,Dropped,Tablet,Morning,4,14.81,Could be better.
C0152,Jeux Interdits,58,0,,2025-01-02,0,Dropped,Laptop,Evening,9,0.0,Great acting!
C0152,Star Wars The Force Awakens,81,1,9.0,2025-06-28,0,Partial,Laptop,Night,1,17.29,Too slow.
C0152,"Blast from the Past, The",46,0,,2025-08-05,0,Dropped,Smart TV,Morning,2,7.48,Average experience.
C0152,"Three Musketeers, The",30,0,9.7,2024-11-09,4,Partial,Smart TV,Afternoon,1,12.05,Loved it!
C0152,"Beekeeper, The",41,0,,2024-12-28,4,Partial,Mobile,Evening,5,16.79,
C0152,Mr Blandings Builds His Dream House,78,1,7.7,2025-05-09,1,Dropped,Mobile,Morning,9,0.0,
C0152,TRON,25,0,10.0,2025-09-15,4,Dropped,Smart TV,Evening,6,0.0,Great acting!
C0152,Dead Poets Society,33,0,9.3,2025-09-01,4,Partial,Smart TV,Afternoon,0,14.71,Too slow.
C0152,Day of the Dead,80,1,,2025-08-25,2,Dropped,Smart TV,Morning,1,1.76,Amazing cinematography!
C0152,Memory,45,0,,2025-08-14,0,Partial,Smart TV,Afternoon,0,0.0,
C0152,9,77,1,4.5,2025-02-24,0,Dropped,Smart TV,Night,5,6.06,
C0153,ParaNorman,75,1,8.8,2025-03-03,2,Partial,Laptop,Morning,8,3.68,
C0153,Panic Room,98,1,,2025-09-19,4,Completed,Mobile,Evening,1,0.0,Too slow.
C0153,Airplane 2 The Sequel,73,1,,2025-02-02,3,Partial,Laptop,Morning,0,0.0,
C0153,Deception,52,0,8.4,2025-05-11,3,Dropped,Smart TV,Night,8,3.04,Would watch again!
C0153,Only God Forgives,41,0,6.3,2025-09-01,4,Partial,Mobile,Afternoon,0,12.63,Too slow.
C0153,A Million Miles Away,64,0,4.8,2025-03-22,2,Partial,Laptop,Afternoon,2,9.12,
C0153,Croupier,23,0,7.9,2025-05-27,3,Partial,Tablet,Evening,9,2.58,
C0153,Changeling,38,0,4.5,2024-11-25,2,Dropped,Mobile,Morning,5,10.23,
C0153,"Crow Salvation, The",100,1,,2025-08-08,3,Completed,Laptop,Morning,1,0.0,
C0153,Election,53,0,8.7,2025-01-20,2,Partial,Smart TV,Evening,7,7.98,
C0153,Anastasia,94,1,9.2,2025-06-27,4,Completed,Tablet,Evening,1,13.76,Too slow.
C0153,"Limey, The",100,1,,2025-03-13,3,Completed,Tablet,Afternoon,0,9.84,
C0153,Music of the Heart,64,0,9.9,2025-03-03,4,Dropped,Laptop,Morning,3,19.18,Great acting!
C0153,Zebra Girl,22,0,,2025-04-01,0,Dropped,Tablet,Night,0,9.64,
C0153,Belle,93,1,5.3,2025-07-09,0,Completed,Smart TV,Afternoon,1,0.0,
C0153,Take Shelter,95,1,8.6,2025-10-17,1,Completed,Mobile,Afternoon,2,6.16,
C0153,"Help, The",78,1,,2025-02-08,0,Partial,Mobile,Afternoon,4,11.22,
C0153,"Patriot, The",80,1,4.3,2025-02-16,4,Partial,Tablet,Afternoon,0,7.88,Could be better.
C0153,The Rage Carrie 2,72,1,,2025-10-03,2,Partial,Laptop,Afternoon,9,7.35,
C0154,Teenage Mutant Ninja Turtles Mutant Mayhem,41,0,9.4,2025-03-13,0,Dropped,Smart TV,Afternoon,3,0.83,
C0154,"Princess Bride, The",88,1,8.1,2025-06-25,3,Partial,Smart TV,Night,2,0.37,
C0154,"LEGO Movie, The",90,1,9.8,2025-06-06,2,Completed,Mobile,Evening,2,2.93,Not my type.
C0154,Shivers,61,0,,2025-04-09,2,Dropped,Smart TV,Night,4,9.15,Too slow.
C0154,Terminator 2 Judgement Day,69,0,9.9,2025-03-22,1,Partial,Tablet,Night,5,16.78,
C0154,"Prestige, The",52,0,5.6,2024-11-22,3,Partial,Tablet,Evening,1,15.57,Too slow.
C0154,Red Planet,87,1,5.4,2025-01-01,0,Dropped,Tablet,Afternoon,1,16.36,Too slow.
C0154,Extract,24,0,8.4,2025-09-18,4,Partial,Laptop,Afternoon,2,2.89,
C0154,Jurassic Park,96,1,6.3,2025-08-26,4,Completed,Mobile,Morning,2,15.33,Loved it!
C0154,"Last Station, The",24,0,8.8,2025-04-21,1,Partial,Smart TV,Morning,1,6.67,Not my type.
C0155,Ocean's Twelve,82,1,6.1,2025-02-08,2,Partial,Mobile,Night,0,11.72,
C0155,Raising Arizona,82,1,,2025-07-07,3,Dropped,Tablet,Night,0,0.0,Not my type.
C0155,Jeux Interdits,99,1,4.6,2024-10-27,1,Completed,Smart TV,Evening,1,12.53,
C0155,Anna Karenina,41,0,,2025-08-20,2,Partial,Tablet,Afternoon,8,0.0,Would watch again!
C0155,Lost in Space,60,0,4.5,2025-01-29,1,Partial,Smart TV,Afternoon,6,0.0,
C0155,Nurse Betty,81,1,5.6,2025-05-25,3,Dropped,Smart TV,Night,2,16.64,
C0155,"Big Lebowski, The",92,1,9.6,2025-01-17,4,Completed,Smart TV,Morning,1,7.41,Could be better.
C0155,Body Heat,59,0,5.0,2025-01-30,1,Dropped,Laptop,Night,4,3.56,
C0155,Sweeney Todd The Demon Barber of Fleet Street,63,0,6.9,2024-11-10,3,Partial,Tablet,Night,5,6.38,
C0155,"Addams Family, The",66,0,8.4,2025-03-12,2,Dropped,Mobile,Evening,3,8.64,Would watch again!
C0155,Looper,72,1,,2025-01-05,1,Dropped,Mobile,Morning,9,0.0,
C0155,Slither,71,1,,2025-10-12,1,Partial,Tablet,Morning,5,0.0,
C0155,Chasing Sleep,26,0,,2025-04-21,2,Partial,Smart TV,Night,7,15.33,
C0155,"Green Mile, The",29,0,,2024-11-02,2,Partial,Smart TV,Afternoon,2,7.31,
C0155,Office Space,52,0,,2024-11-15,3,Partial,Smart TV,Morning,6,17.51,Not my type.
C0155,"Danish Girl, The",50,0,,2025-06-26,4,Partial,Smart TV,Evening,5,16.68,
C0155,Sleepy Hollow,96,1,6.9,2025-01-15,4,Completed,Smart TV,Morning,2,0.89,
C0156,Fair Game,72,1,5.3,2025-06-05,2,Partial,Tablet,Morning,4,0.0,Average experience.
C0156,Body Heat,52,0,7.0,2025-06-22,4,Partial,Smart TV,Afternoon,4,0.0,Amazing cinematography!
C0156,Anastasia,86,1,7.0,2025-03-01,2,Partial,Mobile,Night,0,0.0,Average experience.
C0156,"Adventures of Buckaroo Banzai Across the Eighth Dimension, The",29,0,7.7,2025-10-03,0,Dropped,Mobile,Morning,7,18.8,Could be better.
C0156,Snatch,89,1,7.6,2025-09-25,4,Partial,Laptop,Evening,2,0.0,
C0156,Broadcast News,66,0,8.7,2025-09-04,4,Partial,Tablet,Night,6,7.06,Average experience.
C0156,"Great Gatsby, The",67,0,,2025-08-24,2,Partial,Smart TV,Morning,7,0.0,Not my type.
C0156,"Black Dahlia, The",47,0,6.1,2024-10-29,0,Dropped,Smart TV,Morning,1,0.0,Would watch again!
C0157,Soldier,59,0,,2025-08-04,1,Partial,Tablet,Night,10,6.27,
C0157,Gone Baby Gone,28,0,,2025-07-01,2,Dropped,Laptop,Afternoon,10,0.0,Would watch again!
C0157,"Men Who Stare at Goats, The",100,1,6.2,2025-05-29,1,Completed,Laptop,Night,0,19.49,Average experience.
C0157,Rush,95,1,,2025-10-03,0,Completed,Mobile,Afternoon,2,10.46,Too slow.
C0157,Chronicle,36,0,,2025-06-30,1,Dropped,Mobile,Evening,10,6.45,Average experience.
C0157,Brick,94,1,7.9,2025-04-26,4,Completed,Tablet,Afternoon,1,17.3,Amazing cinematography!
C0157,"Hills Have Eyes, The",100,1,6.3,2025-10-10,2,Completed,Mobile,Afternoon,0,16.38,Too slow.
C0157,Spare Me,32,0,8.1,2025-03-09,2,Dropped,Smart TV,Afternoon,6,3.75,
C0157,Crime Spree,27,0,9.0,2025-01-29,4,Dropped,Mobile,Afternoon,7,14.45,
C0157,Tin Cup,55,0,,2025-04-21,0,Partial,Smart TV,Night,10,0.0,Too slow.
C0158,"Fault in Our Stars, The",51,0,9.8,2024-11-21,0,Dropped,Mobile,Afternoon,7,0.0,Average experience.
C0158,Fantastic Beasts The Secrets of Dumbledore,20,0,9.3,2025-06-23,3,Partial,Tablet,Night,7,0.0,
C0158,Sing Sing,75,1,7.3,2025-03-02,3,Partial,Mobile,Afternoon,9,9.66,
C0158,Pi,43,0,,2025-10-13,3,Dropped,Smart TV,Morning,4,16.91,Loved it!
C0158,"Bounty Hunter, The",84,1,7.4,2025-07-20,0,Dropped,Smart TV,Afternoon,1,13.09,
C0158,Prometheus,79,1,7.5,2025-02-09,0,Partial,Tablet,Morning,5,13.69,Loved it!
C0158,Hard Rain,92,1,7.4,2025-07-03,3,Completed,Tablet,Morning,0,0.0,Too slow.
C0158,As Good As It Gets,35,0,8.4,2025-10-18,2,Dropped,Tablet,Afternoon,6,2.84,Loved it!
C0158,"Ides of March, The",42,0,6.0,2025-10-10,1,Dropped,Smart TV,Afternoon,10,14.57,
C0158,Double Indemnity,71,1,4.8,2025-04-09,0,Partial,Mobile,Morning,8,9.11,
C0158,Cradle 2 the Grave,97,1,8.6,2025-08-21,2,Completed,Mobile,Afternoon,2,3.84,
C0158,2001 A Space Odyssey,72,1,5.4,2025-07-05,2,Dropped,Smart TV,Night,4,5.07,
C0159,Alien,40,0,5.8,2025-05-28,0,Dropped,Mobile,Afternoon,3,0.0,Would watch again!
C0159,G.I. Jane,63,0,,2025-01-03,4,Partial,Laptop,Morning,7,1.63,Loved it!
C0159,American Fiction,64,0,6.7,2025-05-01,0,Partial,Tablet,Morning,2,0.0,
C0159,2012,62,0,6.4,2025-02-05,4,Dropped,Mobile,Evening,3,0.0,Could be better.
C0159,"Usual Suspects, The",78,1,6.4,2024-11-19,3,Partial,Laptop,Morning,0,4.49,Would watch again!
C0159,Belle,80,1,4.3,2025-06-06,1,Dropped,Tablet,Evening,2,14.97,
C0159,Living in Oblivion,83,1,,2025-09-22,2,Partial,Mobile,Morning,0,5.62,
C0159,xXx,58,0,9.9,2025-07-19,1,Dropped,Laptop,Morning,5,17.13,
C0160,Arsenic and Old Lace,78,1,9.1,2025-10-11,2,Partial,Tablet,Night,6,2.1,Would watch again!
C0160,"Kids Are All Right, The",77,1,8.0,2024-12-13,2,Partial,Tablet,Evening,7,0.0,
C0160,"Danish Girl, The",41,0,7.5,2025-05-27,2,Partial,Smart TV,Evening,10,0.0,Loved it!
C0160,Mumford,87,1,,2024-12-02,3,Dropped,Mobile,Night,1,14.58,Average experience.
C0160,Frozen,86,1,6.5,2025-10-13,4,Partial,Tablet,Morning,2,8.86,Would watch again!
C0160,Monte Carlo,79,1,7.9,2025-05-29,4,Partial,Tablet,Afternoon,6,0.0,Great acting!
C0160,Basic,30,0,6.6,2025-04-28,1,Partial,Tablet,Morning,2,8.39,Loved it!
C0160,Tombstone,41,0,5.0,2025-07-02,1,Dropped,Laptop,Morning,2,0.0,
C0160,"Haunting, The",55,0,8.7,2024-12-09,0,Partial,Laptop,Evening,3,0.05,
C0160,Ex Machina,63,0,9.3,2025-03-10,2,Dropped,Mobile,Evening,1,0.0,Would watch again!
C0160,Alien 3,68,0,,2025-03-26,2,Partial,Mobile,Evening,4,15.6,Too slow.
C0160,Willow,100,1,8.8,2024-11-20,0,Completed,Mobile,Evening,0,19.26,
C0160,"LEGO Movie, The",51,0,,2025-10-16,3,Partial,Tablet,Afternoon,5,0.6,
C0160,Tucker and Dale vs Evil,87,1,6.7,2024-11-25,3,Dropped,Laptop,Afternoon,0,0.0,
C0160,Django Unchained,35,0,4.5,2025-01-28,3,Dropped,Tablet,Morning,9,18.07,
C0160,Forrest Gump,95,1,8.0,2025-05-24,4,Completed,Tablet,Night,2,9.68,
C0160,Final Destination 2,29,0,4.9,2025-04-09,2,Partial,Tablet,Night,2,2.26,
C0160,"King's Speech, The",58,0,4.1,2025-07-17,1,Dropped,Laptop,Morning,7,0.0,Loved it!
C0160,Tenet,82,1,8.1,2025-08-10,1,Dropped,Mobile,Afternoon,2,0.0,
C0160,"Big Lebowski, The",82,1,6.2,2025-04-05,2,Dropped,Mobile,Night,1,12.39,
C0161,Hotel Rwanda,71,1,9.2,2025-10-12,2,Dropped,Tablet,Morning,5,0.0,
C0161,He's Just Not That Into You,55,0,4.3,2025-05-09,3,Dropped,Laptop,Night,8,6.83,
C0161,Fight Club,21,0,6.2,2025-04-24,3,Dropped,Mobile,Afternoon,8,0.0,
C0161,Priest,26,0,9.2,2025-07-11,2,Partial,Smart TV,Afternoon,3,0.0,Could be better.
C0161,Star Trek Nemesis,32,0,6.8,2024-11-02,0,Partial,Tablet,Morning,1,9.93,
C0161,Clueless,23,0,6.1,2025-04-22,4,Dropped,Smart TV,Morning,1,3.09,
C0162,Grand Hotel,49,0,9.8,2025-10-03,3,Dropped,Laptop,Evening,9,3.95,Amazing cinematography!
C0162,True Lies,33,0,9.8,2025-03-22,2,Partial,Tablet,Morning,1,4.22,
C0162,"Big White, The",56,0,9.8,2025-09-13,3,Partial,Smart TV,Night,4,2.21,
C0162,Elizabeth The Golden Age,58,0,6.8,2025-01-17,1,Partial,Laptop,Afternoon,6,0.0,
C0162,Basquiat,42,0,7.5,2025-01-06,3,Partial,Smart TV,Afternoon,10,15.79,Could be better.
C0162,Excalibur,59,0,9.3,2025-07-18,2,Partial,Smart TV,Night,2,17.34,Too slow.
C0162,Pandorum,59,0,7.1,2025-07-31,0,Dropped,Mobile,Morning,3,0.0,
C0162,Jaws,36,0,7.5,2025-09-20,3,Dropped,Tablet,Morning,0,0.19,Amazing cinematography!
C0162,"Ghost and the Darkness, The",81,1,5.7,2025-07-11,1,Partial,Smart TV,Night,2,13.88,Amazing cinematography!
C0163,Alien 3,48,0,7.6,2025-10-09,0,Dropped,Laptop,Evening,10,18.25,
C0163,Se7en,50,0,8.3,2025-10-24,3,Dropped,Tablet,Afternoon,6,1.32,Amazing cinematography!
C0163,While She Was Out,21,0,,2025-07-30,0,Partial,Tablet,Afternoon,9,4.35,Could be better.
C0163,Kafka,40,0,7.2,2025-05-20,1,Partial,Mobile,Night,10,13.87,
C0163,"Mariachi, El",51,0,,2025-07-09,0,Dropped,Tablet,Afternoon,6,3.27,Not my type.
C0163,Leprechaun 2,21,0,5.2,2025-08-16,4,Dropped,Tablet,Morning,10,0.0,Would watch again!
C0163,Barbie,59,0,6.7,2025-05-08,3,Dropped,Smart TV,Evening,5,0.0,
C0163,Dumb and Dumber,51,0,7.7,2025-06-06,4,Dropped,Laptop,Morning,6,7.27,
C0163,Fantastic Four,59,0,,2025-08-21,4,Partial,Laptop,Morning,4,4.24,
C0164,Drive,85,1,8.2,2025-04-14,2,Partial,Laptop,Afternoon,0,16.52,Not my type.
C0164,After School Special,81,1,6.0,2024-12-06,1,Dropped,Tablet,Afternoon,0,2.03,Could be better.
C0164,Heathers,22,0,7.2,2025-06-19,1,Partial,Mobile,Afternoon,0,0.0,Amazing cinematography!
C0164,Ocean's Eleven,26,0,8.9,2025-08-18,2,Dropped,Mobile,Morning,7,7.31,Would watch again!
C0164,Yes Man,54,0,8.2,2025-02-24,2,Dropped,Tablet,Afternoon,10,13.5,
C0164,Jurassic Park,29,0,7.7,2025-10-05,2,Partial,Tablet,Morning,2,10.21,
C0164,Suspect Zero,29,0,9.1,2025-09-01,2,Dropped,Mobile,Evening,3,6.2,
C0164,"Seventh Seal, The",34,0,7.0,2024-12-03,2,Partial,Laptop,Night,1,7.85,
C0164,Superbad,100,1,9.9,2025-08-17,3,Completed,Laptop,Afternoon,0,8.61,
C0164,Beasts of the Southern Wild,88,1,9.4,2025-09-30,3,Dropped,Tablet,Evening,0,0.0,
C0164,Quiz Lady,29,0,5.7,2024-12-11,0,Partial,Tablet,Night,8,13.35,Would watch again!
C0164,Being John Malkovich,59,0,5.3,2025-10-14,3,Dropped,Tablet,Morning,9,0.0,Could be better.
C0164,Body Heat,26,0,7.6,2024-12-30,3,Dropped,Tablet,Afternoon,0,0.0,
C0164,Burning Annie,69,0,,2024-12-21,4,Dropped,Tablet,Night,8,10.71,Amazing cinematography!
C0164,Antitrust,64,0,8.0,2025-09-30,3,Partial,Mobile,Night,8,3.21,Loved it!
C0164,Sicario,39,0,4.9,2024-11-02,0,Dropped,Smart TV,Evening,7,0.0,Not my type.
C0165,Indiana Jones IV,22,0,5.3,2025-08-23,0,Dropped,Smart TV,Morning,6,19.05,
C0165,"Bourne Supremacy, The",52,0,5.7,2024-11-02,4,Dropped,Tablet,Night,7,5.2,Loved it!
C0165,Mulan,87,1,6.5,2025-08-04,2,Dropped,Mobile,Evening,1,1.68,Average experience.
C0165,Manhunter,97,1,8.9,2025-03-01,1,Completed,Laptop,Evening,0,1.79,Would watch again!
C0165,You Can Count On Me,38,0,4.2,2025-08-22,2,Partial,Tablet,Night,5,4.28,
C0165,Silver Linings Playbook,50,0,5.2,2025-09-11,3,Partial,Smart TV,Night,1,3.22,Amazing cinematography!
C0165,TRON,81,1,4.1,2025-06-13,0,Dropped,Smart TV,Evening,2,0.0,
C0165,"Lord of the Rings Fellowship of the Ring, The",61,0,4.3,2025-03-08,2,Partial,Laptop,Morning,8,14.4,
C0165,Ordinary People,83,1,6.7,2025-08-22,4,Partial,Laptop,Afternoon,1,7.83,Could be better.
C0165,Ted,48,0,,2025-07-27,0,Dropped,Laptop,Evening,3,12.3,
C0165,Adaptation,82,1,8.3,2025-04-30,0,Partial,Laptop,Night,1,8.27,Would watch again!
C0165,May December,32,0,8.8,2025-04-10,1,Dropped,Laptop,Evening,2,6.55,Loved it!
C0165,"Cider House Rules, The",51,0,5.3,2025-02-13,2,Dropped,Mobile,Evening,6,9.03,
C0165,Enemy of the State,66,0,6.2,2025-01-19,4,Dropped,Smart TV,Evening,1,17.02,Loved it!
C0165,Basic,72,1,4.3,2025-07-25,4,Dropped,Smart TV,Afternoon,3,9.76,
C0165,Sleepy Hollow,98,1,7.3,2024-12-23,1,Completed,Smart TV,Night,0,9.47,
C0165,Jojo Rabbit,58,0,4.9,2024-12-20,2,Dropped,Laptop,Evening,8,7.86,
C0165,Saw IV,50,0,5.8,2025-04-30,0,Dropped,Mobile,Morning,1,0.63,Average experience.
C0166,Cellular,97,1,8.0,2025-09-21,3,Completed,Mobile,Morning,1,0.0,Too slow.
C0166,Bound,94,1,,2025-06-18,4,Completed,Laptop,Afternoon,2,18.96,
C0166,Juno,82,1,7.3,2025-02-06,1,Partial,Laptop,Morning,0,0.0,Too slow.
C0166,Basic,86,1,9.7,2025-01-04,4,Dropped,Laptop,Evening,0,6.84,Not my type.
C0166,La La Land,34,0,7.5,2025-05-31,0,Partial,Smart TV,Evening,7,0.0,Loved it!
C0166,Apollo 13,69,0,5.8,2025-09-05,4,Partial,Tablet,Afternoon,1,0.0,Amazing cinematography!
C0166,"Hudsucker Proxy, The",60,0,9.7,2025-03-23,1,Partial,Tablet,Evening,10,11.99,
C0166,"Horse Whisperer, The",23,0,9.1,2025-08-16,3,Partial,Tablet,Evening,9,12.27,
C0166,187,97,1,,2024-12-28,1,Completed,Smart TV,Morning,2,0.0,
C0166,Blade Runner,43,0,,2025-01-22,3,Partial,Smart TV,Morning,0,0.34,Would watch again!
C0166,Gods and Monsters,28,0,7.3,2024-11-03,2,Partial,Mobile,Night,3,0.0,
C0166,Aliens,88,1,7.9,2024-11-05,2,Partial,Mobile,Morning,0,7.92,Could be better.
C0166,Bachelor Party,55,0,9.7,2024-11-24,3,Partial,Smart TV,Evening,8,12.71,
C0167,Suspect Zero,28,0,9.4,2024-11-21,1,Partial,Mobile,Morning,0,18.43,Would watch again!
C0167,"Battle of Shaker Heights, The",76,1,9.7,2024-11-13,1,Partial,Mobile,Evening,9,11.91,
C0167,Repo Man,87,1,9.6,2025-03-01,0,Partial,Smart TV,Morning,2,8.46,Loved it!
C0167,Aladdin,41,0,,2025-02-18,2,Partial,Tablet,Evening,1,16.2,Average experience.
C0167,Inception,49,0,8.0,2024-11-01,4,Partial,Mobile,Night,5,3.24,
C0167,"Siege, The",23,0,,2025-07-25,1,Partial,Tablet,Afternoon,0,15.14,Great acting!
C0167,Origin,64,0,6.3,2025-04-01,0,Partial,Tablet,Night,3,0.0,Could be better.
C0167,Day of the Dead,54,0,8.3,2025-01-13,1,Dropped,Laptop,Evening,8,6.59,
C0167,Sicario,69,0,8.0,2025-05-21,2,Dropped,Tablet,Afternoon,4,15.82,
C0167,Ni vu ni connu,76,1,,2025-06-29,3,Dropped,Smart TV,Evening,5,2.03,
C0167,Scarface,97,1,9.3,2025-05-03,0,Completed,Laptop,Night,0,7.86,
C0167,"Miracle Worker, The",53,0,6.4,2025-03-10,4,Partial,Smart TV,Morning,1,13.25,
C0167,Meet Joe Black,82,1,9.2,2025-04-01,4,Dropped,Mobile,Evening,2,0.0,
C0168,Nurse Betty,94,1,,2025-05-14,2,Completed,Laptop,Evening,0,17.04,Loved it!
C0168,"Next Three Days, The",26,0,8.0,2024-11-06,0,Dropped,Tablet,Morning,5,8.31,
C0168,Face Off,91,1,5.5,2025-03-07,4,Completed,Laptop,Morning,0,17.11,Great acting!
C0168,Thirteen Days,58,0,6.3,2025-03-09,4,Dropped,Laptop,Night,7,0.0,
C0168,Arthur,27,0,5.6,2025-07-01,0,Partial,Smart TV,Night,10,0.0,
C0168,Land of the Dead,73,1,4.8,2024-11-16,0,Dropped,Tablet,Afternoon,0,15.01,
C0168,"Hospital, The",35,0,4.4,2025-09-11,1,Dropped,Tablet,Afternoon,3,15.29,
C0168,Fracture,74,1,5.9,2025-06-06,4,Dropped,Mobile,Night,7,0.3,Not my type.
C0168,While She Was Out,49,0,9.9,2024-12-05,1,Dropped,Laptop,Night,7,3.5,
C0168,Saving Private Ryan,94,1,9.1,2024-11-07,4,Completed,Tablet,Evening,0,6.26,
C0168,Hellboy,53,0,7.1,2025-07-11,1,Partial,Mobile,Night,8,0.0,
C0168,Beasts of the Southern Wild,59,0,5.3,2025-01-06,0,Partial,Tablet,Evening,0,10.39,Would watch again!
C0168,"Black Dahlia, The",62,0,6.1,2025-05-17,0,Partial,Mobile,Afternoon,7,18.58,Amazing cinematography!
C0168,"Dark Knight Rises, The",22,0,5.6,2025-04-30,3,Dropped,Tablet,Night,2,0.0,Average experience.
C0168,Airplane 2 The Sequel,47,0,5.9,2025-05-02,2,Dropped,Tablet,Morning,2,6.89,
C0168,Semi Pro,49,0,9.8,2024-12-17,4,Dropped,Smart TV,Evening,7,6.32,Great acting!
C0168,"Rocky Horror Picture Show, The",54,0,,2025-09-28,3,Dropped,Tablet,Night,7,0.0,
C0169,Marty,70,0,,2024-11-09,3,Partial,Smart TV,Morning,1,0.0,
C0169,Deep Cover,46,0,8.8,2025-01-31,4,Dropped,Laptop,Evening,6,0.64,
C0169,Wild Things,41,0,10.0,2025-09-25,4,Dropped,Mobile,Night,3,16.77,Too slow.
C0169,Sexual Life,86,1,4.5,2025-02-12,3,Dropped,Mobile,Night,1,5.81,Great acting!
C0169,Sexual Life,37,0,7.7,2025-09-02,0,Partial,Tablet,Afternoon,8,16.59,Great acting!
C0169,"Prophecy, The",46,0,6.0,2025-01-28,1,Partial,Mobile,Evening,5,0.0,
C0169,Men in Black,30,0,4.7,2025-03-20,2,Partial,Mobile,Afternoon,2,3.46,
C0169,Foxcatcher,73,1,6.7,2025-03-27,1,Dropped,Laptop,Evening,0,0.0,
C0169,12 Monkeys,44,0,8.1,2025-05-05,2,Dropped,Laptop,Night,5,11.49,
C0170,"Brutalist, The",73,1,5.3,2024-12-03,3,Partial,Mobile,Night,8,13.52,Not my type.
C0170,Heavenly Creatures,67,0,5.5,2025-01-01,0,Partial,Smart TV,Morning,6,11.61,Could be better.
C0170,Little Men,90,1,6.0,2025-09-01,0,Completed,Tablet,Night,1,0.0,
C0170,Dogma,86,1,4.8,2025-04-15,0,Dropped,Tablet,Evening,0,0.36,
C0170,White Christmas,73,1,8.3,2025-08-02,1,Dropped,Laptop,Evening,2,7.45,
C0171,Twins,26,0,9.0,2025-02-12,1,Partial,Smart TV,Night,10,7.0,Loved it!
C0171,Sphere,71,1,6.0,2025-09-06,1,Partial,Laptop,Morning,1,0.0,
C0171,Leprechaun 2,60,0,,2025-07-05,1,Partial,Tablet,Night,8,3.54,Too slow.
C0171,I Spit on Your Grave,88,1,,2024-11-11,0,Partial,Tablet,Evening,2,10.15,
C0171,Cassandro,89,1,8.8,2025-05-26,2,Dropped,Smart TV,Afternoon,2,4.4,
C0171,Jane Eyre,66,0,5.1,2025-03-05,2,Partial,Mobile,Night,7,9.92,
C0171,Breakdown,44,0,9.9,2025-07-20,4,Dropped,Tablet,Morning,4,9.35,
C0171,Hard Rain,61,0,8.1,2025-01-31,0,Partial,Mobile,Morning,8,17.84,Would watch again!
C0171,Bringing Out the Dead,64,0,9.8,2025-01-03,1,Dropped,Mobile,Afternoon,3,10.43,
C0172,Sunshine Cleaning,45,0,6.6,2024-11-03,0,Dropped,Mobile,Afternoon,0,18.41,Too slow.
C0172,Halloween,93,1,7.8,2025-05-04,4,Completed,Smart TV,Afternoon,1,0.0,
C0172,Ninja Assassin,26,0,,2025-04-04,1,Dropped,Laptop,Night,8,13.53,
C0172,Sunset Blvd.,66,0,9.8,2025-05-22,4,Partial,Tablet,Morning,8,5.16,Would watch again!
C0172,Grosse Point Blank,26,0,9.4,2024-11-20,0,Dropped,Smart TV,Night,3,5.69,
C0173,Kramer vs Kramer,79,1,7.9,2025-02-08,2,Partial,Tablet,Evening,1,0.86,Great acting!
C0173,Colombiana,69,0,9.6,2025-06-10,2,Dropped,Mobile,Evening,7,19.87,Average experience.
C0173,Hellraiser,51,0,7.9,2025-08-01,4,Dropped,Tablet,Evening,10,17.24,
C0173,"Whistleblower, The",74,1,9.1,2025-07-04,3,Dropped,Tablet,Night,5,19.72,
C0173,"Shining, The",87,1,8.9,2025-03-05,2,Dropped,Mobile,Night,2,0.0,
C0173,Scream,79,1,,2024-10-29,0,Dropped,Tablet,Evening,10,0.0,
C0173,Stepmom,88,1,7.5,2025-08-04,1,Dropped,Tablet,Afternoon,2,6.43,Not my type.
C0173,Wonder Boys,95,1,4.8,2025-02-26,4,Completed,Tablet,Evening,2,14.56,Great acting!
C0173,Labor of Love,45,0,5.4,2025-05-10,2,Dropped,Laptop,Evening,9,5.25,
C0173,Copycat,36,0,6.9,2024-12-31,0,Partial,Smart TV,Night,9,0.67,Amazing cinematography!
C0173,Mighty Morphin Power Rangers The Movie,64,0,9.9,2025-01-04,0,Dropped,Smart TV,Morning,0,9.41,Average experience.
C0173,"Hitchhiker's Guide to the Galaxy, The",66,0,8.8,2024-11-12,3,Dropped,Mobile,Afternoon,1,4.99,
C0173,Cruel Intentions,81,1,8.5,2025-01-18,0,Partial,Laptop,Evening,0,8.1,
C0174,Total Recall,50,0,7.8,2025-10-02,2,Partial,Smart TV,Evening,4,13.9,Loved it!
C0174,"Miracle Worker, The",67,0,,2025-02-19,4,Partial,Tablet,Morning,2,4.24,Loved it!
C0174,St. Elmo's Fire,82,1,7.6,2025-05-07,2,Dropped,Mobile,Afternoon,2,0.0,Not my type.
C0174,Highlander Endgame,72,1,7.1,2024-12-17,1,Partial,Tablet,Night,10,16.7,
C0174,"Ugly Truth, The",22,0,8.1,2025-01-25,1,Dropped,Mobile,Night,5,13.53,Would watch again!
C0174,"Program, The",79,1,8.3,2025-09-25,2,Dropped,Laptop,Afternoon,0,0.0,
C0174,He's Just Not That Into You,59,0,6.7,2025-05-09,4,Partial,Laptop,Afternoon,1,14.56,
C0174,Gran Torino,49,0,7.8,2025-01-06,0,Dropped,Laptop,Night,10,2.25,
C0174,Alien Nation,81,1,5.0,2025-10-05,3,Dropped,Tablet,Morning,2,0.0,Not my type.
C0175,Inception,43,0,4.3,2025-06-23,2,Partial,Mobile,Night,8,8.9,Great acting!
C0175,Ocean's Twelve,44,0,8.2,2025-04-16,4,Dropped,Smart TV,Morning,2,11.54,Could be better.
C0175,Phone Booth,73,1,7.5,2025-05-02,1,Partial,Mobile,Night,6,0.0,
C0175,Platinum Blonde,53,0,8.2,2025-02-07,2,Partial,Tablet,Afternoon,5,9.06,Could be better.
C0175,Space Milkshake,90,1,,2025-07-26,2,Completed,Smart TV,Morning,1,0.0,
C0175,"Pianist, The",60,0,6.7,2025-02-14,0,Partial,Laptop,Morning,2,10.28,
C0175,Transformers The Movie,59,0,,2025-06-09,4,Dropped,Tablet,Afternoon,6,1.42,
C0175,Hellboy,35,0,4.0,2025-06-22,1,Partial,Mobile,Morning,10,8.48,Average experience.
C0175,"Fifth Element, The",29,0,9.8,2025-05-16,3,Partial,Laptop,Evening,7,11.54,Too slow.
C0175,Scream,94,1,9.4,2025-02-26,1,Completed,Smart TV,Evening,0,7.22,
C0175,"Big White, The",71,1,4.5,2025-07-01,4,Dropped,Tablet,Evening,8,0.0,Too slow.
C0175,12 and Holding,85,1,8.1,2025-05-01,3,Dropped,Mobile,Evening,0,0.0,Too slow.
C0175,Sex and the City,56,0,5.4,2025-10-14,3,Partial,Smart TV,Night,9,13.99,
C0175,"Perks of Being a Wallflower, The",30,0,6.0,2025-07-24,0,Dropped,Tablet,Morning,9,1.02,Too slow.
C0175,Under Fire,66,0,5.1,2024-11-27,2,Dropped,Laptop,Afternoon,5,11.31,Not my type.
C0175,Alien 3,30,0,8.0,2025-01-05,4,Partial,Smart TV,Evening,9,9.47,
C0175,Ghost,96,1,7.6,2025-01-28,3,Completed,Laptop,Evening,1,3.34,Could be better.
C0175,Austin Powers   International Man of Mystery,56,0,5.7,2025-02-06,2,Dropped,Smart TV,Night,4,0.0,
C0175,Blitz,44,0,9.6,2025-04-22,4,Dropped,Tablet,Night,6,7.91,
C0176,Three Kings,34,0,9.4,2025-10-05,0,Partial,Smart TV,Evening,7,16.17,Loved it!
C0176,Spare Me,58,0,6.3,2025-09-23,4,Dropped,Tablet,Evening,4,0.7,Amazing cinematography!
C0176,"Doors, The",56,0,8.0,2025-08-30,3,Partial,Tablet,Evening,5,0.0,
C0176,Four Feathers,43,0,8.6,2024-12-20,2,Dropped,Mobile,Night,9,0.0,
C0176,Austin Powers   The Spy Who Shagged Me,86,1,8.2,2025-04-08,0,Partial,Smart TV,Night,2,10.23,
C0176,Gamer,41,0,6.1,2025-10-16,4,Partial,Laptop,Morning,8,1.05,
C0176,I Love You Phillip Morris,88,1,8.6,2025-09-07,1,Dropped,Tablet,Night,1,0.0,
C0176,Cold Mountain,21,0,,2025-04-06,4,Dropped,Smart TV,Night,8,14.37,Too slow.
C0176,"Seventh Seal, The",52,0,7.2,2025-01-01,3,Partial,Tablet,Night,0,0.0,
C0176,"Bourne Ultimatum, The",81,1,9.5,2025-08-25,3,Dropped,Smart TV,Morning,1,9.16,Loved it!
C0176,Maestro,38,0,9.4,2025-01-13,3,Partial,Tablet,Night,9,10.37,
C0176,"Seventh Seal, The",62,0,6.0,2025-01-01,2,Partial,Laptop,Evening,1,0.0,Great acting!
C0176,Phone Booth,20,0,9.8,2025-01-04,3,Dropped,Laptop,Night,5,1.28,
C0176,Hard to Kill,68,0,,2025-05-01,4,Dropped,Smart TV,Morning,2,16.83,
C0176,Shrek,97,1,8.3,2025-02-28,2,Completed,Laptop,Night,0,1.4,Average experience.
C0176,Clueless,50,0,,2025-05-07,0,Partial,Smart TV,Morning,10,12.27,
C0176,Go,33,0,4.8,2025-02-17,1,Partial,Laptop,Evening,3,0.0,Would watch again!
C0177,Barbie,88,1,7.9,2024-11-05,2,Partial,Mobile,Night,1,17.23,
C0177,City of Joy,100,1,7.3,2025-06-15,0,Completed,Tablet,Night,2,11.15,Loved it!
C0177,Pi,29,0,9.3,2024-10-28,2,Partial,Mobile,Night,6,0.0,Could be better.
C0177,Taking Sides,23,0,9.1,2024-12-25,4,Dropped,Tablet,Evening,2,0.0,Average experience.
C0177,"World is not Enough, The",25,0,,2025-06-18,2,Partial,Laptop,Night,9,12.11,
C0177,Tin Cup,84,1,,2025-08-08,4,Partial,Laptop,Night,0,0.89,Not my type.
C0177,Tomorrow Never Dies,91,1,,2025-05-30,3,Completed,Mobile,Morning,2,3.35,
C0177,Flora and Son,75,1,,2025-09-23,4,Partial,Tablet,Evening,2,18.59,
C0177,Color of Night,74,1,,2025-04-14,2,Dropped,Laptop,Night,2,14.78,
C0177,Custody,20,0,9.5,2025-02-11,3,Dropped,Laptop,Evening,7,19.13,Great acting!
C0177,Game 6,54,0,6.1,2025-07-27,2,Partial,Laptop,Afternoon,5,3.47,
C0177,Room,83,1,8.6,2024-10-31,0,Partial,Laptop,Evening,0,7.13,
C0177,Babel,36,0,5.3,2025-01-30,1,Dropped,Smart TV,Evening,7,0.45,
C0177,Anastasia,39,0,6.0,2025-01-22,3,Dropped,Mobile,Night,7,5.86,Would watch again!
C0177,Mean Streets,94,1,8.7,2025-02-17,2,Completed,Smart TV,Night,2,10.55,
C0177,Mumford,97,1,9.8,2025-07-12,2,Completed,Laptop,Evening,2,9.99,Great acting!
C0177,Batman,40,0,7.6,2025-01-09,2,Partial,Laptop,Night,0,0.0,
C0177,"Grapes of Wrath, The",98,1,5.9,2025-02-11,4,Completed,Laptop,Evening,0,0.64,Amazing cinematography!
C0177,Avengers Endgame,30,0,8.3,2025-10-25,1,Dropped,Tablet,Morning,1,0.0,
C0177,Blade,68,0,5.3,2024-11-12,2,Partial,Mobile,Morning,5,10.96,
C0178,Cars 2,66,0,,2025-08-09,1,Partial,Tablet,Evening,3,9.17,Would watch again!
C0178,"Devil Wears Prada, The",85,1,4.4,2025-06-08,2,Partial,Smart TV,Evening,2,12.42,Could be better.
C0178,Space Milkshake,63,0,7.7,2025-05-26,2,Partial,Tablet,Morning,5,12.97,
C0178,Cold Mountain,92,1,4.5,2025-04-20,0,Completed,Mobile,Evening,2,17.8,
C0178,"Verdict, The",48,0,9.7,2025-03-24,2,Dropped,Mobile,Evening,2,1.23,Great acting!
C0179,Kundun,32,0,,2024-11-11,4,Dropped,Smart TV,Morning,4,7.49,Could be better.
C0179,"Curious Case of Benjamin Button, The",27,0,,2025-05-17,0,Dropped,Mobile,Night,10,12.46,Not my type.
C0179,Sugar and Spice,90,1,9.7,2025-03-23,1,Completed,Laptop,Evening,2,3.45,
C0179,"Insider, The",56,0,8.2,2025-02-03,4,Dropped,Mobile,Night,3,0.0,
C0179,"Wild Bunch, The",52,0,8.8,2025-08-05,0,Dropped,Mobile,Evening,10,0.0,Amazing cinematography!
C0179,All About Eve,56,0,,2025-05-31,3,Partial,Smart TV,Morning,2,13.11,
C0179,Joker,72,1,7.3,2025-10-10,4,Dropped,Laptop,Morning,3,14.82,
C0179,Hesher,84,1,6.8,2025-05-21,1,Dropped,Mobile,Night,2,0.0,Average experience.
C0179,Entrapment,83,1,8.9,2025-01-14,0,Dropped,Laptop,Afternoon,0,12.38,
C0179,Star Wars Attack of the Clones,30,0,,2025-05-06,0,Dropped,Mobile,Evening,9,11.21,Loved it!
C0179,Wild Wild West,68,0,5.8,2025-08-18,2,Dropped,Mobile,Afternoon,1,2.15,
C0179,Sugar and Spice,39,0,5.3,2024-11-23,2,Partial,Tablet,Afternoon,1,3.03,
C0179,Snatch,26,0,,2025-09-13,0,Partial,Mobile,Morning,0,4.35,
C0179,"Butterfly Effect, The",84,1,6.9,2025-06-24,0,Partial,Mobile,Morning,0,0.0,Great acting!
C0179,Hannah and Her Sisters,54,0,,2025-09-22,2,Partial,Tablet,Night,0,1.53,
C0179,Nick of Time,64,0,8.3,2025-10-08,3,Partial,Tablet,Afternoon,5,13.06,Too slow.
C0179,Forrest Gump,35,0,9.0,2025-07-23,3,Dropped,Mobile,Morning,10,13.44,
C0180,Rear Window,23,0,,2025-07-13,4,Partial,Smart TV,Afternoon,0,17.39,Amazing cinematography!
C0180,Onward,96,1,,2024-12-14,3,Completed,Laptop,Night,2,17.23,Not my type.
C0180,Saving Private Ryan,27,0,4.6,2025-07-19,2,Dropped,Tablet,Morning,9,18.26,Loved it!
C0180,Fast Times at Ridgemont High,51,0,5.8,2025-04-13,0,Partial,Laptop,Evening,8,5.86,
C0180,"Doors, The",51,0,7.6,2024-12-11,0,Partial,Laptop,Afternoon,2,17.79,
C0180,Moneyball,90,1,,2025-01-05,2,Completed,Mobile,Evening,1,2.25,
C0180,"Wild Bunch, The",73,1,9.8,2025-10-24,2,Dropped,Laptop,Afternoon,6,11.22,Would watch again!
C0180,No One Will Save You,92,1,,2025-08-10,1,Completed,Tablet,Afternoon,0,0.65,
C0180,"Hebrew Hammer, The",76,1,5.9,2025-07-25,3,Partial,Mobile,Night,7,5.31,Would watch again!
C0180,City of Joy,24,0,4.6,2025-07-14,2,Partial,Smart TV,Afternoon,9,7.99,Amazing cinematography!
C0180,2012,85,1,8.5,2025-09-17,2,Partial,Laptop,Morning,1,10.88,
C0180,Mulan,28,0,7.2,2025-02-26,0,Dropped,Mobile,Evening,6,17.19,
C0180,Blade Runner,86,1,6.4,2025-06-06,0,Partial,Smart TV,Evening,1,5.39,
C0180,Duck Soup,70,0,5.5,2025-09-24,4,Partial,Laptop,Afternoon,7,19.77,
C0180,"Iron Claw, The",54,0,5.9,2025-10-12,2,Partial,Mobile,Night,6,0.0,Loved it!
C0181,Pet Sematary,37,0,8.7,2025-05-21,1,Partial,Tablet,Night,4,13.81,
C0181,Flora and Son,69,0,5.4,2025-09-17,2,Dropped,Laptop,Evening,10,0.43,
C0181,Hellraiser Hellseeker,23,0,7.6,2025-01-20,0,Partial,Mobile,Evening,0,1.39,Could be better.
C0181,"Green Mile, The",55,0,,2025-09-11,2,Partial,Laptop,Afternoon,7,0.68,
C0181,Slither,93,1,8.0,2025-10-16,2,Completed,Tablet,Morning,1,11.88,Could be better.
C0181,"Private Life of Sherlock Holmes, The",93,1,4.8,2025-03-25,0,Completed,Smart TV,Night,2,7.07,Would watch again!
C0181,Django Unchained,84,1,4.1,2024-11-27,3,Dropped,Smart TV,Night,0,0.0,Could be better.
C0182,Godzilla,60,0,8.9,2025-06-09,1,Dropped,Tablet,Afternoon,6,0.0,
C0182,Blade,25,0,6.7,2025-04-10,3,Dropped,Tablet,Afternoon,10,5.68,
C0182,"Other Boleyn Girl, The",29,0,5.4,2025-09-20,2,Partial,Smart TV,Evening,1,17.06,Not my type.
C0182,Manhattan Murder Mystery,39,0,9.3,2025-03-10,4,Dropped,Tablet,Afternoon,7,0.0,
C0182,May December,71,1,7.4,2024-12-26,4,Dropped,Tablet,Afternoon,0,8.29,Could be better.
C0182,Shakespeare in Love,32,0,,2025-06-15,2,Dropped,Smart TV,Morning,8,19.2,
C0182,Bean,20,0,7.5,2025-07-26,0,Partial,Mobile,Morning,1,8.03,Too slow.
C0182,White Jazz,84,1,8.5,2025-01-15,3,Partial,Laptop,Evening,0,6.04,
C0182,Surrogates,89,1,,2025-05-22,2,Dropped,Tablet,Afternoon,1,13.38,
C0182,S. Darko,20,0,7.4,2025-02-22,0,Dropped,Laptop,Evening,3,0.0,
C0183,Unbreakable,23,0,5.0,2025-07-06,1,Partial,Tablet,Night,9,1.21,Average experience.
C0183,"Adventures of Buckaroo Banzai Across the Eighth Dimension, The",38,0,6.2,2025-09-01,1,Dropped,Mobile,Evening,7,0.0,Great acting!
C0183,12 and Holding,21,0,10.0,2024-12-10,3,Dropped,Tablet,Morning,7,0.0,Loved it!
C0183,Queen of the Damned,94,1,4.2,2025-01-23,0,Completed,Tablet,Afternoon,1,11.88,
C0183,Solaris,58,0,9.2,2025-09-11,1,Partial,Smart TV,Evening,0,15.97,
C0183,Lost in Space,70,0,4.8,2025-05-20,3,Partial,Laptop,Evening,10,0.0,
C0183,"Rock, The",33,0,7.5,2025-09-09,3,Partial,Laptop,Evening,0,16.13,Amazing cinematography!
C0184,Babel,43,0,5.1,2025-08-09,4,Dropped,Smart TV,Morning,3,0.0,
C0184,Malcolm X,41,0,,2025-09-28,2,Partial,Mobile,Afternoon,3,0.0,
C0184,Saw IV,53,0,4.2,2024-12-26,3,Dropped,Smart TV,Evening,1,6.86,
C0184,Scream 3,71,1,6.2,2025-07-02,1,Partial,Mobile,Afternoon,7,11.5,
C0184,"Matrix Reloaded, The",46,0,9.5,2025-10-10,3,Dropped,Laptop,Afternoon,2,4.61,
C0184,Custody,88,1,,2024-11-11,3,Dropped,Laptop,Afternoon,1,0.0,
C0184,Spider Man Across the Spider Verse,42,0,8.5,2025-07-02,1,Dropped,Mobile,Morning,3,14.35,
C0184,30 Minutes or Less,89,1,5.9,2025-07-30,1,Partial,Laptop,Morning,0,0.22,Not my type.
C0184,Charlie's Angels,100,1,9.3,2024-12-15,4,Completed,Laptop,Afternoon,2,0.0,Too slow.
C0185,Slither,90,1,4.1,2025-06-18,3,Completed,Smart TV,Afternoon,1,0.0,
C0185,Buried,81,1,,2025-07-27,4,Partial,Smart TV,Morning,2,5.92,
C0185,Kids,58,0,8.1,2025-07-29,0,Partial,Tablet,Night,10,15.83,Great acting!
C0185,Invictus,23,0,8.3,2024-12-09,3,Dropped,Laptop,Night,8,12.33,Great acting!
C0185,Out of Sight,24,0,6.7,2025-03-19,4,Partial,Mobile,Afternoon,10,0.0,
C0185,Grand Hotel,41,0,7.1,2025-01-16,4,Partial,Laptop,Evening,5,13.62,
C0185,"Little Mermaid, The",21,0,6.6,2024-12-13,4,Partial,Tablet,Morning,6,4.46,Average experience.
C0185,Blood and Wine,58,0,,2025-06-17,4,Partial,Mobile,Afternoon,2,7.17,
C0185,"Girl with the Dragon Tattoo, The",87,1,5.9,2025-10-08,3,Partial,Laptop,Afternoon,0,0.0,Average experience.
C0185,Gone Baby Gone,57,0,8.1,2025-02-05,3,Dropped,Smart TV,Evening,9,11.93,Amazing cinematography!
C0185,Interstellar,73,1,8.7,2025-10-17,2,Dropped,Mobile,Morning,7,0.0,Loved it!
C0185,Custody,31,0,4.9,2025-01-07,3,Dropped,Smart TV,Night,10,13.66,
C0185,Ni vu ni connu,79,1,8.2,2025-02-27,1,Dropped,Mobile,Afternoon,4,9.04,
C0185,Priest,70,0,4.6,2024-11-07,0,Dropped,Mobile,Morning,4,8.62,
C0185,Reindeer Games,46,0,,2025-04-22,1,Partial,Laptop,Evening,4,8.95,
C0185,Sense and Sensibility,85,1,6.2,2025-06-09,2,Dropped,Mobile,Night,1,15.74,
C0186,Spartan,32,0,,2025-09-23,2,Partial,Laptop,Morning,0,0.0,
C0186,"Hudsucker Proxy, The",73,1,7.4,2025-09-11,2,Partial,Mobile,Night,3,19.37,
C0186,Les Tontons Flingueurs,36,0,7.4,2025-04-18,2,Partial,Tablet,Night,5,1.76,Could be better.
C0186,"Relic, The",31,0,9.5,2025-04-21,4,Dropped,Tablet,Night,4,0.0,Loved it!
C0186,Stepmom,60,0,7.0,2025-01-03,3,Dropped,Smart TV,Evening,0,0.0,Average experience.
C0186,Nine,97,1,,2025-07-11,1,Completed,Smart TV,Evening,0,0.0,
C0186,Hard to Kill,87,1,6.0,2025-10-09,0,Dropped,Mobile,Morning,2,0.64,Would watch again!
C0186,17 Again,86,1,5.3,2025-08-30,2,Partial,Mobile,Evening,1,18.09,
C0186,Frankenstein,81,1,6.6,2024-12-29,3,Partial,Mobile,Morning,2,1.64,Great acting!
C0186,Lord of the Rings The Two Towers,25,0,,2025-06-23,1,Partial,Mobile,Evening,5,8.18,
C0186,Wall E,25,0,,2025-07-27,0,Partial,Tablet,Afternoon,3,0.0,Average experience.
C0187,Bodyguard,48,0,5.9,2025-05-24,0,Dropped,Mobile,Afternoon,9,17.09,Loved it!
C0187,"American, The",28,0,5.8,2025-10-03,2,Partial,Tablet,Morning,8,0.0,Loved it!
C0187,"Blind Side, The",96,1,7.4,2025-07-31,4,Completed,Mobile,Morning,0,12.51,
C0187,"Mask, The",63,0,4.6,2025-07-28,4,Dropped,Tablet,Night,8,10.03,
C0187,Being Human,81,1,4.1,2025-09-14,2,Dropped,Smart TV,Afternoon,2,0.0,
C0188,Snow White and the Huntsman,32,0,4.5,2025-09-17,4,Dropped,Laptop,Afternoon,2,0.0,Amazing cinematography!
C0188,Collateral,25,0,9.7,2025-05-29,2,Dropped,Tablet,Morning,3,13.52,
C0188,Spartan,66,0,6.1,2025-08-15,1,Partial,Laptop,Evening,8,0.0,Too slow.
C0188,Petulia,36,0,7.9,2025-08-24,0,Partial,Mobile,Evening,1,9.81,Too slow.
C0188,Un Singe en Hiver,75,1,7.9,2025-05-07,4,Dropped,Laptop,Morning,10,17.27,
C0189,Fantastic Beasts The Secrets of Dumbledore,27,0,6.1,2024-12-23,4,Partial,Smart TV,Afternoon,0,3.01,Could be better.
C0189,"Proposal, The",91,1,7.0,2025-01-25,4,Completed,Tablet,Morning,0,14.08,
C0189,TRON,26,0,,2025-04-04,2,Dropped,Laptop,Evening,2,0.0,Loved it!
C0189,Poor Things,20,0,6.4,2025-05-24,2,Dropped,Tablet,Morning,4,0.0,
C0189,Anna Karenina,89,1,8.2,2025-04-07,3,Dropped,Smart TV,Evening,0,11.04,Average experience.
C0189,Highlander,55,0,6.1,2025-10-11,3,Dropped,Tablet,Evening,8,0.0,
C0189,High Fidelity,63,0,7.6,2024-11-17,1,Partial,Smart TV,Morning,7,0.0,
C0189,Being the Ricardos,59,0,7.7,2025-08-21,0,Partial,Laptop,Evening,7,19.94,Average experience.
C0189,"Ladykillers, The",44,0,7.8,2025-08-07,2,Partial,Laptop,Night,6,17.56,
C0189,Annie Hall,32,0,9.1,2025-02-20,2,Partial,Tablet,Afternoon,8,8.02,Could be better.
C0189,Swingers,60,0,4.1,2025-07-14,3,Dropped,Tablet,Night,6,0.0,
C0189,Commando,89,1,4.0,2025-01-28,1,Partial,Tablet,Afternoon,1,8.0,
C0190,Antz,35,0,6.3,2025-02-01,3,Partial,Tablet,Evening,0,0.0,
C0190,Clueless,46,0,9.6,2025-08-22,2,Dropped,Mobile,Evening,2,6.8,Average experience.
C0190,1492 Conquest of Paradise,86,1,,2025-03-26,4,Partial,Mobile,Night,0,2.16,
C0190,Lost Highway,39,0,,2025-07-18,1,Partial,Smart TV,Afternoon,1,0.0,Could be better.
C0190,Pet Sematary,22,0,9.8,2025-09-14,4,Dropped,Mobile,Evening,10,0.0,Too slow.
C0190,"Black Dahlia, The",38,0,,2024-11-30,4,Partial,Smart TV,Evening,3,15.86,Too slow.
C0190,"American, The",88,1,,2025-01-22,3,Dropped,Tablet,Evening,2,17.16,
C0190,Silent Grace,95,1,4.9,2024-11-12,2,Completed,Laptop,Morning,0,0.0,Great acting!
C0190,"Bling Ring, The",47,0,9.6,2025-02-23,4,Dropped,Laptop,Morning,10,0.0,Average experience.
C0190,"King of Comedy, The",40,0,,2024-11-28,2,Partial,Smart TV,Night,3,7.23,Could be better.
C0190,"Cincinnati Kid, The",73,1,8.2,2025-05-06,4,Dropped,Laptop,Afternoon,7,2.98,Great acting!
C0190,Leaving Las Vegas,45,0,4.4,2025-08-05,3,Dropped,Smart TV,Morning,5,0.0,Amazing cinematography!
C0190,Ghost,90,1,5.1,2025-02-02,3,Completed,Tablet,Afternoon,0,8.83,Average experience.
C0190,12,88,1,7.3,2025-09-05,3,Partial,Mobile,Evening,2,10.01,Great acting!
C0190,Shakespeare in Love,60,0,8.1,2025-05-12,1,Partial,Tablet,Evening,9,0.0,Great acting!
C0190,Cinema Paradiso,32,0,4.2,2025-01-30,2,Dropped,Mobile,Evening,4,0.0,
C0190,Absolute Power,69,0,9.5,2025-07-13,2,Dropped,Laptop,Night,4,9.23,Not my type.
C0190,Basic Instinct,96,1,9.1,2024-12-04,0,Completed,Smart TV,Morning,2,4.54,
C0190,"Wizard of Oz, The",77,1,6.6,2025-07-24,4,Partial,Smart TV,Morning,1,0.0,Not my type.
C0190,Get on Up,57,0,7.6,2025-04-01,2,Partial,Mobile,Night,10,0.0,
C0191,"Stuntman, The",71,1,8.3,2024-12-14,1,Dropped,Tablet,Evening,9,9.98,Would watch again!
C0191,"Fugitive, The",85,1,9.4,2025-06-01,4,Dropped,Smart TV,Afternoon,0,0.0,Not my type.
C0191,"Hills Have Eyes, The",91,1,9.3,2025-07-27,0,Completed,Laptop,Evening,1,0.0,Could be better.
C0191,No One Will Save You,91,1,6.8,2025-08-14,3,Completed,Tablet,Evening,0,4.42,Amazing cinematography!
C0191,A Quiet Place,20,0,6.7,2025-06-22,1,Dropped,Laptop,Afternoon,1,3.62,
C0191,Cedar Rapids,94,1,,2025-10-15,1,Completed,Smart TV,Night,2,0.0,
C0191,Rebel Without A Cause,37,0,8.2,2025-07-23,1,Dropped,Laptop,Afternoon,0,14.44,Average experience.
C0191,American Psycho,71,1,9.8,2025-09-06,0,Partial,Laptop,Evening,3,0.0,Could be better.
C0191,Lost in Space,86,1,,2025-03-03,2,Dropped,Smart TV,Morning,2,19.63,
C0191,Bonfire of the Vanities,39,0,,2025-03-20,1,Dropped,Tablet,Morning,6,9.35,
C0191,"Addams Family, The",59,0,8.4,2024-12-27,1,Partial,Smart TV,Evening,10,1.9,
C0191,Wind Chill,64,0,,2025-06-16,4,Partial,Mobile,Evening,2,0.0,Not my type.
C0191,Forrest Gump,72,1,,2024-11-02,2,Partial,Smart TV,Afternoon,7,8.55,Would watch again!
C0191,Ordinary People,46,0,7.4,2025-01-12,0,Dropped,Laptop,Evening,1,19.97,Amazing cinematography!
C0191,Under Fire,23,0,,2024-12-08,4,Partial,Tablet,Afternoon,6,17.1,Loved it!
C0191,Pandorum,34,0,4.2,2025-03-10,0,Dropped,Mobile,Morning,3,6.69,
C0191,Kill Your Darlings,56,0,5.2,2024-12-26,2,Partial,Mobile,Afternoon,1,0.0,
C0191,Blackberry,20,0,,2025-05-15,4,Partial,Mobile,Morning,6,18.15,Would watch again!
C0191,Klute,100,1,,2025-05-13,4,Completed,Mobile,Morning,1,9.62,
C0191,Milk,78,1,7.4,2025-09-28,3,Dropped,Mobile,Night,7,0.0,Average experience.
C0192,El Mariachi,44,0,6.6,2025-09-25,1,Dropped,Laptop,Morning,5,7.74,
C0192,Honeydripper,66,0,6.8,2025-09-07,2,Partial,Tablet,Night,9,0.0,
C0192,"Searchers, The",20,0,8.1,2025-02-01,2,Dropped,Mobile,Night,10,12.51,Average experience.
C0192,X Men,74,1,6.4,2024-11-07,4,Partial,Tablet,Morning,0,10.47,
C0192,Ferris Bueller's Day Off,64,0,9.9,2024-12-05,3,Partial,Mobile,Afternoon,3,8.21,Would watch again!
C0192,Disturbia,68,0,6.9,2025-02-22,3,Partial,Tablet,Evening,9,17.44,Amazing cinematography!
C0193,My Week with Marilyn,99,1,7.5,2025-02-14,2,Completed,Smart TV,Night,2,0.0,Not my type.
C0193,Remember Me,52,0,,2025-09-25,0,Dropped,Smart TV,Evening,0,4.83,Loved it!
C0193,Tamara Drewe,98,1,9.3,2025-02-25,4,Completed,Smart TV,Evening,1,4.74,
C0193,Inception,90,1,,2025-09-30,0,Completed,Laptop,Night,2,0.0,Not my type.
C0193,Three Kings,67,0,,2025-05-06,4,Dropped,Smart TV,Afternoon,9,0.0,Average experience.
C0193,"Teachers' Lounge, The",25,0,5.7,2025-05-14,0,Partial,Smart TV,Afternoon,7,0.0,
C0193,Blackberry,65,0,9.3,2025-06-28,1,Dropped,Laptop,Evening,0,0.92,
C0193,"Nines, The",66,0,9.2,2025-02-28,3,Partial,Smart TV,Afternoon,3,18.49,Average experience.
C0193,Ninotchka,75,1,5.5,2025-08-23,1,Partial,Mobile,Afternoon,9,5.29,Great acting!
C0193,Wild At Heart,56,0,,2025-10-09,0,Dropped,Tablet,Morning,0,0.0,Loved it!
C0193,Three Kings,34,0,7.6,2025-06-19,0,Partial,Tablet,Evening,8,0.0,
C0193,War Horse,80,1,5.2,2024-12-15,1,Dropped,Tablet,Night,0,0.0,Amazing cinematography!
C0193,Mirrors,54,0,6.8,2025-04-02,4,Dropped,Laptop,Evening,0,18.23,
C0193,Pearl Harbor,24,0,6.8,2025-04-29,3,Partial,Laptop,Evening,6,1.21,Too slow.
C0193,Elemental,50,0,,2025-01-22,3,Dropped,Smart TV,Afternoon,9,0.0,Would watch again!
C0193,"Men Who Stare at Goats, The",96,1,7.1,2025-07-11,2,Completed,Tablet,Morning,2,4.14,
C0193,Perfect Creature,84,1,6.0,2025-05-02,4,Dropped,Smart TV,Night,2,0.0,Average experience.
C0194,Amadeus,74,1,7.0,2025-09-24,3,Dropped,Mobile,Evening,7,5.38,
C0194,"Getaway, The",52,0,8.6,2025-05-18,3,Dropped,Smart TV,Night,5,13.8,Could be better.
C0194,Citizen Kane,81,1,4.3,2024-11-15,0,Dropped,Smart TV,Morning,1,16.38,Average experience.
C0194,Halloween The Curse of Michael Myers,30,0,8.5,2025-03-16,2,Partial,Smart TV,Evening,4,11.02,
C0194,Yes Man,47,0,10.0,2025-05-06,0,Partial,Smart TV,Evening,6,0.0,
C0194,Day of the Dead,74,1,8.7,2025-02-03,0,Partial,Tablet,Afternoon,3,12.98,
C0194,Music of the Heart,45,0,9.8,2025-03-23,1,Dropped,Mobile,Evening,6,19.38,
C0194,Rebel Without A Cause,96,1,4.7,2024-11-07,2,Completed,Mobile,Evening,0,13.65,Great acting!
C0195,Croupier,100,1,5.3,2025-09-27,4,Completed,Laptop,Evening,0,0.0,Too slow.
C0195,American Werewolf in London,69,0,,2025-09-08,1,Dropped,Mobile,Evening,8,15.64,Not my type.
C0195,Malignant,58,0,8.3,2025-03-13,1,Partial,Laptop,Night,7,17.7,
C0195,How to Train Your Dragon,62,0,6.0,2025-01-02,4,Dropped,Laptop,Evening,1,9.72,
C0195,Supergirl,37,0,5.6,2024-12-09,1,Partial,Tablet,Morning,8,17.42,Would watch again!
C0195,Terminator Salvation,87,1,4.5,2025-09-06,2,Dropped,Smart TV,Afternoon,0,2.48,Amazing cinematography!
C0195,Hesher,84,1,4.6,2025-03-22,2,Dropped,Mobile,Evening,2,11.7,Amazing cinematography!
C0195,Straight Outta Compton,93,1,5.5,2025-08-23,3,Completed,Tablet,Evening,0,0.0,Would watch again!
C0196,Malignant,65,0,8.8,2024-11-20,1,Partial,Laptop,Evening,8,17.18,
C0196,Dark Star,77,1,6.0,2025-08-16,3,Partial,Laptop,Night,7,0.0,
C0196,Mini's First Time,56,0,,2025-03-31,0,Dropped,Laptop,Afternoon,8,17.03,
C0196,Simone,96,1,4.2,2025-07-30,3,Completed,Smart TV,Morning,2,0.0,Amazing cinematography!
C0196,TRON,59,0,8.4,2024-12-14,3,Partial,Tablet,Morning,6,3.95,
C0196,Smokin' Aces,35,0,6.2,2024-12-27,1,Partial,Tablet,Morning,2,8.62,Loved it!
C0196,John Wick Chapter 4,35,0,9.5,2025-06-05,1,Partial,Smart TV,Afternoon,10,7.21,
C0196,Mighty Morphin Power Rangers The Movie,34,0,5.2,2025-03-15,0,Partial,Smart TV,Morning,0,19.21,Not my type.
C0196,Margot at the Wedding,65,0,6.0,2025-01-28,2,Partial,Laptop,Afternoon,1,11.16,
C0196,Fatal Instinct,67,0,9.6,2024-12-28,3,Partial,Smart TV,Night,8,0.0,
C0196,48 Hrs.,58,0,,2025-08-19,4,Dropped,Tablet,Morning,8,14.35,Too slow.
C0196,Blade II,67,0,,2025-06-20,3,Partial,Laptop,Afternoon,1,11.58,
C0196,Nick of Time,91,1,4.3,2024-11-30,4,Completed,Smart TV,Afternoon,0,8.4,
C0196,Alien Nation,31,0,6.2,2025-08-02,4,Dropped,Laptop,Morning,1,0.0,
C0196,Anonymous,40,0,4.3,2024-11-05,4,Dropped,Laptop,Afternoon,3,8.67,Loved it!
C0196,12 Years a Slave,50,0,7.8,2025-02-21,4,Dropped,Mobile,Morning,8,4.23,Would watch again!
C0197,Room,75,1,8.5,2025-10-15,2,Dropped,Mobile,Morning,8,0.0,
C0197,Entrapment,57,0,8.6,2025-08-30,3,Partial,Smart TV,Night,4,0.0,
C0197,I Am Number Four,23,0,7.9,2025-08-28,1,Dropped,Mobile,Night,9,8.13,Amazing cinematography!
C0197,Tristan and Isolde,80,1,9.1,2025-06-03,2,Dropped,Tablet,Evening,1,13.28,Could be better.
C0197,From Here to Eternity,92,1,6.0,2025-04-19,0,Completed,Laptop,Evening,1,8.07,
C0197,In the Loop,21,0,,2025-03-27,3,Dropped,Mobile,Night,4,11.78,Too slow.
C0197,Tinker Tailor Soldier Spy,43,0,,2025-06-24,4,Dropped,Laptop,Afternoon,10,12.6,
C0197,Hollow Man,69,0,4.8,2025-08-31,0,Dropped,Smart TV,Night,3,0.0,
C0197,Assassins,69,0,4.4,2025-09-21,4,Partial,Tablet,Night,4,19.79,
C0197,Star Trek,51,0,5.6,2025-03-26,2,Partial,Tablet,Night,10,17.79,
C0197,Obsessed,67,0,,2025-04-01,3,Partial,Laptop,Morning,0,6.75,
C0197,No Hard Feelings,81,1,5.6,2025-06-10,2,Partial,Mobile,Afternoon,1,3.31,Average experience.
C0197,"Hebrew Hammer, The",75,1,,2024-11-25,2,Dropped,Tablet,Morning,0,0.0,Average experience.
C0197,Hard Rain,78,1,9.2,2025-07-11,1,Dropped,Smart TV,Afternoon,5,0.0,
C0197,Air,63,0,7.8,2025-08-31,1,Dropped,Laptop,Evening,8,10.87,
C0197,Entrapment,43,0,7.0,2024-11-21,3,Partial,Smart TV,Night,3,0.0,Loved it!
C0197,Cirque du Freak The Vampire's Assistant,46,0,4.6,2025-07-01,3,Dropped,Mobile,Morning,7,0.0,Great acting!
C0197,The Rage Carrie 2,54,0,9.4,2025-03-19,2,Partial,Laptop,Evening,9,6.68,Loved it!
C0198,Prometheus,32,0,,2025-01-31,2,Dropped,Mobile,Evening,8,0.89,
C0198,Sister Act,81,1,8.5,2025-04-29,2,Dropped,Laptop,Afternoon,0,0.22,
C0198,Bridesmaids,71,1,6.7,2025-03-25,2,Dropped,Mobile,Night,1,0.0,Great acting!
C0198,Inglourious Basterds,51,0,4.8,2025-06-20,2,Dropped,Laptop,Morning,2,8.22,Loved it!
C0198,"Game, The",45,0,,2025-09-18,2,Partial,Laptop,Morning,6,5.01,Amazing cinematography!
C0198,Point Break,78,1,,2024-12-18,0,Dropped,Mobile,Night,10,14.95,Amazing cinematography!
C0198,48 Hrs.,20,0,,2025-03-07,2,Partial,Mobile,Night,0,0.05,Too slow.
C0198,Eagle Eye,30,0,4.5,2025-02-07,3,Partial,Laptop,Afternoon,2,7.3,
C0198,"Girl with the Dragon Tattoo, The",22,0,6.2,2025-03-22,4,Partial,Tablet,Evening,1,8.37,Loved it!
C0198,Wonder Boys,57,0,9.2,2024-12-18,4,Dropped,Tablet,Morning,2,0.0,Could be better.
C0198,The Rage Carrie 2,62,0,8.1,2025-03-17,0,Dropped,Mobile,Afternoon,0,17.12,
C0198,Legend,59,0,4.2,2025-08-15,2,Dropped,Laptop,Morning,9,0.0,Amazing cinematography!
C0198,Garden State,73,1,5.4,2024-12-24,2,Partial,Mobile,Evening,4,0.0,
C0198,12 Monkeys,93,1,,2025-04-04,2,Completed,Mobile,Morning,1,5.27,Would watch again!
C0198,"Crow City of Angels, The",32,0,,2025-05-08,2,Partial,Laptop,Morning,1,6.82,
C0198,Twin Peaks,48,0,,2025-02-28,4,Partial,Tablet,Morning,7,16.94,Too slow.
C0199,"Rescuers Down Under, The",67,0,7.6,2025-01-22,3,Dropped,Smart TV,Afternoon,0,1.38,Amazing cinematography!
C0199,Zero Dark Thirty,30,0,7.6,2024-12-17,4,Dropped,Tablet,Afternoon,10,0.0,
C0199,"Hospital, The",83,1,7.6,2025-04-24,2,Partial,Smart TV,Morning,1,14.35,
C0199,"Curious Case of Benjamin Button, The",62,0,9.6,2025-02-21,2,Partial,Mobile,Morning,10,18.81,Amazing cinematography!
C0199,Wild Hogs,53,0,9.2,2025-07-24,3,Partial,Tablet,Night,2,14.42,Great acting!
C0199,Alien,36,0,,2025-05-10,3,Dropped,Mobile,Morning,8,17.21,Too slow.
C0199,G.I. Jane,75,1,,2025-06-09,4,Dropped,Tablet,Evening,9,0.0,
C0199,Arbitrage,26,0,,2025-04-27,1,Partial,Tablet,Night,10,0.0,Would watch again!
C0199,So I Married an Axe Murderer,83,1,4.5,2025-05-16,4,Partial,Mobile,Afternoon,2,2.59,
C0199,Wall E,62,0,7.9,2025-02-18,4,Partial,Smart TV,Evening,6,0.0,Not my type.
C0199,Memento,69,0,7.4,2024-12-01,0,Dropped,Laptop,Afternoon,0,16.32,
C0199,Miller's Crossing,71,1,9.6,2025-09-03,4,Partial,Tablet,Evening,8,12.2,Loved it!
C0199,"Master, The",33,0,8.5,2025-07-14,4,Partial,Tablet,Night,3,2.41,Too slow.
C0199,Sphere,53,0,9.7,2025-04-21,2,Partial,Smart TV,Night,9,0.0,
C0199,"Truman Show, The",59,0,5.4,2025-02-28,3,Partial,Laptop,Morning,2,15.46,
C0199,"Bachelor Party, The",68,0,,2025-08-30,3,Dropped,Laptop,Afternoon,6,2.24,Average experience.
C0199,Frances,67,0,4.2,2025-09-02,0,Dropped,Laptop,Night,8,0.0,Average experience.
C0200,Moneyball,49,0,9.1,2025-06-04,1,Partial,Tablet,Afternoon,0,0.0,
C0200,Heathers,81,1,4.7,2025-02-23,4,Dropped,Mobile,Night,2,11.78,Amazing cinematography!
C0200,Rocky,49,0,5.0,2025-01-25,1,Dropped,Laptop,Afternoon,1,9.2,Loved it!
C0200,Water for Elephants,55,0,8.9,2025-09-11,3,Partial,Tablet,Morning,5,9.65,
C0200,"Ugly Truth, The",30,0,5.2,2025-09-23,1,Partial,Mobile,Afternoon,4,4.13,Too slow.
C0200,"Lincoln Lawyer, The",83,1,9.1,2025-04-01,1,Partial,Laptop,Afternoon,0,10.31,
C0200,"Mummy, The",95,1,6.2,2025-05-29,2,Completed,Tablet,Night,0,5.13,Too slow.
C0200,Timber Falls,68,0,,2025-01-04,3,Dropped,Smart TV,Evening,5,0.0,
C0200,"Getaway, The",94,1,5.6,2025-02-12,0,Completed,Tablet,Morning,2,0.0,Would watch again!
C0200,Henry Fool,99,1,5.7,2025-04-28,4,Completed,Mobile,Afternoon,0,0.03,
C0200,Star Wars The Phantom Menace,89,1,,2024-12-24,4,Partial,Laptop,Morning,0,15.25,
C0200,Mini's First Time,77,1,,2025-02-07,2,Dropped,Mobile,Evening,8,1.55,Would watch again!
C0200,Even Cowgirls Get the Blues,58,0,6.4,2024-11-28,0,Partial,Smart TV,Evening,10,0.0,Amazing cinematography!
C0200,Initiation,73,1,,2025-05-30,0,Dropped,Laptop,Morning,3,5.01,Great acting!
C0200,"Happy Birthday, Wanda June",92,1,6.9,2025-02-18,0,Completed,Smart TV,Night,0,4.58,Loved it!
C0200,Hellraiser,80,1,8.3,2025-10-20,0,Partial,Mobile,Morning,0,10.51,
C0200,Gone Baby Gone,93,1,,2025-04-26,2,Completed,Mobile,Morning,1,0.0,Could be better.
C0200,E.T.,20,0,,2025-09-23,1,Partial,Smart TV,Morning,7,1.35,
C0200,Rachel Getting Married,52,0,,2025-10-24,2,Partial,Smart TV,Morning,3,0.0,Average experience.
C0200,A Quiet Place,37,0,9.9,2025-04-08,4,Dropped,Tablet,Evening,6,17.59,
C0201,Mission to Mars,80,1,7.4,2025-02-24,2,Dropped,Mobile,Evening,2,0.0,Too slow.
C0201,Indiana Jones IV,40,0,9.5,2024-10-31,2,Dropped,Laptop,Evening,1,0.0,
C0201,Sunset Blvd.,66,0,,2025-10-08,4,Dropped,Laptop,Morning,4,8.24,Too slow.
C0201,Alone in the Dark,33,0,9.3,2025-07-24,1,Dropped,Tablet,Evening,4,19.59,
C0201,Oppenheimer,66,0,7.3,2025-02-24,4,Dropped,Tablet,Night,2,12.0,Average experience.
C0201,Liar Liar,97,1,,2025-04-08,3,Completed,Smart TV,Evening,1,11.53,
C0201,Excalibur,39,0,7.4,2025-02-25,0,Dropped,Laptop,Morning,3,0.0,Great acting!
C0201,"Bourne Identity, The",65,0,9.3,2025-01-28,1,Dropped,Laptop,Evening,2,18.68,
C0202,Harold and Kumar Go to White Castle,70,0,6.4,2025-03-20,0,Dropped,Smart TV,Afternoon,0,6.26,
C0202,"Debt, The",50,0,6.6,2025-03-08,0,Partial,Laptop,Night,6,0.0,
C0202,Zerophilia,88,1,8.2,2024-10-31,3,Partial,Tablet,Night,1,0.0,
C0202,Sling Blade,37,0,6.7,2025-09-02,2,Dropped,Mobile,Evening,0,0.0,
C0202,Minority Report,29,0,8.0,2025-05-30,4,Partial,Laptop,Afternoon,4,16.09,Could be better.
C0202,Pulp Fiction,64,0,4.4,2025-01-29,4,Dropped,Laptop,Afternoon,7,8.69,
C0202,"Wizard of Oz, The",90,1,5.1,2025-02-05,4,Completed,Laptop,Morning,2,0.0,
C0202,Music of the Heart,44,0,,2025-01-12,1,Partial,Mobile,Night,8,0.0,
C0202,"I, Robot",43,0,5.4,2025-06-22,3,Dropped,Tablet,Morning,8,7.34,Too slow.
C0203,"Big Blue, The",44,0,5.9,2025-01-12,3,Dropped,Mobile,Evening,0,19.67,
C0203,Spartan,81,1,8.3,2025-01-17,4,Partial,Laptop,Evening,2,12.24,
C0203,Malignant,78,1,6.5,2025-03-07,3,Dropped,Mobile,Morning,3,0.23,Amazing cinematography!
C0203,Hellboy,90,1,6.2,2025-01-12,1,Completed,Mobile,Afternoon,1,6.73,Not my type.
C0203,"Life of David Gale, The",98,1,5.8,2025-06-03,4,Completed,Mobile,Night,0,7.09,
C0203,Alien,96,1,5.9,2025-03-05,0,Completed,Mobile,Afternoon,1,0.0,
C0203,Lone Star,23,0,6.9,2025-06-22,3,Dropped,Tablet,Afternoon,3,0.0,Would watch again!
C0203,Amour,45,0,,2025-07-30,1,Dropped,Laptop,Morning,2,8.83,
C0203,Margot at the Wedding,59,0,8.5,2025-05-05,2,Dropped,Laptop,Morning,1,8.82,Average experience.
C0203,Spider Man,47,0,5.8,2025-10-16,1,Dropped,Mobile,Morning,0,10.08,Not my type.
C0204,Logan's Run,94,1,,2025-09-24,0,Completed,Mobile,Morning,0,10.65,
C0204,Groundhog Day,73,1,9.7,2025-03-11,0,Dropped,Smart TV,Morning,2,0.0,Too slow.
C0204,Aladdin,89,1,4.3,2025-10-27,4,Partial,Laptop,Night,0,11.0,
C0204,Elvis,28,0,7.6,2025-03-04,3,Dropped,Smart TV,Afternoon,10,0.0,Not my type.
C0204,Spanglish,52,0,5.2,2025-04-19,2,Dropped,Smart TV,Morning,0,1.33,Loved it!
C0204,No Country for Old Men,20,0,7.8,2025-10-18,0,Dropped,Smart TV,Morning,3,6.68,
C0204,Coco,26,0,8.6,2025-03-20,1,Dropped,Tablet,Afternoon,9,8.47,
C0204,Clash of the Titans,30,0,8.8,2024-12-08,0,Partial,Mobile,Night,7,14.71,
C0204,Frozen (Disney),84,1,7.9,2024-11-07,1,Dropped,Mobile,Morning,2,4.46,Great acting!
C0204,"Ice Storm, The",84,1,4.2,2025-09-13,2,Dropped,Mobile,Evening,1,10.03,
C0204,Rush Hour,48,0,7.2,2025-01-05,0,Partial,Mobile,Night,4,0.8,
C0204,Man On Fire,82,1,,2025-06-01,4,Partial,Smart TV,Afternoon,2,0.0,
C0204,Fracture,70,0,4.2,2025-04-20,2,Partial,Smart TV,Afternoon,3,8.96,
C0204,Harold and Kumar Go to White Castle,23,0,,2024-12-16,1,Partial,Tablet,Night,7,0.0,
C0204,Beasts of the Southern Wild,65,0,7.4,2025-06-13,2,Dropped,Smart TV,Morning,10,7.18,
C0204,Fruitvale Station,60,0,9.6,2025-03-13,0,Partial,Laptop,Night,7,19.35,
C0204,Colombiana,33,0,4.2,2025-06-07,0,Partial,Tablet,Afternoon,10,18.51,Could be better.
C0204,Barry Lyndon,35,0,5.8,2025-03-21,0,Partial,Smart TV,Evening,10,13.86,
C0205,Airplane,59,0,6.5,2024-11-09,0,Partial,Smart TV,Evening,4,0.0,Could be better.
C0205,Spider Man,27,0,7.4,2024-11-08,3,Partial,Tablet,Morning,1,19.59,
C0205,A Real Pain,49,0,6.0,2024-12-09,0,Partial,Tablet,Evening,3,0.58,Could be better.
C0205,"Power of One, The",87,1,7.7,2025-05-17,3,Partial,Laptop,Morning,0,1.14,
C0205,Sunset Blvd.,32,0,,2025-04-01,3,Dropped,Mobile,Evening,6,3.22,Could be better.
C0205,Boyhood,44,0,7.1,2025-05-03,2,Dropped,Tablet,Afternoon,3,0.0,Amazing cinematography!
C0205,Misery,32,0,4.7,2024-10-28,3,Partial,Tablet,Morning,7,0.0,Not my type.
C0205,How to Train Your Dragon,45,0,4.9,2025-07-20,3,Partial,Smart TV,Evening,0,15.88,
C0206,Mumford,37,0,9.3,2025-01-29,1,Dropped,Mobile,Morning,1,5.16,
C0206,Win Win,23,0,4.2,2025-03-23,0,Partial,Smart TV,Morning,3,12.99,Loved it!
C0206,Cirque du Freak The Vampire's Assistant,42,0,8.0,2025-06-14,2,Dropped,Smart TV,Night,7,18.92,
C0206,Ferrari,91,1,4.8,2025-05-29,3,Completed,Smart TV,Morning,0,2.17,
C0206,How to Train Your Dragon 2,38,0,8.2,2025-09-12,4,Partial,Smart TV,Evening,5,0.0,
C0206,Thunderheart,39,0,4.8,2025-09-15,4,Partial,Smart TV,Morning,8,0.0,
C0206,Amelia,43,0,4.8,2025-10-13,2,Partial,Smart TV,Afternoon,5,13.87,
C0206,Double Indemnity,85,1,6.0,2025-01-10,3,Partial,Tablet,Morning,1,10.17,
C0206,Freaked,66,0,,2024-12-09,2,Dropped,Tablet,Evening,2,0.0,
C0206,Smokin' Aces,81,1,8.7,2025-03-24,2,Partial,Mobile,Evening,2,0.0,Could be better.
C0206,April Fool's Day,75,1,7.4,2025-08-19,4,Dropped,Tablet,Night,4,2.52,
C0207,Metro,46,0,7.6,2024-11-18,4,Partial,Mobile,Evening,10,0.41,Too slow.
C0207,Heavenly Creatures,23,0,9.2,2025-08-07,2,Partial,Laptop,Afternoon,9,1.85,Not my type.
C0207,He's Just Not That Into You,79,1,7.4,2024-12-28,3,Dropped,Smart TV,Evening,10,15.88,
C0207,"Fifth Element, The",35,0,8.6,2024-11-03,1,Dropped,Smart TV,Evening,0,4.62,
C0207,Halloween,96,1,7.2,2025-07-23,2,Completed,Laptop,Afternoon,1,7.15,
C0207,Priscilla,31,0,,2024-11-20,2,Partial,Smart TV,Evening,5,6.13,
C0207,Martha Marcy May Marlene,78,1,9.3,2025-10-17,1,Partial,Laptop,Afternoon,1,17.48,
C0207,Real Genius,33,0,4.8,2025-07-07,1,Partial,Tablet,Morning,2,0.0,
C0207,Citizen Kane,80,1,6.8,2025-10-09,2,Dropped,Smart TV,Evening,0,0.0,
C0207,Midnight Express,32,0,7.3,2025-10-23,1,Dropped,Laptop,Morning,0,18.75,
C0207,This is 40,97,1,6.9,2025-06-01,2,Completed,Laptop,Evening,2,15.86,
C0207,Reindeer Games,73,1,8.8,2025-03-13,1,Dropped,Tablet,Afternoon,5,4.34,
C0207,Fair Game,37,0,7.1,2025-09-26,1,Partial,Tablet,Afternoon,1,6.89,Great acting!
C0207,12 and Holding,82,1,5.0,2025-01-30,2,Dropped,Tablet,Evening,2,19.13,
C0207,Made,47,0,,2025-01-09,0,Partial,Smart TV,Evening,7,0.0,
C0207,El Mariachi,20,0,7.4,2025-08-13,0,Partial,Laptop,Afternoon,0,11.37,Would watch again!
C0208,"Searchers, The",77,1,,2025-02-05,1,Dropped,Mobile,Afternoon,9,3.86,
C0208,"Kingdom, The",86,1,9.4,2025-08-17,1,Partial,Tablet,Evening,2,17.9,Great acting!
C0208,Training Day,22,0,4.4,2025-02-06,1,Dropped,Mobile,Morning,8,9.55,
C0208,"Taking of Pelham One Two Three, The",94,1,,2025-09-13,2,Completed,Smart TV,Evening,0,0.0,
C0208,"Village, The",72,1,,2024-11-22,1,Dropped,Tablet,Evening,9,17.87,
C0208,Manhattan Murder Mystery,34,0,6.7,2025-09-24,4,Dropped,Mobile,Afternoon,2,0.0,
C0208,Puss in Boots The Last Wish,20,0,,2025-02-25,2,Dropped,Smart TV,Night,5,0.0,
C0208,"Change Up, The",48,0,,2025-09-06,0,Partial,Smart TV,Night,7,10.31,
C0208,Lost in Translation,89,1,9.9,2024-11-10,4,Partial,Tablet,Morning,1,5.93,
C0208,Dumb and Dumber,51,0,7.7,2025-06-10,3,Dropped,Smart TV,Night,2,19.11,Too slow.
C0208,Collateral Damage,25,0,9.8,2025-04-24,1,Partial,Laptop,Evening,0,13.78,
C0208,Braveheart,82,1,,2025-08-24,2,Dropped,Mobile,Evening,2,17.17,
C0209,Mr Deeds Goes to Town,77,1,4.2,2024-12-26,4,Partial,Mobile,Evening,8,5.41,Too slow.
C0209,No Country for Old Men,75,1,4.9,2024-10-28,3,Partial,Smart TV,Morning,8,4.72,
C0209,From Dusk Till Dawn,78,1,4.4,2024-12-25,1,Partial,Laptop,Afternoon,1,5.32,
C0209,Hellraiser Hellseeker,51,0,,2025-02-07,3,Dropped,Tablet,Evening,7,0.0,Not my type.
C0209,Magnolia,28,0,,2025-09-26,3,Partial,Mobile,Night,9,0.0,Great acting!
C0209,G.I. Jane,40,0,5.3,2024-12-18,2,Partial,Mobile,Morning,2,17.82,
C0209,Day of the Dead,51,0,7.3,2025-06-24,2,Partial,Laptop,Evening,9,0.0,Could be better.
C0209,Lost in Translation,69,0,4.0,2025-09-15,4,Dropped,Mobile,Evening,7,4.26,
C0209,Five Easy Pieces,23,0,9.5,2025-05-06,0,Dropped,Tablet,Night,5,2.5,
C0209,Timber Falls,54,0,8.1,2025-04-13,3,Partial,Tablet,Morning,7,8.52,Could be better.
C0209,Boogie Nights,55,0,5.5,2024-11-01,3,Dropped,Tablet,Morning,4,1.59,
C0209,Killers of the Flower Moon,56,0,7.4,2025-09-14,0,Partial,Smart TV,Afternoon,8,9.17,Too slow.
C0209,Shivers,82,1,9.0,2025-02-03,2,Partial,Smart TV,Evening,2,2.44,Would watch again!
C0209,Bamboozled,55,0,7.0,2025-05-10,1,Dropped,Laptop,Evening,1,12.09,
C0209,Pirates of the Caribbean Dead Man's Chest,46,0,8.1,2024-11-23,1,Dropped,Mobile,Afternoon,2,0.0,Great acting!
C0209,L.A. Confidential,92,1,4.1,2025-08-26,0,Completed,Smart TV,Afternoon,0,0.13,
C0209,Manhunter,73,1,8.8,2025-04-17,0,Partial,Tablet,Evening,1,9.29,
C0209,30 Minutes or Less,57,0,7.3,2025-03-17,1,Dropped,Tablet,Morning,6,14.77,Average experience.
C0210,Ocean's Eleven,67,0,,2025-09-23,3,Partial,Laptop,Night,4,7.88,
C0210,50 50,84,1,9.6,2025-05-04,1,Partial,Mobile,Evening,1,18.53,Amazing cinematography!
C0210,"Hospital, The",93,1,7.1,2025-04-16,4,Completed,Smart TV,Afternoon,2,9.75,Amazing cinematography!
C0210,I am Sam,38,0,6.6,2025-08-15,4,Partial,Tablet,Morning,6,3.4,
C0210,Go,87,1,8.1,2025-07-16,0,Dropped,Laptop,Night,1,0.0,Average experience.
C0210,"World is not Enough, The",24,0,8.8,2025-05-09,0,Partial,Laptop,Afternoon,0,0.0,
C0210,Warrior,50,0,4.1,2025-03-07,0,Dropped,Smart TV,Morning,8,0.0,Amazing cinematography!
C0210,Star Wars A New Hope,88,1,7.1,2025-04-18,2,Partial,Mobile,Afternoon,2,0.0,Average experience.
C0210,Made,29,0,6.5,2025-04-13,3,Partial,Laptop,Evening,7,10.47,Would watch again!
C0210,Star Wars A New Hope,78,1,4.5,2025-01-04,1,Partial,Laptop,Evening,6,18.28,Not my type.
C0210,Ticker,93,1,9.3,2025-04-02,4,Completed,Smart TV,Night,2,0.0,Great acting!
C0210,Never Been Kissed,25,0,7.6,2025-05-19,4,Dropped,Tablet,Night,2,0.0,Could be better.
C0210,Point Break,41,0,,2025-02-18,4,Partial,Laptop,Afternoon,6,7.24,Would watch again!
C0210,Quantum Project,81,1,9.0,2025-05-14,0,Dropped,Mobile,Morning,0,18.61,
C0210,Autumn in New York,99,1,,2025-06-01,1,Completed,Mobile,Morning,0,13.21,Great acting!
C0210,Miami Vice,29,0,7.8,2025-01-11,2,Partial,Laptop,Afternoon,4,14.46,Great acting!
C0210,American Outlaws,32,0,,2025-10-02,1,Dropped,Tablet,Afternoon,10,10.44,Great acting!
C0210,Cinema Paradiso,61,0,7.2,2025-07-25,2,Dropped,Smart TV,Afternoon,0,6.28,
C0210,Bad Santa,55,0,,2025-10-23,0,Dropped,Smart TV,Evening,8,0.0,
C0211,Smashed,55,0,8.6,2025-08-17,4,Dropped,Tablet,Afternoon,2,17.1,
C0211,Alien Nation,37,0,4.0,2025-05-03,1,Dropped,Laptop,Morning,9,0.0,Great acting!
C0211,Life,50,0,,2025-08-06,1,Partial,Tablet,Night,10,9.79,Could be better.
C0211,Nurse Betty,28,0,6.7,2025-02-18,3,Dropped,Laptop,Evening,5,18.54,Too slow.
C0211,"Next Three Days, The",72,1,6.0,2025-04-18,1,Dropped,Laptop,Afternoon,9,0.0,Loved it!
C0211,Basic Instinct,64,0,7.9,2025-01-10,1,Partial,Tablet,Afternoon,10,0.0,Great acting!
C0212,Star Wars The Empire Strikes Back,43,0,,2025-10-26,3,Partial,Mobile,Afternoon,3,16.64,Great acting!
C0212,G.I. Joe The Rise of Cobra,77,1,,2025-01-24,4,Dropped,Smart TV,Afternoon,7,4.85,
C0212,Labor of Love,79,1,4.5,2025-05-12,2,Dropped,Mobile,Morning,1,13.47,
C0212,Nickel Boys,61,0,4.3,2025-09-09,2,Partial,Smart TV,Afternoon,6,0.0,Could be better.
C0212,Hard to Kill,46,0,,2024-11-02,4,Partial,Mobile,Morning,4,0.0,
C0212,Austin Powers   International Man of Mystery,79,1,5.0,2024-11-30,3,Partial,Tablet,Afternoon,5,0.0,
C0212,Trainspotting,60,0,4.6,2025-08-11,4,Dropped,Mobile,Afternoon,8,4.36,Loved it!
C0212,"Power of One, The",47,0,4.8,2025-10-26,4,Partial,Mobile,Night,7,5.67,Average experience.
C0212,Sicario,41,0,5.9,2024-11-15,3,Dropped,Laptop,Afternoon,4,0.0,Not my type.
C0212,Elvis,56,0,,2025-03-27,2,Partial,Smart TV,Evening,1,14.97,
C0212,Cedar Rapids,79,1,5.2,2024-11-04,0,Partial,Tablet,Morning,7,13.49,Amazing cinematography!
C0212,"Life of David Gale, The",72,1,8.7,2025-05-05,1,Dropped,Tablet,Night,5,0.0,
C0212,Human Nature,86,1,4.8,2025-06-20,0,Dropped,Smart TV,Afternoon,0,14.65,Would watch again!
C0212,Fast Times at Ridgemont High,78,1,5.4,2025-03-09,3,Partial,Smart TV,Morning,4,0.0,Average experience.
C0212,Freud's Last Session,27,0,9.1,2024-11-03,0,Dropped,Laptop,Afternoon,7,0.0,
C0213,"Abyss, The",99,1,6.2,2025-01-07,1,Completed,Mobile,Evening,2,0.0,Amazing cinematography!
C0213,Blackberry,59,0,9.4,2025-06-02,4,Partial,Smart TV,Morning,7,13.54,
C0213,Fast Times at Ridgemont High,97,1,7.3,2025-02-13,4,Completed,Mobile,Afternoon,2,5.88,Would watch again!
C0213,Argo,76,1,5.9,2025-05-24,3,Partial,Smart TV,Night,6,13.76,Loved it!
C0213,Four Rooms,86,1,5.0,2025-10-09,2,Dropped,Laptop,Evening,1,6.68,
C0213,Whiplash,81,1,6.3,2025-04-29,4,Dropped,Smart TV,Afternoon,0,14.69,Not my type.
C0213,"Persian Version, The",89,1,,2024-11-30,4,Dropped,Smart TV,Night,0,5.41,Not my type.
C0213,Hard to Kill,75,1,4.6,2024-11-30,2,Dropped,Tablet,Evening,9,7.73,
C0214,Django Unchained,84,1,,2024-11-25,3,Partial,Mobile,Afternoon,1,12.08,
C0214,Halloween The Curse of Michael Myers,99,1,7.1,2024-12-03,3,Completed,Laptop,Evening,1,4.59,Loved it!
C0214,"Good Girl, The",32,0,7.3,2025-07-22,0,Partial,Laptop,Afternoon,4,11.71,
C0214,Source Code,83,1,8.7,2025-01-12,4,Dropped,Mobile,Morning,2,3.2,
C0214,Napoleon,47,0,8.6,2024-11-06,1,Dropped,Smart TV,Morning,10,0.0,
C0214,"Dark Knight Rises, The",47,0,5.2,2025-06-24,3,Dropped,Tablet,Morning,4,11.87,Great acting!
C0214,Antitrust,43,0,7.3,2024-12-28,3,Partial,Laptop,Afternoon,0,3.66,Loved it!
C0214,Bonfire of the Vanities,78,1,5.9,2025-09-02,4,Dropped,Mobile,Morning,0,13.12,
C0214,Scary Movie 2,68,0,,2025-08-05,1,Dropped,Mobile,Evening,4,5.14,Would watch again!
C0214,Mission Impossible,29,0,8.3,2025-02-18,2,Partial,Tablet,Morning,1,12.53,
C0214,A Million Miles Away,37,0,7.2,2024-11-30,1,Dropped,Laptop,Evening,0,0.0,Loved it!
C0214,Indiana Jones IV,100,1,7.8,2025-04-05,1,Completed,Mobile,Afternoon,0,0.0,
C0214,Alien vs. Predator,67,0,,2025-05-28,1,Dropped,Smart TV,Evening,1,2.78,
C0214,Escape From New York,77,1,6.2,2025-03-31,0,Dropped,Smart TV,Morning,3,0.0,Amazing cinematography!
C0214,"Devil Wears Prada, The",87,1,,2024-11-28,1,Dropped,Tablet,Night,1,2.03,
C0214,Return of the Apes,84,1,8.8,2025-04-20,3,Partial,Laptop,Afternoon,2,0.0,Amazing cinematography!
C0214,State and Main,70,0,,2025-07-23,1,Partial,Mobile,Night,3,3.41,Could be better.
C0215,Lord of the Rings The Two Towers,46,0,4.1,2025-03-14,0,Partial,Mobile,Afternoon,1,5.62,Amazing cinematography!
C0215,Ricky Stanicky,61,0,4.0,2025-05-11,2,Partial,Tablet,Afternoon,8,0.0,
C0215,"Back up Plan, The",49,0,7.0,2025-06-17,3,Partial,Mobile,Night,0,11.18,
C0215,RKO 281,70,0,5.8,2025-03-23,0,Partial,Tablet,Afternoon,5,17.92,Great acting!
C0215,Diner,78,1,9.9,2025-06-12,1,Dropped,Laptop,Afternoon,9,0.0,
C0215,Clash of the Titans,21,0,4.5,2024-12-17,1,Dropped,Tablet,Afternoon,4,0.0,
C0215,Three Men and a Baby,23,0,7.7,2025-10-09,0,Partial,Smart TV,Morning,2,8.02,Would watch again!
C0215,"Shawshank Redemption, The",29,0,6.8,2025-02-07,3,Partial,Laptop,Evening,7,18.25,
C0215,Blade Trinity,40,0,,2025-05-19,2,Dropped,Laptop,Night,10,6.16,Too slow.
C0215,"Town, The",86,1,4.4,2025-10-21,0,Dropped,Tablet,Evening,1,10.0,
C0215,Real Genius,73,1,,2025-07-04,4,Partial,Laptop,Afternoon,4,14.76,Loved it!
C0215,Blue Valentine,77,1,6.0,2025-04-10,3,Partial,Smart TV,Morning,2,13.31,
C0215,"Man Who Wasn't There, The",49,0,7.0,2024-11-08,1,Partial,Laptop,Night,10,0.0,
C0215,Avengers Endgame,99,1,,2025-04-06,4,Completed,Tablet,Afternoon,2,0.0,
C0215,Good Will Hunting,66,0,7.0,2025-03-08,3,Dropped,Laptop,Afternoon,3,6.79,Loved it!
C0215,"Hebrew Hammer, The",23,0,,2025-03-04,4,Dropped,Smart TV,Night,10,14.28,
C0215,Mystery Men,56,0,5.6,2025-10-27,3,Dropped,Laptop,Afternoon,5,7.86,
C0215,"Great Gatsby, The",97,1,8.4,2024-12-25,3,Completed,Tablet,Night,1,0.0,
C0215,Hannah and Her Sisters,62,0,,2025-06-13,1,Dropped,Tablet,Evening,0,12.62,Too slow.
C0215,Predator,44,0,8.7,2024-11-24,0,Partial,Laptop,Afternoon,1,13.79,Amazing cinematography!
C0216,Freaked,71,1,9.2,2024-11-14,4,Partial,Smart TV,Afternoon,3,0.0,Could be better.
C0216,Hollow Man,66,0,8.3,2025-01-13,2,Dropped,Smart TV,Evening,4,1.68,Amazing cinematography!
C0216,"Wild Bunch, The",53,0,7.4,2025-05-04,3,Partial,Tablet,Afternoon,1,10.63,Could be better.
C0216,Gran Torino,84,1,6.2,2024-12-03,1,Dropped,Smart TV,Morning,1,0.0,Great acting!
C0216,"Neverending Story, The",56,0,,2025-06-03,4,Partial,Smart TV,Afternoon,4,4.09,Would watch again!
C0216,"Village, The",35,0,9.1,2025-09-22,0,Partial,Mobile,Evening,1,0.0,
C0216,There's Something About Mary,48,0,,2024-12-01,3,Dropped,Laptop,Afternoon,0,9.31,
C0216,Henry's Crime,61,0,10.0,2025-10-27,0,Dropped,Tablet,Afternoon,4,6.0,
C0216,Thunderbirds,69,0,,2025-03-05,2,Dropped,Mobile,Morning,10,0.0,Average experience.
C0216,Pride and Prejudice,73,1,7.5,2025-08-11,0,Dropped,Mobile,Night,9,4.85,Could be better.
C0216,"Crow Salvation, The",28,0,6.9,2025-08-01,0,Partial,Smart TV,Evening,0,16.99,Too slow.
C0216,"Wolf of Wall Street, The",21,0,9.4,2025-07-26,2,Dropped,Mobile,Afternoon,3,0.0,Could be better.
C0216,Erin Brockovich,81,1,9.6,2025-04-21,4,Partial,Mobile,Afternoon,2,0.0,
C0216,U Turn,70,0,,2025-06-14,2,Partial,Tablet,Afternoon,5,0.0,Average experience.
C0216,Room,84,1,,2025-09-04,1,Dropped,Laptop,Morning,2,0.0,Could be better.
C0216,Hellraiser 3 Hell on Earth,70,0,6.9,2025-04-29,3,Dropped,Smart TV,Afternoon,8,1.35,
C0216,Dog Day Afternoon,86,1,9.1,2025-08-01,4,Partial,Laptop,Night,1,13.95,Would watch again!
C0216,"Things My Father Never Taught Me, The",49,0,5.9,2024-12-04,3,Partial,Mobile,Afternoon,6,0.32,Too slow.
C0217,xXx,47,0,8.4,2025-10-23,4,Dropped,Laptop,Evening,0,16.35,Loved it!
C0217,Love and Basketball,75,1,9.2,2025-08-10,4,Partial,Tablet,Night,9,7.66,
C0217,Freaked,65,0,6.8,2025-01-12,3,Dropped,Smart TV,Night,5,15.94,Too slow.
C0217,Broken Arrow,69,0,4.8,2025-02-25,2,Partial,Smart TV,Morning,8,0.0,
C0217,Malcolm X,94,1,7.0,2025-06-26,4,Completed,Laptop,Afternoon,1,4.81,Could be better.
C0217,"Seventh Seal, The",78,1,9.7,2025-03-15,2,Dropped,Smart TV,Night,6,18.53,
C0217,"Saint, The",48,0,9.2,2025-02-21,4,Partial,Smart TV,Afternoon,5,0.0,Amazing cinematography!
C0217,Pitch Black,78,1,9.1,2025-01-02,0,Dropped,Laptop,Night,5,17.04,
C0217,I'll Do Anything,92,1,9.1,2025-01-03,3,Completed,Tablet,Evening,0,0.0,
C0217,Heavy Metal,94,1,,2025-05-16,4,Completed,Smart TV,Morning,0,0.0,Amazing cinematography!
C0217,American Sniper,76,1,7.4,2025-08-15,0,Partial,Tablet,Morning,2,0.0,Amazing cinematography!
C0217,"Last of the Mohicans, The",48,0,,2025-07-15,4,Partial,Smart TV,Morning,3,12.17,Not my type.
C0217,Coriolanus,98,1,4.4,2025-10-16,1,Completed,Laptop,Night,2,0.0,Amazing cinematography!
C0217,Affliction,70,0,5.2,2025-07-26,3,Dropped,Laptop,Morning,8,10.51,Great acting!
C0217,My Best Friend's Wedding,64,0,,2025-08-01,1,Dropped,Mobile,Morning,4,0.0,
C0217,Silence of the Lambs,30,0,,2025-09-02,3,Dropped,Mobile,Afternoon,3,14.76,
C0218,It's a Wonderful Life,56,0,7.9,2024-11-01,1,Partial,Laptop,Night,0,13.54,
C0218,Blackberry,48,0,7.3,2025-07-29,0,Dropped,Tablet,Morning,0,18.6,Average experience.
C0218,Rustin,79,1,9.1,2025-05-26,2,Partial,Mobile,Night,4,5.98,
C0218,Foe,52,0,,2025-07-12,4,Dropped,Mobile,Evening,4,0.0,
C0218,Breaking Away,26,0,7.7,2024-12-30,4,Partial,Laptop,Evening,3,0.0,Great acting!
C0218,Hannibal,44,0,9.3,2025-06-29,1,Partial,Tablet,Morning,4,10.4,Loved it!
C0218,Airplane 2 The Sequel,38,0,4.1,2024-11-12,1,Partial,Smart TV,Morning,6,14.35,Too slow.
C0218,Kalifornia,84,1,4.9,2024-11-01,3,Partial,Laptop,Afternoon,2,13.22,Would watch again!
C0218,At First Sight,42,0,4.3,2025-05-06,4,Partial,Laptop,Night,2,13.33,Amazing cinematography!
C0218,Rosetta,79,1,5.0,2025-09-22,4,Dropped,Smart TV,Evening,8,11.19,
C0218,"Matrix Reloaded, The",30,0,8.4,2024-12-14,4,Dropped,Smart TV,Evening,5,7.87,
C0218,Pulp Fiction,52,0,4.9,2025-07-26,4,Dropped,Laptop,Morning,4,0.0,Could be better.
C0218,Ted,68,0,6.2,2025-05-01,2,Partial,Mobile,Morning,1,9.4,Amazing cinematography!
C0218,Chasing Sleep,58,0,9.6,2025-06-14,4,Dropped,Smart TV,Night,7,0.0,
C0218,Annie Hall,36,0,,2024-11-16,0,Dropped,Tablet,Evening,10,0.0,Loved it!
C0218,Gremlins,54,0,6.5,2025-07-25,1,Dropped,Laptop,Night,1,0.0,Would watch again!
C0219,Napoleon,54,0,5.9,2024-12-10,1,Partial,Laptop,Evening,4,14.35,
C0219,Chinatown,91,1,6.9,2025-03-11,4,Completed,Mobile,Evening,0,13.6,Average experience.
C0219,"Cell, The",65,0,4.7,2025-10-15,2,Partial,Mobile,Night,10,17.19,Could be better.
C0219,War Horse,50,0,8.5,2024-12-13,3,Partial,Smart TV,Night,10,0.0,
C0219,Kung Fu Panda,35,0,4.7,2025-07-09,0,Dropped,Smart TV,Afternoon,9,19.68,Could be better.
C0219,Beasts of the Southern Wild,85,1,6.4,2025-01-21,3,Dropped,Smart TV,Afternoon,0,12.82,Would watch again!
C0219,V for Vendetta,69,0,7.3,2025-04-26,4,Partial,Mobile,Night,3,0.0,Not my type.
C0220,"Deer Hunter, The",83,1,5.6,2025-03-24,1,Partial,Tablet,Afternoon,0,16.27,
C0220,Hard Rain,37,0,9.6,2025-08-29,1,Partial,Tablet,Evening,6,14.37,Would watch again!
C0220,Final Destination,33,0,4.5,2024-12-07,4,Partial,Smart TV,Afternoon,7,13.03,
C0220,Malibu's Most Wanted,48,0,,2025-03-14,0,Partial,Tablet,Afternoon,2,0.0,Amazing cinematography!
C0220,"Seventh Seal, The",46,0,6.1,2025-03-09,3,Partial,Smart TV,Night,9,3.32,
C0220,Bad Lieutenant,20,0,9.3,2025-10-22,0,Dropped,Smart TV,Afternoon,7,0.0,Great acting!
C0220,Tall in the Saddle,42,0,5.8,2025-02-02,3,Dropped,Mobile,Evening,2,4.59,Average experience.
C0220,Capote,91,1,8.5,2024-11-26,0,Completed,Smart TV,Afternoon,2,0.0,
C0220,Starman,72,1,,2025-07-14,0,Partial,Mobile,Afternoon,10,17.49,
C0220,"Descendants, The",84,1,6.8,2025-02-19,4,Dropped,Tablet,Afternoon,2,7.7,Could be better.
C0220,"Dry White Season, A",84,1,5.5,2025-04-08,3,Partial,Mobile,Evening,1,0.0,Would watch again!
C0220,Dream Scenario,96,1,10.0,2025-09-14,1,Completed,Laptop,Night,1,0.0,
C0220,Breaking Away,45,0,5.5,2025-01-22,2,Dropped,Smart TV,Night,5,16.61,
C0220,Apollo 13,51,0,6.4,2025-02-12,3,Dropped,Tablet,Night,1,0.0,
C0220,Limitless,39,0,9.1,2025-08-05,2,Dropped,Laptop,Evening,2,11.99,
C0220,2001 A Space Odyssey,29,0,5.7,2024-11-02,3,Partial,Mobile,Night,6,0.0,Average experience.
C0221,Margaret,76,1,6.1,2025-08-30,4,Dropped,Smart TV,Afternoon,6,0.0,
C0221,Hot Tub Time Machine,92,1,4.1,2025-04-09,1,Completed,Smart TV,Evening,2,11.61,Could be better.
C0221,S. Darko,81,1,,2025-03-28,3,Partial,Tablet,Morning,2,18.37,
C0221,Mad Max 2 The Road Warrior,100,1,8.7,2025-06-17,0,Completed,Laptop,Morning,2,6.93,Would watch again!
C0221,Crank,46,0,7.9,2025-09-03,2,Dropped,Tablet,Night,0,11.58,Great acting!
C0221,Alone in the Dark,73,1,7.4,2025-01-10,2,Dropped,Laptop,Night,0,9.85,Would watch again!
C0221,1492 Conquest of Paradise,37,0,9.1,2025-08-03,1,Dropped,Tablet,Morning,1,0.0,
C0221,No One Will Save You,81,1,5.3,2025-05-14,1,Dropped,Tablet,Afternoon,2,5.9,Not my type.
C0221,Megamind,73,1,6.8,2025-06-20,0,Dropped,Laptop,Evening,6,6.52,
C0221,Youth in Revolt,72,1,4.2,2025-10-12,2,Partial,Smart TV,Night,3,1.52,Loved it!
C0221,How to Train Your Dragon,74,1,,2025-06-10,4,Partial,Mobile,Afternoon,10,0.0,Average experience.
C0221,Autumn in New York,40,0,9.9,2025-07-28,1,Dropped,Mobile,Night,6,0.0,Would watch again!
C0221,American Fiction,92,1,,2024-10-29,0,Completed,Tablet,Morning,1,16.64,
C0221,A Few Good Men,25,0,9.5,2025-10-19,0,Dropped,Laptop,Night,3,18.76,Would watch again!
C0221,Killers of the Flower Moon,83,1,9.1,2025-07-11,4,Dropped,Tablet,Morning,2,2.09,Amazing cinematography!
C0221,Spider Man,28,0,4.9,2025-02-02,1,Dropped,Smart TV,Evening,4,0.0,
C0221,"Dry White Season, A",65,0,4.6,2025-06-09,4,Dropped,Laptop,Afternoon,5,17.2,Could be better.
C0221,Wild Things Diamonds in the Rough,56,0,5.1,2025-10-20,4,Partial,Laptop,Morning,10,0.0,
C0222,Pirates of the Caribbean,79,1,6.6,2025-03-13,3,Dropped,Mobile,Evening,1,15.62,
C0222,Fred Claus,92,1,9.8,2025-04-24,4,Completed,Laptop,Afternoon,2,5.8,
C0222,Agnes of God,87,1,5.2,2025-03-20,1,Dropped,Laptop,Afternoon,2,13.68,Loved it!
C0222,My Week with Marilyn,68,0,5.0,2025-05-22,0,Partial,Mobile,Morning,5,11.18,
C0222,Gamer,48,0,,2025-05-23,0,Dropped,Tablet,Night,8,6.82,
C0222,Ronin,83,1,4.8,2025-01-10,4,Dropped,Smart TV,Morning,0,0.0,Would watch again!
C0222,Ghostbusters 2,54,0,7.0,2025-09-24,1,Dropped,Mobile,Morning,3,7.56,Would watch again!
C0222,Dog Day Afternoon,54,0,6.8,2025-06-07,1,Partial,Smart TV,Evening,5,9.31,Average experience.
C0222,Wild Hogs,73,1,5.6,2025-07-28,2,Dropped,Smart TV,Evening,5,0.0,Great acting!
C0222,"Replacements, The",58,0,,2025-06-01,2,Dropped,Mobile,Evening,2,13.09,
C0222,Buffy the Vampire Slayer,86,1,4.6,2025-05-06,0,Dropped,Smart TV,Evening,2,17.86,
C0222,Beasts of the Southern Wild,60,0,5.7,2025-02-04,3,Partial,Mobile,Morning,10,13.22,
C0222,"Theory of Everything, The",45,0,5.3,2024-12-10,0,Dropped,Smart TV,Evening,6,1.21,
C0222,Silver Bullet,74,1,9.5,2025-08-05,2,Partial,Laptop,Night,3,17.08,
C0222,Guardians of the Galaxy Vol 2,58,0,9.3,2025-06-14,1,Partial,Tablet,Evening,7,0.0,Amazing cinematography!
C0222,"Thing, The",37,0,7.2,2025-08-24,0,Dropped,Tablet,Afternoon,4,14.78,
C0222,Blade II,68,0,,2025-09-30,3,Dropped,Laptop,Night,9,19.17,Average experience.
C0222,Friday the 13th,100,1,5.3,2025-08-16,4,Completed,Laptop,Evening,2,9.39,
C0222,Pet Sematary II,87,1,9.9,2025-10-09,1,Dropped,Laptop,Afternoon,0,19.03,Great acting!
C0223,Straight Outta Compton,20,0,,2025-07-28,3,Dropped,Smart TV,Evening,3,5.01,
C0223,I Am Number Four,63,0,4.4,2025-07-03,4,Dropped,Mobile,Evening,8,17.76,
C0223,Here Comes Peter Cottontail,20,0,5.4,2025-01-26,3,Dropped,Laptop,Morning,3,3.17,Would watch again!
C0223,Life As A House,58,0,,2025-02-08,0,Partial,Mobile,Night,9,10.93,Would watch again!
C0223,Platinum Blonde,84,1,6.6,2025-06-03,1,Dropped,Laptop,Afternoon,0,15.88,Average experience.
C0223,Tombstone,72,1,,2025-07-19,2,Partial,Laptop,Evening,10,0.0,Loved it!
C0223,Frances,22,0,9.1,2025-04-15,4,Partial,Laptop,Afternoon,8,13.02,Would watch again!
C0223,"Nightmare on Elm Street, A",46,0,5.2,2025-10-11,0,Partial,Laptop,Night,0,0.0,Average experience.
C0223,Sunshine Cleaning,21,0,5.2,2024-12-03,3,Partial,Tablet,Morning,8,5.68,
C0224,Whiplash,30,0,6.6,2025-06-05,1,Partial,Mobile,Afternoon,10,0.0,
C0224,Bonfire of the Vanities,69,0,8.6,2025-06-04,3,Dropped,Smart TV,Afternoon,8,0.0,
C0224,"Beach, The",57,0,7.2,2025-06-25,2,Partial,Mobile,Night,2,0.0,
C0224,"Box, The",20,0,7.2,2025-05-04,0,Dropped,Laptop,Night,6,14.8,
C0224,"Next Three Days, The",20,0,7.5,2024-11-05,0,Partial,Mobile,Evening,9,3.99,
C0224,Mulholland Drive,37,0,,2025-06-06,2,Dropped,Smart TV,Morning,6,9.83,
C0224,"Seventh Seal, The",48,0,,2024-11-28,1,Dropped,Laptop,Night,5,0.0,Could be better.
C0224,Freaked,87,1,6.1,2024-12-26,2,Dropped,Laptop,Night,0,12.84,Would watch again!
C0224,"Surfer King, The",67,0,5.5,2025-08-17,0,Partial,Laptop,Morning,6,1.89,
C0224,Gamer,45,0,7.0,2025-08-25,0,Partial,Mobile,Night,9,7.14,
C0224,Donnie Brasco,92,1,,2025-05-26,4,Completed,Mobile,Afternoon,1,11.58,Great acting!
C0224,"Master, The",43,0,7.5,2025-08-14,2,Dropped,Tablet,Morning,7,10.95,Great acting!
C0224,"Prophecy, The",41,0,4.3,2025-03-04,2,Dropped,Mobile,Night,3,2.72,
C0224,Gladiator,96,1,4.3,2025-05-23,1,Completed,Laptop,Evening,0,3.37,Average experience.
C0225,Wag the Dog,49,0,5.7,2024-11-07,0,Dropped,Smart TV,Night,10,5.14,
C0225,Day of the Dead,91,1,8.4,2025-06-18,0,Completed,Mobile,Afternoon,0,10.45,
C0225,"Hospital, The",91,1,5.5,2024-11-12,1,Completed,Smart TV,Morning,2,0.41,
C0225,Strange Days,83,1,6.0,2025-01-05,0,Partial,Laptop,Morning,2,0.0,Would watch again!
C0225,"Boxtrolls, The",27,0,6.9,2025-02-11,2,Partial,Tablet,Night,9,11.36,
C0225,Chasing Sleep,82,1,,2025-01-24,0,Dropped,Tablet,Afternoon,2,0.0,Could be better.
C0225,"Limey, The",82,1,6.9,2025-07-19,2,Partial,Mobile,Night,1,8.85,Average experience.
C0225,It's Complicated,80,1,4.9,2025-03-02,4,Dropped,Laptop,Morning,0,11.88,
C0225,Mary Poppins,36,0,8.1,2025-01-11,4,Partial,Mobile,Morning,4,0.0,Amazing cinematography!
C0225,Only God Forgives,22,0,7.6,2024-11-01,2,Partial,Tablet,Night,5,0.0,
C0225,"Visitor, The",57,0,,2025-03-28,0,Dropped,Tablet,Morning,6,0.0,Too slow.
C0225,Labor of Love,39,0,7.9,2024-11-03,0,Dropped,Laptop,Evening,3,17.73,Not my type.
C0226,Four Feathers,99,1,6.1,2025-07-12,4,Completed,Laptop,Evening,0,17.65,Amazing cinematography!
C0226,Eight Legged Freaks,96,1,,2025-02-24,3,Completed,Smart TV,Afternoon,1,0.6,Would watch again!
C0226,Runaway Bride,62,0,6.9,2025-10-05,3,Partial,Tablet,Morning,4,19.06,Average experience.
C0226,Three Men and a Baby,28,0,6.2,2025-01-29,3,Partial,Laptop,Night,7,0.0,Loved it!
C0226,Happy Feet,22,0,5.2,2025-01-28,3,Dropped,Tablet,Morning,8,0.4,
C0227,Prometheus,99,1,9.3,2024-12-19,0,Completed,Tablet,Night,2,16.1,
C0227,Rosetta,28,0,6.5,2025-06-24,4,Dropped,Mobile,Night,5,3.62,Could be better.
C0227,Carrie,24,0,9.2,2025-06-16,3,Partial,Laptop,Night,1,7.7,
C0227,True Romance,28,0,4.9,2025-09-30,4,Dropped,Smart TV,Afternoon,7,12.48,
C0227,Devil's Advocate,53,0,8.0,2025-04-12,0,Partial,Smart TV,Morning,10,2.0,
C0227,Mighty Morphin Power Rangers The Movie,44,0,5.4,2025-08-20,2,Dropped,Smart TV,Night,6,0.0,
C0227,War Horse,71,1,,2025-08-27,0,Partial,Smart TV,Morning,6,16.69,Too slow.
C0227,Jurassic Park,20,0,8.5,2025-06-06,2,Dropped,Mobile,Night,5,2.98,
C0227,Armageddon,74,1,8.7,2025-04-17,3,Partial,Smart TV,Afternoon,9,14.81,Amazing cinematography!
C0227,Date Night,78,1,,2025-09-15,2,Partial,Smart TV,Night,9,11.98,
C0227,"Butterfly Effect, The",96,1,5.2,2025-02-11,3,Completed,Tablet,Night,2,6.43,Amazing cinematography!
C0227,Virtuosity,51,0,,2025-09-10,3,Dropped,Laptop,Morning,5,0.0,
C0227,"Martian, The",95,1,6.6,2024-12-26,3,Completed,Tablet,Night,0,3.9,Too slow.
C0227,Invictus,48,0,5.5,2025-07-05,1,Partial,Tablet,Night,0,0.0,Too slow.
C0227,No Strings Attached,83,1,4.9,2024-11-09,0,Partial,Tablet,Morning,0,11.51,
C0228,Real Genius,75,1,9.7,2025-02-18,0,Partial,Mobile,Evening,2,9.17,
C0228,"Italian Job, The",46,0,7.8,2025-01-30,3,Partial,Tablet,Night,6,0.0,
C0228,American History X,38,0,5.9,2025-03-17,0,Partial,Tablet,Afternoon,9,0.0,
C0228,"Hunt for Red October, The",81,1,6.5,2025-06-18,2,Partial,Laptop,Night,2,0.0,
C0228,Quiz Lady,99,1,8.2,2025-05-25,0,Completed,Laptop,Evening,2,7.02,
C0228,"Nightmare on Elm Street, A",28,0,4.2,2024-10-29,4,Partial,Mobile,Afternoon,1,3.09,
C0228,"Program, The",69,0,6.4,2025-04-08,2,Partial,Smart TV,Morning,5,0.0,
C0228,Dead Poets Society,100,1,,2025-03-24,0,Completed,Tablet,Night,2,0.0,Great acting!
C0229,Se7en,90,1,6.2,2025-10-09,0,Completed,Laptop,Afternoon,2,0.0,Not my type.
C0229,Capote,48,0,8.8,2025-04-06,4,Partial,Mobile,Evening,5,7.45,Amazing cinematography!
C0229,Amadeus,76,1,8.4,2025-10-17,2,Partial,Mobile,Morning,5,3.13,
C0229,Walking Tall,71,1,9.3,2025-10-03,2,Partial,Tablet,Morning,2,6.87,
C0229,Dream Scenario,60,0,,2025-03-17,3,Dropped,Smart TV,Evening,6,0.0,Great acting!
C0229,Malibu's Most Wanted,28,0,6.9,2025-07-13,4,Partial,Smart TV,Evening,1,4.02,
C0229,You've Got Mail,62,0,9.0,2025-02-19,1,Partial,Mobile,Afternoon,4,5.02,
C0230,Soldier,74,1,4.7,2025-03-28,2,Partial,Laptop,Morning,6,0.0,Amazing cinematography!
C0230,Public Enemies,62,0,8.9,2025-04-23,1,Partial,Mobile,Night,0,10.2,
C0230,Breakdown,54,0,4.6,2025-01-29,4,Partial,Smart TV,Morning,9,5.45,
C0230,Halloween,77,1,9.7,2024-12-10,4,Dropped,Laptop,Afternoon,6,9.75,
C0230,44 Inch Chest,21,0,4.1,2024-10-29,4,Dropped,Smart TV,Evening,10,10.16,
C0230,A Serious Man,44,0,8.3,2025-09-12,0,Partial,Mobile,Morning,8,2.25,
C0230,"Losers, The",68,0,,2025-08-15,1,Partial,Laptop,Night,9,12.7,
C0231,Bones,72,1,7.4,2025-06-03,3,Dropped,Smart TV,Afternoon,10,0.0,
C0231,"Prophecy, The",77,1,,2025-09-28,2,Dropped,Tablet,Morning,2,14.48,Not my type.
C0231,"Debt, The",26,0,8.9,2025-01-04,4,Partial,Laptop,Evening,9,0.0,Loved it!
C0231,10 Things I Hate About You,51,0,8.3,2025-02-28,2,Partial,Mobile,Evening,6,7.08,
C0231,"Planet of the Apes, The",70,0,9.1,2024-12-30,4,Dropped,Smart TV,Afternoon,0,0.0,
C0231,Authors Anonymous,58,0,7.0,2025-05-16,3,Partial,Laptop,Morning,6,0.0,Average experience.
C0231,Wall Street Money Never Sleeps,61,0,9.3,2025-08-09,1,Dropped,Tablet,Morning,7,19.86,
C0232,Heavy Metal,32,0,,2024-12-25,3,Dropped,Smart TV,Afternoon,10,7.28,
C0232,Snow Falling On Cedars,52,0,6.4,2025-03-10,4,Dropped,Laptop,Evening,8,0.0,Loved it!
C0232,Miller's Girl,54,0,9.6,2025-06-22,1,Partial,Mobile,Evening,9,10.2,
C0232,Purple Rain,98,1,,2025-01-11,1,Completed,Tablet,Afternoon,1,11.96,
C0232,Quiz Lady,40,0,6.5,2025-05-13,1,Dropped,Smart TV,Afternoon,7,18.12,Not my type.
C0232,"Losers, The",80,1,,2024-12-10,0,Dropped,Tablet,Afternoon,2,0.0,
C0232,"Big Blue, The",23,0,7.4,2025-05-01,2,Dropped,Smart TV,Afternoon,6,11.43,Not my type.
C0232,Frequency,55,0,9.3,2025-10-08,2,Dropped,Tablet,Morning,0,3.73,Too slow.
C0232,"Princess Bride, The",79,1,,2025-06-07,0,Partial,Mobile,Night,10,14.89,Great acting!
C0232,Bones,30,0,,2025-10-24,0,Dropped,Mobile,Evening,3,16.92,Loved it!
C0232,Trap Livin',77,1,6.9,2025-01-19,4,Partial,Smart TV,Afternoon,3,14.94,Great acting!
C0232,Freaked,95,1,7.7,2024-10-27,1,Completed,Tablet,Evening,0,15.28,Great acting!
C0232,Rush Hour,52,0,8.0,2025-03-30,0,Dropped,Mobile,Morning,10,10.51,Too slow.
C0232,Indiana Jones and the Temple of Doom,87,1,10.0,2025-07-16,1,Partial,Tablet,Afternoon,2,0.0,
C0232,"Town, The",84,1,,2025-01-17,1,Dropped,Laptop,Evening,1,13.76,
C0232,Miller's Crossing,84,1,5.9,2024-10-30,3,Dropped,Smart TV,Night,2,14.45,Great acting!
C0232,Gremlins,36,0,4.3,2025-03-02,2,Partial,Tablet,Night,1,14.25,
C0233,Perfect Creature,76,1,7.2,2025-08-06,0,Partial,Smart TV,Afternoon,6,1.57,Amazing cinematography!
C0233,Life of Pi,94,1,9.8,2025-09-19,0,Completed,Mobile,Evening,2,4.59,
C0233,Blackberry,99,1,5.3,2025-02-02,3,Completed,Tablet,Night,0,3.93,
C0233,Margot at the Wedding,57,0,7.4,2024-11-14,4,Partial,Laptop,Night,9,0.0,Great acting!
C0233,After.Life,25,0,7.9,2025-08-18,0,Dropped,Tablet,Morning,4,0.0,
C0233,Avatar,70,0,4.5,2025-07-21,3,Partial,Mobile,Evening,1,0.0,
C0233,Wanted,70,0,7.8,2025-03-17,0,Dropped,Laptop,Morning,4,7.06,
C0233,"Hunt for Red October, The",40,0,6.9,2025-02-07,2,Partial,Mobile,Night,5,2.57,Not my type.
C0233,Malcolm X,34,0,7.5,2024-11-01,1,Partial,Smart TV,Morning,2,17.29,Not my type.
C0233,Go,75,1,8.1,2025-02-03,3,Partial,Laptop,Night,3,0.0,
C0233,New York Minute,62,0,6.9,2025-03-26,0,Dropped,Tablet,Morning,0,0.0,
C0233,Blink Twice,52,0,9.5,2025-05-22,0,Dropped,Mobile,Morning,6,0.0,
C0233,Silence of the Lambs,53,0,,2025-03-06,3,Partial,Tablet,Night,10,0.0,Too slow.
C0233,Catch Me If You Can,41,0,5.4,2025-08-22,3,Partial,Tablet,Afternoon,0,0.0,Not my type.
C0234,Crime Spree,66,0,6.7,2025-09-16,3,Partial,Mobile,Afternoon,5,9.49,
C0234,American Milkshake,83,1,8.1,2025-10-09,4,Partial,Mobile,Night,1,0.0,
C0234,Elizabeth The Golden Age,68,0,7.7,2025-01-01,4,Dropped,Laptop,Night,10,2.15,
C0234,Red Riding Hood,62,0,5.8,2025-10-19,1,Dropped,Laptop,Evening,1,16.74,Average experience.
C0234,"Abyss, The",27,0,5.2,2025-02-12,1,Dropped,Mobile,Morning,5,7.78,Would watch again!
C0234,Jimmy and Judy,84,1,,2024-12-03,2,Dropped,Smart TV,Night,2,13.42,Average experience.
C0234,Deception,81,1,,2025-05-15,1,Partial,Mobile,Night,1,13.94,Could be better.
C0234,Shampoo,31,0,,2025-08-19,4,Partial,Tablet,Morning,5,0.0,
C0234,8MM,26,0,7.4,2024-11-20,1,Dropped,Tablet,Afternoon,2,11.44,Could be better.
C0234,After School Special,40,0,6.6,2025-09-29,4,Partial,Smart TV,Morning,5,1.67,Too slow.
C0234,Dragonslayer,100,1,4.4,2025-02-14,4,Completed,Smart TV,Evening,1,9.46,
C0234,Looper,91,1,4.9,2025-10-07,2,Completed,Tablet,Evening,0,6.46,Loved it!
C0234,Fantastic Beasts and Where to Find Them,20,0,4.9,2025-01-14,1,Dropped,Tablet,Afternoon,3,2.87,
C0234,"Bourne Ultimatum, The",67,0,5.2,2025-07-31,4,Partial,Tablet,Evening,7,8.21,
C0234,"Holdovers, The",72,1,6.2,2025-03-25,0,Partial,Mobile,Afternoon,8,0.0,
C0234,Tucker and Dale vs Evil,65,0,4.3,2024-11-05,4,Dropped,Smart TV,Night,5,6.21,
C0235,Lord of War,89,1,4.1,2025-08-09,4,Dropped,Tablet,Morning,0,12.84,
C0235,Sling Blade,96,1,9.8,2024-12-24,2,Completed,Tablet,Night,1,0.0,Average experience.
C0235,FairyTale A True Story,69,0,,2025-09-25,2,Dropped,Laptop,Afternoon,3,8.88,Average experience.
C0235,"Fault in Our Stars, The",81,1,9.2,2025-02-19,1,Partial,Smart TV,Afternoon,2,0.0,
C0235,1492 Conquest of Paradise,43,0,5.7,2025-03-25,4,Partial,Mobile,Afternoon,4,1.01,
C0236,50 50,60,0,,2025-02-05,0,Partial,Laptop,Night,2,0.53,Average experience.
C0236,"Beekeeper, The",54,0,7.5,2024-12-09,3,Dropped,Smart TV,Night,6,0.0,
C0236,"Wizard of Oz, The",34,0,4.6,2025-02-20,2,Partial,Tablet,Afternoon,6,4.1,Amazing cinematography!
C0236,JFK,84,1,8.1,2025-01-10,2,Partial,Smart TV,Night,0,0.0,
C0236,High Fidelity,53,0,,2025-05-03,4,Partial,Laptop,Morning,6,0.0,
C0236,"Losers, The",81,1,6.9,2025-09-11,2,Dropped,Tablet,Night,2,0.0,Could be better.
C0236,"Rescuers Down Under, The",67,0,8.9,2025-01-12,4,Dropped,Laptop,Night,5,11.85,
C0236,"Chronicles of Narnia The Lion, the Witch and the Wardrobe",43,0,,2025-01-07,0,Dropped,Tablet,Morning,5,6.39,Too slow.
C0236,Ghost,68,0,6.2,2025-05-04,0,Partial,Smart TV,Morning,9,0.0,Great acting!
C0236,"Patriot, The",36,0,,2025-01-19,3,Dropped,Mobile,Afternoon,3,4.94,
C0236,Panic Room,63,0,6.2,2025-01-12,1,Partial,Mobile,Night,5,16.42,
C0236,Warm Springs,70,0,,2025-06-14,1,Dropped,Smart TV,Morning,9,0.0,Would watch again!
C0236,"Seventh Seal, The",84,1,7.3,2025-07-28,3,Dropped,Tablet,Night,1,0.0,
C0236,Rush Hour 2,48,0,,2025-03-14,1,Partial,Smart TV,Night,6,0.0,Would watch again!
C0237,A Million Miles Away,27,0,5.8,2024-11-24,2,Dropped,Mobile,Night,2,3.14,
C0237,Big Fish,22,0,,2025-02-05,4,Dropped,Smart TV,Afternoon,2,2.95,
C0237,"Invention of Lying, The",69,0,6.0,2025-10-18,2,Dropped,Tablet,Evening,6,1.35,Not my type.
C0237,Devil's Advocate,55,0,,2024-11-16,2,Dropped,Smart TV,Night,10,0.0,
C0237,30 Minutes or Less,83,1,5.9,2025-08-01,1,Dropped,Laptop,Evening,0,6.77,
C0237,Raising Arizona,86,1,7.7,2024-12-14,2,Dropped,Mobile,Night,2,0.48,Not my type.
C0237,"Patriot, The",97,1,5.1,2025-01-11,1,Completed,Laptop,Morning,1,4.85,Loved it!
C0237,Single White Female,86,1,,2025-04-21,1,Partial,Laptop,Afternoon,0,0.0,
C0237,King Kong,30,0,,2025-03-04,1,Dropped,Laptop,Night,3,16.58,
C0237,American Graffiti,72,1,8.1,2025-04-08,4,Dropped,Tablet,Night,8,8.47,Average experience.
C0237,Looper,72,1,6.4,2025-10-24,3,Partial,Smart TV,Evening,9,15.69,
C0237,"Iron Lady, The",32,0,,2025-07-26,2,Partial,Smart TV,Night,10,0.0,
C0237,Amour,42,0,9.0,2024-11-30,4,Dropped,Laptop,Morning,10,6.4,Would watch again!
C0237,Frankenweenie,63,0,,2025-09-18,2,Partial,Mobile,Afternoon,0,3.06,
C0237,Into the Wild,30,0,8.7,2025-09-02,2,Dropped,Mobile,Morning,6,10.46,Too slow.
C0238,Mighty Joe Young,100,1,6.6,2025-05-21,1,Completed,Mobile,Evening,0,8.81,
C0238,Angel Eyes,25,0,,2025-06-06,2,Partial,Mobile,Evening,0,11.07,Would watch again!
C0238,Pandorum,93,1,4.2,2025-09-22,3,Completed,Mobile,Evening,2,12.48,Amazing cinematography!
C0238,Get Carter,70,0,5.3,2025-10-23,2,Partial,Mobile,Afternoon,2,6.5,
C0238,Six Degrees of Separation,24,0,5.3,2024-12-27,2,Dropped,Tablet,Evening,10,5.21,
C0238,One Flew Over the Cuckoo's Nest,51,0,4.2,2025-02-09,0,Dropped,Mobile,Evening,5,0.0,
C0238,"Hurt Locker, The",90,1,,2024-12-06,4,Completed,Tablet,Night,1,16.84,Loved it!
C0238,Broadcast News,76,1,7.5,2025-06-01,3,Dropped,Mobile,Morning,7,19.05,
C0238,Oblivion,72,1,,2025-05-06,4,Dropped,Smart TV,Afternoon,0,0.0,
C0238,Mulholland Drive,97,1,5.1,2025-04-14,0,Completed,Tablet,Evening,0,0.0,Could be better.
C0238,My Week with Marilyn,39,0,5.4,2025-05-20,1,Partial,Tablet,Afternoon,6,0.0,Would watch again!
C0238,Drag Me to Hell,40,0,9.7,2024-12-10,4,Partial,Mobile,Night,10,6.18,Loved it!
C0238,Wall Street,84,1,6.7,2025-05-15,3,Dropped,Mobile,Afternoon,0,15.48,Average experience.
C0238,"Ice Storm, The",42,0,9.7,2025-09-05,0,Partial,Smart TV,Evening,7,0.0,Loved it!
C0238,High Fidelity,33,0,6.6,2025-05-07,2,Partial,Smart TV,Afternoon,9,8.28,
C0239,Black Rain,93,1,4.7,2025-01-11,1,Completed,Tablet,Night,2,0.0,
C0239,"Producer, The",37,0,5.1,2025-10-16,4,Dropped,Smart TV,Night,3,18.62,
C0239,Drive Angry,80,1,4.0,2025-02-12,3,Partial,Mobile,Morning,1,16.9,
C0239,Dogma,75,1,5.1,2025-02-07,1,Partial,Laptop,Afternoon,5,7.71,
C0239,"Proposal, The",39,0,,2025-04-26,1,Partial,Smart TV,Morning,5,16.85,
C0239,"Hurt Locker, The",36,0,,2025-09-03,2,Dropped,Smart TV,Night,5,0.0,Loved it!
C0239,Teenage Mutant Ninja Turtles Mutant Mayhem,42,0,6.6,2025-03-26,3,Dropped,Laptop,Afternoon,6,0.0,Great acting!
C0239,Smokin' Aces,87,1,,2024-10-27,1,Dropped,Tablet,Night,1,0.0,Great acting!
C0239,Cherry Falls,77,1,8.3,2025-04-22,3,Partial,Mobile,Night,9,10.13,
C0239,"Wizard of Oz, The",57,0,7.2,2025-05-12,3,Partial,Mobile,Evening,9,19.51,Not my type.
C0239,"Fifth Element, The",73,1,7.8,2025-03-21,3,Dropped,Mobile,Night,6,14.19,
C0239,"Lincoln Lawyer, The",49,0,6.5,2025-03-03,3,Dropped,Mobile,Afternoon,0,0.0,Not my type.
C0239,Single White Female,77,1,6.0,2025-07-26,2,Dropped,Mobile,Afternoon,8,4.43,Amazing cinematography!
C0240,Boyhood,70,0,7.2,2025-04-04,0,Dropped,Laptop,Afternoon,6,0.0,Too slow.
C0240,Star Trek The Motion Picture,87,1,,2025-07-09,4,Partial,Tablet,Afternoon,0,0.0,Not my type.
C0240,Training Day,32,0,5.5,2024-12-04,0,Partial,Laptop,Morning,0,15.5,Average experience.
C0240,Good Will Hunting,68,0,5.7,2024-11-04,0,Dropped,Laptop,Night,10,0.0,Would watch again!
C0240,"Croods, The",63,0,8.7,2025-03-09,1,Partial,Smart TV,Morning,3,19.11,Loved it!
C0241,Being John Malkovich,61,0,,2025-01-02,4,Partial,Mobile,Morning,6,0.0,
C0241,"American President, The",92,1,,2025-09-07,3,Completed,Mobile,Evening,0,8.45,Amazing cinematography!
C0241,Three Kings,47,0,4.6,2025-03-06,3,Dropped,Tablet,Morning,4,0.0,
C0241,Fantastic Beasts The Crimes of Grindelwald,26,0,9.8,2025-01-14,0,Partial,Laptop,Afternoon,9,0.0,
C0241,Alien,26,0,,2025-10-16,3,Dropped,Smart TV,Night,0,12.65,
C0241,Soldier,56,0,6.0,2024-12-01,3,Dropped,Smart TV,Morning,3,0.0,Too slow.
C0242,Dark Star,96,1,5.2,2025-01-29,1,Completed,Mobile,Night,2,19.28,Loved it!
C0242,Jaws,95,1,8.1,2025-04-24,4,Completed,Tablet,Evening,1,7.36,Too slow.
C0242,"Kingdom, The",66,0,6.7,2025-06-24,0,Dropped,Smart TV,Night,10,11.48,
C0242,"Producer, The",47,0,9.9,2025-01-26,4,Dropped,Smart TV,Night,5,12.77,Loved it!
C0242,Looper,89,1,7.0,2024-12-02,0,Dropped,Laptop,Night,2,0.63,
C0242,Cable Guy,76,1,,2025-02-03,0,Dropped,Mobile,Evening,9,0.05,Not my type.
C0242,Monte Carlo,73,1,5.6,2025-04-07,0,Dropped,Laptop,Morning,4,1.81,
C0242,Forrest Gump,61,0,9.1,2024-12-02,3,Dropped,Mobile,Afternoon,6,0.0,
C0242,New York Minute,55,0,6.3,2025-06-06,1,Dropped,Laptop,Morning,6,0.0,Great acting!
C0242,Boyhood,20,0,4.5,2025-05-30,3,Dropped,Smart TV,Evening,5,14.77,Too slow.
C0243,U Turn,29,0,8.3,2024-11-07,0,Partial,Laptop,Night,7,4.66,Average experience.
C0243,Metro,96,1,,2025-06-01,3,Completed,Laptop,Afternoon,1,0.0,Loved it!
C0243,Entrapment,87,1,6.3,2024-12-16,0,Dropped,Laptop,Night,1,8.47,Great acting!
C0243,Midnight Express,77,1,5.7,2025-07-03,2,Dropped,Laptop,Evening,7,0.0,Great acting!
C0243,Spartan,99,1,,2025-09-07,3,Completed,Mobile,Evening,0,2.44,
C0244,U Turn,51,0,9.8,2025-03-12,2,Dropped,Mobile,Morning,1,0.0,
C0244,Dead Poets Society,57,0,7.0,2025-05-02,2,Partial,Laptop,Night,7,0.0,
C0244,"Replacements, The",29,0,,2025-09-27,3,Partial,Smart TV,Morning,9,0.01,Amazing cinematography!
C0244,Larry Crowne,26,0,6.9,2025-05-31,0,Dropped,Tablet,Evening,0,12.99,
C0244,Oppenheimer,31,0,6.3,2025-04-27,1,Dropped,Mobile,Morning,1,9.04,
C0244,"Taking of Pelham One Two Three, The",100,1,,2024-11-25,0,Completed,Tablet,Night,0,0.0,Amazing cinematography!
C0244,Year One,68,0,9.0,2025-07-05,2,Dropped,Smart TV,Morning,1,13.31,
C0244,"Iron Lady, The",36,0,8.3,2024-11-12,3,Dropped,Laptop,Evening,1,0.0,
C0244,Hudson Hawk,42,0,8.0,2025-01-31,0,Dropped,Laptop,Evening,7,5.83,Average experience.
C0244,I Am Number Four,87,1,5.4,2024-12-17,0,Partial,Tablet,Evening,0,15.93,Could be better.
C0244,Asteroid City,48,0,9.7,2025-07-21,4,Partial,Tablet,Morning,10,12.27,Average experience.
C0244,"Last Boy Scout, The",38,0,8.5,2025-06-21,2,Partial,Mobile,Evening,5,0.0,
C0244,Purple Rain,54,0,5.9,2025-03-18,3,Dropped,Laptop,Evening,10,2.07,
C0244,Sherlock Holmes,33,0,,2024-11-26,2,Partial,Tablet,Afternoon,10,0.0,
C0244,Toy Story,96,1,,2025-04-02,0,Completed,Tablet,Night,2,16.71,
C0244,Moonrise Kingdom,26,0,8.8,2025-06-04,4,Dropped,Smart TV,Morning,4,0.0,
C0244,Inglourious Basterds,82,1,7.0,2025-02-25,1,Partial,Tablet,Afternoon,1,16.6,
C0245,"Program, The",97,1,4.6,2025-10-05,3,Completed,Smart TV,Evening,0,7.26,Would watch again!
C0245,April Fool's Day,52,0,,2024-12-25,4,Dropped,Smart TV,Night,0,0.0,
C0245,Nurse Betty,91,1,6.7,2025-04-18,0,Completed,Smart TV,Evening,0,6.55,
C0245,American Fiction,96,1,9.5,2024-11-28,1,Completed,Tablet,Morning,2,0.0,
C0245,Oblivion,84,1,9.7,2025-02-03,4,Dropped,Smart TV,Evening,0,12.71,Amazing cinematography!
C0245,American Madness,68,0,6.9,2025-02-12,4,Dropped,Laptop,Morning,6,4.03,
C0245,Cassandro,78,1,,2025-07-24,2,Dropped,Laptop,Afternoon,2,0.0,
C0245,"Limey, The",69,0,4.8,2024-11-29,0,Dropped,Mobile,Evening,6,0.0,Would watch again!
C0245,Her,31,0,8.7,2025-10-22,3,Partial,Laptop,Afternoon,2,0.0,
C0245,Snow Falling On Cedars,52,0,8.7,2025-04-18,2,Dropped,Tablet,Morning,9,0.0,Not my type.
C0245,Her,34,0,7.0,2025-09-03,0,Partial,Smart TV,Afternoon,5,0.0,
C0245,Warrior,37,0,9.1,2025-02-03,2,Dropped,Tablet,Morning,9,13.78,
C0246,Gangs of New York,70,0,,2025-04-21,3,Dropped,Mobile,Night,9,2.98,
C0246,Poor Things,29,0,4.9,2025-03-14,1,Partial,Mobile,Morning,1,12.73,Not my type.
C0246,Break,23,0,5.1,2025-01-25,0,Dropped,Smart TV,Evening,6,5.58,
C0246,"Bourne Ultimatum, The",41,0,8.9,2025-03-26,1,Dropped,Smart TV,Afternoon,2,11.15,
C0246,Shampoo,27,0,,2025-10-01,4,Partial,Tablet,Afternoon,9,2.1,Amazing cinematography!
C0246,Swordfish,46,0,5.0,2025-07-07,1,Dropped,Mobile,Night,8,0.0,Loved it!
C0246,Four Feathers,77,1,4.6,2024-12-29,1,Dropped,Laptop,Night,8,14.29,
C0246,Tomorrow Never Dies,20,0,7.8,2025-03-14,3,Dropped,Smart TV,Morning,1,0.0,Loved it!
C0246,Wicked,54,0,5.8,2025-01-07,2,Partial,Mobile,Evening,0,9.77,
C0246,Last Tango in Paris,49,0,,2024-11-12,2,Dropped,Laptop,Afternoon,4,2.02,Loved it!
C0246,War for the Planet of the Apes,49,0,5.9,2025-01-23,1,Partial,Tablet,Night,7,11.07,Amazing cinematography!
C0246,Martha Marcy May Marlene,48,0,10.0,2025-05-31,3,Partial,Tablet,Morning,5,16.14,Loved it!
C0246,"Abyss, The",68,0,8.1,2025-07-18,3,Dropped,Tablet,Night,3,4.66,Too slow.
C0246,Blood and Wine,33,0,,2025-07-26,4,Partial,Mobile,Evening,3,0.0,Not my type.
C0246,Evil Dead II Dead by Dawn,52,0,5.4,2025-07-24,3,Dropped,Laptop,Night,0,4.3,
C0246,All About Steve,73,1,7.2,2025-10-17,1,Dropped,Laptop,Morning,4,7.42,Would watch again!
C0246,Birdman,70,0,5.6,2025-06-10,2,Dropped,Smart TV,Evening,6,18.63,Amazing cinematography!
C0246,Babel,74,1,,2024-12-21,1,Dropped,Laptop,Evening,3,18.3,Too slow.
C0246,Ali,77,1,,2025-09-23,0,Partial,Smart TV,Night,8,19.39,Not my type.
C0246,Last Tango in Paris,21,0,,2025-09-19,4,Dropped,Smart TV,Night,8,18.75,
C0247,"Queen, The",61,0,,2025-03-16,3,Dropped,Smart TV,Night,4,0.0,Amazing cinematography!
C0247,American Milkshake,66,0,,2025-03-15,2,Partial,Laptop,Night,7,5.61,
C0247,April Fool's Day,34,0,7.9,2025-06-30,2,Dropped,Mobile,Morning,0,0.0,
C0247,Jojo Rabbit,24,0,7.8,2024-10-28,0,Partial,Smart TV,Night,0,16.86,
C0247,Purple Rain,65,0,5.5,2024-12-18,0,Dropped,Smart TV,Morning,4,0.0,Average experience.
C0247,Max Payne,52,0,6.3,2024-11-14,1,Partial,Laptop,Night,5,0.0,Could be better.
C0247,Indiana Jones and the Temple of Doom,70,0,5.9,2024-11-25,3,Dropped,Mobile,Morning,3,13.93,
C0247,Blade Runner,84,1,8.0,2024-12-25,0,Partial,Mobile,Evening,0,7.46,
C0247,Mighty Morphin Power Rangers The Movie,92,1,4.1,2025-10-10,1,Completed,Mobile,Morning,1,8.78,
C0247,Spider Man Across the Spider Verse,52,0,6.6,2025-07-15,2,Partial,Mobile,Night,10,3.77,
C0247,An Education,49,0,4.9,2025-03-05,1,Dropped,Mobile,Night,6,3.24,Average experience.
C0247,Pet Sematary II,85,1,5.8,2024-12-09,3,Partial,Laptop,Evening,1,12.87,
C0247,Hard to Kill,59,0,8.0,2025-01-25,1,Dropped,Laptop,Morning,1,15.9,
C0247,"Hudsucker Proxy, The",55,0,9.6,2025-10-04,4,Dropped,Smart TV,Night,5,1.85,
C0247,Lost Horizon,93,1,,2024-11-15,0,Completed,Smart TV,Morning,2,7.69,
C0248,Gone in 60 Seconds,94,1,8.5,2025-03-16,4,Completed,Laptop,Night,2,0.0,
C0248,Shrek the Third,70,0,8.0,2025-10-13,3,Partial,Smart TV,Evening,9,4.12,
C0248,Hanna,55,0,,2025-06-26,2,Dropped,Tablet,Morning,8,8.47,
C0248,Kafka,76,1,6.7,2025-07-15,3,Partial,Smart TV,Morning,9,0.0,Not my type.
C0248,"Descendants, The",68,0,,2025-09-08,1,Partial,Smart TV,Afternoon,1,17.29,Loved it!
C0248,Pleasantville,77,1,4.7,2024-12-04,2,Partial,Smart TV,Afternoon,9,16.48,Loved it!
C0248,"Ice Storm, The",77,1,6.9,2025-02-24,0,Partial,Laptop,Morning,5,16.92,Loved it!
C0248,Metro,22,0,6.2,2025-02-27,2,Partial,Smart TV,Evening,0,15.68,
C0248,S. Darko,61,0,6.3,2025-03-22,1,Partial,Tablet,Evening,4,10.99,Amazing cinematography!
C0248,Ni vu ni connu,72,1,9.0,2025-07-31,2,Dropped,Smart TV,Morning,5,0.0,
C0248,Friday the 13th,21,0,5.0,2025-04-10,3,Dropped,Tablet,Afternoon,7,6.54,
C0248,Awakenings,91,1,5.6,2024-12-13,1,Completed,Mobile,Night,1,0.0,Average experience.
C0248,Erin Brockovich,79,1,9.3,2025-10-13,2,Dropped,Tablet,Evening,3,0.92,
C0248,"Bounty Hunter, The",75,1,6.9,2025-08-17,3,Partial,Mobile,Afternoon,4,8.4,Too slow.
C0248,"Next Three Days, The",44,0,,2025-08-06,3,Partial,Smart TV,Morning,10,3.47,
C0248,American Outlaws,32,0,4.4,2024-11-22,3,Partial,Mobile,Morning,7,2.84,Loved it!
C0248,Tall in the Saddle,28,0,8.5,2025-07-24,2,Dropped,Laptop,Afternoon,3,9.61,Average experience.
C0249,Indiana Jones and the Raiders of the Lost Ark,32,0,4.5,2025-09-07,3,Partial,Tablet,Morning,1,3.49,
C0249,Highlander Endgame,25,0,9.9,2025-05-09,4,Dropped,Smart TV,Night,9,5.26,
C0249,Body Heat,30,0,4.2,2025-04-28,1,Dropped,Smart TV,Morning,5,7.7,Average experience.
C0249,Date Night,47,0,9.6,2025-06-24,1,Dropped,Smart TV,Night,5,13.52,
C0249,"Debt, The",87,1,6.3,2025-04-22,3,Partial,Mobile,Afternoon,1,12.6,Not my type.
C0249,Ed TV,77,1,4.8,2025-02-09,0,Partial,Smart TV,Afternoon,1,7.15,
C0249,Margin Call,45,0,6.7,2025-03-30,4,Dropped,Laptop,Evening,10,13.51,
C0249,Scream,38,0,7.4,2025-01-18,3,Partial,Mobile,Afternoon,8,10.53,
C0249,Double Indemnity,87,1,,2025-02-21,3,Dropped,Tablet,Night,1,0.0,
C0249,"Big White, The",26,0,6.7,2025-10-17,1,Partial,Mobile,Night,5,0.0,
C0249,Lake Placid,82,1,8.0,2025-01-02,0,Dropped,Tablet,Morning,1,0.0,Loved it!
C0249,"Bourne Identity, The",92,1,7.6,2024-12-20,2,Completed,Tablet,Afternoon,2,0.0,Great acting!
C0249,"Menu, The",76,1,4.6,2024-10-29,4,Partial,Mobile,Afternoon,5,1.58,Not my type.
C0250,Alone in the Dark,34,0,7.1,2024-11-22,2,Partial,Mobile,Night,3,1.83,Loved it!
C0250,Bad Santa,79,1,5.1,2025-01-01,3,Partial,Tablet,Night,0,19.98,Too slow.
C0250,"French Connection, The",78,1,9.0,2025-02-25,3,Dropped,Smart TV,Morning,0,0.0,
C0250,War Horse,41,0,4.5,2025-03-13,4,Dropped,Laptop,Afternoon,10,0.31,Too slow.
C0250,Tamara Drewe,68,0,9.1,2025-05-08,4,Partial,Mobile,Night,0,0.0,
C0250,How to Train Your Dragon,51,0,8.3,2025-05-29,2,Partial,Smart TV,Morning,1,14.22,Loved it!
C0250,"Losers, The",26,0,5.9,2025-08-26,1,Dropped,Tablet,Morning,9,12.22,
